date,state,district,market,variety,min_price,max_price,modal_price,year,month,day,day_of_year,day_of_week,week_of_year,lag_1_price,lag_3_price,lag_7_price,price_change_1,price_change_3,rolling_mean_3,rolling_mean_7,rolling_std_7
2026-07-13,Andhra Pradesh,Chittor,Bangarupalyam APMC,Badami,3000.0,4000.0,3500.0,2026,7,13,194,0,29,3500.0,3500.0,3000.0,0.0,0.0,3500.0,3250.0,381.8813079129867
2026-07-15,Andhra Pradesh,Chittor,Bangarupalyam APMC,Badami,3000.0,5000.0,4000.0,2026,7,15,196,2,29,3500.0,3500.0,2500.0,500.0,500.0,3500.0,3321.4285714285716,374.00662077154783
2026-07-16,Andhra Pradesh,Chittor,Bangarupalyam APMC,Badami,4000.0,6000.0,5000.0,2026,7,16,197,3,29,4000.0,3500.0,3250.0,1000.0,1500.0,3666.6666666666665,3535.714285714286,224.93385271060973
2026-07-17,Andhra Pradesh,Chittor,Bangarupalyam APMC,Badami,4500.0,6000.0,5000.0,2026,7,17,198,4,29,5000.0,3500.0,3500.0,0.0,1500.0,4166.666666666667,3785.714285714286,566.9467095138411
2026-07-18,Andhra Pradesh,Chittor,Bangarupalyam APMC,Badami,4000.0,6000.0,5000.0,2026,7,18,199,5,29,5000.0,4000.0,3500.0,0.0,1000.0,4666.666666666667,4000.0,707.1067811865479
2026-07-19,Andhra Pradesh,Chittor,Bangarupalyam APMC,Badami,3000.0,5000.0,4000.0,2026,7,19,200,6,29,5000.0,5000.0,3500.0,-1000.0,-1000.0,5000.0,4214.285714285715,755.9289460184549
2026-07-20,Andhra Pradesh,Chittor,Bangarupalyam APMC,Badami,3000.0,5000.0,4000.0,2026,7,20,201,0,30,4000.0,5000.0,3500.0,0.0,-1000.0,4666.666666666667,4285.714285714285,698.6381310057725
2026-07-29,Andhra Pradesh,Chittor,Bangarupalyam APMC,Neelam,2500.0,3500.0,3000.0,2026,7,29,210,2,31,3000.0,3500.0,3000.0,0.0,-500.0,3333.3333333333335,3214.285714285714,267.2612419124244
2026-07-14,Andhra Pradesh,Chittor,Chittoor APMC,Neelam,1200.0,1800.0,1500.0,2026,7,14,195,1,29,1500.0,1500.0,1000.0,0.0,0.0,1500.0,1357.142857142857,243.9750182371333
2026-07-15,Andhra Pradesh,Chittor,Chittoor APMC,Neelam,1200.0,1800.0,1500.0,2026,7,15,196,2,29,1500.0,1500.0,1000.0,0.0,0.0,1500.0,1428.5714285714287,188.98223650461367
2026-07-16,Andhra Pradesh,Chittor,Chittoor APMC,Neelam,1200.0,1800.0,1500.0,2026,7,16,197,3,29,1500.0,1500.0,1500.0,0.0,0.0,1500.0,1500.0,0.0
2026-07-17,Andhra Pradesh,Chittor,Chittoor APMC,Neelam,1200.0,1800.0,1500.0,2026,7,17,198,4,29,1500.0,1500.0,1500.0,0.0,0.0,1500.0,1500.0,0.0
2026-07-18,Andhra Pradesh,Chittor,Chittoor APMC,Neelam,2000.0,2500.0,2300.0,2026,7,18,199,5,29,1500.0,1500.0,1500.0,800.0,800.0,1500.0,1500.0,0.0
2026-07-20,Andhra Pradesh,Chittor,Chittoor APMC,Neelam,2000.0,2500.0,2300.0,2026,7,20,201,0,30,2300.0,1500.0,1500.0,0.0,800.0,1766.6666666666667,1614.2857142857142,302.3715784073818
2026-07-21,Andhra Pradesh,Chittor,Chittoor APMC,Neelam,2000.0,2500.0,2300.0,2026,7,21,202,1,30,2300.0,1500.0,1500.0,0.0,800.0,2033.3333333333333,1728.5714285714287,390.3600291794133
2026-07-22,Andhra Pradesh,Chittor,Chittoor APMC,Neelam,2000.0,2500.0,2300.0,2026,7,22,203,2,30,2300.0,2300.0,1500.0,0.0,0.0,2300.0,1842.857142857143,427.6179870598791
2026-07-23,Andhra Pradesh,Chittor,Chittoor APMC,Neelam,2000.0,2500.0,2300.0,2026,7,23,204,3,30,2300.0,2300.0,1500.0,0.0,0.0,2300.0,1957.142857142857,427.6179870598791
2026-07-24,Andhra Pradesh,Chittor,Chittoor APMC,Neelam,2000.0,2500.0,2300.0,2026,7,24,205,4,30,2300.0,2300.0,1500.0,0.0,0.0,2300.0,2071.4285714285716,390.36002917941346
2026-07-13,Andhra Pradesh,Chittor,Chittoor APMC,Totapuri,300.0,500.0,400.0,2026,7,13,194,0,29,400.0,400.0,400.0,0.0,0.0,400.0,400.0,0.0
2026-07-14,Andhra Pradesh,Chittor,Chittoor APMC,Totapuri,300.0,500.0,400.0,2026,7,14,195,1,29,400.0,400.0,400.0,0.0,0.0,400.0,400.0,0.0
2026-07-15,Andhra Pradesh,Chittor,Chittoor APMC,Totapuri,300.0,500.0,400.0,2026,7,15,196,2,29,400.0,400.0,400.0,0.0,0.0,400.0,400.0,0.0
2026-07-16,Andhra Pradesh,Chittor,Chittoor APMC,Totapuri,300.0,500.0,400.0,2026,7,16,197,3,29,400.0,400.0,400.0,0.0,0.0,400.0,400.0,0.0
2026-07-17,Andhra Pradesh,Chittor,Chittoor APMC,Totapuri,600.0,800.0,600.0,2026,7,17,198,4,29,400.0,400.0,400.0,200.0,200.0,400.0,400.0,0.0
2026-07-18,Andhra Pradesh,Chittor,Chittoor APMC,Totapuri,600.0,800.0,600.0,2026,7,18,199,5,29,600.0,400.0,400.0,0.0,200.0,466.6666666666667,428.57142857142856,75.59289460184544
2026-07-14,Andhra Pradesh,Tirupathi,Thiruchanur APMC,Other,800.0,2400.0,1600.0,2026,7,14,195,1,29,1500.0,1450.0,1350.0,100.0,150.0,1500.0,1600.0,202.07259421636903
2026-07-22,Andhra Pradesh,Tirupathi,Thiruchanur APMC,Other,1000.0,2000.0,1600.0,2026,7,22,203,2,30,1600.0,1550.0,1950.0,0.0,50.0,1550.0,1635.7142857142858,170.08401285415226
2026-07-14,Andhra Pradesh,Tirupathi,Thiruchanur APMC,Totapuri,600.0,1800.0,1200.0,2026,7,14,195,1,29,1250.0,1300.0,1200.0,-50.0,-100.0,1316.6666666666667,1328.5714285714287,199.70215917949506
2026-07-21,Bihar,East Champaran/ Motihari,Motihari APMC,Other,7000.0,8000.0,7500.0,2026,7,21,202,1,30,6200.0,6200.0,6200.0,1300.0,1300.0,6200.0,6085.714285714285,195.18001458970656
2026-07-22,Bihar,East Champaran/ Motihari,Motihari APMC,Other,7200.0,8000.0,7500.0,2026,7,22,203,2,30,7500.0,6200.0,5800.0,0.0,1300.0,6633.333333333333,6271.428571428572,573.626724488686
2026-07-24,Bihar,East Champaran/ Motihari,Motihari APMC,Other,7500.0,8500.0,8000.0,2026,7,24,205,4,30,7500.0,6200.0,5800.0,500.0,1800.0,7066.666666666667,6514.285714285715,689.0296835129127
2026-07-26,Bihar,East Champaran/ Motihari,Motihari APMC,Other,8000.0,8500.0,8200.0,2026,7,26,207,6,30,8000.0,7500.0,6200.0,200.0,700.0,7666.666666666667,6828.571428571428,801.4867137894125
2026-07-28,Bihar,East Champaran/ Motihari,Motihari APMC,Other,8000.0,8500.0,8200.0,2026,7,28,209,1,31,8200.0,7500.0,6200.0,0.0,700.0,7900.0,7114.285714285715,891.4941978285129
2026-07-12,Chandigarh,Chandigarh,Chandigarh (Grain/F&V) APMC,Other,2000.0,6000.0,5000.0,2026,7,12,193,6,28,6000.0,6000.0,6000.0,-1000.0,-1000.0,5666.666666666667,5857.142857142857,377.96447300922716
2026-07-14,Chandigarh,Chandigarh,Chandigarh (Grain/F&V) APMC,Other,1000.0,8000.0,6000.0,2026,7,14,195,1,29,5000.0,5000.0,6000.0,1000.0,1000.0,5333.333333333333,5714.285714285715,487.9500364742664
2026-07-15,Chandigarh,Chandigarh,Chandigarh (Grain/F&V) APMC,Other,2000.0,6000.0,5000.0,2026,7,15,196,2,29,6000.0,6000.0,6000.0,-1000.0,-1000.0,5666.666666666667,5714.285714285715,487.9500364742664
2026-07-16,Chandigarh,Chandigarh,Chandigarh (Grain/F&V) APMC,Other,2000.0,8000.0,6000.0,2026,7,16,197,3,29,5000.0,5000.0,6000.0,1000.0,1000.0,5333.333333333333,5571.428571428572,534.5224838248485
2026-07-17,Chandigarh,Chandigarh,Chandigarh (Grain/F&V) APMC,Other,2000.0,8000.0,6000.0,2026,7,17,198,4,29,6000.0,6000.0,6000.0,0.0,0.0,5666.666666666667,5571.428571428572,534.5224838248485
2026-07-18,Chandigarh,Chandigarh,Chandigarh (Grain/F&V) APMC,Other,2000.0,8000.0,6000.0,2026,7,18,199,5,29,6000.0,5000.0,5000.0,0.0,1000.0,5666.666666666667,5571.428571428572,534.5224838248485
2026-07-21,Chandigarh,Chandigarh,Chandigarh (Grain/F&V) APMC,Other,1000.0,6000.0,5000.0,2026,7,21,202,1,30,6000.0,6000.0,6000.0,-1000.0,-1000.0,6000.0,5714.285714285715,487.9500364742664
2026-07-22,Chandigarh,Chandigarh,Chandigarh (Grain/F&V) APMC,Other,1000.0,6000.0,5000.0,2026,7,22,203,2,30,5000.0,6000.0,5000.0,0.0,-1000.0,5666.666666666667,5571.428571428572,534.5224838248485
2026-07-23,Chandigarh,Chandigarh,Chandigarh (Grain/F&V) APMC,Other,1000.0,7000.0,5500.0,2026,7,23,204,3,30,5000.0,6000.0,6000.0,500.0,-500.0,5333.333333333333,5571.428571428572,534.5224838248485
2026-07-24,Chandigarh,Chandigarh,Chandigarh (Grain/F&V) APMC,Other,1000.0,6000.0,5500.0,2026,7,24,205,4,30,5500.0,5000.0,5000.0,0.0,500.0,5166.666666666667,5500.0,499.99999999999955
2026-07-25,Chandigarh,Chandigarh,Chandigarh (Grain/F&V) APMC,Other,1000.0,6000.0,5500.0,2026,7,25,206,5,30,5500.0,5000.0,6000.0,0.0,500.0,5333.333333333333,5571.428571428572,449.8677054212183
2026-07-26,Chandigarh,Chandigarh,Chandigarh (Grain/F&V) APMC,Other,1000.0,6000.0,5500.0,2026,7,26,207,6,30,5500.0,5500.0,6000.0,0.0,0.0,5500.0,5500.0,408.24829046386253
2026-07-28,Chattisgarh,Bilaspur,Tiphra APMC,Dusheri,3000.0,3500.0,3200.0,2026,7,28,209,1,31,3100.0,4400.0,4800.0,100.0,-1200.0,3633.3333333333335,3985.714285714286,589.9959644736886
2026-07-29,Chattisgarh,Bilaspur,Tiphra APMC,Dusheri,3000.0,3200.0,3100.0,2026,7,29,210,2,31,3200.0,3400.0,4200.0,-100.0,-300.0,3233.3333333333335,3757.1428571428573,528.7001130355555
2026-07-15,Chattisgarh,Durg,Durg APMC,Dusheri,5000.0,6000.0,6000.0,2026,7,15,196,2,29,6000.0,6000.0,6000.0,0.0,0.0,6000.0,6285.714285714285,487.95003647426654
2026-07-16,Chattisgarh,Durg,Durg APMC,Dusheri,4000.0,6000.0,6000.0,2026,7,16,197,3,29,6000.0,6000.0,7000.0,0.0,0.0,6000.0,6285.714285714285,487.95003647426654
2026-07-17,Chattisgarh,Durg,Durg APMC,Dusheri,5000.0,6000.0,6000.0,2026,7,17,198,4,29,6000.0,6000.0,7000.0,0.0,0.0,6000.0,6142.857142857143,377.96447300922694
2026-07-18,Chattisgarh,Durg,Durg APMC,Dusheri,6000.0,7000.0,6000.0,2026,7,18,199,5,29,6000.0,6000.0,6000.0,0.0,0.0,6000.0,6000.0,0.0
2026-07-21,Chattisgarh,Durg,Durg APMC,Dusheri,4000.0,6000.0,6000.0,2026,7,21,202,1,30,6000.0,6000.0,6000.0,0.0,0.0,6000.0,6000.0,0.0
2026-07-22,Chattisgarh,Durg,Durg APMC,Dusheri,5000.0,6000.0,6000.0,2026,7,22,203,2,30,6000.0,6000.0,6000.0,0.0,0.0,6000.0,6000.0,0.0
2026-07-24,Chattisgarh,Durg,Durg APMC,Dusheri,5000.0,6000.0,5000.0,2026,7,24,205,4,30,6000.0,6000.0,6000.0,-1000.0,-1000.0,6000.0,6000.0,0.0
2026-07-25,Chattisgarh,Durg,Durg APMC,Dusheri,4000.0,6000.0,6000.0,2026,7,25,206,5,30,5000.0,6000.0,6000.0,1000.0,0.0,5666.666666666667,5857.142857142857,377.96447300922716
2026-07-29,Chattisgarh,Durg,Durg APMC,Dusheri,5000.0,6000.0,6000.0,2026,7,29,210,2,31,6000.0,6000.0,6000.0,0.0,0.0,5666.666666666667,5857.142857142857,377.96447300922716
2026-07-17,Goa,North Goa,Mapusa APMC,Neelam,5000.0,6000.0,5500.0,2026,7,17,198,4,29,5000.0,5000.0,5500.0,500.0,500.0,5000.0,5071.428571428572,188.98223650461367
2026-07-18,Goa,North Goa,Mapusa APMC,Neelam,5000.0,6000.0,5500.0,2026,7,18,199,5,29,5500.0,5000.0,5000.0,0.0,500.0,5166.666666666667,5071.428571428572,188.98223650461358
2026-07-20,Goa,North Goa,Mapusa APMC,Neelam,4000.0,6000.0,5000.0,2026,7,20,201,0,30,5500.0,5000.0,5000.0,-500.0,0.0,5333.333333333333,5142.857142857143,243.97501823713313
2026-07-21,Goa,North Goa,Mapusa APMC,Neelam,4000.0,6000.0,5000.0,2026,7,21,202,1,30,5000.0,5500.0,5000.0,0.0,-500.0,5333.333333333333,5142.857142857143,243.97501823713313
2026-07-22,Goa,North Goa,Mapusa APMC,Neelam,4000.0,6000.0,5000.0,2026,7,22,203,2,30,5000.0,5500.0,5000.0,0.0,-500.0,5166.666666666667,5142.857142857143,243.97501823713313
2026-07-23,Goa,North Goa,Mapusa APMC,Neelam,4000.0,6000.0,5000.0,2026,7,23,204,3,30,5000.0,5000.0,5000.0,0.0,0.0,5000.0,5142.857142857143,243.97501823713313
2026-07-24,Goa,North Goa,Mapusa APMC,Neelam,4000.0,6000.0,5000.0,2026,7,24,205,4,30,5000.0,5000.0,5000.0,0.0,0.0,5000.0,5142.857142857143,243.97501823713313
2026-07-18,Gujarat,Bharuch,Bharuch APMC,Langra,2500.0,3500.0,3000.0,2026,7,18,199,5,29,2500.0,2500.0,3000.0,500.0,500.0,2666.6666666666665,2828.5714285714284,236.038737740833
2026-07-21,Gujarat,Bharuch,Bharuch APMC,Langra,2000.0,3500.0,2500.0,2026,7,21,202,1,30,3000.0,3000.0,2800.0,-500.0,-500.0,2833.3333333333335,2828.5714285714284,236.038737740833
2026-07-24,Gujarat,Bharuch,Bharuch APMC,Langra,2000.0,3500.0,2500.0,2026,7,24,205,4,30,2500.0,2500.0,3000.0,0.0,0.0,2666.6666666666665,2785.714285714286,267.2612419124245
2026-07-27,Gujarat,Bharuch,Bharuch APMC,Langra,2500.0,3500.0,3000.0,2026,7,27,208,0,31,2500.0,3000.0,3000.0,500.0,0.0,2666.6666666666665,2714.285714285714,267.2612419124246
2026-07-24,Gujarat,Bharuch,Bharuch APMC,Totapuri,1500.0,2500.0,2000.0,2026,7,24,205,4,30,2000.0,1500.0,2200.0,0.0,500.0,1833.3333333333333,1957.142857142857,214.91969707422396
2026-07-27,Gujarat,Bharuch,Bharuch APMC,Totapuri,1500.0,2500.0,1800.0,2026,7,27,208,0,31,2000.0,2000.0,2000.0,-200.0,-200.0,2000.0,1928.5714285714287,188.9822365046136
2026-07-17,Gujarat,Mehsana,Mehsana(Mehsana Veg) APMC,Badami,1500.0,6000.0,4500.0,2026,7,17,198,4,29,5000.0,3500.0,5000.0,-500.0,1000.0,4333.333333333333,4500.0,577.3502691896257
2026-07-18,Gujarat,Mehsana,Mehsana(Mehsana Veg) APMC,Badami,1500.0,6000.0,4000.0,2026,7,18,199,5,29,4500.0,4500.0,4500.0,-500.0,-500.0,4666.666666666667,4428.571428571428,534.5224838248488
2026-07-20,Gujarat,Mehsana,Mehsana(Mehsana Veg) APMC,Badami,1500.0,6000.0,4500.0,2026,7,20,201,0,30,4000.0,5000.0,4000.0,500.0,-500.0,4500.0,4357.142857142857,556.3486402641867
2026-07-21,Gujarat,Mehsana,Mehsana(Mehsana Veg) APMC,Badami,1750.0,5000.0,4000.0,2026,7,21,202,1,30,4500.0,4500.0,5000.0,-500.0,-500.0,4333.333333333333,4428.571428571428,534.5224838248488
2026-07-22,Gujarat,Mehsana,Mehsana(Mehsana Veg) APMC,Badami,2000.0,5000.0,4000.0,2026,7,22,203,2,30,4000.0,4000.0,3500.0,0.0,0.0,4166.666666666667,4285.714285714285,487.9500364742664
2026-07-23,Gujarat,Mehsana,Mehsana(Mehsana Veg) APMC,Badami,1500.0,4500.0,3500.0,2026,7,23,204,3,30,4000.0,4500.0,4500.0,-500.0,-1000.0,4166.666666666667,4357.142857142857,377.9644730092271
2026-07-24,Gujarat,Mehsana,Mehsana(Mehsana Veg) APMC,Badami,2000.0,4500.0,3500.0,2026,7,24,205,4,30,3500.0,4000.0,5000.0,0.0,-500.0,3833.3333333333335,4214.285714285715,487.95003647426637
2026-07-27,Gujarat,Mehsana,Mehsana(Mehsana Veg) APMC,Badami,1750.0,4250.0,3500.0,2026,7,27,208,0,31,3500.0,4000.0,4500.0,0.0,-500.0,3666.6666666666665,4000.0,408.2482904638624
2026-07-28,Gujarat,Mehsana,Mehsana(Mehsana Veg) APMC,Badami,1500.0,3500.0,3000.0,2026,7,28,209,1,31,3500.0,3500.0,4000.0,-500.0,-500.0,3500.0,3857.1428571428573,377.9644730092264
2026-07-29,Gujarat,Mehsana,Mehsana(Mehsana Veg) APMC,Badami,4000.0,6000.0,5000.0,2026,7,29,210,2,31,3000.0,3500.0,4500.0,2000.0,1500.0,3333.3333333333335,3714.285714285714,487.95003647426574
2026-07-15,Haryana,Ambala,Naraingarh APMC,Mango,1500.0,4000.0,2200.0,2026,7,15,196,2,29,2500.0,2200.0,2000.0,-300.0,0.0,2233.3333333333335,2242.8571428571427,382.3486317361109
2026-07-16,Haryana,Ambala,Naraingarh APMC,Mango,1700.0,4000.0,2200.0,2026,7,16,197,3,29,2200.0,2000.0,2000.0,0.0,200.0,2233.3333333333335,2271.4285714285716,368.3941988065036
2026-07-18,Haryana,Ambala,Naraingarh APMC,Mango,1000.0,4000.0,2500.0,2026,7,18,199,5,29,2200.0,2500.0,3000.0,300.0,0.0,2300.0,2300.0,351.18845842842467
2026-07-20,Haryana,Ambala,Naraingarh APMC,Mango,1500.0,3000.0,2000.0,2026,7,20,201,0,30,2500.0,2200.0,2000.0,-500.0,-200.0,2300.0,2228.5714285714284,205.86634591635496
2026-07-21,Haryana,Ambala,Naraingarh APMC,Mango,1500.0,2000.0,1850.0,2026,7,21,202,1,30,2000.0,2200.0,2200.0,-150.0,-350.0,2233.3333333333335,2228.5714285714284,205.86634591635496
2026-07-22,Haryana,Ambala,Naraingarh APMC,Mango,1500.0,6000.0,2500.0,2026,7,22,203,2,30,1850.0,2500.0,2000.0,650.0,0.0,2116.6666666666665,2178.5714285714284,251.42451295425755
2026-07-23,Haryana,Ambala,Naraingarh APMC,Mango,1800.0,5000.0,2500.0,2026,7,23,204,3,30,2500.0,2000.0,2500.0,0.0,500.0,2116.6666666666665,2250.0,262.99556396765826
2026-07-24,Haryana,Ambala,Naraingarh APMC,Mango,2000.0,4000.0,2500.0,2026,7,24,205,4,30,2500.0,1850.0,2200.0,0.0,650.0,2283.3333333333335,2250.0,262.99556396765826
2026-07-25,Haryana,Ambala,Naraingarh APMC,Mango,1500.0,4000.0,2200.0,2026,7,25,206,5,30,2500.0,2500.0,2200.0,-300.0,-300.0,2500.0,2292.8571428571427,277.5316369782182
2026-07-27,Haryana,Ambala,Naraingarh APMC,Mango,1100.0,5000.0,2500.0,2026,7,27,208,0,31,2200.0,2500.0,2500.0,300.0,0.0,2400.0,2292.8571428571427,277.5316369782182
2026-07-28,Haryana,Ambala,Naraingarh APMC,Mango,2000.0,4000.0,2500.0,2026,7,28,209,1,31,2500.0,2500.0,2000.0,0.0,0.0,2400.0,2292.8571428571427,277.5316369782182
2026-07-29,Haryana,Ambala,Naraingarh APMC,Mango,2200.0,3500.0,2600.0,2026,7,29,210,2,31,2500.0,2200.0,1850.0,100.0,400.0,2400.0,2364.285714285714,252.84100029182656
2026-07-18,Haryana,Ambala,Shahzadpur APMC,Langra,2500.0,2500.0,2500.0,2026,7,18,199,5,29,1300.0,2000.0,2200.0,1200.0,500.0,1766.6666666666667,2128.5714285714284,534.5224838248488
2026-07-20,Haryana,Ambala,Shahzadpur APMC,Langra,2400.0,2400.0,2400.0,2026,7,20,201,0,30,2500.0,2000.0,2300.0,-100.0,400.0,1933.3333333333333,2171.4285714285716,552.9143565818179
2026-07-21,Haryana,Ambala,Shahzadpur APMC,Langra,2300.0,2300.0,2300.0,2026,7,21,202,1,30,2400.0,1300.0,2000.0,-100.0,1000.0,2066.6666666666665,2185.714285714286,558.0578567035603
2026-07-22,Haryana,Ambala,Shahzadpur APMC,Langra,3000.0,3000.0,3000.0,2026,7,22,203,2,30,2300.0,2500.0,3100.0,700.0,500.0,2400.0,2228.5714285714284,552.914356581818
2026-07-22,Haryana,Faridabad,Ballabhgarh APMC,Other,5000.0,6000.0,5500.0,2026,7,22,203,2,30,4500.0,4500.0,5500.0,1000.0,1000.0,4500.0,4785.714285714285,487.9500364742666
2026-07-23,Haryana,Faridabad,Ballabhgarh APMC,Other,4000.0,5000.0,4500.0,2026,7,23,204,3,30,5500.0,4500.0,5500.0,-1000.0,0.0,4833.333333333333,4785.714285714285,487.9500364742666
2026-07-24,Haryana,Faridabad,Ballabhgarh APMC,Other,4000.0,5000.0,4500.0,2026,7,24,205,4,30,4500.0,4500.0,4500.0,0.0,0.0,4833.333333333333,4642.857142857143,377.96447300922705
2026-07-25,Haryana,Faridabad,Ballabhgarh APMC,Other,3000.0,4500.0,4000.0,2026,7,25,206,5,30,4500.0,5500.0,4500.0,-500.0,-1500.0,4833.333333333333,4642.857142857143,377.96447300922705
2026-07-27,Haryana,Faridabad,Ballabhgarh APMC,Other,4000.0,5000.0,4500.0,2026,7,27,208,0,31,4000.0,4500.0,4500.0,500.0,0.0,4333.333333333333,4571.428571428572,449.8677054212184
2026-07-29,Haryana,Faridabad,Ballabhgarh APMC,Other,4000.0,5000.0,4500.0,2026,7,29,210,2,31,4500.0,4500.0,4500.0,0.0,0.0,4333.333333333333,4571.428571428572,449.8677054212184
2026-07-20,Haryana,Faridabad,Faridabad APMC,Other,5500.0,5500.0,5500.0,2026,7,20,201,0,30,5500.0,5500.0,6000.0,0.0,0.0,5500.0,4857.142857142857,1029.3317295817756
2026-07-23,Haryana,Faridabad,Faridabad APMC,Other,4500.0,4500.0,4500.0,2026,7,23,204,3,30,5500.0,5500.0,4500.0,-1000.0,-1000.0,5500.0,4785.714285714285,951.1897312113418
2026-07-26,Haryana,Faridabad,Faridabad APMC,Other,5500.0,5500.0,5500.0,2026,7,26,207,6,30,4500.0,5500.0,3500.0,1000.0,0.0,5166.666666666667,4785.714285714285,951.1897312113418
2026-07-27,Haryana,Faridabad,Faridabad APMC,Other,6000.0,6000.0,6000.0,2026,7,27,208,0,31,5500.0,5500.0,3500.0,500.0,500.0,5166.666666666667,5071.428571428572,786.7957924694432
2026-07-28,Haryana,Faridabad,Faridabad APMC,Other,7000.0,7000.0,7000.0,2026,7,28,209,1,31,6000.0,4500.0,5500.0,1000.0,2500.0,5333.333333333333,5428.571428571428,449.86770542121826
2026-07-29,Haryana,Faridabad,Faridabad APMC,Other,6500.0,6500.0,6500.0,2026,7,29,210,2,31,7000.0,5500.0,5500.0,-500.0,1000.0,6166.666666666667,5642.857142857143,748.0132415430951
2026-07-21,Haryana,Fatehabad,Fatehabad APMC,Other,12000.0,12000.0,12000.0,2026,7,21,202,1,30,8000.0,8000.0,8000.0,4000.0,4000.0,7666.666666666667,8000.0,577.3502691896257
2026-07-23,Haryana,Fatehabad,Fatehabad APMC,Other,12000.0,12000.0,12000.0,2026,7,23,204,3,30,12000.0,7000.0,8000.0,0.0,5000.0,9000.0,8571.42857142857,1618.3471874253742
2026-07-27,Haryana,Fatehabad,Fatehabad APMC,Other,10000.0,10000.0,10000.0,2026,7,27,208,0,31,12000.0,8000.0,9000.0,-2000.0,2000.0,10666.666666666666,9142.857142857143,2035.4009783964298
2026-07-28,Haryana,Fatehabad,Fatehabad APMC,Other,8000.0,8000.0,8000.0,2026,7,28,209,1,31,10000.0,12000.0,8000.0,-2000.0,-4000.0,11333.333333333334,9285.714285714286,2058.663459163551
2026-07-29,Haryana,Fatehabad,Fatehabad APMC,Other,8000.0,8000.0,8000.0,2026,7,29,210,2,31,8000.0,12000.0,8000.0,0.0,-4000.0,10000.0,9285.714285714286,2058.663459163551
2026-07-17,Haryana,Gurgaon,Gurgaon APMC,Other,2000.0,6000.0,4000.0,2026,7,17,198,4,29,4000.0,4000.0,4000.0,0.0,0.0,4000.0,3571.4285714285716,534.5224838248488
2026-07-19,Haryana,Gurgaon,Gurgaon APMC,Other,3000.0,5000.0,4000.0,2026,7,19,200,6,29,4000.0,4000.0,3000.0,0.0,0.0,4000.0,3571.4285714285716,534.5224838248488
2026-07-20,Haryana,Gurgaon,Gurgaon APMC,Other,3000.0,5000.0,4000.0,2026,7,20,201,0,30,4000.0,4000.0,3000.0,0.0,0.0,4000.0,3714.285714285714,487.9500364742665
2026-07-22,Haryana,Gurgaon,Gurgaon APMC,Other,3000.0,5000.0,4000.0,2026,7,22,203,2,30,4000.0,4000.0,3000.0,0.0,0.0,4000.0,3857.1428571428573,377.9644730092269
2026-07-23,Haryana,Gurgaon,Gurgaon APMC,Other,3000.0,5000.0,4000.0,2026,7,23,204,3,30,4000.0,4000.0,4000.0,0.0,0.0,4000.0,4000.0,0.0
2026-07-24,Haryana,Gurgaon,Gurgaon APMC,Other,3000.0,5000.0,4000.0,2026,7,24,205,4,30,4000.0,4000.0,4000.0,0.0,0.0,4000.0,4000.0,0.0
2026-07-25,Haryana,Gurgaon,Gurgaon APMC,Other,3000.0,5000.0,4000.0,2026,7,25,206,5,30,4000.0,4000.0,4000.0,0.0,0.0,4000.0,4000.0,0.0
2026-07-27,Haryana,Gurgaon,Gurgaon APMC,Other,3000.0,5000.0,4000.0,2026,7,27,208,0,31,4000.0,4000.0,4000.0,0.0,0.0,4000.0,4000.0,0.0
2026-07-28,Haryana,Gurgaon,Gurgaon APMC,Other,3000.0,5000.0,4000.0,2026,7,28,209,1,31,4000.0,4000.0,4000.0,0.0,0.0,4000.0,4000.0,0.0
2026-07-29,Haryana,Gurgaon,Gurgaon APMC,Other,5000.0,7000.0,6000.0,2026,7,29,210,2,31,4000.0,4000.0,4000.0,2000.0,2000.0,4000.0,4000.0,0.0
2026-07-29,Haryana,Gurgaon,Pataudi APMC,Other,4000.0,4500.0,4200.0,2026,7,29,210,2,31,3200.0,3200.0,2800.0,1000.0,1000.0,4133.333333333333,3600.0,1161.8950038622252
2026-07-15,Haryana,Hissar,Barwala(Hisar) APMC,Other,2000.0,10000.0,4500.0,2026,7,15,196,2,29,5000.0,5000.0,5500.0,-500.0,-500.0,4833.333333333333,4785.714285714285,393.39789623472154
2026-07-16,Haryana,Hissar,Barwala(Hisar) APMC,Other,2600.0,10000.0,5000.0,2026,7,16,197,3,29,4500.0,4500.0,4500.0,500.0,500.0,4666.666666666667,4642.857142857143,243.9750182371329
2026-07-17,Haryana,Hissar,Barwala(Hisar) APMC,Other,2000.0,6000.0,4500.0,2026,7,17,198,4,29,5000.0,5000.0,4500.0,-500.0,-500.0,4833.333333333333,4714.285714285715,267.26124191242417
2026-07-18,Haryana,Hissar,Barwala(Hisar) APMC,Other,2000.0,8000.0,5500.0,2026,7,18,199,5,29,4500.0,4500.0,4500.0,1000.0,1000.0,4666.666666666667,4714.285714285715,267.26124191242417
2026-07-20,Haryana,Hissar,Barwala(Hisar) APMC,Other,2000.0,13000.0,4500.0,2026,7,20,201,0,30,5500.0,5000.0,5000.0,-1000.0,-500.0,5000.0,4857.142857142857,377.96447300922745
2026-07-21,Haryana,Hissar,Barwala(Hisar) APMC,Other,2000.0,10000.0,4500.0,2026,7,21,202,1,30,4500.0,4500.0,4500.0,0.0,0.0,4833.333333333333,4785.714285714285,393.3978962347216
2026-07-22,Haryana,Hissar,Barwala(Hisar) APMC,Other,3000.0,5000.0,4000.0,2026,7,22,203,2,30,4500.0,5500.0,5000.0,-500.0,-1500.0,4833.333333333333,4785.714285714285,393.3978962347216
2026-07-23,Haryana,Hissar,Barwala(Hisar) APMC,Other,5000.0,6000.0,5500.0,2026,7,23,204,3,30,4000.0,4500.0,4500.0,1500.0,1000.0,4333.333333333333,4642.857142857143,475.59486560567035
2026-07-24,Haryana,Hissar,Barwala(Hisar) APMC,Other,2000.0,7000.0,5000.0,2026,7,24,205,4,30,5500.0,4500.0,5000.0,-500.0,500.0,4666.666666666667,4785.714285714285,566.9467095138408
2026-07-27,Haryana,Hissar,Barwala(Hisar) APMC,Other,4000.0,10000.0,7000.0,2026,7,27,208,0,31,5000.0,4000.0,4500.0,2000.0,3000.0,4833.333333333333,4785.714285714285,566.9467095138408
2026-07-28,Haryana,Hissar,Barwala(Hisar) APMC,Other,8000.0,10000.0,9000.0,2026,7,28,209,1,31,7000.0,5500.0,5500.0,2000.0,3500.0,5833.333333333333,5142.857142857143,988.023520059354
2026-07-29,Haryana,Hissar,Barwala(Hisar) APMC,Other,4000.0,8000.0,6000.0,2026,7,29,210,2,31,9000.0,5000.0,4500.0,-3000.0,1000.0,7000.0,5642.857142857143,1772.810520855837
2026-07-14,Haryana,Hissar,Hansi APMC,Other,3500.0,5000.0,4000.0,2026,7,14,195,1,29,4000.0,3000.0,3000.0,0.0,1000.0,3333.3333333333335,3142.8571428571427,377.9644730092273
2026-07-15,Haryana,Hissar,Hansi APMC,Other,3000.0,5000.0,4000.0,2026,7,15,196,2,29,4000.0,3000.0,3000.0,0.0,1000.0,3666.6666666666665,3285.714285714286,487.95003647426665
2026-07-16,Haryana,Hissar,Hansi APMC,Other,3000.0,5000.0,4000.0,2026,7,16,197,3,29,4000.0,4000.0,3000.0,0.0,0.0,4000.0,3428.5714285714284,534.5224838248488
2026-07-18,Haryana,Hissar,Hansi APMC,Other,3000.0,5000.0,4000.0,2026,7,18,199,5,29,4000.0,4000.0,3000.0,0.0,0.0,4000.0,3571.4285714285716,534.5224838248487
2026-07-19,Haryana,Hissar,Hansi APMC,Other,3000.0,5000.0,4000.0,2026,7,19,200,6,29,4000.0,4000.0,3000.0,0.0,0.0,4000.0,3714.285714285714,487.9500364742662
2026-07-20,Haryana,Hissar,Hansi APMC,Other,3000.0,5000.0,4000.0,2026,7,20,201,0,30,4000.0,4000.0,3000.0,0.0,0.0,4000.0,3857.1428571428573,377.9644730092263
2026-07-21,Haryana,Hissar,Hansi APMC,Other,3000.0,5000.0,4000.0,2026,7,21,202,1,30,4000.0,4000.0,4000.0,0.0,0.0,4000.0,4000.0,0.0
2026-07-22,Haryana,Hissar,Hansi APMC,Other,3000.0,5000.0,4000.0,2026,7,22,203,2,30,4000.0,4000.0,4000.0,0.0,0.0,4000.0,4000.0,0.0
2026-07-23,Haryana,Hissar,Hansi APMC,Other,3000.0,5000.0,4000.0,2026,7,23,204,3,30,4000.0,4000.0,4000.0,0.0,0.0,4000.0,4000.0,0.0
2026-07-24,Haryana,Hissar,Hansi APMC,Other,3000.0,5000.0,4000.0,2026,7,24,205,4,30,4000.0,4000.0,4000.0,0.0,0.0,4000.0,4000.0,0.0
2026-07-26,Haryana,Hissar,Hansi APMC,Other,3000.0,5000.0,4000.0,2026,7,26,207,6,30,4000.0,4000.0,4000.0,0.0,0.0,4000.0,4000.0,0.0
2026-07-27,Haryana,Hissar,Hansi APMC,Other,4000.0,8000.0,6000.0,2026,7,27,208,0,31,4000.0,4000.0,4000.0,2000.0,2000.0,4000.0,4000.0,0.0
2026-07-28,Haryana,Hissar,Hansi APMC,Other,4000.0,8000.0,6000.0,2026,7,28,209,1,31,6000.0,4000.0,4000.0,0.0,2000.0,4666.666666666667,4285.714285714285,755.9289460184546
2026-07-29,Haryana,Hissar,Hansi APMC,Other,4000.0,8000.0,6000.0,2026,7,29,210,2,31,6000.0,4000.0,4000.0,0.0,2000.0,5333.333333333333,4571.428571428572,975.9000729485333
2026-07-16,Haryana,Hissar,Uklana APMC,Other,3000.0,4000.0,4000.0,2026,7,16,197,3,29,4000.0,4000.0,4000.0,0.0,0.0,4000.0,4000.0,0.0
2026-07-18,Haryana,Hissar,Uklana APMC,Other,3000.0,4000.0,4000.0,2026,7,18,199,5,29,4000.0,4000.0,4000.0,0.0,0.0,4000.0,4000.0,0.0
2026-07-21,Haryana,Hissar,Uklana APMC,Other,3500.0,4000.0,4000.0,2026,7,21,202,1,30,4000.0,4000.0,4000.0,0.0,0.0,4000.0,4000.0,0.0
2026-07-23,Haryana,Hissar,Uklana APMC,Other,3500.0,4000.0,4000.0,2026,7,23,204,3,30,4000.0,4000.0,4000.0,0.0,0.0,4000.0,4000.0,0.0
2026-07-24,Haryana,Hissar,Uklana APMC,Other,4000.0,4000.0,4000.0,2026,7,24,205,4,30,4000.0,4000.0,4000.0,0.0,0.0,4000.0,4000.0,0.0
2026-07-25,Haryana,Hissar,Uklana APMC,Other,3500.0,4000.0,4000.0,2026,7,25,206,5,30,4000.0,4000.0,4000.0,0.0,0.0,4000.0,4000.0,0.0
2026-07-27,Haryana,Hissar,Uklana APMC,Other,4000.0,5000.0,5000.0,2026,7,27,208,0,31,4000.0,4000.0,4000.0,1000.0,1000.0,4000.0,4000.0,0.0
2026-07-28,Haryana,Hissar,Uklana APMC,Other,4500.0,5000.0,5000.0,2026,7,28,209,1,31,5000.0,4000.0,4000.0,0.0,1000.0,4333.333333333333,4142.857142857143,377.96447300922716
2026-07-29,Haryana,Hissar,Uklana APMC,Other,4000.0,4500.0,4500.0,2026,7,29,210,2,31,5000.0,4000.0,4000.0,-500.0,500.0,4666.666666666667,4285.714285714285,487.9500364742664
2026-07-17,Haryana,Jhajar,Jhajjar APMC,Other,4000.0,4000.0,4000.0,2026,7,17,198,4,29,4000.0,7200.0,3000.0,0.0,-3200.0,5400.0,4385.714285714285,1381.3382055438988
2026-07-20,Haryana,Jhajar,Jhajjar APMC,Other,6000.0,6000.0,6000.0,2026,7,20,201,0,30,4000.0,5000.0,3500.0,2000.0,1000.0,4333.333333333333,4528.571428571428,1260.5743211122538
2026-07-22,Haryana,Jhajar,Jhajjar APMC,Other,5000.0,5000.0,5000.0,2026,7,22,203,2,30,6000.0,4000.0,4000.0,-1000.0,1000.0,4666.666666666667,4885.714285714285,1274.6614863413365
2026-07-24,Haryana,Jhajar,Jhajjar APMC,Other,3000.0,3000.0,3000.0,2026,7,24,205,4,30,5000.0,4000.0,4000.0,-2000.0,-1000.0,5000.0,5028.571428571428,1213.4170562428042
2026-07-29,Haryana,Jhajar,Jhajjar APMC,Other,8000.0,8000.0,8000.0,2026,7,29,210,2,31,3000.0,6000.0,7200.0,5000.0,2000.0,4666.666666666667,4885.714285714285,1399.3195625357484
2026-07-14,Haryana,Jind,Narwana APMC,Other,4000.0,9000.0,6000.0,2026,7,14,195,1,29,5000.0,5500.0,6500.0,1000.0,500.0,5500.0,5928.571428571428,534.5224838248487
2026-07-17,Haryana,Jind,Narwana APMC,Other,4000.0,9000.0,6000.0,2026,7,17,198,4,29,6000.0,6000.0,6000.0,0.0,0.0,5666.666666666667,5857.142857142857,475.5948656056708
2026-07-18,Haryana,Jind,Narwana APMC,Other,4000.0,8000.0,6000.0,2026,7,18,199,5,29,6000.0,5000.0,6500.0,0.0,1000.0,5666.666666666667,5857.142857142857,475.5948656056708
2026-07-19,Haryana,Jind,Narwana APMC,Other,3000.0,10000.0,6000.0,2026,7,19,200,6,29,6000.0,6000.0,6000.0,0.0,0.0,6000.0,5785.714285714285,393.3978962347214
2026-07-22,Haryana,Jind,Narwana APMC,Other,4000.0,7000.0,5000.0,2026,7,22,203,2,30,6000.0,6000.0,5500.0,-1000.0,-1000.0,6000.0,5785.714285714285,393.3978962347214
2026-07-23,Haryana,Jind,Narwana APMC,Other,4000.0,8000.0,6000.0,2026,7,23,204,3,30,5000.0,6000.0,6000.0,1000.0,0.0,5666.666666666667,5714.285714285715,487.95003647426637
2026-07-24,Haryana,Jind,Narwana APMC,Other,4000.0,9000.0,6000.0,2026,7,24,205,4,30,6000.0,6000.0,5000.0,0.0,0.0,5666.666666666667,5714.285714285715,487.95003647426637
2026-07-25,Haryana,Jind,Narwana APMC,Other,4000.0,9000.0,6000.0,2026,7,25,206,5,30,6000.0,5000.0,6000.0,0.0,1000.0,5666.666666666667,5857.142857142857,377.9644730092271
2026-07-27,Haryana,Jind,Narwana APMC,Other,3000.0,10000.0,5000.0,2026,7,27,208,0,31,6000.0,6000.0,6000.0,-1000.0,-1000.0,6000.0,5857.142857142857,377.9644730092271
2026-07-29,Haryana,Jind,Narwana APMC,Other,4000.0,9000.0,6500.0,2026,7,29,210,2,31,5000.0,6000.0,6000.0,1500.0,500.0,5666.666666666667,5714.285714285715,487.95003647426637
2026-07-18,Haryana,Jind,Safidon APMC,Other,2500.0,6000.0,4000.0,2026,7,18,199,5,29,4000.0,2500.0,3000.0,0.0,1500.0,3000.0,3071.4285714285716,672.5927091345493
2026-07-20,Haryana,Jind,Safidon APMC,Other,2500.0,4500.0,3500.0,2026,7,20,201,0,30,4000.0,2500.0,2500.0,-500.0,1000.0,3500.0,3214.285714285714,755.9289460184544
2026-07-21,Haryana,Jind,Safidon APMC,Other,2500.0,6000.0,4000.0,2026,7,21,202,1,30,3500.0,4000.0,3000.0,500.0,0.0,3833.3333333333335,3357.1428571428573,690.0655593423543
2026-07-22,Haryana,Jind,Safidon APMC,Other,2500.0,6000.0,4000.0,2026,7,22,203,2,30,4000.0,4000.0,4000.0,0.0,0.0,3833.3333333333335,3500.0,707.1067811865476
2026-07-23,Haryana,Jind,Safidon APMC,Other,3500.0,3500.0,3500.0,2026,7,23,204,3,30,4000.0,3500.0,2500.0,-500.0,0.0,3833.3333333333335,3500.0,707.1067811865476
2026-07-24,Haryana,Jind,Safidon APMC,Other,3000.0,6000.0,4500.0,2026,7,24,205,4,30,3500.0,4000.0,2500.0,1000.0,500.0,3833.3333333333335,3642.8571428571427,556.3486402641869
2026-07-25,Haryana,Jind,Safidon APMC,Other,3500.0,6000.0,4500.0,2026,7,25,206,5,30,4500.0,4000.0,4000.0,0.0,500.0,4000.0,3928.5714285714284,345.0327796711775
2026-07-28,Haryana,Jind,Safidon APMC,Other,3500.0,6000.0,4500.0,2026,7,28,209,1,31,4500.0,3500.0,4000.0,0.0,1000.0,4166.666666666667,4000.0,408.2482904638633
2026-07-20,Haryana,Karnal,Tarori APMC,Chausa,2000.0,3000.0,2500.0,2026,7,20,201,0,30,3500.0,3500.0,3000.0,-1000.0,-1000.0,3333.3333333333335,3214.285714285714,267.2612419124244
2026-07-21,Haryana,Karnal,Tarori APMC,Chausa,2000.0,3000.0,2500.0,2026,7,21,202,1,30,2500.0,3000.0,3000.0,0.0,-500.0,3000.0,3142.8571428571427,377.9644730092272
2026-07-22,Haryana,Karnal,Tarori APMC,Chausa,2000.0,4000.0,3000.0,2026,7,22,203,2,30,2500.0,3500.0,3500.0,500.0,-500.0,2833.3333333333335,3071.4285714285716,449.8677054212186
2026-07-23,Haryana,Karnal,Tarori APMC,Chausa,3000.0,4000.0,3500.0,2026,7,23,204,3,30,3000.0,2500.0,3000.0,500.0,1000.0,2666.6666666666665,3000.0,408.2482904638629
2026-07-24,Haryana,Karnal,Tarori APMC,Chausa,2000.0,4000.0,3000.0,2026,7,24,205,4,30,3500.0,2500.0,3500.0,-500.0,500.0,3000.0,3071.4285714285716,449.8677054212186
2026-07-25,Haryana,Karnal,Tarori APMC,Chausa,2000.0,4000.0,3000.0,2026,7,25,206,5,30,3000.0,3000.0,3000.0,0.0,0.0,3166.6666666666665,3000.0,408.2482904638629
2026-07-27,Haryana,Karnal,Tarori APMC,Chausa,3000.0,5000.0,4000.0,2026,7,27,208,0,31,3000.0,3500.0,3500.0,1000.0,500.0,3166.6666666666665,3000.0,408.2482904638629
2026-07-29,Haryana,Karnal,Tarori APMC,Chausa,3500.0,4000.0,3800.0,2026,7,29,210,2,31,4000.0,3000.0,2500.0,-200.0,800.0,3333.3333333333335,3071.4285714285716,534.5224838248488
2026-07-16,Haryana,Kurukshetra,Ladwa APMC,Dusheri,3000.0,4500.0,4000.0,2026,7,16,197,3,29,4000.0,4000.0,5000.0,0.0,0.0,4166.666666666667,4142.857142857143,748.0132415430955
2026-07-17,Haryana,Kurukshetra,Ladwa APMC,Dusheri,2500.0,5000.0,4000.0,2026,7,17,198,4,29,4000.0,4500.0,5000.0,0.0,-500.0,4166.666666666667,4000.0,645.4972243679027
2026-07-18,Haryana,Kurukshetra,Ladwa APMC,Dusheri,2000.0,4000.0,3000.0,2026,7,18,199,5,29,4000.0,4000.0,3000.0,-1000.0,-1000.0,4000.0,3857.1428571428573,475.594865605671
2026-07-20,Haryana,Kurukshetra,Ladwa APMC,Dusheri,2500.0,3000.0,2800.0,2026,7,20,201,0,30,3000.0,4000.0,3500.0,-200.0,-1200.0,3666.6666666666665,3857.1428571428573,475.594865605671
2026-07-27,Haryana,Kurukshetra,Ladwa APMC,Dusheri,3500.0,5000.0,4000.0,2026,7,27,208,0,31,2800.0,4000.0,4000.0,1200.0,0.0,3266.6666666666665,3757.1428571428573,616.0550377391696
2026-07-28,Haryana,Kurukshetra,Ladwa APMC,Dusheri,4000.0,6000.0,5000.0,2026,7,28,209,1,31,4000.0,3000.0,4500.0,1000.0,2000.0,3266.6666666666665,3757.1428571428573,616.0550377391696
2026-07-29,Haryana,Kurukshetra,Ladwa APMC,Dusheri,4000.0,6000.0,5000.0,2026,7,29,210,2,31,5000.0,2800.0,4000.0,0.0,2200.0,3933.3333333333335,3828.5714285714284,734.1986237031633
2026-07-15,Haryana,Kurukshetra,Shahabad APMC,Other,2000.0,9000.0,4500.0,2026,7,15,196,2,29,5300.0,5326.0,4000.0,-800.0,-826.0,4993.666666666667,4568.714285714285,620.5171806070897
2026-07-16,Haryana,Kurukshetra,Shahabad APMC,Other,2200.0,9000.0,5000.0,2026,7,16,197,3,29,4500.0,4355.0,4000.0,500.0,645.0,4718.333333333333,4640.142857142857,570.9379500936533
2026-07-17,Haryana,Kurukshetra,Shahabad APMC,Other,2000.0,9000.0,3000.0,2026,7,17,198,4,29,5000.0,5300.0,4000.0,-2000.0,-2300.0,4933.333333333333,4783.0,505.4169895574678
2026-07-18,Haryana,Kurukshetra,Shahabad APMC,Other,2000.0,7500.0,4000.0,2026,7,18,199,5,29,3000.0,4500.0,5000.0,1000.0,-500.0,4166.666666666667,4640.142857142857,811.975046531897
2026-07-20,Haryana,Kurukshetra,Shahabad APMC,Other,2000.0,4000.0,3100.0,2026,7,20,201,0,30,4000.0,5000.0,5326.0,-900.0,-1900.0,4000.0,4497.285714285715,825.9589808793401
2026-07-21,Haryana,Kurukshetra,Shahabad APMC,Other,2500.0,5000.0,4500.0,2026,7,21,202,1,30,3100.0,3000.0,4355.0,1400.0,1500.0,3366.6666666666665,4179.285714285715,880.4375265146516
2026-07-22,Haryana,Kurukshetra,Shahabad APMC,Other,2500.0,5000.0,3000.0,2026,7,22,203,2,30,4500.0,4000.0,5300.0,-1500.0,-1000.0,3866.6666666666665,4200.0,886.9423130433379
2026-07-23,Haryana,Kurukshetra,Shahabad APMC,Other,2800.0,6000.0,3600.0,2026,7,23,204,3,30,3000.0,3100.0,4500.0,600.0,500.0,3533.3333333333335,3871.4285714285716,836.0906763309935
2026-07-24,Haryana,Kurukshetra,Shahabad APMC,Other,2500.0,5000.0,3000.0,2026,7,24,205,4,30,3600.0,4500.0,5000.0,-600.0,-1500.0,3700.0,3742.8571428571427,791.3219801006888
2026-07-25,Haryana,Kurukshetra,Shahabad APMC,Other,3000.0,3500.0,3200.0,2026,7,25,206,5,30,3000.0,3000.0,3000.0,200.0,200.0,3200.0,3457.1428571428573,599.6030432909823
2026-07-27,Haryana,Kurukshetra,Shahabad APMC,Other,1000.0,4000.0,1900.0,2026,7,27,208,0,31,3200.0,3600.0,4000.0,-1300.0,-1700.0,3266.6666666666665,3485.714285714286,578.586125621677
2026-07-28,Haryana,Kurukshetra,Shahabad APMC,Other,2500.0,4000.0,3000.0,2026,7,28,209,1,31,1900.0,3000.0,3100.0,1100.0,0.0,2700.0,3185.714285714286,777.6643908280116
2026-07-29,Haryana,Kurukshetra,Shahabad APMC,Other,3000.0,7000.0,4500.0,2026,7,29,210,2,31,3000.0,3200.0,4500.0,1500.0,1300.0,2700.0,3171.4285714285716,780.4150299985365
2026-07-15,Haryana,Kurukshetra,Thanesar APMC,Other,1500.0,6000.0,3750.0,2026,7,15,196,2,29,5000.0,6000.0,3500.0,-1250.0,-2250.0,5666.666666666667,4464.285714285715,1193.9829304036293
2026-07-16,Haryana,Kurukshetra,Thanesar APMC,Other,1500.0,6000.0,3750.0,2026,7,16,197,3,29,3750.0,6000.0,3250.0,0.0,-2250.0,4916.666666666667,4500.0,1163.6866703140784
2026-07-18,Haryana,Kurukshetra,Thanesar APMC,Other,1000.0,8000.0,4500.0,2026,7,18,199,5,29,3750.0,5000.0,3500.0,750.0,-500.0,4166.666666666667,4571.428571428572,1086.9901651108069
2026-07-21,Haryana,Kurukshetra,Thanesar APMC,Other,2000.0,6000.0,4000.0,2026,7,21,202,1,30,4500.0,3750.0,4000.0,-500.0,250.0,4000.0,4714.285714285715,983.494740586804
2026-07-22,Haryana,Kurukshetra,Thanesar APMC,Other,2000.0,6000.0,4000.0,2026,7,22,203,2,30,4000.0,3750.0,6000.0,0.0,250.0,4083.3333333333335,4714.285714285715,983.494740586804
2026-07-27,Haryana,Kurukshetra,Thanesar APMC,Other,2000.0,8000.0,5000.0,2026,7,27,208,0,31,4000.0,4500.0,6000.0,1000.0,500.0,4166.666666666667,4428.571428571428,825.5589736945624
2026-07-29,Haryana,Kurukshetra,Thanesar APMC,Other,2000.0,7000.0,4500.0,2026,7,29,210,2,31,5000.0,4000.0,5000.0,-500.0,500.0,4333.333333333333,4285.714285714285,548.2656637937836
2026-07-29,Haryana,Mahendragarh-Narnaul,Mohindergarh APMC,Other,3500.0,4000.0,4000.0,2026,7,29,210,2,31,4000.0,3500.0,3500.0,0.0,500.0,3500.0,3571.4285714285716,345.0327796711771
2026-07-14,Haryana,Mahendragarh-Narnaul,Narnaul APMC,Mango,4000.0,6000.0,5000.0,2026,7,14,195,1,29,5000.0,5000.0,4000.0,0.0,0.0,5000.0,4714.285714285715,487.9500364742666
2026-07-15,Haryana,Mahendragarh-Narnaul,Narnaul APMC,Mango,4000.0,6000.0,5000.0,2026,7,15,196,2,29,5000.0,5000.0,4000.0,0.0,0.0,5000.0,4857.142857142857,377.96447300922705
2026-07-16,Haryana,Mahendragarh-Narnaul,Narnaul APMC,Mango,4000.0,6000.0,5000.0,2026,7,16,197,3,29,5000.0,5000.0,5000.0,0.0,0.0,5000.0,5000.0,0.0
2026-07-17,Haryana,Mahendragarh-Narnaul,Narnaul APMC,Mango,5000.0,7000.0,6000.0,2026,7,17,198,4,29,5000.0,5000.0,5000.0,1000.0,1000.0,5000.0,5000.0,0.0
2026-07-18,Haryana,Mahendragarh-Narnaul,Narnaul APMC,Mango,4000.0,6500.0,5000.0,2026,7,18,199,5,29,6000.0,5000.0,5000.0,-1000.0,0.0,5333.333333333333,5142.857142857143,377.96447300922716
2026-07-20,Haryana,Mahendragarh-Narnaul,Narnaul APMC,Mango,4000.0,7000.0,5000.0,2026,7,20,201,0,30,5000.0,5000.0,5000.0,0.0,0.0,5333.333333333333,5142.857142857143,377.96447300922716
2026-07-21,Haryana,Mahendragarh-Narnaul,Narnaul APMC,Mango,4000.0,6500.0,5000.0,2026,7,21,202,1,30,5000.0,6000.0,5000.0,0.0,-1000.0,5333.333333333333,5142.857142857143,377.96447300922716
2026-07-22,Haryana,Mahendragarh-Narnaul,Narnaul APMC,Mango,4000.0,7000.0,5000.0,2026,7,22,203,2,30,5000.0,5000.0,5000.0,0.0,0.0,5000.0,5142.857142857143,377.96447300922716
2026-07-23,Haryana,Mahendragarh-Narnaul,Narnaul APMC,Mango,4000.0,7000.0,6000.0,2026,7,23,204,3,30,5000.0,5000.0,5000.0,1000.0,1000.0,5000.0,5142.857142857143,377.96447300922716
2026-07-24,Haryana,Mahendragarh-Narnaul,Narnaul APMC,Mango,4000.0,7000.0,5000.0,2026,7,24,205,4,30,6000.0,5000.0,5000.0,-1000.0,0.0,5333.333333333333,5285.714285714285,487.9500364742664
2026-07-25,Haryana,Mahendragarh-Narnaul,Narnaul APMC,Mango,4000.0,6000.0,5000.0,2026,7,25,206,5,30,5000.0,5000.0,6000.0,0.0,0.0,5333.333333333333,5285.714285714285,487.9500364742664
2026-07-27,Haryana,Mahendragarh-Narnaul,Narnaul APMC,Mango,4000.0,7000.0,6000.0,2026,7,27,208,0,31,5000.0,6000.0,5000.0,1000.0,0.0,5333.333333333333,5142.857142857143,377.9644730092272
2026-07-28,Haryana,Mahendragarh-Narnaul,Narnaul APMC,Mango,5000.0,7000.0,6000.0,2026,7,28,209,1,31,6000.0,5000.0,5000.0,0.0,1000.0,5333.333333333333,5285.714285714285,487.9500364742664
2026-07-24,Haryana,Mewat,Punhana APMC,Other,3000.0,3000.0,3000.0,2026,7,24,205,4,30,3000.0,3000.0,4000.0,0.0,0.0,3000.0,3642.8571428571427,852.1681032463467
2026-07-29,Haryana,Mewat,Punhana APMC,Other,5000.0,5000.0,5000.0,2026,7,29,210,2,31,3000.0,3000.0,5000.0,2000.0,2000.0,3000.0,3500.0,866.0254037844386
2026-07-29,Haryana,Mewat,Tauru APMC,Other,5000.0,5000.0,5000.0,2026,7,29,210,2,31,5000.0,5000.0,4000.0,0.0,0.0,5000.0,4542.857142857143,772.1337165222589
2026-07-15,Haryana,Panipat,Panipat APMC,Other,2000.0,8000.0,5000.0,2026,7,15,196,2,29,5000.0,5000.0,5000.0,0.0,0.0,5000.0,5000.0,0.0
2026-07-16,Haryana,Panipat,Panipat APMC,Other,2000.0,8000.0,5000.0,2026,7,16,197,3,29,5000.0,5000.0,5000.0,0.0,0.0,5000.0,5000.0,0.0
2026-07-17,Haryana,Panipat,Panipat APMC,Other,3000.0,5000.0,4000.0,2026,7,17,198,4,29,5000.0,5000.0,5000.0,-1000.0,-1000.0,5000.0,5000.0,0.0
2026-07-18,Haryana,Panipat,Panipat APMC,Other,3000.0,7000.0,5000.0,2026,7,18,199,5,29,4000.0,5000.0,5000.0,1000.0,0.0,4666.666666666667,4857.142857142857,377.96447300922716
2026-07-20,Haryana,Panipat,Panipat APMC,Other,2000.0,8000.0,5000.0,2026,7,20,201,0,30,5000.0,5000.0,5000.0,0.0,0.0,4666.666666666667,4857.142857142857,377.96447300922716
2026-07-21,Haryana,Panipat,Panipat APMC,Other,2000.0,8000.0,5000.0,2026,7,21,202,1,30,5000.0,4000.0,5000.0,0.0,1000.0,4666.666666666667,4857.142857142857,377.96447300922716
2026-07-23,Haryana,Panipat,Panipat APMC,Other,2000.0,8000.0,5000.0,2026,7,23,204,3,30,5000.0,5000.0,5000.0,0.0,0.0,5000.0,4857.142857142857,377.96447300922716
2026-07-24,Haryana,Panipat,Panipat APMC,Other,3000.0,5000.0,4000.0,2026,7,24,205,4,30,5000.0,5000.0,5000.0,-1000.0,-1000.0,5000.0,4857.142857142857,377.96447300922716
2026-07-27,Haryana,Panipat,Panipat APMC,Other,3000.0,7000.0,5000.0,2026,7,27,208,0,31,4000.0,5000.0,5000.0,1000.0,0.0,4666.666666666667,4714.285714285715,487.9500364742664
2026-07-28,Haryana,Panipat,Panipat APMC,Other,3000.0,7000.0,5000.0,2026,7,28,209,1,31,5000.0,5000.0,4000.0,0.0,0.0,4666.666666666667,4714.285714285715,487.9500364742664
2026-07-29,Haryana,Panipat,Panipat APMC,Other,3000.0,7000.0,5000.0,2026,7,29,210,2,31,5000.0,4000.0,5000.0,0.0,1000.0,4666.666666666667,4857.142857142857,377.9644730092272
2026-07-16,Haryana,Panipat,Samalkha APMC,Other,2000.0,6000.0,4000.0,2026,7,16,197,3,29,4500.0,4000.0,3000.0,-500.0,0.0,4500.0,3900.0,732.575365861197
2026-07-17,Haryana,Panipat,Samalkha APMC,Other,3000.0,6000.0,4500.0,2026,7,17,198,4,29,4000.0,5000.0,3000.0,500.0,-500.0,4500.0,4042.8571428571427,616.0550377391695
2026-07-18,Haryana,Panipat,Samalkha APMC,Other,2500.0,5000.0,4000.0,2026,7,18,199,5,29,4500.0,4500.0,4000.0,-500.0,-500.0,4333.333333333333,4257.142857142857,423.70250120079504
2026-07-19,Haryana,Panipat,Samalkha APMC,Other,2000.0,6000.0,4000.0,2026,7,19,200,6,29,4000.0,4000.0,3800.0,0.0,0.0,4166.666666666667,4257.142857142857,423.70250120079504
2026-07-20,Haryana,Panipat,Samalkha APMC,Other,4000.0,5500.0,5000.0,2026,7,20,201,0,30,4000.0,4500.0,4000.0,1000.0,500.0,4166.666666666667,4285.714285714285,393.3978962347219
2026-07-21,Haryana,Panipat,Samalkha APMC,Other,4500.0,4500.0,4500.0,2026,7,21,202,1,30,5000.0,4000.0,5000.0,-500.0,500.0,4333.333333333333,4428.571428571428,449.867705421219
2026-07-22,Haryana,Panipat,Samalkha APMC,Other,4000.0,5000.0,4500.0,2026,7,22,203,2,30,4500.0,4000.0,4500.0,0.0,500.0,4500.0,4357.142857142857,377.9644730092276
2026-07-23,Haryana,Panipat,Samalkha APMC,Other,4000.0,5000.0,4500.0,2026,7,23,204,3,30,4500.0,5000.0,4000.0,0.0,-500.0,4666.666666666667,4357.142857142857,377.9644730092276
2026-07-24,Haryana,Panipat,Samalkha APMC,Other,6000.0,6000.0,6000.0,2026,7,24,205,4,30,4500.0,4500.0,4500.0,1500.0,1500.0,4500.0,4428.571428571428,345.03277967117765
2026-07-27,Haryana,Panipat,Samalkha APMC,Other,5500.0,5500.0,5500.0,2026,7,27,208,0,31,6000.0,4500.0,4000.0,-500.0,1000.0,5000.0,4642.857142857143,690.0655593423547
2026-07-28,Haryana,Panipat,Samalkha APMC,Other,5500.0,5500.0,5500.0,2026,7,28,209,1,31,5500.0,4500.0,4000.0,0.0,1000.0,5333.333333333333,4857.142857142857,690.0655593423551
2026-07-20,Haryana,Rewari,Kosli APMC,Other,4000.0,4000.0,4000.0,2026,7,20,201,0,30,4000.0,3500.0,3000.0,0.0,500.0,3833.3333333333335,3642.8571428571427,475.5948656056708
2026-07-22,Haryana,Rewari,Kosli APMC,Other,4000.0,4000.0,4000.0,2026,7,22,203,2,30,4000.0,4000.0,3000.0,0.0,0.0,4000.0,3785.714285714286,393.39789623472126
2026-07-24,Haryana,Rewari,Kosli APMC,Other,4000.0,4000.0,4000.0,2026,7,24,205,4,30,4000.0,4000.0,4000.0,0.0,0.0,4000.0,3928.5714285714284,188.9822365046125
2026-07-25,Haryana,Rewari,Kosli APMC,Other,4000.0,4000.0,4000.0,2026,7,25,206,5,30,4000.0,4000.0,4000.0,0.0,0.0,4000.0,3928.5714285714284,188.9822365046125
2026-07-26,Haryana,Rewari,Kosli APMC,Other,4000.0,4000.0,4000.0,2026,7,26,207,6,30,4000.0,4000.0,3500.0,0.0,0.0,4000.0,3928.5714285714284,188.9822365046125
2026-07-27,Haryana,Rewari,Kosli APMC,Other,4000.0,4000.0,4000.0,2026,7,27,208,0,31,4000.0,4000.0,4000.0,0.0,0.0,4000.0,4000.0,0.0
2026-07-29,Haryana,Rewari,Kosli APMC,Other,4000.0,4000.0,4000.0,2026,7,29,210,2,31,4000.0,4000.0,4000.0,0.0,0.0,4000.0,4000.0,0.0
2026-07-18,Haryana,Rohtak,Meham APMC,Other,2200.0,4000.0,3000.0,2026,7,18,199,5,29,3500.0,3000.0,3000.0,-500.0,0.0,3166.6666666666665,2857.1428571428573,475.5948656056709
2026-07-20,Haryana,Rohtak,Meham APMC,Other,2100.0,4000.0,3500.0,2026,7,20,201,0,30,3000.0,3000.0,2500.0,500.0,500.0,3166.6666666666665,2857.1428571428573,475.5948656056709
2026-07-21,Haryana,Rohtak,Meham APMC,Other,2000.0,3500.0,3000.0,2026,7,21,202,1,30,3500.0,3500.0,2000.0,-500.0,-500.0,3333.3333333333335,3000.0,499.9999999999999
2026-07-22,Haryana,Rohtak,Meham APMC,Other,2000.0,4000.0,3000.0,2026,7,22,203,2,30,3000.0,3000.0,3000.0,0.0,0.0,3166.6666666666665,3142.8571428571427,243.97501823713282
2026-07-23,Haryana,Rohtak,Meham APMC,Other,2200.0,4000.0,3500.0,2026,7,23,204,3,30,3000.0,3500.0,3000.0,500.0,0.0,3166.6666666666665,3142.8571428571427,243.97501823713282
2026-07-24,Haryana,Rohtak,Meham APMC,Other,2500.0,5000.0,4000.0,2026,7,24,205,4,30,3500.0,3000.0,3000.0,500.0,1000.0,3166.6666666666665,3214.285714285714,267.2612419124238
2026-07-25,Haryana,Rohtak,Meham APMC,Other,2000.0,5000.0,4000.0,2026,7,25,206,5,30,4000.0,3000.0,3500.0,0.0,1000.0,3500.0,3357.1428571428573,377.9644730092267
2026-07-27,Haryana,Rohtak,Meham APMC,Other,2500.0,4000.0,3000.0,2026,7,27,208,0,31,4000.0,3500.0,3000.0,-1000.0,-500.0,3833.3333333333335,3428.5714285714284,449.8677054212182
2026-07-28,Haryana,Rohtak,Meham APMC,Other,2000.0,3000.0,2500.0,2026,7,28,209,1,31,3000.0,4000.0,3500.0,-500.0,-1500.0,3666.6666666666665,3428.5714285714284,449.8677054212182
2026-07-29,Haryana,Rohtak,Meham APMC,Other,2500.0,5000.0,4000.0,2026,7,29,210,2,31,2500.0,4000.0,3000.0,1500.0,0.0,3166.6666666666665,3285.714285714286,566.9467095138406
2026-07-20,Haryana,Rohtak,Rohtak APMC,Other,4000.0,7000.0,5000.0,2026,7,20,201,0,30,5000.0,5000.0,5000.0,0.0,0.0,4666.666666666667,5142.857142857143,899.7354108424374
2026-07-21,Haryana,Rohtak,Rohtak APMC,Other,5000.0,9000.0,7000.0,2026,7,21,202,1,30,5000.0,4000.0,7000.0,2000.0,3000.0,4666.666666666667,5142.857142857143,899.7354108424374
2026-07-22,Haryana,Rohtak,Rohtak APMC,Other,4000.0,8000.0,5000.0,2026,7,22,203,2,30,7000.0,5000.0,5000.0,-2000.0,0.0,5666.666666666667,5142.857142857143,899.7354108424374
2026-07-23,Haryana,Rohtak,Rohtak APMC,Other,3000.0,7000.0,5000.0,2026,7,23,204,3,30,5000.0,5000.0,5000.0,0.0,0.0,5666.666666666667,5142.857142857143,899.7354108424374
2026-07-24,Haryana,Rohtak,Rohtak APMC,Other,4000.0,6000.0,5000.0,2026,7,24,205,4,30,5000.0,7000.0,5000.0,0.0,-2000.0,5666.666666666667,5142.857142857143,899.7354108424374
2026-07-25,Haryana,Rohtak,Rohtak APMC,Other,4000.0,7000.0,6000.0,2026,7,25,206,5,30,5000.0,5000.0,4000.0,1000.0,1000.0,5000.0,5142.857142857143,899.7354108424374
2026-07-27,Haryana,Rohtak,Rohtak APMC,Other,4000.0,8000.0,5000.0,2026,7,27,208,0,31,6000.0,5000.0,5000.0,-1000.0,0.0,5333.333333333333,5428.571428571428,786.7957924694431
2026-07-28,Haryana,Rohtak,Rohtak APMC,Other,4000.0,7000.0,5000.0,2026,7,28,209,1,31,5000.0,5000.0,5000.0,0.0,0.0,5333.333333333333,5428.571428571428,786.7957924694431
2026-07-29,Haryana,Rohtak,Rohtak APMC,Other,4000.0,7000.0,5000.0,2026,7,29,210,2,31,5000.0,6000.0,7000.0,0.0,-1000.0,5333.333333333333,5428.571428571428,786.7957924694431
2026-07-17,Haryana,Rohtak,Sampla APMC,Other,3000.0,6000.0,5000.0,2026,7,17,198,4,29,3000.0,5000.0,3000.0,2000.0,0.0,3666.6666666666665,3257.1428571428573,772.133716522259
2026-07-18,Haryana,Rohtak,Sampla APMC,Other,3000.0,6000.0,5000.0,2026,7,18,199,5,29,5000.0,3000.0,3000.0,0.0,2000.0,3666.6666666666665,3542.8571428571427,998.0934205726818
2026-07-20,Haryana,Rohtak,Sampla APMC,Other,3000.0,6000.0,4000.0,2026,7,20,201,0,30,5000.0,3000.0,3000.0,-1000.0,1000.0,4333.333333333333,3828.5714285714284,1098.0502200328935
2026-07-27,Haryana,Rohtak,Sampla APMC,Other,8000.0,8000.0,8000.0,2026,7,27,208,0,31,4000.0,5000.0,2800.0,4000.0,3000.0,4666.666666666667,3971.4285714285716,1035.5582805332363
2026-07-28,Haryana,Rohtak,Sampla APMC,Other,6000.0,6000.0,6000.0,2026,7,28,209,1,31,8000.0,5000.0,5000.0,-2000.0,1000.0,5666.666666666667,4714.285714285715,1704.336206492694
2026-07-29,Haryana,Rohtak,Sampla APMC,Other,5000.0,5000.0,5000.0,2026,7,29,210,2,31,6000.0,4000.0,3000.0,-1000.0,1000.0,6000.0,4857.142857142857,1772.810520855837
2026-07-27,Haryana,Sirsa,Sirsa APMC,Other,2500.0,8000.0,5000.0,2026,7,27,208,0,31,4800.0,4000.0,5000.0,200.0,1000.0,4933.333333333333,4471.428571428572,1027.4795792200864
2026-07-28,Haryana,Sirsa,Sirsa APMC,Other,3000.0,10000.0,5000.0,2026,7,28,209,1,31,5000.0,6000.0,3500.0,0.0,-1000.0,5266.666666666667,4471.428571428572,1027.4795792200864
2026-07-29,Haryana,Sirsa,Sirsa APMC,Other,4000.0,10000.0,5500.0,2026,7,29,210,2,31,5000.0,4800.0,3000.0,500.0,700.0,4933.333333333333,4685.714285714285,944.1549509633317
2026-07-14,Haryana,Sonipat,Ganaur APMC,Other,3000.0,6000.0,4500.0,2026,7,14,195,1,29,5000.0,7000.0,7000.0,-500.0,-2500.0,5500.0,5285.714285714285,1185.226520443204
2026-07-15,Haryana,Sonipat,Ganaur APMC,Other,8000.0,10000.0,9000.0,2026,7,15,196,2,29,4500.0,4500.0,4500.0,4500.0,4500.0,4666.666666666667,4928.571428571428,932.2272357358042
2026-07-16,Haryana,Sonipat,Ganaur APMC,Other,3000.0,6000.0,4500.0,2026,7,16,197,3,29,9000.0,5000.0,4500.0,-4500.0,-500.0,6166.666666666667,5571.428571428572,1766.0825629193043
2026-07-17,Haryana,Sonipat,Ganaur APMC,Other,3000.0,6000.0,4500.0,2026,7,17,198,4,29,4500.0,4500.0,4500.0,0.0,0.0,6000.0,5571.428571428572,1766.0825629193043
2026-07-20,Haryana,Sonipat,Ganaur APMC,Other,3000.0,6000.0,4000.0,2026,7,20,201,0,30,4500.0,9000.0,7000.0,-500.0,-5000.0,6000.0,5571.428571428572,1766.0825629193043
2026-07-22,Haryana,Sonipat,Ganaur APMC,Other,6000.0,8000.0,7000.0,2026,7,22,203,2,30,4000.0,4500.0,4500.0,3000.0,2500.0,4333.333333333333,5142.857142857143,1725.1638983558855
2026-07-23,Haryana,Sonipat,Ganaur APMC,Other,8000.0,9000.0,8500.0,2026,7,23,204,3,30,7000.0,4500.0,5000.0,1500.0,4000.0,5166.666666666667,5500.0,1825.7418583505537
2026-07-27,Haryana,Sonipat,Ganaur APMC,Other,8000.0,10000.0,9000.0,2026,7,27,208,0,31,8500.0,4000.0,4500.0,500.0,5000.0,6500.0,6000.0,2121.3203435596424
2026-07-29,Haryana,Sonipat,Ganaur APMC,Other,6000.0,8000.0,7000.0,2026,7,29,210,2,31,9000.0,7000.0,9000.0,-2000.0,0.0,8166.666666666667,6642.857142857143,2267.786838055363
2026-07-17,Haryana,Sonipat,Gohana APMC,Other,4000.0,7000.0,5000.0,2026,7,17,198,4,29,4000.0,4000.0,4000.0,1000.0,1000.0,4333.333333333333,4285.714285714285,487.9500364742666
2026-07-18,Haryana,Sonipat,Gohana APMC,Other,4000.0,6000.0,5000.0,2026,7,18,199,5,29,5000.0,5000.0,4000.0,0.0,0.0,4666.666666666667,4428.571428571428,534.5224838248488
2026-07-20,Haryana,Sonipat,Gohana APMC,Other,4000.0,6000.0,5000.0,2026,7,20,201,0,30,5000.0,4000.0,4000.0,0.0,1000.0,4666.666666666667,4571.428571428572,534.5224838248488
2026-07-21,Haryana,Sonipat,Gohana APMC,Other,4000.0,6000.0,5000.0,2026,7,21,202,1,30,5000.0,5000.0,5000.0,0.0,0.0,5000.0,4714.285714285715,487.9500364742666
2026-07-23,Haryana,Sonipat,Gohana APMC,Other,4000.0,6000.0,5000.0,2026,7,23,204,3,30,5000.0,5000.0,4000.0,0.0,0.0,5000.0,4714.285714285715,487.9500364742666
2026-07-24,Haryana,Sonipat,Gohana APMC,Other,4000.0,6000.0,5000.0,2026,7,24,205,4,30,5000.0,5000.0,5000.0,0.0,0.0,5000.0,4857.142857142857,377.964473009227
2026-07-25,Haryana,Sonipat,Gohana APMC,Other,4000.0,6000.0,5000.0,2026,7,25,206,5,30,5000.0,5000.0,4000.0,0.0,0.0,5000.0,4857.142857142857,377.964473009227
2026-07-27,Haryana,Sonipat,Gohana APMC,Other,4000.0,6000.0,5000.0,2026,7,27,208,0,31,5000.0,5000.0,5000.0,0.0,0.0,5000.0,5000.0,0.0
2026-07-28,Haryana,Sonipat,Gohana APMC,Other,4000.0,6000.0,5000.0,2026,7,28,209,1,31,5000.0,5000.0,5000.0,0.0,0.0,5000.0,5000.0,0.0
2026-07-29,Haryana,Sonipat,Gohana APMC,Other,4000.0,6000.0,5000.0,2026,7,29,210,2,31,5000.0,5000.0,5000.0,0.0,0.0,5000.0,5000.0,0.0
2026-07-27,Haryana,Sonipat,Sonepat APMC,Dusheri,1000.0,6000.0,4000.0,2026,7,27,208,0,31,2500.0,5000.0,2000.0,1500.0,-1000.0,4166.666666666667,3528.5714285714284,1451.1079510891966
2026-07-28,Haryana,Sonipat,Sonepat APMC,Dusheri,1000.0,7000.0,4000.0,2026,7,28,209,1,31,4000.0,5000.0,2500.0,0.0,-1000.0,3833.3333333333335,3814.285714285714,1287.6704695283022
2026-07-24,Haryana,Sonipat,Sonepat APMC,Other,1000.0,7000.0,4000.0,2026,7,24,205,4,30,4000.0,4000.0,4000.0,0.0,0.0,4000.0,3785.714285714286,393.3978962347216
2026-07-25,Haryana,Sonipat,Sonepat APMC,Other,4000.0,8000.0,6000.0,2026,7,25,206,5,30,4000.0,4000.0,3500.0,2000.0,2000.0,4000.0,3785.714285714286,393.3978962347216
2026-07-29,Haryana,Sonipat,Sonepat APMC,Other,6000.0,8000.0,7000.0,2026,7,29,210,2,31,6000.0,4000.0,4000.0,1000.0,3000.0,4666.666666666667,4142.857142857143,899.7354108424372
2026-07-20,Haryana,Sonipat,Sonepat(Kharkhoda) APMC,Other,2000.0,5200.0,4500.0,2026,7,20,201,0,30,4600.0,4200.0,5500.0,-100.0,300.0,4333.333333333333,4871.428571428572,568.5193802451116
2026-07-21,Haryana,Sonipat,Sonepat(Kharkhoda) APMC,Other,2000.0,5000.0,4200.0,2026,7,21,202,1,30,4500.0,4200.0,5550.0,-300.0,0.0,4433.333333333333,4728.571428571428,506.505300117994
2026-07-23,Haryana,Sonipat,Sonepat(Kharkhoda) APMC,Other,2500.0,5000.0,4200.0,2026,7,23,204,3,30,4200.0,4600.0,5200.0,0.0,-400.0,4433.333333333333,4535.714285714285,383.7471886045613
2026-07-24,Haryana,Sonipat,Sonepat(Kharkhoda) APMC,Other,3500.0,5000.0,4400.0,2026,7,24,205,4,30,4200.0,4500.0,4850.0,200.0,-100.0,4300.0,4392.857142857143,262.0886800120833
2026-07-25,Haryana,Sonipat,Sonepat(Kharkhoda) APMC,Other,1500.0,5000.0,4200.0,2026,7,25,206,5,30,4400.0,4200.0,4200.0,-200.0,0.0,4266.666666666667,4328.571428571428,170.4336206492694
2026-07-27,Haryana,Sonipat,Sonepat(Kharkhoda) APMC,Other,2000.0,5000.0,4200.0,2026,7,27,208,0,31,4200.0,4200.0,4200.0,0.0,0.0,4266.666666666667,4328.571428571428,170.4336206492694
2026-07-28,Haryana,Sonipat,Sonepat(Kharkhoda) APMC,Other,2000.0,5000.0,4200.0,2026,7,28,209,1,31,4200.0,4400.0,4600.0,0.0,-200.0,4266.666666666667,4328.571428571428,170.4336206492694
2026-07-29,Haryana,Sonipat,Sonepat(Kharkhoda) APMC,Other,2500.0,5000.0,4200.0,2026,7,29,210,2,31,4200.0,4200.0,4500.0,0.0,0.0,4200.0,4271.428571428572,125.35663410560173
2026-07-29,Haryana,Yamuna Nagar,Chhachrauli APMC,Other,2000.0,2000.0,2000.0,2026,7,29,210,2,31,2000.0,1900.0,1800.0,0.0,100.0,2000.0,2028.5714285714287,275.1622897751175
2026-07-16,Haryana,Yamuna Nagar,Jagadhri APMC,Other,2000.0,10000.0,8000.0,2026,7,16,197,3,29,6200.0,5000.0,4500.0,1800.0,3000.0,5400.0,5171.428571428572,788.9112449325035
2026-07-17,Haryana,Yamuna Nagar,Jagadhri APMC,Other,2500.0,9569.0,8000.0,2026,7,17,198,4,29,8000.0,5000.0,4000.0,0.0,3000.0,6400.0,5671.428571428572,1260.5743211122535
2026-07-18,Haryana,Yamuna Nagar,Jagadhri APMC,Other,2500.0,6500.0,6100.0,2026,7,18,199,5,29,8000.0,6200.0,6000.0,-1900.0,-100.0,7400.0,6242.857142857143,1283.039545840453
2026-07-20,Haryana,Yamuna Nagar,Jagadhri APMC,Other,2200.0,6200.0,6000.0,2026,7,20,201,0,30,6100.0,8000.0,5500.0,-100.0,-2000.0,7366.666666666667,6257.142857142857,1280.4389128434862
2026-07-21,Haryana,Yamuna Nagar,Jagadhri APMC,Other,2500.0,6000.0,5000.0,2026,7,21,202,1,30,6000.0,8000.0,5000.0,-1000.0,-3000.0,6700.0,6328.571428571428,1244.6074156325835
2026-07-22,Haryana,Yamuna Nagar,Jagadhri APMC,Other,2500.0,6000.0,5000.0,2026,7,22,203,2,30,5000.0,6100.0,5000.0,0.0,-1100.0,5700.0,6328.571428571428,1244.6074156325835
2026-07-23,Haryana,Yamuna Nagar,Jagadhri APMC,Other,2500.0,8000.0,6000.0,2026,7,23,204,3,30,5000.0,6000.0,6200.0,1000.0,0.0,5333.333333333333,6328.571428571428,1244.6074156325835
2026-07-24,Haryana,Yamuna Nagar,Jagadhri APMC,Other,2000.0,7000.0,6000.0,2026,7,24,205,4,30,6000.0,5000.0,8000.0,0.0,1000.0,5333.333333333333,6300.0,1250.3332889007365
2026-07-25,Haryana,Yamuna Nagar,Jagadhri APMC,Other,4000.0,7000.0,6100.0,2026,7,25,206,5,30,6000.0,5000.0,8000.0,100.0,1100.0,5666.666666666667,6014.285714285715,1000.7140307942981
2026-07-27,Haryana,Yamuna Nagar,Jagadhri APMC,Other,3000.0,8000.0,7000.0,2026,7,27,208,0,31,6100.0,6000.0,6100.0,900.0,1000.0,6033.333333333333,5742.857142857143,509.4347941825433
2026-07-28,Haryana,Yamuna Nagar,Jagadhri APMC,Other,2000.0,8000.0,7000.0,2026,7,28,209,1,31,7000.0,6000.0,6000.0,0.0,1000.0,6366.666666666667,5871.428571428572,694.5365018348228
2026-07-29,Haryana,Yamuna Nagar,Jagadhri APMC,Other,3500.0,7000.0,6000.0,2026,7,29,210,2,31,7000.0,6100.0,5000.0,-1000.0,-100.0,6700.0,6014.285714285715,817.3709305420876
2026-07-25,Haryana,Yamuna Nagar,Radaur APMC,Other,2500.0,3000.0,2800.0,2026,7,25,206,5,30,2800.0,1800.0,2500.0,0.0,1000.0,2200.0,2128.5714285714284,377.3340063934768
2026-07-27,Haryana,Yamuna Nagar,Radaur APMC,Other,2100.0,2800.0,2500.0,2026,7,27,208,0,31,2800.0,2000.0,2000.0,-300.0,500.0,2533.3333333333335,2171.4285714285716,438.61253103502685
2026-07-29,Haryana,Yamuna Nagar,Radaur APMC,Other,2300.0,2500.0,2400.0,2026,7,29,210,2,31,2500.0,2800.0,2000.0,-100.0,-400.0,2700.0,2242.8571428571427,446.6808810815721
2026-07-18,Himachal Pradesh,Bilaspur,PMY Bilaspur,Other,6500.0,10000.0,8000.0,2026,7,18,199,5,29,7200.0,7400.0,7500.0,800.0,600.0,7866.666666666667,7585.714285714285,769.0439333539869
2026-07-20,Himachal Pradesh,Bilaspur,PMY Bilaspur,Other,5000.0,14000.0,7000.0,2026,7,20,201,0,30,8000.0,9000.0,7500.0,-1000.0,-2000.0,8066.666666666667,7657.142857142857,782.8519290754433
2026-07-21,Himachal Pradesh,Bilaspur,PMY Bilaspur,Other,5000.0,14000.0,7000.0,2026,7,21,202,1,30,7000.0,7200.0,8000.0,0.0,-200.0,7400.0,7585.714285714285,821.4389233302161
2026-07-22,Himachal Pradesh,Bilaspur,PMY Bilaspur,Other,5000.0,14000.0,7000.0,2026,7,22,203,2,30,7000.0,8000.0,6500.0,0.0,-1000.0,7333.333333333333,7442.857142857143,824.3323416704026
2026-07-23,Himachal Pradesh,Bilaspur,PMY Bilaspur,Other,5000.0,9500.0,7000.0,2026,7,23,204,3,30,7000.0,7000.0,7400.0,0.0,0.0,7000.0,7514.285714285715,747.0577207252717
2026-07-24,Himachal Pradesh,Bilaspur,PMY Bilaspur,Other,4000.0,10000.0,6500.0,2026,7,24,205,4,30,7000.0,7000.0,9000.0,-500.0,-500.0,7000.0,7457.142857142857,772.1337165222589
2026-07-25,Himachal Pradesh,Bilaspur,PMY Bilaspur,Other,6800.0,12000.0,7800.0,2026,7,25,206,5,30,6500.0,7000.0,7200.0,1300.0,800.0,6833.333333333333,7100.0,450.9249752822891
2026-07-27,Himachal Pradesh,Bilaspur,PMY Bilaspur,Other,8000.0,12000.0,8400.0,2026,7,27,208,0,31,7800.0,7000.0,8000.0,600.0,1400.0,7100.0,7185.714285714285,524.1773600241663
2026-07-28,Himachal Pradesh,Bilaspur,PMY Bilaspur,Other,6000.0,12000.0,9000.0,2026,7,28,209,1,31,8400.0,6500.0,7000.0,600.0,2500.0,7566.666666666667,7242.857142857143,637.3307431706679
2026-07-29,Himachal Pradesh,Bilaspur,PMY Bilaspur,Other,8000.0,12000.0,8900.0,2026,7,29,210,2,31,9000.0,7800.0,7000.0,-100.0,1100.0,8400.0,7528.571428571428,903.1690238899278
2026-07-15,Himachal Pradesh,Chamba,PMY Chamba,Dusheri,5500.0,6000.0,5750.0,2026,7,15,196,2,29,5750.0,4250.0,4250.0,0.0,1500.0,4750.0,4464.285714285715,566.9467095138407
2026-07-16,Himachal Pradesh,Chamba,PMY Chamba,Dusheri,5500.0,6000.0,5750.0,2026,7,16,197,3,29,5750.0,4250.0,4250.0,0.0,1500.0,5250.0,4678.571428571428,731.9250547113998
2026-07-17,Himachal Pradesh,Chamba,PMY Chamba,Dusheri,5500.0,6000.0,5750.0,2026,7,17,198,4,29,5750.0,5750.0,4250.0,0.0,0.0,5750.0,4892.857142857143,801.783725737273
2026-07-18,Himachal Pradesh,Chamba,PMY Chamba,Dusheri,5500.0,6000.0,5750.0,2026,7,18,199,5,29,5750.0,5750.0,4250.0,0.0,0.0,5750.0,5107.142857142857,801.783725737273
2026-07-20,Himachal Pradesh,Chamba,PMY Chamba,Dusheri,5500.0,6000.0,5750.0,2026,7,20,201,0,30,5750.0,5750.0,4250.0,0.0,0.0,5750.0,5321.428571428572,731.9250547113998
2026-07-21,Himachal Pradesh,Chamba,PMY Chamba,Dusheri,5500.0,6000.0,5750.0,2026,7,21,202,1,30,5750.0,5750.0,4250.0,0.0,0.0,5750.0,5535.714285714285,566.9467095138407
2026-07-23,Himachal Pradesh,Chamba,PMY Chamba,Dusheri,5500.0,6000.0,5750.0,2026,7,23,204,3,30,5750.0,5750.0,5750.0,0.0,0.0,5750.0,5750.0,0.0
2026-07-25,Himachal Pradesh,Chamba,PMY Chamba,Dusheri,5500.0,6000.0,5750.0,2026,7,25,206,5,30,5750.0,5750.0,5750.0,0.0,0.0,5750.0,5750.0,0.0
2026-07-27,Himachal Pradesh,Chamba,PMY Chamba,Dusheri,5500.0,6000.0,5750.0,2026,7,27,208,0,31,5750.0,5750.0,5750.0,0.0,0.0,5750.0,5750.0,0.0
2026-07-29,Himachal Pradesh,Chamba,PMY Chamba,Dusheri,5500.0,6000.0,5750.0,2026,7,29,210,2,31,5750.0,5750.0,5750.0,0.0,0.0,5750.0,5750.0,0.0
2026-07-14,Himachal Pradesh,Hamirpur,PMY Hamirpur,Other,5500.0,11000.0,8000.0,2026,7,14,195,1,29,8000.0,7500.0,7000.0,0.0,500.0,7666.666666666667,7642.857142857143,556.3486402641869
2026-07-15,Himachal Pradesh,Hamirpur,PMY Hamirpur,Other,6000.0,11000.0,8500.0,2026,7,15,196,2,29,8000.0,7500.0,7000.0,500.0,1000.0,7833.333333333333,7785.714285714285,487.95003647426694
2026-07-16,Himachal Pradesh,Hamirpur,PMY Hamirpur,Other,6000.0,11000.0,8500.0,2026,7,16,197,3,29,8500.0,8000.0,8000.0,0.0,500.0,8166.666666666667,8000.0,408.2482904638638
2026-07-18,Himachal Pradesh,Hamirpur,PMY Hamirpur,Other,6000.0,10000.0,8000.0,2026,7,18,199,5,29,8500.0,8000.0,8500.0,-500.0,0.0,8333.333333333334,8071.428571428572,449.8677054212195
2026-07-20,Himachal Pradesh,Hamirpur,PMY Hamirpur,Other,6000.0,10000.0,8000.0,2026,7,20,201,0,30,8000.0,8500.0,7500.0,0.0,-500.0,8333.333333333334,8000.0,408.2482904638638
2026-07-21,Himachal Pradesh,Hamirpur,PMY Hamirpur,Other,6500.0,9000.0,8000.0,2026,7,21,202,1,30,8000.0,8500.0,7500.0,0.0,-500.0,8166.666666666667,8071.428571428572,345.0327796711782
2026-07-22,Himachal Pradesh,Hamirpur,PMY Hamirpur,Other,6500.0,9000.0,7700.0,2026,7,22,203,2,30,8000.0,8000.0,8000.0,-300.0,-300.0,8000.0,8142.857142857143,243.97501823713515
2026-07-24,Himachal Pradesh,Hamirpur,PMY Hamirpur,Other,6000.0,10000.0,8000.0,2026,7,24,205,4,30,7700.0,8000.0,8000.0,300.0,0.0,7900.0,8100.0,294.39202887759626
2026-07-25,Himachal Pradesh,Hamirpur,PMY Hamirpur,Other,6000.0,10000.0,8000.0,2026,7,25,206,5,30,8000.0,8000.0,8500.0,0.0,0.0,7900.0,8100.0,294.39202887759626
2026-07-27,Himachal Pradesh,Hamirpur,PMY Hamirpur,Other,6000.0,8500.0,7200.0,2026,7,27,208,0,31,8000.0,7700.0,8500.0,-800.0,-500.0,7900.0,8028.571428571428,236.03873774083434
2026-07-28,Himachal Pradesh,Hamirpur,PMY Hamirpur,Other,7000.0,10000.0,8500.0,2026,7,28,209,1,31,7200.0,8000.0,8000.0,1300.0,500.0,7733.333333333333,7842.857142857143,304.7247001100225
2026-07-29,Himachal Pradesh,Hamirpur,PMY Hamirpur,Other,7000.0,10000.0,8500.0,2026,7,29,210,2,31,8500.0,8000.0,8000.0,0.0,500.0,7900.0,7914.285714285715,393.3978962347221
2026-07-15,Himachal Pradesh,Hamirpur,SMY Nadaun,Other,6000.0,11000.0,8500.0,2026,7,15,196,2,29,8500.0,8500.0,7000.0,0.0,0.0,8166.666666666667,7785.714285714285,566.9467095138408
2026-07-16,Himachal Pradesh,Hamirpur,SMY Nadaun,Other,7500.0,13000.0,9500.0,2026,7,16,197,3,29,8500.0,7500.0,7500.0,1000.0,2000.0,8166.666666666667,8000.0,499.9999999999998
2026-07-17,Himachal Pradesh,Hamirpur,SMY Nadaun,Other,8500.0,11000.0,9000.0,2026,7,17,198,4,29,9500.0,8500.0,8000.0,-500.0,500.0,8833.333333333334,8285.714285714286,698.6381310057717
2026-07-18,Himachal Pradesh,Hamirpur,SMY Nadaun,Other,6000.0,13000.0,9000.0,2026,7,18,199,5,29,9000.0,8500.0,7500.0,0.0,500.0,9000.0,8428.57142857143,731.9250547113996
2026-07-20,Himachal Pradesh,Hamirpur,SMY Nadaun,Other,9000.0,10000.0,9500.0,2026,7,20,201,0,30,9000.0,9500.0,8500.0,500.0,0.0,9166.666666666666,8642.857142857143,626.7831705280081
2026-07-21,Himachal Pradesh,Hamirpur,SMY Nadaun,Other,6000.0,11000.0,9000.0,2026,7,21,202,1,30,9500.0,9000.0,7500.0,-500.0,0.0,9166.666666666666,8785.714285714286,698.6381310057711
2026-07-22,Himachal Pradesh,Hamirpur,SMY Nadaun,Other,9000.0,9200.0,9100.0,2026,7,22,203,2,30,9000.0,9000.0,8500.0,100.0,100.0,9166.666666666666,9000.0,408.24829046386157
2026-07-24,Himachal Pradesh,Hamirpur,SMY Nadaun,Other,9000.0,10000.0,9500.0,2026,7,24,205,4,30,9100.0,9500.0,8500.0,400.0,0.0,9200.0,9085.714285714286,343.649877193688
2026-07-25,Himachal Pradesh,Hamirpur,SMY Nadaun,Other,6000.0,10000.0,8000.0,2026,7,25,206,5,30,9500.0,9000.0,9500.0,-1500.0,-1000.0,9200.0,9228.57142857143,256.34797778465946
2026-07-27,Himachal Pradesh,Hamirpur,SMY Nadaun,Other,8000.0,15000.0,12000.0,2026,7,27,208,0,31,8000.0,9100.0,9000.0,4000.0,2900.0,8866.666666666666,9014.285714285714,501.426536422406
2026-07-28,Himachal Pradesh,Hamirpur,SMY Nadaun,Other,8000.0,15000.0,12000.0,2026,7,28,209,1,31,12000.0,9500.0,9000.0,0.0,2500.0,9833.333333333334,9442.857142857143,1234.0409810282401
2026-07-29,Himachal Pradesh,Hamirpur,SMY Nadaun,Other,7000.0,10000.0,8500.0,2026,7,29,210,2,31,12000.0,8000.0,9500.0,-3500.0,500.0,10666.666666666666,9871.42857142857,1538.087866707973
2026-07-16,Himachal Pradesh,Kangra,PMY Kangra,Other,4000.0,6000.0,5000.0,2026,7,16,197,3,29,7000.0,6000.0,7000.0,-2000.0,-1000.0,7000.0,7000.0,577.3502691896257
2026-07-17,Himachal Pradesh,Kangra,PMY Kangra,Other,4000.0,6000.0,5000.0,2026,7,17,198,4,29,5000.0,8000.0,7000.0,0.0,-3000.0,6666.666666666667,6714.285714285715,951.189731211342
2026-07-20,Himachal Pradesh,Kangra,PMY Kangra,Other,4000.0,6000.0,5000.0,2026,7,20,201,0,30,5000.0,7000.0,7000.0,0.0,-2000.0,5666.666666666667,6428.571428571428,1133.8934190276818
2026-07-22,Himachal Pradesh,Kangra,PMY Kangra,Other,4000.0,6000.0,5000.0,2026,7,22,203,2,30,5000.0,5000.0,7000.0,0.0,0.0,5000.0,6142.857142857143,1214.9857925879116
2026-07-24,Himachal Pradesh,Kangra,PMY Kangra,Other,4000.0,6000.0,5000.0,2026,7,24,205,4,30,5000.0,5000.0,6000.0,0.0,0.0,5000.0,5857.142857142857,1214.9857925879114
2026-07-25,Himachal Pradesh,Kangra,PMY Kangra,Other,4000.0,6000.0,5000.0,2026,7,25,206,5,30,5000.0,5000.0,8000.0,0.0,0.0,5000.0,5714.285714285715,1253.5663410560169
2026-07-27,Himachal Pradesh,Kangra,PMY Kangra,Other,4000.0,6000.0,5000.0,2026,7,27,208,0,31,5000.0,5000.0,7000.0,0.0,0.0,5000.0,5285.714285714285,755.928946018453
2026-07-28,Himachal Pradesh,Kangra,PMY Kangra,Other,4000.0,6500.0,5000.0,2026,7,28,209,1,31,5000.0,5000.0,5000.0,0.0,0.0,5000.0,5000.0,0.0
2026-07-29,Himachal Pradesh,Kangra,PMY Kangra,Other,4000.0,6500.0,5500.0,2026,7,29,210,2,31,5000.0,5000.0,5000.0,500.0,500.0,5000.0,5000.0,0.0
2026-07-27,Himachal Pradesh,Kangra,SMY Baijnath,Dusheri,5000.0,8000.0,7000.0,2026,7,27,208,0,31,5000.0,5000.0,4000.0,2000.0,2000.0,5333.333333333333,4928.571428571428,607.4928962939558
2026-07-28,Himachal Pradesh,Kangra,SMY Baijnath,Dusheri,6000.0,8000.0,8000.0,2026,7,28,209,1,31,7000.0,6000.0,5000.0,1000.0,2000.0,6000.0,5357.142857142857,852.1681032463467
2026-07-18,Himachal Pradesh,Kangra,SMY Jaisinghpur,Other,4500.0,14500.0,10000.0,2026,7,18,199,5,29,7000.0,8000.0,9800.0,3000.0,2000.0,7666.666666666667,7800.0,1591.644851508443
2026-07-20,Himachal Pradesh,Kangra,SMY Jaisinghpur,Other,6000.0,14000.0,10000.0,2026,7,20,201,0,30,10000.0,8000.0,9800.0,0.0,2000.0,8333.333333333334,7828.571428571428,1634.7418610841753
2026-07-21,Himachal Pradesh,Kangra,SMY Jaisinghpur,Other,5000.0,14000.0,10000.0,2026,7,21,202,1,30,10000.0,7000.0,6000.0,0.0,3000.0,9000.0,7857.142857142857,1676.1634196950517
2026-07-22,Himachal Pradesh,Kangra,SMY Jaisinghpur,Other,5000.0,14000.0,9000.0,2026,7,22,203,2,30,10000.0,10000.0,6000.0,-1000.0,-1000.0,10000.0,8428.57142857143,1618.3471874253746
2026-07-24,Himachal Pradesh,Kangra,SMY Jaisinghpur,Other,5000.0,14000.0,10000.0,2026,7,24,205,4,30,9000.0,10000.0,8000.0,1000.0,0.0,9666.666666666666,8857.142857142857,1214.9857925879128
2026-07-25,Himachal Pradesh,Kangra,SMY Jaisinghpur,Other,5000.0,14000.0,10000.0,2026,7,25,206,5,30,10000.0,10000.0,8000.0,0.0,0.0,9666.666666666666,9142.857142857143,1214.9857925879128
2026-07-27,Himachal Pradesh,Kangra,SMY Jaisinghpur,Other,5000.0,14000.0,10000.0,2026,7,27,208,0,31,10000.0,9000.0,7000.0,0.0,1000.0,9666.666666666666,9428.57142857143,1133.8934190276827
2026-07-28,Himachal Pradesh,Kangra,SMY Jaisinghpur,Other,5000.0,9500.0,7500.0,2026,7,28,209,1,31,10000.0,10000.0,10000.0,-2500.0,-2500.0,10000.0,9857.142857142857,377.9644730092293
2026-07-29,Himachal Pradesh,Kangra,SMY Jaisinghpur,Other,7500.0,9500.0,8500.0,2026,7,29,210,2,31,7500.0,10000.0,10000.0,1000.0,-1500.0,9166.666666666666,9500.0,957.4271077563384
2026-07-20,Himachal Pradesh,Kangra,SMY Nagrota Bagwan,Other,4000.0,6000.0,5000.0,2026,7,20,201,0,30,5000.0,6000.0,6500.0,0.0,-1000.0,5333.333333333333,5900.0,1126.9427669584645
2026-07-21,Himachal Pradesh,Kangra,SMY Nagrota Bagwan,Other,4000.0,6000.0,5000.0,2026,7,21,202,1,30,5000.0,5000.0,6000.0,0.0,0.0,5000.0,5685.714285714285,1136.410388648648
2026-07-22,Himachal Pradesh,Kangra,SMY Nagrota Bagwan,Other,4000.0,6000.0,5000.0,2026,7,22,203,2,30,5000.0,5000.0,8000.0,0.0,0.0,5000.0,5542.857142857143,1153.0497862294626
2026-07-23,Himachal Pradesh,Kangra,SMY Nagrota Bagwan,Other,4000.0,6000.0,5000.0,2026,7,23,204,3,30,5000.0,5000.0,4800.0,0.0,0.0,5000.0,5114.285714285715,397.6119189552007
2026-07-24,Himachal Pradesh,Kangra,SMY Nagrota Bagwan,Other,4000.0,6000.0,5000.0,2026,7,24,205,4,30,5000.0,5000.0,6000.0,0.0,0.0,5000.0,5142.857142857143,377.964473009226
2026-07-25,Himachal Pradesh,Kangra,SMY Nagrota Bagwan,Other,4000.0,6000.0,5000.0,2026,7,25,206,5,30,5000.0,5000.0,5000.0,0.0,0.0,5000.0,5000.0,0.0
2026-07-27,Himachal Pradesh,Kangra,SMY Nagrota Bagwan,Other,4000.0,6000.0,5000.0,2026,7,27,208,0,31,5000.0,5000.0,5000.0,0.0,0.0,5000.0,5000.0,0.0
2026-07-28,Himachal Pradesh,Kangra,SMY Nagrota Bagwan,Other,4000.0,6000.0,5000.0,2026,7,28,209,1,31,5000.0,5000.0,5000.0,0.0,0.0,5000.0,5000.0,0.0
2026-07-29,Himachal Pradesh,Kangra,SMY Nagrota Bagwan,Other,4000.0,6000.0,5000.0,2026,7,29,210,2,31,5000.0,5000.0,5000.0,0.0,0.0,5000.0,5000.0,0.0
2026-07-15,Himachal Pradesh,Kangra,SMY Palampur,Other,2000.0,12000.0,7000.0,2026,7,15,196,2,29,7000.0,8000.0,4600.0,0.0,-1000.0,7000.0,5885.714285714285,1279.8809468443687
2026-07-16,Himachal Pradesh,Kangra,SMY Palampur,Other,2000.0,12000.0,6000.0,2026,7,16,197,3,29,7000.0,6000.0,4600.0,-1000.0,0.0,6666.666666666667,6228.571428571428,1196.821186468953
2026-07-17,Himachal Pradesh,Kangra,SMY Palampur,Other,2000.0,12000.0,7000.0,2026,7,17,198,4,29,6000.0,7000.0,6000.0,1000.0,0.0,6666.666666666667,6428.571428571428,975.9000729485333
2026-07-18,Himachal Pradesh,Kangra,SMY Palampur,Other,4000.0,14000.0,8000.0,2026,7,18,199,5,29,7000.0,7000.0,5000.0,1000.0,1000.0,6666.666666666667,6571.428571428572,975.9000729485333
2026-07-20,Himachal Pradesh,Kangra,SMY Palampur,Other,5000.0,13000.0,9000.0,2026,7,20,201,0,30,8000.0,6000.0,8000.0,1000.0,3000.0,7000.0,7000.0,816.4965809277259
2026-07-21,Himachal Pradesh,Kangra,SMY Palampur,Other,10000.0,13000.0,11500.0,2026,7,21,202,1,30,9000.0,7000.0,6000.0,2500.0,4500.0,8000.0,7142.857142857143,1069.0449676496974
2026-07-22,Himachal Pradesh,Kangra,SMY Palampur,Other,4000.0,13000.0,8000.0,2026,7,22,203,2,30,11500.0,8000.0,7000.0,-3500.0,0.0,9500.0,7928.571428571428,1835.4965592579076
2026-07-23,Himachal Pradesh,Kangra,SMY Palampur,Other,4000.0,13000.0,9000.0,2026,7,23,204,3,30,8000.0,9000.0,7000.0,1000.0,0.0,9500.0,8071.428571428572,1789.5197546774807
2026-07-24,Himachal Pradesh,Kangra,SMY Palampur,Other,4000.0,13000.0,9000.0,2026,7,24,205,4,30,9000.0,11500.0,6000.0,0.0,-2500.0,9500.0,8357.142857142857,1749.149453169685
2026-07-25,Himachal Pradesh,Kangra,SMY Palampur,Other,4000.0,13000.0,9000.0,2026,7,25,206,5,30,9000.0,8000.0,7000.0,0.0,1000.0,8666.666666666666,8785.714285714286,1409.9983113802787
2026-07-27,Himachal Pradesh,Kangra,SMY Palampur,Other,4000.0,13000.0,9000.0,2026,7,27,208,0,31,9000.0,9000.0,8000.0,0.0,0.0,9000.0,9071.42857142857,1170.063083362439
2026-07-28,Himachal Pradesh,Kangra,SMY Palampur,Other,4000.0,9000.0,6000.0,2026,7,28,209,1,31,9000.0,9000.0,9000.0,-3000.0,-3000.0,9000.0,9214.285714285714,1074.598485371119
2026-07-29,Himachal Pradesh,Kangra,SMY Palampur,Other,7000.0,9000.0,8000.0,2026,7,29,210,2,31,6000.0,9000.0,11500.0,2000.0,-1000.0,8000.0,8785.714285714286,1629.3440105643454
2026-07-18,Himachal Pradesh,Kullu,PMY Kullu,Other,5500.0,15000.0,8000.0,2026,7,18,199,5,29,8000.0,8000.0,7000.0,0.0,0.0,8000.0,7000.0,1000.0000000000001
2026-07-20,Himachal Pradesh,Kullu,PMY Kullu,Other,5500.0,15000.0,8000.0,2026,7,20,201,0,30,8000.0,8000.0,6000.0,0.0,0.0,8000.0,7142.857142857143,1069.0449676496976
2026-07-21,Himachal Pradesh,Kullu,PMY Kullu,Other,5500.0,15000.0,9000.0,2026,7,21,202,1,30,8000.0,8000.0,6000.0,1000.0,1000.0,8000.0,7428.571428571428,975.9000729485331
2026-07-22,Himachal Pradesh,Kullu,PMY Kullu,Other,6000.0,8000.0,7000.0,2026,7,22,203,2,30,9000.0,8000.0,6000.0,-2000.0,-1000.0,8333.333333333334,7857.142857142857,899.7354108424367
2026-07-23,Himachal Pradesh,Kullu,PMY Kullu,Other,6000.0,8000.0,7000.0,2026,7,23,204,3,30,7000.0,8000.0,8000.0,0.0,-1000.0,8000.0,8000.0,577.3502691896247
2026-07-24,Himachal Pradesh,Kullu,PMY Kullu,Other,6000.0,7500.0,7000.0,2026,7,24,205,4,30,7000.0,9000.0,8000.0,0.0,-2000.0,7666.666666666667,7857.142857142857,690.0655593423535
2026-07-25,Himachal Pradesh,Kullu,PMY Kullu,Other,6000.0,7500.0,6600.0,2026,7,25,206,5,30,7000.0,7000.0,8000.0,-400.0,-400.0,7000.0,7714.285714285715,755.9289460184539
2026-07-27,Himachal Pradesh,Kullu,PMY Kullu,Other,6000.0,7500.0,7000.0,2026,7,27,208,0,31,6600.0,7000.0,8000.0,400.0,0.0,6866.666666666667,7514.285714285715,847.4050024015892
2026-07-29,Himachal Pradesh,Kullu,PMY Kullu,Other,7000.0,8000.0,7500.0,2026,7,29,210,2,31,7000.0,7000.0,8000.0,500.0,500.0,6866.666666666667,7371.428571428572,836.0906763309937
2026-07-19,Himachal Pradesh,Kullu,SMY Bhuntar,Other,4500.0,11000.0,6500.0,2026,7,19,200,6,29,9000.0,9000.0,6000.0,-2500.0,-2500.0,9000.0,7742.857142857143,1256.7910763224768
2026-07-20,Himachal Pradesh,Kullu,SMY Bhuntar,Other,4500.0,11000.0,8000.0,2026,7,20,201,0,30,6500.0,9000.0,7500.0,1500.0,-1000.0,8166.666666666667,7814.285714285715,1150.9830167130638
2026-07-21,Himachal Pradesh,Kullu,SMY Bhuntar,Other,4000.0,11000.0,8000.0,2026,7,21,202,1,30,8000.0,9000.0,7000.0,0.0,-1000.0,7833.333333333333,7885.714285714285,1143.7199124327767
2026-07-22,Himachal Pradesh,Kullu,SMY Bhuntar,Other,5000.0,10000.0,7000.0,2026,7,22,203,2,30,8000.0,6500.0,6700.0,-1000.0,500.0,7500.0,8028.571428571428,1075.0415274370969
2026-07-23,Himachal Pradesh,Kullu,SMY Bhuntar,Other,5000.0,10000.0,8000.0,2026,7,23,204,3,30,7000.0,8000.0,9000.0,1000.0,0.0,7666.666666666667,8071.428571428572,1017.7004891982151
2026-07-24,Himachal Pradesh,Kullu,SMY Bhuntar,Other,5000.0,10000.0,8000.0,2026,7,24,205,4,30,8000.0,8000.0,9000.0,0.0,0.0,7666.666666666667,7928.571428571428,932.2272357358044
2026-07-26,Himachal Pradesh,Kullu,SMY Bhuntar,Other,5000.0,10000.0,8000.0,2026,7,26,207,6,30,8000.0,7000.0,9000.0,0.0,1000.0,7666.666666666667,7785.714285714285,809.1735937126866
2026-07-27,Himachal Pradesh,Kullu,SMY Bhuntar,Other,5000.0,10000.0,8000.0,2026,7,27,208,0,31,8000.0,8000.0,6500.0,0.0,0.0,8000.0,7642.857142857143,626.7831705280079
2026-07-28,Himachal Pradesh,Kullu,SMY Bhuntar,Other,5000.0,10000.0,8000.0,2026,7,28,209,1,31,8000.0,8000.0,8000.0,0.0,0.0,8000.0,7857.142857142857,377.96447300922625
2026-07-29,Himachal Pradesh,Kullu,SMY Bhuntar,Other,5500.0,10000.0,8000.0,2026,7,29,210,2,31,8000.0,8000.0,8000.0,0.0,0.0,8000.0,7857.142857142857,377.96447300922625
2026-07-20,Himachal Pradesh,Mandi,PMY Kangni Mandi,Other,4500.0,10500.0,8000.0,2026,7,20,201,0,30,8000.0,8000.0,7500.0,0.0,0.0,8000.0,7500.0,1154.7005383792514
2026-07-21,Himachal Pradesh,Mandi,PMY Kangni Mandi,Other,5000.0,14000.0,11000.0,2026,7,21,202,1,30,8000.0,8000.0,5000.0,3000.0,3000.0,8000.0,7571.428571428572,1170.0630833624396
2026-07-27,Himachal Pradesh,Mandi,PMY Kangni Mandi,Other,3200.0,10000.0,8500.0,2026,7,27,208,0,31,11000.0,8000.0,7500.0,-2500.0,500.0,9000.0,8428.57142857143,1170.0630833624393
2026-07-28,Himachal Pradesh,Mandi,PMY Kangni Mandi,Other,6000.0,7000.0,6500.0,2026,7,28,209,1,31,8500.0,8000.0,8500.0,-2000.0,-1500.0,9166.666666666666,8571.42857142857,1096.5313275875667
2026-07-29,Himachal Pradesh,Mandi,PMY Kangni Mandi,Other,5000.0,10000.0,8000.0,2026,7,29,210,2,31,6500.0,11000.0,8000.0,1500.0,-3000.0,8666.666666666666,8285.714285714286,1349.603116263656
2026-07-18,Himachal Pradesh,Mandi,SMY Dhanotu,Other,8000.0,9000.0,8500.0,2026,7,18,199,5,29,7500.0,7500.0,6500.0,1000.0,1000.0,7666.666666666667,6714.285714285715,1380.1311186847086
2026-07-20,Himachal Pradesh,Mandi,SMY Dhanotu,Other,4000.0,9000.0,6500.0,2026,7,20,201,0,30,8500.0,8000.0,4000.0,-2000.0,-1500.0,8000.0,7000.0,1527.5252316519468
2026-07-21,Himachal Pradesh,Mandi,SMY Dhanotu,Other,3000.0,11000.0,7500.0,2026,7,21,202,1,30,6500.0,7500.0,6000.0,1000.0,0.0,7500.0,7357.142857142857,852.1681032463474
2026-07-23,Himachal Pradesh,Mandi,SMY Dhanotu,Other,3000.0,11000.0,7500.0,2026,7,23,204,3,30,7500.0,8500.0,7500.0,0.0,-1000.0,7500.0,7571.428571428572,607.4928962939573
2026-07-24,Himachal Pradesh,Mandi,SMY Dhanotu,Other,4000.0,8000.0,6000.0,2026,7,24,205,4,30,7500.0,6500.0,7500.0,-1500.0,-500.0,7166.666666666667,7571.428571428572,607.4928962939573
2026-07-25,Himachal Pradesh,Mandi,SMY Dhanotu,Other,4000.0,8000.0,6000.0,2026,7,25,206,5,30,6000.0,7500.0,8000.0,0.0,-1500.0,7000.0,7357.142857142857,852.1681032463474
2026-07-27,Himachal Pradesh,Mandi,SMY Dhanotu,Other,5000.0,8000.0,6500.0,2026,7,27,208,0,31,6000.0,7500.0,7500.0,500.0,-1000.0,6500.0,7071.428571428572,932.2272357358046
2026-07-28,Himachal Pradesh,Mandi,SMY Dhanotu,Other,5000.0,8000.0,6500.0,2026,7,28,209,1,31,6500.0,6000.0,8500.0,0.0,500.0,6166.666666666667,6928.571428571428,932.2272357358042
2026-07-29,Himachal Pradesh,Mandi,SMY Dhanotu,Other,6500.0,7000.0,6750.0,2026,7,29,210,2,31,6500.0,6000.0,6500.0,250.0,750.0,6333.333333333333,6642.857142857143,626.7831705280073
2026-07-27,Himachal Pradesh,Shimla,SMY Rampur,Other,5000.0,7000.0,6000.0,2026,7,27,208,0,31,4500.0,3200.0,4000.0,1500.0,2800.0,4566.666666666667,4814.285714285715,1207.5161440308937
2026-07-16,Himachal Pradesh,Shimla,SMY Rohroo,Other,5000.0,8000.0,6500.0,2026,7,16,197,3,29,7000.0,6000.0,5000.0,-500.0,500.0,6666.666666666667,6642.857142857143,1180.1936887041647
2026-07-17,Himachal Pradesh,Shimla,SMY Rohroo,Other,5000.0,8000.0,6500.0,2026,7,17,198,4,29,6500.0,7000.0,5500.0,0.0,-500.0,6833.333333333333,6857.142857142857,944.9111825230682
2026-07-18,Himachal Pradesh,Shimla,SMY Rohroo,Other,4000.0,10000.0,6000.0,2026,7,18,199,5,29,6500.0,7000.0,8000.0,-500.0,-1000.0,6666.666666666667,7000.0,763.7626158259735
2026-07-20,Himachal Pradesh,Shimla,SMY Rohroo,Other,5000.0,8000.0,6500.0,2026,7,20,201,0,30,6000.0,6500.0,8000.0,500.0,0.0,6333.333333333333,6714.285714285715,698.638131005772
2026-07-21,Himachal Pradesh,Shimla,SMY Rohroo,Other,5000.0,8000.0,6500.0,2026,7,21,202,1,30,6500.0,6500.0,6000.0,0.0,0.0,6333.333333333333,6500.0,408.2482904638628
2026-07-23,Himachal Pradesh,Shimla,SMY Rohroo,Other,5000.0,9000.0,7000.0,2026,7,23,204,3,30,6500.0,6000.0,7000.0,500.0,1000.0,6333.333333333333,6571.428571428572,345.03277967117714
2026-07-24,Himachal Pradesh,Shimla,SMY Rohroo,Other,6000.0,8000.0,7000.0,2026,7,24,205,4,30,7000.0,6500.0,7000.0,0.0,500.0,6666.666666666667,6571.428571428572,345.03277967117714
2026-07-25,Himachal Pradesh,Shimla,SMY Rohroo,Other,8000.0,9000.0,8500.0,2026,7,25,206,5,30,7000.0,6500.0,6500.0,1500.0,2000.0,6833.333333333333,6571.428571428572,345.03277967117714
2026-07-27,Himachal Pradesh,Shimla,SMY Rohroo,Other,6000.0,8000.0,7000.0,2026,7,27,208,0,31,8500.0,7000.0,6500.0,-1500.0,0.0,7500.0,6857.142857142857,801.7837257372736
2026-07-28,Himachal Pradesh,Shimla,SMY Rohroo,Other,6000.0,8000.0,7000.0,2026,7,28,209,1,31,7000.0,7000.0,6000.0,0.0,0.0,7500.0,6928.571428571428,786.7957924694438
2026-07-29,Himachal Pradesh,Shimla,SMY Rohroo,Other,6000.0,9000.0,7500.0,2026,7,29,210,2,31,7000.0,8500.0,6500.0,500.0,-1000.0,7500.0,7071.428571428572,672.5927091345502
2026-07-15,Himachal Pradesh,Solan,PMY Kather Solan,Other,3000.0,14000.0,8000.0,2026,7,15,196,2,29,8000.0,7500.0,6000.0,0.0,500.0,7500.0,6928.571428571428,731.9250547114
2026-07-16,Himachal Pradesh,Solan,PMY Kather Solan,Other,3500.0,14000.0,8000.0,2026,7,16,197,3,29,8000.0,7000.0,6000.0,0.0,1000.0,7666.666666666667,7214.285714285715,698.6381310057722
2026-07-17,Himachal Pradesh,Solan,PMY Kather Solan,Other,2000.0,14000.0,8000.0,2026,7,17,198,4,29,8000.0,8000.0,7000.0,0.0,0.0,8000.0,7500.0,500.0000000000007
2026-07-18,Himachal Pradesh,Solan,PMY Kather Solan,Other,2000.0,15000.0,8000.0,2026,7,18,199,5,29,8000.0,8000.0,7000.0,0.0,0.0,8000.0,7642.857142857143,475.59486560567194
2026-07-20,Himachal Pradesh,Solan,PMY Kather Solan,Other,3000.0,14000.0,8000.0,2026,7,20,201,0,30,8000.0,8000.0,7500.0,0.0,0.0,8000.0,7785.714285714285,393.39789623472313
2026-07-22,Himachal Pradesh,Solan,PMY Kather Solan,Other,2000.0,11000.0,7000.0,2026,7,22,203,2,30,8000.0,8000.0,7000.0,-1000.0,-1000.0,8000.0,7857.142857142857,377.9644730092289
2026-07-23,Himachal Pradesh,Solan,PMY Kather Solan,Other,2000.0,9000.0,7000.0,2026,7,23,204,3,30,7000.0,8000.0,8000.0,0.0,-1000.0,7666.666666666667,7857.142857142857,377.96447300922716
2026-07-25,Himachal Pradesh,Solan,PMY Kather Solan,Other,2000.0,14000.0,7000.0,2026,7,25,206,5,30,7000.0,8000.0,8000.0,0.0,-1000.0,7333.333333333333,7714.285714285715,487.9500364742664
2026-07-27,Himachal Pradesh,Solan,PMY Kather Solan,Other,3500.0,8000.0,6200.0,2026,7,27,208,0,31,7000.0,7000.0,8000.0,-800.0,-800.0,7000.0,7571.428571428572,534.5224838248485
2026-07-29,Himachal Pradesh,Solan,PMY Kather Solan,Other,2500.0,13000.0,8000.0,2026,7,29,210,2,31,6200.0,7000.0,8000.0,1800.0,1000.0,6733.333333333333,7314.285714285715,701.0196655077307
2026-07-16,Himachal Pradesh,Solan,SMY Nalagarh,Other,3000.0,4000.0,3500.0,2026,7,16,197,3,29,3500.0,3300.0,2500.0,0.0,200.0,3366.6666666666665,3028.5714285714284,457.2172558506722
2026-07-17,Himachal Pradesh,Solan,SMY Nalagarh,Other,2800.0,3000.0,2900.0,2026,7,17,198,4,29,3500.0,3300.0,2300.0,-600.0,-400.0,3433.3333333333335,3171.4285714285716,419.1828786034632
2026-07-18,Himachal Pradesh,Solan,SMY Nalagarh,Other,2400.0,3500.0,3000.0,2026,7,18,199,5,29,2900.0,3500.0,3000.0,100.0,-500.0,3300.0,3257.1428571428573,229.90681342044422
2026-07-20,Himachal Pradesh,Solan,SMY Nalagarh,Other,2000.0,3000.0,2500.0,2026,7,20,201,0,30,3000.0,3500.0,3300.0,-500.0,-1000.0,3133.3333333333335,3257.1428571428573,229.90681342044422
2026-07-21,Himachal Pradesh,Solan,SMY Nalagarh,Other,3000.0,3500.0,3300.0,2026,7,21,202,1,30,2500.0,2900.0,3300.0,800.0,400.0,2800.0,3142.8571428571427,364.4957377763734
2026-07-22,Himachal Pradesh,Solan,SMY Nalagarh,Other,3000.0,4000.0,3500.0,2026,7,22,203,2,30,3300.0,3000.0,3300.0,200.0,500.0,2933.3333333333335,3142.8571428571427,364.4957377763734
2026-07-23,Himachal Pradesh,Solan,SMY Nalagarh,Other,3000.0,4000.0,3500.0,2026,7,23,204,3,30,3500.0,2500.0,3500.0,0.0,1000.0,3100.0,3171.4285714285716,386.06685826112937
2026-07-24,Himachal Pradesh,Solan,SMY Nalagarh,Other,3000.0,4000.0,3500.0,2026,7,24,205,4,30,3500.0,3300.0,3500.0,0.0,200.0,3433.3333333333335,3171.4285714285716,386.06685826112937
2026-07-25,Himachal Pradesh,Solan,SMY Nalagarh,Other,4000.0,4500.0,4300.0,2026,7,25,206,5,30,3500.0,3500.0,2900.0,800.0,800.0,3500.0,3171.4285714285716,386.06685826112937
2026-07-27,Himachal Pradesh,Solan,SMY Nalagarh,Other,3500.0,4000.0,3800.0,2026,7,27,208,0,31,4300.0,3500.0,3000.0,-500.0,300.0,3766.6666666666665,3371.4285714285716,549.8917642417938
2026-07-28,Himachal Pradesh,Solan,SMY Nalagarh,Other,4000.0,4500.0,4300.0,2026,7,28,209,1,31,3800.0,3500.0,2500.0,500.0,800.0,3866.6666666666665,3485.714285714286,542.9197958832455
2026-07-16,Himachal Pradesh,Una,PMY Una,Dusheri,4000.0,6000.0,5000.0,2026,7,16,197,3,29,5000.0,5000.0,4200.0,0.0,0.0,4833.333333333333,4742.857142857143,528.7001130355559
2026-07-17,Himachal Pradesh,Una,PMY Una,Dusheri,5000.0,7000.0,6000.0,2026,7,17,198,4,29,5000.0,4500.0,4000.0,1000.0,1500.0,4833.333333333333,4857.142857142857,475.5948656056708
2026-07-18,Himachal Pradesh,Una,PMY Una,Dusheri,6000.0,8000.0,7000.0,2026,7,18,199,5,29,6000.0,5000.0,5000.0,1000.0,2000.0,5333.333333333333,5142.857142857143,475.59486560567024
2026-07-20,Himachal Pradesh,Una,PMY Una,Dusheri,6000.0,7000.0,6500.0,2026,7,20,201,0,30,7000.0,5000.0,5500.0,-500.0,1500.0,6000.0,5428.571428571428,838.081709847525
2026-07-21,Himachal Pradesh,Una,PMY Una,Dusheri,5500.0,7500.0,6500.0,2026,7,21,202,1,30,6500.0,6000.0,5000.0,0.0,500.0,6500.0,5571.428571428572,932.2272357358036
2026-07-22,Himachal Pradesh,Una,PMY Una,Dusheri,5000.0,7000.0,6000.0,2026,7,22,203,2,30,6500.0,7000.0,4500.0,-500.0,-1000.0,6666.666666666667,5785.714285714285,951.1897312113407
2026-07-23,Himachal Pradesh,Una,PMY Una,Dusheri,7000.0,8000.0,7500.0,2026,7,23,204,3,30,6000.0,6500.0,5000.0,1500.0,1000.0,6333.333333333333,6000.0,763.7626158259714
2026-07-24,Himachal Pradesh,Una,PMY Una,Dusheri,6000.0,7000.0,6500.0,2026,7,24,205,4,30,7500.0,6500.0,5000.0,-1000.0,0.0,6666.666666666667,6357.142857142857,801.7837257372704
2026-07-25,Himachal Pradesh,Una,PMY Una,Dusheri,5000.0,6000.0,5500.0,2026,7,25,206,5,30,6500.0,6000.0,6000.0,-1000.0,-500.0,6666.666666666667,6571.428571428572,534.5224838248439
2026-07-27,Himachal Pradesh,Una,PMY Una,Dusheri,4500.0,6500.0,5500.0,2026,7,27,208,0,31,5500.0,7500.0,7000.0,0.0,-2000.0,6500.0,6500.0,645.497224367899
2026-07-28,Himachal Pradesh,Una,PMY Una,Dusheri,6000.0,7000.0,6500.0,2026,7,28,209,1,31,5500.0,6500.0,6500.0,1000.0,0.0,5833.333333333333,6285.714285714285,698.6381310057687
2026-07-29,Himachal Pradesh,Una,PMY Una,Dusheri,6000.0,6500.0,6250.0,2026,7,29,210,2,31,6500.0,5500.0,6500.0,-250.0,750.0,5833.333333333333,6285.714285714285,698.6381310057687
2026-07-22,Himachal Pradesh,Una,PMY Una,Other,6000.0,8000.0,7000.0,2026,7,22,203,2,30,8500.0,13500.0,9000.0,-1500.0,-6500.0,9750.0,10035.714285714286,2022.9339842817176
2026-07-23,Himachal Pradesh,Una,PMY Una,Other,7000.0,9000.0,8000.0,2026,7,23,204,3,30,7000.0,7250.0,11000.0,1000.0,750.0,7583.333333333333,9750.0,2313.9072294858033
2026-07-24,Himachal Pradesh,Una,PMY Una,Other,7000.0,8000.0,7500.0,2026,7,24,205,4,30,8000.0,8500.0,10500.0,-500.0,-1000.0,7833.333333333333,9321.42857142857,2321.6117143874317
2026-07-25,Himachal Pradesh,Una,PMY Una,Other,7000.0,8000.0,7500.0,2026,7,25,206,5,30,7500.0,7000.0,10500.0,0.0,500.0,7500.0,8892.857142857143,2344.5732681073973
2026-07-27,Himachal Pradesh,Una,PMY Una,Other,7000.0,10000.0,8500.0,2026,7,27,208,0,31,7500.0,8000.0,13500.0,1000.0,500.0,7666.666666666667,8464.285714285714,2274.9934589126246
2026-07-28,Himachal Pradesh,Una,PMY Una,Other,7000.0,8000.0,7500.0,2026,7,28,209,1,31,8500.0,7500.0,7250.0,-1000.0,0.0,7833.333333333333,7750.0,595.1190357118921
2026-07-29,Himachal Pradesh,Una,PMY Una,Other,6000.0,7000.0,6500.0,2026,7,29,210,2,31,7500.0,7500.0,8500.0,-1000.0,-1000.0,7833.333333333333,7785.714285714285,566.9467095138284
2026-07-15,Himachal Pradesh,Una,SMY Takarla,Other,4000.0,7000.0,5500.0,2026,7,15,196,2,29,5500.0,5500.0,6500.0,0.0,0.0,5333.333333333333,5757.142857142857,642.5396041156863
2026-07-16,Himachal Pradesh,Una,SMY Takarla,Other,4000.0,7000.0,5500.0,2026,7,16,197,3,29,5500.0,5000.0,5500.0,0.0,500.0,5333.333333333333,5614.285714285715,555.0632739564364
2026-07-17,Himachal Pradesh,Una,SMY Takarla,Other,4500.0,7000.0,5500.0,2026,7,17,198,4,29,5500.0,5500.0,5500.0,0.0,0.0,5500.0,5614.285714285715,555.0632739564364
2026-07-18,Himachal Pradesh,Una,SMY Takarla,Other,4000.0,6000.0,5000.0,2026,7,18,199,5,29,5500.0,5500.0,6800.0,-500.0,-500.0,5500.0,5614.285714285715,555.0632739564364
2026-07-21,Himachal Pradesh,Una,SMY Takarla,Other,5000.0,7000.0,6000.0,2026,7,21,202,1,30,5000.0,5500.0,5500.0,1000.0,500.0,5333.333333333333,5357.142857142857,243.97501823713256
2026-07-22,Himachal Pradesh,Una,SMY Takarla,Other,4000.0,7000.0,5500.0,2026,7,22,203,2,30,6000.0,5500.0,5000.0,-500.0,0.0,5500.0,5428.571428571428,345.0327796711766
2026-07-25,Himachal Pradesh,Una,SMY Takarla,Other,4000.0,6000.0,5000.0,2026,7,25,206,5,30,5500.0,5000.0,5500.0,-500.0,0.0,5500.0,5500.0,288.67513459481233
2026-07-27,Himachal Pradesh,Una,SMY Takarla,Other,4000.0,6000.0,5000.0,2026,7,27,208,0,31,5000.0,6000.0,5500.0,0.0,-1000.0,5500.0,5428.571428571428,345.0327796711766
2026-07-28,Himachal Pradesh,Una,SMY Takarla,Other,4000.0,6000.0,5000.0,2026,7,28,209,1,31,5000.0,5500.0,5500.0,0.0,-500.0,5166.666666666667,5357.142857142857,377.9644730092267
2026-07-29,Himachal Pradesh,Una,SMY Takarla,Other,4000.0,7000.0,6000.0,2026,7,29,210,2,31,5000.0,5000.0,5500.0,1000.0,1000.0,5000.0,5285.714285714285,393.397896234721
2026-07-22,Jammu and Kashmir,Jammu,Narwal Jammu (F&V),Chausa,7000.0,10000.0,8500.0,2026,7,22,203,2,30,9000.0,6750.0,7750.0,-500.0,1750.0,7750.0,7500.0,803.6375634160796
2026-07-23,Jammu and Kashmir,Jammu,Narwal Jammu (F&V),Chausa,7000.0,10000.0,8500.0,2026,7,23,204,3,30,8500.0,7500.0,6500.0,0.0,1000.0,8333.333333333334,7607.142857142857,888.0824715027745
2026-07-21,Jammu and Kashmir,Jammu,Narwal Jammu (F&V),Dusheri,6000.0,8500.0,7250.0,2026,7,21,202,1,30,6750.0,6000.0,5500.0,500.0,1250.0,6133.333333333333,5735.714285714285,501.4265364224068
2026-07-22,Jammu and Kashmir,Jammu,Narwal Jammu (F&V),Dusheri,6000.0,9000.0,7500.0,2026,7,22,203,2,30,7250.0,5650.0,5500.0,250.0,1850.0,6550.0,5985.714285714285,742.5823667638297
2026-07-23,Jammu and Kashmir,Jammu,Narwal Jammu (F&V),Dusheri,6000.0,9000.0,7500.0,2026,7,23,204,3,30,7500.0,6750.0,5250.0,0.0,750.0,7166.666666666667,6271.428571428572,893.8946353165
2026-07-22,Jammu and Kashmir,Jammu,Narwal Jammu (F&V),Langra,7000.0,10000.0,8500.0,2026,7,22,203,2,30,8500.0,7000.0,5250.0,0.0,1500.0,7666.666666666667,6821.428571428572,1419.4650233031289
2026-07-23,Jammu and Kashmir,Jammu,Narwal Jammu (F&V),Langra,7500.0,10000.0,8750.0,2026,7,23,204,3,30,8500.0,7500.0,4500.0,250.0,1250.0,8166.666666666667,7285.714285714285,1349.6031162636557
2026-07-20,Jammu and Kashmir,Jammu,Narwal Jammu (F&V),Totapuri,3000.0,4500.0,3750.0,2026,7,20,201,0,30,3850.0,3750.0,4750.0,-100.0,0.0,3783.3333333333335,4271.428571428572,596.4178784328029
2026-07-22,Jammu and Kashmir,Jammu,Narwal Jammu (F&V),Totapuri,3800.0,4500.0,4150.0,2026,7,22,203,2,30,3750.0,3750.0,5300.0,400.0,400.0,3783.3333333333335,4128.571428571428,582.2779568622009
2026-07-23,Jammu and Kashmir,Jammu,Narwal Jammu (F&V),Totapuri,3800.0,4500.0,4150.0,2026,7,23,204,3,30,4150.0,3850.0,4500.0,0.0,300.0,3916.6666666666665,3964.285714285714,280.9422919899591
2026-07-14,Jammu and Kashmir,Kathua,Kathua (F&V),Dusheri,4000.0,4500.0,4250.0,2026,7,14,195,1,29,4250.0,4000.0,4000.0,0.0,250.0,4166.666666666667,4107.142857142857,133.6306209562122
2026-07-16,Jammu and Kashmir,Kathua,Kathua (F&V),Dusheri,4000.0,4500.0,4250.0,2026,7,16,197,3,29,4250.0,4250.0,4250.0,0.0,0.0,4250.0,4142.857142857143,133.6306209562122
2026-07-17,Jammu and Kashmir,Kathua,Kathua (F&V),Dusheri,3500.0,4500.0,4000.0,2026,7,17,198,4,29,4250.0,4250.0,4000.0,-250.0,-250.0,4250.0,4142.857142857143,133.6306209562122
2026-07-18,Jammu and Kashmir,Kathua,Kathua (F&V),Dusheri,3500.0,4500.0,4000.0,2026,7,18,199,5,29,4000.0,4250.0,4000.0,0.0,-250.0,4166.666666666667,4142.857142857143,133.6306209562122
2026-07-20,Jammu and Kashmir,Kathua,Kathua (F&V),Dusheri,6000.0,7000.0,6500.0,2026,7,20,201,0,30,4000.0,4250.0,4000.0,2500.0,2250.0,4083.3333333333335,4142.857142857143,133.6306209562122
2026-07-21,Jammu and Kashmir,Kathua,Kathua (F&V),Dusheri,5000.0,6000.0,5500.0,2026,7,21,202,1,30,6500.0,4000.0,4250.0,-1000.0,1500.0,4833.333333333333,4500.0,889.7565210026091
2026-07-23,Jammu and Kashmir,Kathua,Kathua (F&V),Dusheri,4000.0,6000.0,5000.0,2026,7,23,204,3,30,5500.0,4000.0,4250.0,-500.0,1000.0,5333.333333333333,4678.571428571428,954.3135154205276
2026-07-25,Jammu and Kashmir,Kathua,Kathua (F&V),Dusheri,4000.0,6000.0,5000.0,2026,7,25,206,5,30,5000.0,6500.0,4250.0,0.0,-1500.0,5666.666666666667,4785.714285714285,940.174755792013
2026-07-14,Jammu and Kashmir,Kathua,Kathua (F&V),Totapuri,4000.0,4500.0,4250.0,2026,7,14,195,1,29,4250.0,4000.0,4000.0,0.0,250.0,4166.666666666667,4071.4285714285716,188.98223650461367
2026-07-16,Jammu and Kashmir,Kathua,Kathua (F&V),Totapuri,4000.0,4500.0,4250.0,2026,7,16,197,3,29,4250.0,4250.0,3750.0,0.0,0.0,4250.0,4107.142857142857,196.69894811736089
2026-07-17,Jammu and Kashmir,Kathua,Kathua (F&V),Totapuri,4000.0,4500.0,4250.0,2026,7,17,198,4,29,4250.0,4250.0,4250.0,0.0,0.0,4250.0,4178.571428571428,121.98750911856708
2026-07-18,Jammu and Kashmir,Kathua,Kathua (F&V),Totapuri,4000.0,4500.0,4250.0,2026,7,18,199,5,29,4250.0,4250.0,4000.0,0.0,0.0,4250.0,4178.571428571428,121.98750911856708
2026-07-28,Jammu and Kashmir,Rajouri,Rajouri (Phaliana) (F&V),Chausa,5500.0,5500.0,5500.0,2026,7,28,209,1,31,5500.0,5000.0,4500.0,0.0,500.0,5166.666666666667,5142.857142857143,475.5948656056709
2026-07-29,Jammu and Kashmir,Rajouri,Rajouri (Phaliana) (F&V),Totapuri,8000.0,8000.0,8000.0,2026,7,29,210,2,31,5500.0,5500.0,5000.0,2500.0,2500.0,5500.0,5371.428571428572,256.3479777846623
2026-07-17,Karnataka,Bengaluru,"Binny Mill (F&V), Bengaluru APMC",Neelam,2000.0,4000.0,3000.0,2026,7,17,198,4,29,3500.0,2500.0,2000.0,-500.0,500.0,2833.3333333333335,2500.0,499.99999999999994
2026-07-18,Karnataka,Bengaluru,"Binny Mill (F&V), Bengaluru APMC",Neelam,1500.0,2500.0,2000.0,2026,7,18,199,5,29,3000.0,2500.0,2500.0,-1000.0,-500.0,3000.0,2642.8571428571427,475.5948656056708
2026-07-20,Karnataka,Bengaluru,"Binny Mill (F&V), Bengaluru APMC",Neelam,2000.0,4000.0,3000.0,2026,7,20,201,0,30,2000.0,3500.0,2000.0,1000.0,-500.0,2833.3333333333335,2571.4285714285716,534.5224838248488
2026-07-21,Karnataka,Bengaluru,"Binny Mill (F&V), Bengaluru APMC",Neelam,1500.0,3500.0,2500.0,2026,7,21,202,1,30,3000.0,3000.0,2500.0,-500.0,-500.0,2666.6666666666665,2714.285714285714,487.9500364742664
2026-07-20,Karnataka,Bengaluru,"Binny Mill (F&V), Bengaluru APMC",Totapuri,800.0,1200.0,1000.0,2026,7,20,201,0,30,1000.0,1000.0,1000.0,0.0,0.0,1066.6666666666667,1028.5714285714287,75.59289460184546
2026-07-21,Karnataka,Bengaluru,"Binny Mill (F&V), Bengaluru APMC",Totapuri,800.0,1200.0,1000.0,2026,7,21,202,1,30,1000.0,1200.0,1000.0,0.0,-200.0,1066.6666666666667,1028.5714285714287,75.59289460184546
2026-07-18,Karnataka,Davangere,Davangere APMC,Mango,2000.0,4000.0,3000.0,2026,7,18,199,5,29,3500.0,3000.0,3000.0,-500.0,0.0,3166.6666666666665,3142.8571428571427,377.9644730092272
2026-07-20,Karnataka,Davangere,Davangere APMC,Mango,3000.0,4000.0,3500.0,2026,7,20,201,0,30,3000.0,3000.0,3500.0,500.0,500.0,3166.6666666666665,3142.8571428571427,377.9644730092272
2026-07-21,Karnataka,Davangere,Davangere APMC,Mango,3000.0,4000.0,3500.0,2026,7,21,202,1,30,3500.0,3500.0,3500.0,0.0,0.0,3333.3333333333335,3142.8571428571427,377.9644730092272
2026-07-22,Karnataka,Davangere,Davangere APMC,Mango,3000.0,4000.0,3500.0,2026,7,22,203,2,30,3500.0,3000.0,2500.0,0.0,500.0,3333.3333333333335,3142.8571428571427,377.9644730092272
2026-07-24,Karnataka,Davangere,Davangere APMC,Mango,3000.0,4000.0,3500.0,2026,7,24,205,4,30,3500.0,3500.0,3000.0,0.0,0.0,3500.0,3285.714285714286,267.2612419124241
2026-07-27,Karnataka,Davangere,Davangere APMC,Mango,3000.0,4000.0,3500.0,2026,7,27,208,0,31,3500.0,3500.0,3000.0,0.0,0.0,3500.0,3357.1428571428573,243.97501823713284
2026-07-29,Karnataka,Davangere,Davangere APMC,Mango,3000.0,4000.0,3500.0,2026,7,29,210,2,31,3500.0,3500.0,3500.0,0.0,0.0,3500.0,3428.5714285714284,188.98223650461273
2026-07-18,Keralam,Idukki,Kattappana Market,Other,7000.0,8500.0,8000.0,2026,7,18,199,5,29,5700.0,8500.0,5500.0,2300.0,-500.0,6700.0,6419.047619047618,1094.955967803533
2026-07-19,Keralam,Idukki,Kattappana Market,Other,5400.0,6350.0,5900.0,2026,7,19,200,6,29,8000.0,5900.0,7333.333333333333,-2100.0,0.0,6533.333333333333,6776.190476190475,1151.4828259304168
2026-07-21,Keralam,Idukki,Kattappana Market,Other,5000.0,6000.0,5650.0,2026,7,21,202,1,30,5900.0,5700.0,6150.0,-250.0,-50.0,6533.333333333333,6571.428571428572,1163.2773898405683
2026-07-22,Keralam,Idukki,Kattappana Market,Other,5400.0,6350.0,5600.0,2026,7,22,203,2,30,5650.0,8000.0,5850.0,-50.0,-2400.0,6516.666666666667,6500.0,1207.9597123524718
2026-07-23,Keralam,Idukki,Kattappana Market,Other,5500.0,6200.0,5700.0,2026,7,23,204,3,30,5600.0,5900.0,8500.0,100.0,-200.0,5716.666666666667,6464.285714285715,1233.7997830936365
2026-07-25,Keralam,Idukki,Kattappana Market,Other,5250.0,5950.0,5700.0,2026,7,25,206,5,30,5700.0,5650.0,5900.0,0.0,50.0,5650.0,6064.285714285715,861.5462290335347
2026-07-27,Keralam,Idukki,Kattappana Market,Other,5250.0,6000.0,5600.0,2026,7,27,208,0,31,5700.0,5600.0,5700.0,-100.0,0.0,5666.666666666667,6035.714285714285,871.1650655464615
2026-07-23,Madhya Pradesh,Burhanpur,Burhanpur(F&V) APMC,Badami,2000.0,6000.0,5500.0,2026,7,23,204,3,30,6000.0,5000.0,6000.0,-500.0,500.0,5833.333333333333,5714.285714285715,698.6381310057719
2026-07-27,Madhya Pradesh,Harda,Harda(F&V) APMC,Neelam,3000.0,4000.0,3500.0,2026,7,27,208,0,31,3500.0,3000.0,3000.0,0.0,500.0,3166.6666666666665,3071.4285714285716,188.98223650461358
2026-07-28,Madhya Pradesh,Harda,Harda(F&V) APMC,Neelam,3500.0,4500.0,4000.0,2026,7,28,209,1,31,3500.0,3000.0,3000.0,500.0,1000.0,3333.3333333333335,3142.8571428571427,243.9750182371332
2026-07-29,Madhya Pradesh,Harda,Harda(F&V) APMC,Neelam,3500.0,4500.0,4000.0,2026,7,29,210,2,31,4000.0,3500.0,3000.0,0.0,500.0,3666.6666666666665,3285.714285714286,393.39789623472143
2026-07-17,Madhya Pradesh,Indore,Indore(F&V) APMC,Other,1500.0,8000.0,4500.0,2026,7,17,198,4,29,5000.0,6000.0,4500.0,-500.0,-1500.0,5166.666666666667,4785.714285714285,636.2090102803518
2026-07-18,Madhya Pradesh,Indore,Indore(F&V) APMC,Other,2000.0,9000.0,6000.0,2026,7,18,199,5,29,4500.0,4500.0,4000.0,1500.0,1500.0,4666.666666666667,4785.714285714285,636.2090102803518
2026-07-20,Madhya Pradesh,Indore,Indore(F&V) APMC,Other,2500.0,9000.0,6000.0,2026,7,20,201,0,30,6000.0,5000.0,4500.0,0.0,1000.0,5166.666666666667,5071.428571428572,672.5927091345495
2026-07-21,Madhya Pradesh,Indore,Indore(F&V) APMC,Other,2500.0,9000.0,6000.0,2026,7,21,202,1,30,6000.0,4500.0,5000.0,0.0,1500.0,5500.0,5285.714285714285,698.6381310057724
2026-07-22,Madhya Pradesh,Indore,Indore(F&V) APMC,Other,3000.0,8000.0,5000.0,2026,7,22,203,2,30,6000.0,6000.0,6000.0,-1000.0,-1000.0,6000.0,5428.571428571428,731.9250547114003
2026-07-23,Madhya Pradesh,Indore,Indore(F&V) APMC,Other,3000.0,8000.0,5000.0,2026,7,23,204,3,30,5000.0,6000.0,4500.0,0.0,-1000.0,5666.666666666667,5285.714285714285,698.6381310057724
2026-07-24,Madhya Pradesh,Indore,Indore(F&V) APMC,Other,2000.0,8000.0,4500.0,2026,7,24,205,4,30,5000.0,6000.0,5000.0,-500.0,-1500.0,5333.333333333333,5357.142857142857,626.7831705280094
2026-07-25,Madhya Pradesh,Indore,Indore(F&V) APMC,Other,1500.0,6000.0,4000.0,2026,7,25,206,5,30,4500.0,5000.0,4500.0,-500.0,-1000.0,4833.333333333333,5285.714285714285,698.6381310057724
2026-07-27,Madhya Pradesh,Indore,Indore(F&V) APMC,Other,1500.0,6000.0,4500.0,2026,7,27,208,0,31,4000.0,5000.0,6000.0,500.0,-500.0,4500.0,5214.285714285715,809.1735937126874
2026-07-28,Madhya Pradesh,Indore,Indore(F&V) APMC,Other,1500.0,6000.0,4500.0,2026,7,28,209,1,31,4500.0,4500.0,6000.0,0.0,0.0,4333.333333333333,5000.0,763.7626158259736
2026-07-29,Madhya Pradesh,Indore,Indore(F&V) APMC,Other,1500.0,7000.0,4000.0,2026,7,29,210,2,31,4500.0,4000.0,6000.0,-500.0,0.0,4333.333333333333,4785.714285714285,636.209010280352
2026-07-17,Madhya Pradesh,Morena,Morena APMC,Other,2000.0,2000.0,2000.0,2026,7,17,198,4,29,1500.0,1700.0,1500.0,500.0,300.0,1566.6666666666667,1564.2857142857142,232.22526010012655
2026-07-20,Madhya Pradesh,Morena,Morena APMC,Other,2000.0,2000.0,2000.0,2026,7,20,201,0,30,2000.0,1500.0,1500.0,0.0,500.0,1666.6666666666667,1635.7142857142858,280.9422919899591
2026-07-28,Madhya Pradesh,Sagar,Sagar(F&V) APMC,Other,3000.0,5000.0,4000.0,2026,7,28,209,1,31,4000.0,4000.0,4000.0,0.0,0.0,4000.0,3928.5714285714284,188.98223650461367
2026-07-17,Madhya Pradesh,Sehore,Sehore(F&V) APMC,Badami,3000.0,6000.0,4000.0,2026,7,17,198,4,29,4500.0,4500.0,3500.0,-500.0,-500.0,4333.333333333333,4000.0,408.2482904638631
2026-07-18,Madhya Pradesh,Sehore,Sehore(F&V) APMC,Badami,3000.0,7000.0,4000.0,2026,7,18,199,5,29,4000.0,4000.0,3500.0,0.0,0.0,4166.666666666667,4071.4285714285716,345.03277967117714
2026-07-21,Madhya Pradesh,Sehore,Sehore(F&V) APMC,Badami,3000.0,6000.0,4500.0,2026,7,21,202,1,30,4000.0,4500.0,4000.0,500.0,0.0,4166.666666666667,4142.857142857143,243.9750182371333
2026-07-23,Madhya Pradesh,Sehore,Sehore(F&V) APMC,Badami,3000.0,5000.0,4000.0,2026,7,23,204,3,30,4500.0,4000.0,4000.0,-500.0,0.0,4166.666666666667,4214.285714285715,267.2612419124243
2026-07-28,Madhya Pradesh,Sehore,Sehore(F&V) APMC,Badami,3000.0,5000.0,4500.0,2026,7,28,209,1,31,4000.0,4000.0,4500.0,500.0,500.0,4166.666666666667,4214.285714285715,267.2612419124243
2026-07-24,Madhya Pradesh,Sheopur,Sheopurkalan(F&V) APMC,Other,3000.0,4000.0,3500.0,2026,7,24,205,4,30,3200.0,4200.0,3500.0,300.0,-700.0,3666.6666666666665,3814.285714285714,401.7817460121495
2026-07-15,Maharashtra,Ahilyanagar,Shrirampur APMC,Other,2500.0,3500.0,3000.0,2026,7,15,196,2,29,3500.0,4000.0,5000.0,-500.0,-1000.0,3833.3333333333335,4214.285714285715,636.2090102803517
2026-07-16,Maharashtra,Ahilyanagar,Shrirampur APMC,Other,3000.0,5000.0,4000.0,2026,7,16,197,3,29,3000.0,4000.0,5000.0,1000.0,0.0,3500.0,3928.5714285714284,672.5927091345488
2026-07-17,Maharashtra,Ahilyanagar,Shrirampur APMC,Other,2500.0,3500.0,3000.0,2026,7,17,198,4,29,4000.0,3500.0,3500.0,-1000.0,-500.0,3500.0,3785.714285714286,487.95003647426574
2026-07-18,Maharashtra,Ahilyanagar,Shrirampur APMC,Other,3000.0,4000.0,3500.0,2026,7,18,199,5,29,3000.0,3000.0,4500.0,500.0,500.0,3333.3333333333335,3714.285714285714,566.94670951384
2026-07-20,Maharashtra,Ahilyanagar,Shrirampur APMC,Other,3500.0,4500.0,4000.0,2026,7,20,201,0,30,3500.0,4000.0,4000.0,500.0,0.0,3500.0,3571.4285714285716,449.8677054212172
2026-07-22,Maharashtra,Ahilyanagar,Shrirampur APMC,Other,3000.0,5000.0,4000.0,2026,7,22,203,2,30,4000.0,3000.0,4000.0,0.0,1000.0,3500.0,3571.4285714285716,449.8677054212172
2026-07-23,Maharashtra,Ahilyanagar,Shrirampur APMC,Other,3000.0,5000.0,4000.0,2026,7,23,204,3,30,4000.0,3500.0,3500.0,0.0,500.0,3833.3333333333335,3571.4285714285716,449.8677054212172
2026-07-24,Maharashtra,Ahilyanagar,Shrirampur APMC,Other,3000.0,5000.0,4000.0,2026,7,24,205,4,30,4000.0,4000.0,3000.0,0.0,0.0,4000.0,3642.8571428571427,475.5948656056697
2026-07-27,Maharashtra,Ahilyanagar,Shrirampur APMC,Other,3500.0,4500.0,4000.0,2026,7,27,208,0,31,4000.0,4000.0,4000.0,0.0,0.0,4000.0,3785.714285714286,393.39789623472063
2026-07-29,Maharashtra,Ahilyanagar,Shrirampur APMC,Other,3000.0,5000.0,4000.0,2026,7,29,210,2,31,4000.0,4000.0,3000.0,0.0,0.0,4000.0,3785.714285714286,393.39789623472063
2026-07-16,Maharashtra,Amarawati,Amrawati(Frui & Veg. Market) APMC,Totapuri,1500.0,2500.0,2000.0,2026,7,16,197,3,29,2000.0,2250.0,1900.0,0.0,-250.0,2083.3333333333335,1985.7142857142858,149.20423841803142
2026-07-18,Maharashtra,Amarawati,Amrawati(Frui & Veg. Market) APMC,Totapuri,1800.0,2200.0,2000.0,2026,7,18,199,5,29,2000.0,2000.0,1750.0,0.0,0.0,2000.0,2000.0,144.33756729740648
2026-07-20,Maharashtra,Amarawati,Amrawati(Frui & Veg. Market) APMC,Totapuri,1500.0,2500.0,2000.0,2026,7,20,201,0,30,2000.0,2000.0,2000.0,0.0,0.0,2000.0,2035.7142857142858,94.49111825230696
2026-07-21,Maharashtra,Amarawati,Amrawati(Frui & Veg. Market) APMC,Totapuri,1500.0,2000.0,1750.0,2026,7,21,202,1,30,2000.0,2000.0,2000.0,-250.0,-250.0,2000.0,2035.7142857142858,94.49111825230696
2026-07-22,Maharashtra,Amarawati,Amrawati(Frui & Veg. Market) APMC,Totapuri,1600.0,2200.0,1900.0,2026,7,22,203,2,30,1750.0,2000.0,2250.0,150.0,-100.0,1916.6666666666667,2000.0,144.33756729740648
2026-07-23,Maharashtra,Amarawati,Amrawati(Frui & Veg. Market) APMC,Totapuri,1500.0,2000.0,1750.0,2026,7,23,204,3,30,1900.0,2000.0,2000.0,-150.0,-250.0,1883.3333333333333,1950.0,95.74271077563373
2026-07-25,Maharashtra,Amarawati,Amrawati(Frui & Veg. Market) APMC,Totapuri,3000.0,3500.0,3250.0,2026,7,25,206,5,30,1750.0,1750.0,2000.0,1500.0,1500.0,1800.0,1914.2857142857142,118.01936887041637
2026-07-27,Maharashtra,Amarawati,Amrawati(Frui & Veg. Market) APMC,Totapuri,2000.0,3000.0,2500.0,2026,7,27,208,0,31,3250.0,1900.0,2000.0,-750.0,600.0,2300.0,2092.8571428571427,522.3572942509206
2026-07-28,Maharashtra,Amarawati,Amrawati(Frui & Veg. Market) APMC,Totapuri,2000.0,3000.0,2500.0,2026,7,28,209,1,31,2500.0,1750.0,2000.0,0.0,750.0,2500.0,2164.285714285714,541.3827094535234
2026-07-21,Maharashtra,Chandrapur,Chandrapur(Ganjwad) APMC,Other,4000.0,6000.0,5000.0,2026,7,21,202,1,30,5000.0,5000.0,5000.0,0.0,0.0,5000.0,5000.0,0.0
2026-07-22,Maharashtra,Chandrapur,Chandrapur(Ganjwad) APMC,Other,4000.0,6000.0,5000.0,2026,7,22,203,2,30,5000.0,5000.0,5000.0,0.0,0.0,5000.0,5000.0,0.0
2026-07-25,Maharashtra,Chandrapur,Chandrapur(Ganjwad) APMC,Other,4000.0,6000.0,5000.0,2026,7,25,206,5,30,5000.0,5000.0,5000.0,0.0,0.0,5000.0,5000.0,0.0
2026-07-15,Maharashtra,Chattrapati Sambhajinagar,Chattrapati Sambhajinagar APMC,Other,1500.0,9500.0,5500.0,2026,7,15,196,2,29,5200.0,3300.0,2500.0,300.0,2200.0,4500.0,3771.4285714285716,1596.5737123752285
2026-07-16,Maharashtra,Chattrapati Sambhajinagar,Chattrapati Sambhajinagar APMC,Other,2500.0,10000.0,6250.0,2026,7,16,197,3,29,5500.0,5000.0,2200.0,750.0,1250.0,5233.333333333333,4200.0,1601.0413278030437
2026-07-18,Maharashtra,Chattrapati Sambhajinagar,Chattrapati Sambhajinagar APMC,Other,2000.0,5500.0,3750.0,2026,7,18,199,5,29,6250.0,5200.0,2200.0,-2500.0,-1450.0,5650.0,4778.571428571428,1485.4452595257826
2026-07-19,Maharashtra,Chattrapati Sambhajinagar,Chattrapati Sambhajinagar APMC,Other,2200.0,9000.0,5600.0,2026,7,19,200,6,29,3750.0,5500.0,6000.0,1850.0,100.0,5166.666666666667,5000.0,1103.4038245356958
2026-07-20,Maharashtra,Chattrapati Sambhajinagar,Chattrapati Sambhajinagar APMC,Other,2000.0,7000.0,4500.0,2026,7,20,201,0,30,5600.0,6250.0,3300.0,-1100.0,-1750.0,5200.0,4942.857142857143,1052.1519897447374
2026-07-21,Maharashtra,Chattrapati Sambhajinagar,Chattrapati Sambhajinagar APMC,Other,2400.0,7000.0,4700.0,2026,7,21,202,1,30,4500.0,3750.0,5000.0,200.0,950.0,4616.666666666667,5114.285714285715,809.6883586264773
2026-07-23,Maharashtra,Chattrapati Sambhajinagar,Chattrapati Sambhajinagar APMC,Other,2500.0,3500.0,3000.0,2026,7,23,204,3,30,4700.0,5600.0,5200.0,-1700.0,-2600.0,4933.333333333333,5071.428571428572,824.5489387422394
2026-07-25,Maharashtra,Chattrapati Sambhajinagar,Chattrapati Sambhajinagar APMC,Other,3000.0,6500.0,4750.0,2026,7,25,206,5,30,3000.0,4500.0,5500.0,1750.0,250.0,4066.6666666666665,4757.142857142857,1130.0547816472485
2026-07-26,Maharashtra,Chattrapati Sambhajinagar,Chattrapati Sambhajinagar APMC,Other,5500.0,6500.0,6000.0,2026,7,26,207,6,30,4750.0,4700.0,6250.0,1250.0,1300.0,4150.0,4650.0,1082.435525408635
2026-07-27,Maharashtra,Chattrapati Sambhajinagar,Chattrapati Sambhajinagar APMC,Other,2500.0,3500.0,3000.0,2026,7,27,208,0,31,6000.0,3000.0,3750.0,-3000.0,0.0,4583.333333333333,4614.285714285715,1023.3581507770901
2026-07-28,Maharashtra,Chattrapati Sambhajinagar,Chattrapati Sambhajinagar APMC,Other,3500.0,5500.0,4500.0,2026,7,28,209,1,31,3000.0,4750.0,5600.0,1500.0,-250.0,4583.333333333333,4507.142857142857,1159.1766371828226
2026-07-20,Maharashtra,Mumbai,Mumbai- Fruit Market APMC,Other,3000.0,14000.0,10000.0,2026,7,20,201,0,30,10000.0,10500.0,9500.0,0.0,-500.0,10000.0,10000.0,577.3502691896257
2026-07-21,Maharashtra,Mumbai,Mumbai- Fruit Market APMC,Other,6000.0,14000.0,10000.0,2026,7,21,202,1,30,10000.0,9500.0,11000.0,0.0,500.0,9833.333333333334,10071.42857142857,534.5224838248487
2026-07-22,Maharashtra,Mumbai,Mumbai- Fruit Market APMC,Other,6000.0,12000.0,9000.0,2026,7,22,203,2,30,10000.0,10000.0,10000.0,-1000.0,-1000.0,10000.0,9928.57142857143,345.0327796711775
2026-07-23,Maharashtra,Mumbai,Mumbai- Fruit Market APMC,Other,6000.0,14000.0,10000.0,2026,7,23,204,3,30,9000.0,10000.0,9500.0,1000.0,0.0,9666.666666666666,9785.714285714286,487.9500364742671
2026-07-24,Maharashtra,Mumbai,Mumbai- Fruit Market APMC,Other,7000.0,15000.0,11000.0,2026,7,24,205,4,30,10000.0,10000.0,10500.0,1000.0,1000.0,9666.666666666666,9857.142857142857,475.59486560567143
2026-07-27,Maharashtra,Mumbai,Mumbai- Fruit Market APMC,Other,6000.0,15000.0,10500.0,2026,7,27,208,0,31,11000.0,9000.0,9500.0,-500.0,1500.0,10000.0,9928.57142857143,607.4928962939562
2026-07-28,Maharashtra,Mumbai,Mumbai- Fruit Market APMC,Other,5000.0,14000.0,9500.0,2026,7,28,209,1,31,10500.0,10000.0,10000.0,-1000.0,-500.0,10500.0,10071.42857142857,607.4928962939562
2026-07-29,Maharashtra,Mumbai,Mumbai- Fruit Market APMC,Other,5000.0,12000.0,8500.0,2026,7,29,210,2,31,9500.0,11000.0,10000.0,-1000.0,-2500.0,10333.333333333334,10000.0,645.4972243679028
2026-07-14,Maharashtra,Nagpur,Nagpur APMC,Other,3000.0,4000.0,3750.0,2026,7,14,195,1,29,3750.0,3750.0,3750.0,0.0,0.0,3750.0,3785.714285714286,60.99375455928335
2026-07-15,Maharashtra,Nagpur,Nagpur APMC,Other,2500.0,3500.0,3250.0,2026,7,15,196,2,29,3750.0,3750.0,3750.0,-500.0,-500.0,3750.0,3785.714285714286,60.99375455928335
2026-07-16,Maharashtra,Nagpur,Nagpur APMC,Other,2500.0,3500.0,3250.0,2026,7,16,197,3,29,3250.0,3750.0,3875.0,0.0,-500.0,3583.3333333333335,3714.285714285714,213.04202581158683
2026-07-17,Maharashtra,Nagpur,Nagpur APMC,Other,2500.0,3500.0,3250.0,2026,7,17,198,4,29,3250.0,3750.0,3875.0,0.0,-500.0,3416.6666666666665,3625.0,260.20824993326687
2026-07-18,Maharashtra,Nagpur,Nagpur APMC,Other,2500.0,3500.0,3250.0,2026,7,18,199,5,29,3250.0,3250.0,3750.0,0.0,0.0,3250.0,3535.714285714286,267.26124191242485
2026-07-20,Maharashtra,Nagpur,Nagpur APMC,Other,2500.0,3500.0,3250.0,2026,7,20,201,0,30,3250.0,3250.0,3750.0,0.0,0.0,3250.0,3464.285714285714,267.26124191242496
2026-07-21,Maharashtra,Nagpur,Nagpur APMC,Other,2500.0,3500.0,3250.0,2026,7,21,202,1,30,3250.0,3250.0,3750.0,0.0,0.0,3250.0,3392.8571428571427,243.97501823713404
2026-07-22,Maharashtra,Nagpur,Nagpur APMC,Other,2500.0,3500.0,3250.0,2026,7,22,203,2,30,3250.0,3250.0,3750.0,0.0,0.0,3250.0,3321.4285714285716,188.98223650461466
2026-07-23,Maharashtra,Nagpur,Nagpur APMC,Other,2500.0,3500.0,3250.0,2026,7,23,204,3,30,3250.0,3250.0,3250.0,0.0,0.0,3250.0,3250.0,0.0
2026-07-24,Maharashtra,Nagpur,Nagpur APMC,Other,2500.0,3500.0,3250.0,2026,7,24,205,4,30,3250.0,3250.0,3250.0,0.0,0.0,3250.0,3250.0,0.0
2026-07-25,Maharashtra,Nagpur,Nagpur APMC,Other,2500.0,3500.0,3250.0,2026,7,25,206,5,30,3250.0,3250.0,3250.0,0.0,0.0,3250.0,3250.0,0.0
2026-07-27,Maharashtra,Nagpur,Nagpur APMC,Other,2500.0,3500.0,3250.0,2026,7,27,208,0,31,3250.0,3250.0,3250.0,0.0,0.0,3250.0,3250.0,0.0
2026-07-28,Maharashtra,Nagpur,Nagpur APMC,Other,2500.0,3500.0,3250.0,2026,7,28,209,1,31,3250.0,3250.0,3250.0,0.0,0.0,3250.0,3250.0,0.0
2026-07-29,Maharashtra,Nagpur,Nagpur APMC,Other,2500.0,3500.0,3250.0,2026,7,29,210,2,31,3250.0,3250.0,3250.0,0.0,0.0,3250.0,3250.0,0.0
2026-07-15,Maharashtra,Nagpur,Nagpur APMC,Totapuri,1500.0,2000.0,1875.0,2026,7,15,196,2,29,1725.0,1725.0,1725.0,150.0,150.0,1725.0,1725.0,0.0
2026-07-16,Maharashtra,Nagpur,Nagpur APMC,Totapuri,1500.0,2000.0,1875.0,2026,7,16,197,3,29,1875.0,1725.0,1725.0,0.0,150.0,1775.0,1746.4285714285713,56.694670951384104
2026-07-17,Maharashtra,Nashik,Nasik APMC,Other,3000.0,6000.0,4000.0,2026,7,17,198,4,29,4000.0,2000.0,4500.0,0.0,2000.0,2666.6666666666665,3000.0,1258.3057392117917
2026-07-18,Maharashtra,Nashik,Nasik APMC,Other,3000.0,6000.0,4000.0,2026,7,18,199,5,29,4000.0,2000.0,4500.0,0.0,2000.0,3333.3333333333335,2928.5714285714284,1170.0630833624396
2026-07-22,Maharashtra,Nashik,Nasik APMC,Other,1700.0,3500.0,2000.0,2026,7,22,203,2,30,4000.0,4000.0,2000.0,-2000.0,-2000.0,4000.0,2857.1428571428573,1069.0449676496976
2026-07-27,Maharashtra,Nashik,Nasik APMC,Other,1500.0,3000.0,1700.0,2026,7,27,208,0,31,2000.0,4000.0,2000.0,-300.0,-2300.0,3333.3333333333335,2857.1428571428573,1069.0449676496976
2026-07-28,Maharashtra,Nashik,Nasik APMC,Other,1800.0,4000.0,2000.0,2026,7,28,209,1,31,1700.0,4000.0,2000.0,300.0,-2000.0,2566.6666666666665,2814.285714285714,1114.1941354308824
2026-07-16,Maharashtra,Pune,Pune(Moshi) APMC,Other,5000.0,6000.0,5500.0,2026,7,16,197,3,29,6500.0,5500.0,6500.0,-1000.0,0.0,5500.0,6000.0,866.0254037844387
2026-07-17,Maharashtra,Pune,Pune(Moshi) APMC,Other,4000.0,10000.0,7000.0,2026,7,17,198,4,29,5500.0,4500.0,6500.0,1500.0,2500.0,5500.0,5857.142857142857,852.1681032463467
2026-07-19,Maharashtra,Pune,Pune(Moshi) APMC,Other,3000.0,4000.0,3500.0,2026,7,19,200,6,29,7000.0,6500.0,7000.0,-3500.0,-3000.0,6333.333333333333,5928.571428571428,932.2272357358045
2026-07-20,Maharashtra,Pune,Pune(Moshi) APMC,Other,4000.0,4000.0,4000.0,2026,7,20,201,0,30,3500.0,5500.0,5500.0,500.0,-1500.0,5333.333333333333,5428.571428571428,1170.06308336244
2026-07-21,Maharashtra,Pune,Pune(Moshi) APMC,Other,3000.0,7000.0,5000.0,2026,7,21,202,1,30,4000.0,7000.0,5500.0,1000.0,-2000.0,4833.333333333333,5214.285714285715,1286.3754913562007
2026-07-23,Maharashtra,Pune,Pune(Moshi) APMC,Other,3000.0,10000.0,6500.0,2026,7,23,204,3,30,5000.0,3500.0,4500.0,1500.0,3000.0,4166.666666666667,5142.857142857143,1281.7398889233123
2026-07-24,Maharashtra,Pune,Pune(Moshi) APMC,Other,3000.0,7000.0,5000.0,2026,7,24,205,4,30,6500.0,4000.0,6500.0,-1500.0,1000.0,5166.666666666667,5428.571428571428,1336.3062095621221
2026-07-25,Maharashtra,Pune,Pune(Moshi) APMC,Other,4000.0,6000.0,5000.0,2026,7,25,206,5,30,5000.0,5000.0,5500.0,0.0,0.0,5500.0,5214.285714285715,1253.566341056018
2026-07-26,Maharashtra,Pune,Pune(Moshi) APMC,Other,5000.0,10000.0,7500.0,2026,7,26,207,6,30,5000.0,6500.0,7000.0,2500.0,1000.0,5500.0,5142.857142857143,1248.8089563755582
2026-07-27,Maharashtra,Pune,Pune(Moshi) APMC,Other,4000.0,10000.0,7000.0,2026,7,27,208,0,31,7500.0,5000.0,3500.0,-500.0,2000.0,5833.333333333333,5214.285714285715,1380.1311186847088
2026-07-28,Maharashtra,Pune,Pune(Moshi) APMC,Other,4000.0,10000.0,7000.0,2026,7,28,209,1,31,7000.0,5000.0,4000.0,0.0,2000.0,6500.0,5714.285714285715,1286.3754913561995
2026-07-14,Maharashtra,Sangli,"Sangli(Phale, Bhajipala Market) APMC",Totapuri,1000.0,3000.0,2000.0,2026,7,14,195,1,29,2000.0,1750.0,2000.0,0.0,250.0,1916.6666666666667,2071.4285714285716,237.7974328028355
2026-07-15,Maharashtra,Sangli,"Sangli(Phale, Bhajipala Market) APMC",Totapuri,1000.0,3000.0,2000.0,2026,7,15,196,2,29,2000.0,2000.0,2500.0,0.0,0.0,2000.0,2071.4285714285716,237.7974328028355
2026-07-16,Maharashtra,Sangli,"Sangli(Phale, Bhajipala Market) APMC",Totapuri,1000.0,2500.0,1750.0,2026,7,16,197,3,29,2000.0,2000.0,2000.0,-250.0,-250.0,2000.0,2000.0,144.33756729740654
2026-07-18,Maharashtra,Sangli,"Sangli(Phale, Bhajipala Market) APMC",Totapuri,2000.0,4000.0,3000.0,2026,7,18,199,5,29,1750.0,2000.0,2250.0,1250.0,1000.0,1916.6666666666667,1964.2857142857142,172.51638983558868
2026-07-20,Maharashtra,Sangli,"Sangli(Phale, Bhajipala Market) APMC",Totapuri,2000.0,3500.0,2750.0,2026,7,20,201,0,30,3000.0,2000.0,1750.0,-250.0,750.0,2250.0,2071.4285714285716,426.08405162317337
2026-07-21,Maharashtra,Sangli,"Sangli(Phale, Bhajipala Market) APMC",Totapuri,1000.0,4000.0,2500.0,2026,7,21,202,1,30,2750.0,1750.0,2000.0,-250.0,750.0,2500.0,2214.285714285714,466.11361786790224
2026-07-22,Maharashtra,Sangli,"Sangli(Phale, Bhajipala Market) APMC",Totapuri,1000.0,3000.0,2000.0,2026,7,22,203,2,30,2500.0,3000.0,2000.0,-500.0,-1000.0,2750.0,2285.714285714286,466.11361786790224
2026-07-23,Maharashtra,Sangli,"Sangli(Phale, Bhajipala Market) APMC",Totapuri,1000.0,3000.0,2000.0,2026,7,23,204,3,30,2000.0,2750.0,2000.0,0.0,-750.0,2416.6666666666665,2285.714285714286,466.11361786790224
2026-07-27,Maharashtra,Sangli,"Sangli(Phale, Bhajipala Market) APMC",Totapuri,1000.0,3000.0,2000.0,2026,7,27,208,0,31,2000.0,2500.0,2000.0,0.0,-500.0,2166.6666666666665,2285.714285714286,466.11361786790224
2026-07-28,Maharashtra,Sangli,"Sangli(Phale, Bhajipala Market) APMC",Totapuri,2000.0,3000.0,2500.0,2026,7,28,209,1,31,2000.0,2000.0,1750.0,500.0,500.0,2000.0,2285.714285714286,466.11361786790224
2026-07-29,Maharashtra,Sangli,"Sangli(Phale, Bhajipala Market) APMC",Totapuri,2000.0,3000.0,2500.0,2026,7,29,210,2,31,2500.0,2000.0,3000.0,0.0,500.0,2166.6666666666665,2392.8571428571427,404.58679685634354
2026-07-16,Maharashtra,Solapur,Akluj APMC,Other,3500.0,4500.0,4000.0,2026,7,16,197,3,29,4500.0,5000.0,6000.0,-500.0,-1000.0,4833.333333333333,5357.142857142857,852.1681032463467
2026-07-18,Maharashtra,Solapur,Akluj APMC,Other,3000.0,5000.0,4000.0,2026,7,18,199,5,29,4000.0,5000.0,7000.0,0.0,-1000.0,4500.0,5071.428571428572,932.2272357358045
2026-07-20,Maharashtra,Solapur,Akluj APMC,Other,3000.0,4000.0,3500.0,2026,7,20,201,0,30,4000.0,4500.0,5000.0,-500.0,-1000.0,4166.666666666667,4642.857142857143,475.5948656056711
2026-07-22,Maharashtra,Solapur,Akluj APMC,Other,4000.0,5000.0,4500.0,2026,7,22,203,2,30,3500.0,4000.0,5000.0,1000.0,500.0,3833.3333333333335,4428.571428571428,607.4928962939563
2026-07-24,Maharashtra,Solapur,Akluj APMC,Other,3000.0,5000.0,4500.0,2026,7,24,205,4,30,4500.0,4000.0,5000.0,0.0,500.0,4000.0,4357.142857142857,556.3486402641872
2026-07-25,Maharashtra,Solapur,Akluj APMC,Other,4000.0,5000.0,4500.0,2026,7,25,206,5,30,4500.0,3500.0,5000.0,0.0,1000.0,4166.666666666667,4285.714285714285,487.9500364742672
2026-07-16,Maharashtra,Solapur,SHRI.SIDDHESHWAR  APMC,Other,1000.0,4000.0,2500.0,2026,7,16,197,3,29,4000.0,2500.0,2000.0,-1500.0,0.0,3000.0,2714.285714285714,951.189731211342
2026-07-17,Maharashtra,Solapur,SHRI.SIDDHESHWAR  APMC,Other,1500.0,4000.0,2500.0,2026,7,17,198,4,29,2500.0,2500.0,2500.0,0.0,0.0,3000.0,2785.714285714286,906.3269671749657
2026-07-20,Maharashtra,Solapur,SHRI.SIDDHESHWAR  APMC,Other,1500.0,4000.0,2500.0,2026,7,20,201,0,30,2500.0,4000.0,1500.0,0.0,-1500.0,3000.0,2785.714285714286,906.3269671749657
2026-07-21,Maharashtra,Solapur,SHRI.SIDDHESHWAR  APMC,Other,1500.0,3500.0,2500.0,2026,7,21,202,1,30,2500.0,2500.0,4000.0,0.0,0.0,2500.0,2928.5714285714284,731.9250547114
2026-07-22,Maharashtra,Solapur,SHRI.SIDDHESHWAR  APMC,Other,1000.0,3500.0,2000.0,2026,7,22,203,2,30,2500.0,2500.0,2500.0,-500.0,-500.0,2500.0,2714.285714285714,566.9467095138407
2026-07-24,Maharashtra,Solapur,SHRI.SIDDHESHWAR  APMC,Other,2500.0,2500.0,2500.0,2026,7,24,205,4,30,2000.0,2500.0,2500.0,500.0,0.0,2333.3333333333335,2642.8571428571427,626.7831705280084
2026-07-25,Maharashtra,Solapur,SHRI.SIDDHESHWAR  APMC,Other,2000.0,2500.0,2200.0,2026,7,25,206,5,30,2500.0,2500.0,4000.0,-300.0,-300.0,2333.3333333333335,2642.8571428571427,626.7831705280084
2026-07-27,Maharashtra,Solapur,SHRI.SIDDHESHWAR  APMC,Other,2500.0,2500.0,2500.0,2026,7,27,208,0,31,2200.0,2000.0,2500.0,300.0,500.0,2233.3333333333335,2385.714285714286,203.54009783964142
2026-07-28,Maharashtra,Solapur,SHRI.SIDDHESHWAR  APMC,Other,2500.0,2500.0,2500.0,2026,7,28,209,1,31,2500.0,2500.0,2500.0,0.0,0.0,2400.0,2385.714285714286,203.54009783964142
2026-07-17,NCT of Delhi,Delhi,APMC Azadpur,Dinga,2000.0,3000.0,2400.0,2026,7,17,198,4,29,2400.0,2400.0,2500.0,0.0,0.0,2400.0,2414.285714285714,37.796447300922736
2026-07-18,NCT of Delhi,Delhi,APMC Azadpur,Dinga,2000.0,3000.0,2400.0,2026,7,18,199,5,29,2400.0,2400.0,2400.0,0.0,0.0,2400.0,2400.0,0.0
2026-07-20,NCT of Delhi,Delhi,APMC Azadpur,Dinga,2000.0,3000.0,2400.0,2026,7,20,201,0,30,2400.0,2400.0,2400.0,0.0,0.0,2400.0,2400.0,0.0
2026-07-21,NCT of Delhi,Delhi,APMC Azadpur,Dinga,2000.0,3000.0,2400.0,2026,7,21,202,1,30,2400.0,2400.0,2400.0,0.0,0.0,2400.0,2400.0,0.0
2026-07-22,NCT of Delhi,Delhi,APMC Azadpur,Dinga,2000.0,3000.0,2400.0,2026,7,22,203,2,30,2400.0,2400.0,2400.0,0.0,0.0,2400.0,2400.0,0.0
2026-07-23,NCT of Delhi,Delhi,APMC Azadpur,Dinga,2000.0,3000.0,2400.0,2026,7,23,204,3,30,2400.0,2400.0,2400.0,0.0,0.0,2400.0,2400.0,0.0
2026-07-24,NCT of Delhi,Delhi,APMC Azadpur,Dinga,3000.0,4000.0,3400.0,2026,7,24,205,4,30,2400.0,2400.0,2400.0,1000.0,1000.0,2400.0,2400.0,0.0
2026-07-25,NCT of Delhi,Delhi,APMC Azadpur,Dinga,3000.0,4000.0,3400.0,2026,7,25,206,5,30,3400.0,2400.0,2400.0,0.0,1000.0,2733.3333333333335,2542.8571428571427,377.9644730092273
2026-07-27,NCT of Delhi,Delhi,APMC Azadpur,Dinga,3000.0,4000.0,3400.0,2026,7,27,208,0,31,3400.0,2400.0,2400.0,0.0,1000.0,3066.6666666666665,2685.714285714286,487.95003647426665
2026-07-28,NCT of Delhi,Delhi,APMC Azadpur,Dinga,3000.0,4000.0,3400.0,2026,7,28,209,1,31,3400.0,3400.0,2400.0,0.0,0.0,3400.0,2828.5714285714284,534.5224838248488
2026-07-29,NCT of Delhi,Delhi,APMC Azadpur,Dinga,3000.0,4000.0,3400.0,2026,7,29,210,2,31,3400.0,3400.0,2400.0,0.0,0.0,3400.0,2971.4285714285716,534.5224838248487
2026-07-17,NCT of Delhi,Delhi,APMC Azadpur,Dusheri,1429.0,3571.0,2393.0,2026,7,17,198,4,29,2393.0,2643.0,2643.0,0.0,-250.0,2559.6666666666665,2607.285714285714,94.49111825230679
2026-07-18,NCT of Delhi,Delhi,APMC Azadpur,Dusheri,1429.0,3571.0,2393.0,2026,7,18,199,5,29,2393.0,2643.0,2643.0,0.0,-250.0,2476.3333333333335,2571.5714285714284,121.98750911856656
2026-07-20,NCT of Delhi,Delhi,APMC Azadpur,Dusheri,1429.0,3571.0,2393.0,2026,7,20,201,0,30,2393.0,2393.0,2643.0,0.0,0.0,2393.0,2535.8571428571427,133.63062095621208
2026-07-21,NCT of Delhi,Delhi,APMC Azadpur,Dusheri,1429.0,3571.0,2393.0,2026,7,21,202,1,30,2393.0,2393.0,2643.0,0.0,0.0,2393.0,2500.1428571428573,133.63062095621208
2026-07-22,NCT of Delhi,Delhi,APMC Azadpur,Dusheri,1429.0,3571.0,2393.0,2026,7,22,203,2,30,2393.0,2393.0,2643.0,0.0,0.0,2393.0,2464.4285714285716,121.98750911856656
2026-07-23,NCT of Delhi,Delhi,APMC Azadpur,Dusheri,1429.0,3571.0,2393.0,2026,7,23,204,3,30,2393.0,2393.0,2643.0,0.0,0.0,2393.0,2428.714285714286,94.49111825230679
2026-07-24,NCT of Delhi,Delhi,APMC Azadpur,Dusheri,1429.0,3571.0,2393.0,2026,7,24,205,4,30,2393.0,2393.0,2393.0,0.0,0.0,2393.0,2393.0,0.0
2026-07-25,NCT of Delhi,Delhi,APMC Azadpur,Dusheri,1429.0,3571.0,2393.0,2026,7,25,206,5,30,2393.0,2393.0,2393.0,0.0,0.0,2393.0,2393.0,0.0
2026-07-27,NCT of Delhi,Delhi,APMC Azadpur,Dusheri,1429.0,3571.0,2393.0,2026,7,27,208,0,31,2393.0,2393.0,2393.0,0.0,0.0,2393.0,2393.0,0.0
2026-07-28,NCT of Delhi,Delhi,APMC Azadpur,Dusheri,1429.0,3571.0,2393.0,2026,7,28,209,1,31,2393.0,2393.0,2393.0,0.0,0.0,2393.0,2393.0,0.0
2026-07-29,NCT of Delhi,Delhi,APMC Azadpur,Dusheri,1429.0,3571.0,2393.0,2026,7,29,210,2,31,2393.0,2393.0,2393.0,0.0,0.0,2393.0,2393.0,0.0
2026-07-17,NCT of Delhi,Delhi,APMC Azadpur,Fazli,2857.0,5714.0,4464.0,2026,7,17,198,4,29,4464.0,4464.0,7857.0,0.0,0.0,4464.0,5127.285714285715,1290.6918963984285
2026-07-18,NCT of Delhi,Delhi,APMC Azadpur,Fazli,2857.0,5714.0,4464.0,2026,7,18,199,5,29,4464.0,4464.0,5714.0,0.0,0.0,4464.0,4642.571428571428,472.455591261535
2026-07-20,NCT of Delhi,Delhi,APMC Azadpur,Fazli,2857.0,5714.0,4464.0,2026,7,20,201,0,30,4464.0,4464.0,4464.0,0.0,0.0,4464.0,4464.0,0.0
2026-07-21,NCT of Delhi,Delhi,APMC Azadpur,Fazli,2857.0,5714.0,4464.0,2026,7,21,202,1,30,4464.0,4464.0,4464.0,0.0,0.0,4464.0,4464.0,0.0
2026-07-22,NCT of Delhi,Delhi,APMC Azadpur,Fazli,2857.0,5714.0,4464.0,2026,7,22,203,2,30,4464.0,4464.0,4464.0,0.0,0.0,4464.0,4464.0,0.0
2026-07-23,NCT of Delhi,Delhi,APMC Azadpur,Fazli,2857.0,5714.0,4464.0,2026,7,23,204,3,30,4464.0,4464.0,4464.0,0.0,0.0,4464.0,4464.0,0.0
2026-07-24,NCT of Delhi,Delhi,APMC Azadpur,Fazli,2857.0,5714.0,4464.0,2026,7,24,205,4,30,4464.0,4464.0,4464.0,0.0,0.0,4464.0,4464.0,0.0
2026-07-25,NCT of Delhi,Delhi,APMC Azadpur,Fazli,2857.0,5714.0,4464.0,2026,7,25,206,5,30,4464.0,4464.0,4464.0,0.0,0.0,4464.0,4464.0,0.0
2026-07-27,NCT of Delhi,Delhi,APMC Azadpur,Fazli,2857.0,5714.0,4464.0,2026,7,27,208,0,31,4464.0,4464.0,4464.0,0.0,0.0,4464.0,4464.0,0.0
2026-07-28,NCT of Delhi,Delhi,APMC Azadpur,Fazli,2857.0,5714.0,4464.0,2026,7,28,209,1,31,4464.0,4464.0,4464.0,0.0,0.0,4464.0,4464.0,0.0
2026-07-29,NCT of Delhi,Delhi,APMC Azadpur,Fazli,2857.0,5714.0,4464.0,2026,7,29,210,2,31,4464.0,4464.0,4464.0,0.0,0.0,4464.0,4464.0,0.0
2026-07-18,NCT of Delhi,Delhi,APMC Azadpur,Hapus(Alphaso),10000.0,16667.0,13333.0,2026,7,18,199,5,29,13333.0,14167.0,14167.0,0.0,-834.0,13889.0,14047.857142857143,315.22237048969555
2026-07-20,NCT of Delhi,Delhi,APMC Azadpur,Hapus(Alphaso),10000.0,16667.0,13333.0,2026,7,20,201,0,30,13333.0,14167.0,14167.0,0.0,-834.0,13611.0,13928.714285714286,406.9503304195385
2026-07-21,NCT of Delhi,Delhi,APMC Azadpur,Hapus(Alphaso),10000.0,16667.0,13333.0,2026,7,21,202,1,30,13333.0,13333.0,14167.0,0.0,0.0,13333.0,13809.57142857143,445.7917515099241
2026-07-22,NCT of Delhi,Delhi,APMC Azadpur,Hapus(Alphaso),10000.0,16667.0,13333.0,2026,7,22,203,2,30,13333.0,13333.0,14167.0,0.0,0.0,13333.0,13690.42857142857,445.7917515099241
2026-07-23,NCT of Delhi,Delhi,APMC Azadpur,Hapus(Alphaso),10000.0,16667.0,13333.0,2026,7,23,204,3,30,13333.0,13333.0,14167.0,0.0,0.0,13333.0,13571.285714285714,406.9503304195385
2026-07-24,NCT of Delhi,Delhi,APMC Azadpur,Hapus(Alphaso),10000.0,16667.0,13333.0,2026,7,24,205,4,30,13333.0,13333.0,14167.0,0.0,0.0,13333.0,13452.142857142857,315.22237048969555
2026-07-25,NCT of Delhi,Delhi,APMC Azadpur,Hapus(Alphaso),10000.0,16667.0,13333.0,2026,7,25,206,5,30,13333.0,13333.0,13333.0,0.0,0.0,13333.0,13333.0,0.0
2026-07-27,NCT of Delhi,Delhi,APMC Azadpur,Hapus(Alphaso),10000.0,16667.0,13333.0,2026,7,27,208,0,31,13333.0,13333.0,13333.0,0.0,0.0,13333.0,13333.0,0.0
2026-07-28,NCT of Delhi,Delhi,APMC Azadpur,Hapus(Alphaso),10000.0,16667.0,13333.0,2026,7,28,209,1,31,13333.0,13333.0,13333.0,0.0,0.0,13333.0,13333.0,0.0
2026-07-29,NCT of Delhi,Delhi,APMC Azadpur,Hapus(Alphaso),10000.0,16667.0,13333.0,2026,7,29,210,2,31,13333.0,13333.0,13333.0,0.0,0.0,13333.0,13333.0,0.0
2026-07-18,NCT of Delhi,Delhi,APMC Azadpur,Keshar,2857.0,5000.0,3643.0,2026,7,18,199,5,29,3643.0,4286.0,4286.0,0.0,-643.0,3857.3333333333335,4102.285714285715,313.75187345295325
2026-07-20,NCT of Delhi,Delhi,APMC Azadpur,Keshar,2857.0,5000.0,3643.0,2026,7,20,201,0,30,3643.0,3643.0,4286.0,0.0,0.0,3643.0,4010.4285714285716,343.69795709937745
2026-07-21,NCT of Delhi,Delhi,APMC Azadpur,Keshar,2857.0,5714.0,3821.0,2026,7,21,202,1,30,3643.0,3643.0,4286.0,178.0,178.0,3643.0,3918.5714285714284,343.69795709937733
2026-07-22,NCT of Delhi,Delhi,APMC Azadpur,Keshar,2857.0,5714.0,3821.0,2026,7,22,203,2,30,3821.0,3643.0,4286.0,0.0,178.0,3702.3333333333335,3852.1428571428573,303.4240314430326
2026-07-23,NCT of Delhi,Delhi,APMC Azadpur,Keshar,2857.0,5714.0,3821.0,2026,7,23,204,3,30,3821.0,3643.0,4286.0,0.0,178.0,3761.6666666666665,3785.714285714286,236.02451446527948
2026-07-24,NCT of Delhi,Delhi,APMC Azadpur,Keshar,4286.0,7143.0,5429.0,2026,7,24,205,4,30,3821.0,3821.0,3643.0,1608.0,1608.0,3821.0,3719.285714285714,95.14500212081968
2026-07-25,NCT of Delhi,Delhi,APMC Azadpur,Keshar,4286.0,7143.0,5429.0,2026,7,25,206,5,30,5429.0,3821.0,3643.0,0.0,1608.0,4357.0,3974.4285714285716,647.5509908217928
2026-07-27,NCT of Delhi,Delhi,APMC Azadpur,Keshar,4286.0,7143.0,5429.0,2026,7,27,208,0,31,5429.0,3821.0,3643.0,0.0,1608.0,4893.0,4229.571428571428,823.2235130151183
2026-07-28,NCT of Delhi,Delhi,APMC Azadpur,Keshar,4286.0,7143.0,5429.0,2026,7,28,209,1,31,5429.0,5429.0,3643.0,0.0,0.0,5429.0,4484.714285714285,885.5374477844358
2026-07-29,NCT of Delhi,Delhi,APMC Azadpur,Keshar,4286.0,7143.0,5429.0,2026,7,29,210,2,31,5429.0,5429.0,3821.0,0.0,0.0,5429.0,4739.857142857143,859.5121539903579
2026-07-17,NCT of Delhi,Delhi,APMC Azadpur,Langra,2000.0,5000.0,3100.0,2026,7,17,198,4,29,3100.0,3600.0,3600.0,0.0,-500.0,3433.3333333333335,3528.5714285714284,188.98223650461358
2026-07-18,NCT of Delhi,Delhi,APMC Azadpur,Langra,2000.0,5000.0,3100.0,2026,7,18,199,5,29,3100.0,3600.0,3600.0,0.0,-500.0,3266.6666666666665,3457.1428571428573,243.9750182371332
2026-07-20,NCT of Delhi,Delhi,APMC Azadpur,Langra,2000.0,5000.0,3100.0,2026,7,20,201,0,30,3100.0,3100.0,3600.0,0.0,0.0,3100.0,3385.714285714286,267.2612419124242
2026-07-21,NCT of Delhi,Delhi,APMC Azadpur,Langra,2000.0,5000.0,3100.0,2026,7,21,202,1,30,3100.0,3100.0,3600.0,0.0,0.0,3100.0,3314.285714285714,267.2612419124241
2026-07-22,NCT of Delhi,Delhi,APMC Azadpur,Langra,2000.0,5000.0,3100.0,2026,7,22,203,2,30,3100.0,3100.0,3600.0,0.0,0.0,3100.0,3242.8571428571427,243.97501823713282
2026-07-23,NCT of Delhi,Delhi,APMC Azadpur,Langra,2000.0,5000.0,3100.0,2026,7,23,204,3,30,3100.0,3100.0,3600.0,0.0,0.0,3100.0,3171.4285714285716,188.9822365046127
2026-07-24,NCT of Delhi,Delhi,APMC Azadpur,Langra,4000.0,7000.0,5100.0,2026,7,24,205,4,30,3100.0,3100.0,3100.0,2000.0,2000.0,3100.0,3100.0,0.0
2026-07-25,NCT of Delhi,Delhi,APMC Azadpur,Langra,4000.0,7000.0,5100.0,2026,7,25,206,5,30,5100.0,3100.0,3100.0,0.0,2000.0,3766.6666666666665,3385.714285714286,755.9289460184544
2026-07-27,NCT of Delhi,Delhi,APMC Azadpur,Langra,5000.0,8000.0,6100.0,2026,7,27,208,0,31,5100.0,3100.0,3100.0,1000.0,3000.0,4433.333333333333,3671.4285714285716,975.9000729485332
2026-07-28,NCT of Delhi,Delhi,APMC Azadpur,Langra,5000.0,8000.0,6100.0,2026,7,28,209,1,31,6100.0,5100.0,3100.0,0.0,1000.0,5433.333333333333,4100.0,1290.9944487358055
2026-07-29,NCT of Delhi,Delhi,APMC Azadpur,Langra,5000.0,8000.0,6100.0,2026,7,29,210,2,31,6100.0,5100.0,3100.0,0.0,1000.0,5766.666666666667,4528.571428571428,1397.2762620115436
2026-07-17,NCT of Delhi,Delhi,APMC Azadpur,Safeda,2143.0,3571.0,3129.0,2026,7,17,198,4,29,3129.0,3714.0,3714.0,0.0,-585.0,3519.0,3630.4285714285716,221.10921671039796
2026-07-18,NCT of Delhi,Delhi,APMC Azadpur,Safeda,2143.0,3571.0,3129.0,2026,7,18,199,5,29,3129.0,3714.0,3714.0,0.0,-585.0,3324.0,3546.8571428571427,285.45077133744593
2026-07-20,NCT of Delhi,Delhi,APMC Azadpur,Safeda,2143.0,3571.0,3129.0,2026,7,20,201,0,30,3129.0,3129.0,3714.0,0.0,0.0,3129.0,3463.285714285714,312.69565303753654
2026-07-21,NCT of Delhi,Delhi,APMC Azadpur,Safeda,2143.0,10000.0,4307.0,2026,7,21,202,1,30,3129.0,3129.0,3714.0,1178.0,1178.0,3129.0,3379.714285714286,312.69565303753654
2026-07-22,NCT of Delhi,Delhi,APMC Azadpur,Safeda,3571.0,10000.0,4664.0,2026,7,22,203,2,30,4307.0,3129.0,3714.0,357.0,1535.0,3521.6666666666665,3464.4285714285716,462.699995368798
2026-07-23,NCT of Delhi,Delhi,APMC Azadpur,Safeda,3571.0,5714.0,3950.0,2026,7,23,204,3,30,4664.0,3129.0,3714.0,-714.0,821.0,4033.3333333333335,3600.1428571428573,649.6543769757958
2026-07-24,NCT of Delhi,Delhi,APMC Azadpur,Safeda,3571.0,5714.0,4450.0,2026,7,24,205,4,30,3950.0,4307.0,3129.0,500.0,143.0,4307.0,3633.8571428571427,662.5436912816715
2026-07-25,NCT of Delhi,Delhi,APMC Azadpur,Safeda,3571.0,5714.0,4450.0,2026,7,25,206,5,30,4450.0,4664.0,3129.0,0.0,-214.0,4354.666666666667,3822.5714285714284,682.6055125138424
2026-07-27,NCT of Delhi,Delhi,APMC Azadpur,Safeda,3571.0,5714.0,4950.0,2026,7,27,208,0,31,4450.0,3950.0,3129.0,500.0,1000.0,4283.333333333333,4011.285714285714,640.1868774781608
2026-07-28,NCT of Delhi,Delhi,APMC Azadpur,Safeda,3571.0,5714.0,4950.0,2026,7,28,209,1,31,4950.0,4450.0,3129.0,0.0,500.0,4616.666666666667,4271.428571428572,589.9253786547513
2026-07-29,NCT of Delhi,Delhi,APMC Azadpur,Safeda,3571.0,5714.0,4950.0,2026,7,29,210,2,31,4950.0,4450.0,4307.0,0.0,500.0,4783.333333333333,4531.571428571428,358.15911600984197
2026-07-17,NCT of Delhi,Delhi,APMC Azadpur,Saroli,1000.0,2000.0,1500.0,2026,7,17,198,4,29,1500.0,1500.0,1600.0,0.0,0.0,1500.0,1514.2857142857142,37.79644730092272
2026-07-18,NCT of Delhi,Delhi,APMC Azadpur,Saroli,1000.0,2000.0,1500.0,2026,7,18,199,5,29,1500.0,1500.0,1500.0,0.0,0.0,1500.0,1500.0,0.0
2026-07-20,NCT of Delhi,Delhi,APMC Azadpur,Saroli,1000.0,2000.0,1500.0,2026,7,20,201,0,30,1500.0,1500.0,1500.0,0.0,0.0,1500.0,1500.0,0.0
2026-07-21,NCT of Delhi,Delhi,APMC Azadpur,Saroli,1000.0,2000.0,1500.0,2026,7,21,202,1,30,1500.0,1500.0,1500.0,0.0,0.0,1500.0,1500.0,0.0
2026-07-22,NCT of Delhi,Delhi,APMC Azadpur,Saroli,1000.0,2000.0,1500.0,2026,7,22,203,2,30,1500.0,1500.0,1500.0,0.0,0.0,1500.0,1500.0,0.0
2026-07-23,NCT of Delhi,Delhi,APMC Azadpur,Saroli,1000.0,2000.0,1500.0,2026,7,23,204,3,30,1500.0,1500.0,1500.0,0.0,0.0,1500.0,1500.0,0.0
2026-07-24,NCT of Delhi,Delhi,APMC Azadpur,Saroli,1000.0,2000.0,1500.0,2026,7,24,205,4,30,1500.0,1500.0,1500.0,0.0,0.0,1500.0,1500.0,0.0
2026-07-25,NCT of Delhi,Delhi,APMC Azadpur,Saroli,1000.0,2000.0,1500.0,2026,7,25,206,5,30,1500.0,1500.0,1500.0,0.0,0.0,1500.0,1500.0,0.0
2026-07-27,NCT of Delhi,Delhi,APMC Azadpur,Saroli,1000.0,2000.0,1500.0,2026,7,27,208,0,31,1500.0,1500.0,1500.0,0.0,0.0,1500.0,1500.0,0.0
2026-07-28,NCT of Delhi,Delhi,APMC Azadpur,Saroli,1000.0,2000.0,1500.0,2026,7,28,209,1,31,1500.0,1500.0,1500.0,0.0,0.0,1500.0,1500.0,0.0
2026-07-29,NCT of Delhi,Delhi,APMC Azadpur,Saroli,1000.0,2000.0,1500.0,2026,7,29,210,2,31,1500.0,1500.0,1500.0,0.0,0.0,1500.0,1500.0,0.0
2026-07-17,NCT of Delhi,Delhi,APMC Azadpur,Surkha,2500.0,6000.0,4000.0,2026,7,17,198,4,29,4000.0,4500.0,4500.0,0.0,-500.0,4333.333333333333,4428.571428571428,188.98223650461358
2026-07-18,NCT of Delhi,Delhi,APMC Azadpur,Surkha,2500.0,6000.0,4000.0,2026,7,18,199,5,29,4000.0,4500.0,4500.0,0.0,-500.0,4166.666666666667,4357.142857142857,243.97501823713313
2026-07-20,NCT of Delhi,Delhi,APMC Azadpur,Surkha,2500.0,6000.0,4000.0,2026,7,20,201,0,30,4000.0,4000.0,4500.0,0.0,0.0,4000.0,4285.714285714285,267.26124191242417
2026-07-21,NCT of Delhi,Delhi,APMC Azadpur,Surkha,2500.0,6000.0,4000.0,2026,7,21,202,1,30,4000.0,4000.0,4500.0,0.0,0.0,4000.0,4214.285714285715,267.26124191242417
2026-07-22,NCT of Delhi,Delhi,APMC Azadpur,Surkha,2500.0,6000.0,4000.0,2026,7,22,203,2,30,4000.0,4000.0,4500.0,0.0,0.0,4000.0,4142.857142857143,243.97501823713313
2026-07-23,NCT of Delhi,Delhi,APMC Azadpur,Surkha,2500.0,6000.0,4000.0,2026,7,23,204,3,30,4000.0,4000.0,4500.0,0.0,0.0,4000.0,4071.4285714285716,188.9822365046135
2026-07-24,NCT of Delhi,Delhi,APMC Azadpur,Surkha,2500.0,6000.0,4000.0,2026,7,24,205,4,30,4000.0,4000.0,4000.0,0.0,0.0,4000.0,4000.0,0.0
2026-07-25,NCT of Delhi,Delhi,APMC Azadpur,Surkha,2500.0,6000.0,4000.0,2026,7,25,206,5,30,4000.0,4000.0,4000.0,0.0,0.0,4000.0,4000.0,0.0
2026-07-27,NCT of Delhi,Delhi,APMC Azadpur,Surkha,2500.0,6000.0,4000.0,2026,7,27,208,0,31,4000.0,4000.0,4000.0,0.0,0.0,4000.0,4000.0,0.0
2026-07-28,NCT of Delhi,Delhi,APMC Azadpur,Surkha,2500.0,6000.0,4000.0,2026,7,28,209,1,31,4000.0,4000.0,4000.0,0.0,0.0,4000.0,4000.0,0.0
2026-07-29,NCT of Delhi,Delhi,APMC Azadpur,Surkha,2500.0,6000.0,4000.0,2026,7,29,210,2,31,4000.0,4000.0,4000.0,0.0,0.0,4000.0,4000.0,0.0
2026-07-17,NCT of Delhi,Delhi,APMC Azadpur,Totapuri,2143.0,3214.0,2643.0,2026,7,17,198,4,29,2643.0,2857.0,2857.0,0.0,-214.0,2785.6666666666665,2826.4285714285716,80.88439722397464
2026-07-18,NCT of Delhi,Delhi,APMC Azadpur,Totapuri,2143.0,3214.0,2643.0,2026,7,18,199,5,29,2643.0,2857.0,2857.0,0.0,-214.0,2714.3333333333335,2795.8571428571427,104.42130780549314
2026-07-20,NCT of Delhi,Delhi,APMC Azadpur,Totapuri,2143.0,3214.0,2643.0,2026,7,20,201,0,30,2643.0,2643.0,2857.0,0.0,0.0,2643.0,2765.285714285714,114.38781153851781
2026-07-21,NCT of Delhi,Delhi,APMC Azadpur,Totapuri,2143.0,3214.0,2643.0,2026,7,21,202,1,30,2643.0,2643.0,2857.0,0.0,0.0,2643.0,2734.714285714286,114.38781153851794
2026-07-22,NCT of Delhi,Delhi,APMC Azadpur,Totapuri,2143.0,3214.0,2643.0,2026,7,22,203,2,30,2643.0,2643.0,2857.0,0.0,0.0,2643.0,2704.1428571428573,104.42130780549357
2026-07-23,NCT of Delhi,Delhi,APMC Azadpur,Totapuri,2143.0,3214.0,2643.0,2026,7,23,204,3,30,2643.0,2643.0,2857.0,0.0,0.0,2643.0,2673.5714285714284,80.8843972239756
2026-07-24,NCT of Delhi,Delhi,APMC Azadpur,Totapuri,2143.0,3214.0,2643.0,2026,7,24,205,4,30,2643.0,2643.0,2643.0,0.0,0.0,2643.0,2643.0,0.0
2026-07-25,NCT of Delhi,Delhi,APMC Azadpur,Totapuri,2143.0,3214.0,2643.0,2026,7,25,206,5,30,2643.0,2643.0,2643.0,0.0,0.0,2643.0,2643.0,0.0
2026-07-27,NCT of Delhi,Delhi,APMC Azadpur,Totapuri,2143.0,3214.0,2643.0,2026,7,27,208,0,31,2643.0,2643.0,2643.0,0.0,0.0,2643.0,2643.0,0.0
2026-07-28,NCT of Delhi,Delhi,APMC Azadpur,Totapuri,2143.0,3214.0,2643.0,2026,7,28,209,1,31,2643.0,2643.0,2643.0,0.0,0.0,2643.0,2643.0,0.0
2026-07-29,NCT of Delhi,Delhi,APMC Azadpur,Totapuri,2857.0,3929.0,3357.0,2026,7,29,210,2,31,2643.0,2643.0,2643.0,714.0,714.0,2643.0,2643.0,0.0
2026-07-20,NCT of Delhi,Delhi,APMC Keshopur,Other,4000.0,6000.0,5200.0,2026,7,20,201,0,30,6000.0,6000.0,5000.0,-800.0,-800.0,6000.0,5942.857142857143,596.8169536721257
2026-07-21,NCT of Delhi,Delhi,APMC Keshopur,Other,4000.0,6000.0,5100.0,2026,7,21,202,1,30,5200.0,6000.0,7000.0,-100.0,-900.0,5733.333333333333,5971.428571428572,546.8524655221179
2026-07-23,NCT of Delhi,Delhi,APMC Keshopur,Other,4000.0,7000.0,5600.0,2026,7,23,204,3,30,5100.0,6000.0,6000.0,500.0,-400.0,5433.333333333333,5700.0,404.1451884327375
2026-07-24,NCT of Delhi,Delhi,APMC Keshopur,Other,4000.0,6000.0,5500.0,2026,7,24,205,4,30,5600.0,5200.0,5600.0,-100.0,300.0,5300.0,5642.857142857143,382.3486317361102
2026-07-25,NCT of Delhi,Delhi,APMC Keshopur,Other,4000.0,6000.0,5200.0,2026,7,25,206,5,30,5500.0,5100.0,6000.0,-300.0,100.0,5400.0,5628.571428571428,386.0668582611287
2026-07-27,NCT of Delhi,Delhi,APMC Keshopur,Other,5000.0,8000.0,7000.0,2026,7,27,208,0,31,5200.0,5600.0,6000.0,1800.0,1400.0,5433.333333333333,5514.285714285715,376.06990231680396
2026-07-28,NCT of Delhi,Delhi,APMC Keshopur,Other,5000.0,8000.0,6500.0,2026,7,28,209,1,31,7000.0,5500.0,6000.0,-500.0,1000.0,5900.0,5657.142857142857,667.9749068568935
2026-07-17,Odisha,Gajapati,Kasinagar APMC,Badami,1800.0,2000.0,1900.0,2026,7,17,198,4,29,1900.0,1900.0,2400.0,0.0,0.0,1900.0,2042.857142857143,243.9750182371333
2026-07-18,Odisha,Gajapati,Kasinagar APMC,Badami,1800.0,2000.0,1900.0,2026,7,18,199,5,29,1900.0,1900.0,2400.0,0.0,0.0,1900.0,1971.4285714285713,188.98223650461352
2026-07-20,Odisha,Gajapati,Kasinagar APMC,Badami,1800.0,2000.0,1900.0,2026,7,20,201,0,30,1900.0,1900.0,1900.0,0.0,0.0,1900.0,1900.0,0.0
2026-07-21,Odisha,Gajapati,Kasinagar APMC,Badami,1800.0,2000.0,1900.0,2026,7,21,202,1,30,1900.0,1900.0,1900.0,0.0,0.0,1900.0,1900.0,0.0
2026-07-22,Odisha,Gajapati,Kasinagar APMC,Badami,180.0,2000.0,1900.0,2026,7,22,203,2,30,1900.0,1900.0,1900.0,0.0,0.0,1900.0,1900.0,0.0
2026-07-25,Odisha,Gajapati,Kasinagar APMC,Badami,1800.0,2000.0,1900.0,2026,7,25,206,5,30,1900.0,1900.0,1900.0,0.0,0.0,1900.0,1900.0,0.0
2026-07-27,Odisha,Gajapati,Kasinagar APMC,Badami,1800.0,2000.0,1900.0,2026,7,27,208,0,31,1900.0,1900.0,1900.0,0.0,0.0,1900.0,1900.0,0.0
2026-07-28,Odisha,Gajapati,Kasinagar APMC,Badami,1800.0,2000.0,1900.0,2026,7,28,209,1,31,1900.0,1900.0,1900.0,0.0,0.0,1900.0,1900.0,0.0
2026-07-29,Odisha,Gajapati,Kasinagar APMC,Badami,1800.0,2000.0,1900.0,2026,7,29,210,2,31,1900.0,1900.0,1900.0,0.0,0.0,1900.0,1900.0,0.0
2026-07-13,Odisha,Mayurbhanja,Narasinghpur APMC,Amrapali,3000.0,4000.0,3500.0,2026,7,13,194,0,29,3500.0,2500.0,2500.0,0.0,1000.0,3166.6666666666665,2857.1428571428573,475.5948656056709
2026-07-14,Odisha,Mayurbhanja,Narasinghpur APMC,Amrapali,3000.0,4000.0,3500.0,2026,7,14,195,1,29,3500.0,3500.0,2500.0,0.0,0.0,3500.0,3000.0,499.9999999999999
2026-07-15,Odisha,Mayurbhanja,Narasinghpur APMC,Amrapali,2500.0,3500.0,3000.0,2026,7,15,196,2,29,3500.0,3500.0,3000.0,-500.0,-500.0,3500.0,3142.8571428571427,475.59486560567063
2026-07-17,Odisha,Mayurbhanja,Narasinghpur APMC,Amrapali,2500.0,3500.0,3000.0,2026,7,17,198,4,29,3000.0,3500.0,2500.0,0.0,-500.0,3333.3333333333335,3142.8571428571427,475.59486560567063
2026-07-18,Odisha,Mayurbhanja,Narasinghpur APMC,Amrapali,2500.0,3500.0,3000.0,2026,7,18,199,5,29,3000.0,3500.0,2500.0,0.0,-500.0,3166.6666666666665,3214.285714285714,393.39789623472103
2026-07-20,Odisha,Mayurbhanja,Narasinghpur APMC,Amrapali,2500.0,3500.0,3000.0,2026,7,20,201,0,30,3000.0,3000.0,3500.0,0.0,0.0,3000.0,3285.714285714286,267.2612419124234
2026-07-21,Odisha,Mayurbhanja,Narasinghpur APMC,Amrapali,4000.0,5000.0,4500.0,2026,7,21,202,1,30,3000.0,3000.0,3500.0,1500.0,1500.0,3000.0,3214.285714285714,267.26124191242366
2026-07-22,Odisha,Mayurbhanja,Narasinghpur APMC,Amrapali,3000.0,5000.0,4000.0,2026,7,22,203,2,30,4500.0,3000.0,3500.0,-500.0,1000.0,3500.0,3357.1428571428573,556.3486402641861
2026-07-23,Odisha,Mayurbhanja,Narasinghpur APMC,Amrapali,3000.0,5000.0,4000.0,2026,7,23,204,3,30,4000.0,3000.0,3500.0,0.0,1000.0,3833.3333333333335,3428.5714285714284,607.492896293955
2026-07-24,Odisha,Mayurbhanja,Narasinghpur APMC,Amrapali,3000.0,5000.0,4000.0,2026,7,24,205,4,30,4000.0,4500.0,3000.0,0.0,-500.0,4166.666666666667,3500.0,645.4972243679019
2026-07-25,Odisha,Mayurbhanja,Narasinghpur APMC,Amrapali,3000.0,5000.0,4000.0,2026,7,25,206,5,30,4000.0,4000.0,3000.0,0.0,0.0,4000.0,3642.8571428571427,626.7831705280076
2026-07-26,Odisha,Mayurbhanja,Narasinghpur APMC,Amrapali,3000.0,5000.0,4000.0,2026,7,26,207,6,30,4000.0,4000.0,3000.0,0.0,0.0,4000.0,3785.714285714286,566.9467095138394
2026-07-27,Odisha,Mayurbhanja,Narasinghpur APMC,Amrapali,3000.0,5000.0,4000.0,2026,7,27,208,0,31,4000.0,4000.0,3000.0,0.0,0.0,4000.0,3928.5714285714284,449.8677054212165
2026-07-28,Odisha,Mayurbhanja,Narasinghpur APMC,Amrapali,3000.0,5000.0,4000.0,2026,7,28,209,1,31,4000.0,4000.0,4500.0,0.0,0.0,4000.0,4071.4285714285716,188.98223650460739
2026-07-29,Odisha,Mayurbhanja,Narasinghpur APMC,Amrapali,3000.0,5000.0,4000.0,2026,7,29,210,2,31,4000.0,4000.0,4000.0,0.0,0.0,4000.0,4000.0,0.0
2026-07-13,Odisha,Mayurbhanja,Narasinghpur APMC,Langra,3000.0,4000.0,3500.0,2026,7,13,194,0,29,3500.0,2500.0,2500.0,0.0,1000.0,3166.6666666666665,2785.714285714286,487.95003647426665
2026-07-14,Odisha,Mayurbhanja,Narasinghpur APMC,Langra,3000.0,4000.0,3500.0,2026,7,14,195,1,29,3500.0,3500.0,2500.0,0.0,0.0,3500.0,2928.5714285714284,534.5224838248488
2026-07-15,Odisha,Mayurbhanja,Narasinghpur APMC,Langra,2500.0,3500.0,3000.0,2026,7,15,196,2,29,3500.0,3500.0,2500.0,-500.0,-500.0,3500.0,3071.4285714285716,534.5224838248487
2026-07-17,Odisha,Mayurbhanja,Narasinghpur APMC,Langra,2500.0,3500.0,3000.0,2026,7,17,198,4,29,3000.0,3500.0,2500.0,0.0,-500.0,3333.3333333333335,3142.8571428571427,475.5948656056707
2026-07-18,Odisha,Mayurbhanja,Narasinghpur APMC,Langra,2500.0,3500.0,3000.0,2026,7,18,199,5,29,3000.0,3500.0,2500.0,0.0,-500.0,3166.6666666666665,3214.285714285714,393.39789623472114
2026-07-20,Odisha,Mayurbhanja,Narasinghpur APMC,Langra,2500.0,3500.0,3000.0,2026,7,20,201,0,30,3000.0,3000.0,3500.0,0.0,0.0,3000.0,3285.714285714286,267.26124191242343
2026-07-21,Odisha,Mayurbhanja,Narasinghpur APMC,Langra,4000.0,5000.0,4500.0,2026,7,21,202,1,30,3000.0,3000.0,3500.0,1500.0,1500.0,3000.0,3214.285714285714,267.2612419124237
2026-07-22,Odisha,Mayurbhanja,Narasinghpur APMC,Langra,3000.0,5000.0,4000.0,2026,7,22,203,2,30,4500.0,3000.0,3500.0,-500.0,1000.0,3500.0,3357.1428571428573,556.3486402641862
2026-07-23,Odisha,Mayurbhanja,Narasinghpur APMC,Langra,3000.0,5000.0,4000.0,2026,7,23,204,3,30,4000.0,3000.0,3500.0,0.0,1000.0,3833.3333333333335,3428.5714285714284,607.4928962939551
2026-07-24,Odisha,Mayurbhanja,Narasinghpur APMC,Langra,3000.0,5000.0,4000.0,2026,7,24,205,4,30,4000.0,4500.0,3000.0,0.0,-500.0,4166.666666666667,3500.0,645.497224367902
2026-07-25,Odisha,Mayurbhanja,Narasinghpur APMC,Langra,3000.0,5000.0,4000.0,2026,7,25,206,5,30,4000.0,4000.0,3000.0,0.0,0.0,4000.0,3642.8571428571427,626.7831705280076
2026-07-26,Odisha,Mayurbhanja,Narasinghpur APMC,Langra,3000.0,5000.0,4000.0,2026,7,26,207,6,30,4000.0,4000.0,3000.0,0.0,0.0,4000.0,3785.714285714286,566.9467095138396
2026-07-27,Odisha,Mayurbhanja,Narasinghpur APMC,Langra,3000.0,5000.0,4000.0,2026,7,27,208,0,31,4000.0,4000.0,3000.0,0.0,0.0,4000.0,3928.5714285714284,449.8677054212166
2026-07-28,Odisha,Mayurbhanja,Narasinghpur APMC,Langra,3000.0,5000.0,4000.0,2026,7,28,209,1,31,4000.0,4000.0,4500.0,0.0,0.0,4000.0,4071.4285714285716,188.98223650460758
2026-07-29,Odisha,Mayurbhanja,Narasinghpur APMC,Langra,3000.0,5000.0,4000.0,2026,7,29,210,2,31,4000.0,4000.0,4000.0,0.0,0.0,4000.0,4000.0,0.0
2026-07-16,Punjab,Bhatinda,Bathinda APMC,Other,5000.0,8000.0,7000.0,2026,7,16,197,3,29,7000.0,5000.0,5000.0,0.0,2000.0,6000.0,5714.285714285715,755.9289460184544
2026-07-23,Punjab,Bhatinda,Bathinda APMC,Other,6000.0,8000.0,8000.0,2026,7,23,204,3,30,7000.0,6000.0,5000.0,1000.0,2000.0,6666.666666666667,6000.0,816.4965809277257
2026-07-25,Punjab,Bhatinda,Bathinda APMC,Other,6000.0,8000.0,7000.0,2026,7,25,206,5,30,8000.0,7000.0,6000.0,-1000.0,0.0,7333.333333333333,6428.571428571428,975.9000729485325
2026-07-27,Punjab,Bhatinda,Bathinda APMC,Other,5000.0,7000.0,6000.0,2026,7,27,208,0,31,7000.0,7000.0,6000.0,-1000.0,-1000.0,7333.333333333333,6571.428571428572,975.9000729485323
2026-07-28,Punjab,Bhatinda,Bathinda APMC,Other,4000.0,6000.0,5000.0,2026,7,28,209,1,31,6000.0,8000.0,5000.0,-1000.0,-3000.0,7000.0,6571.428571428572,975.9000729485323
2026-07-29,Punjab,Bhatinda,Bathinda APMC,Other,4000.0,6000.0,5000.0,2026,7,29,210,2,31,5000.0,7000.0,6000.0,0.0,-2000.0,6000.0,6571.428571428572,975.9000729485323
2026-07-25,Punjab,Bhatinda,Bhagta Bhai Ka APMC,Other,3500.0,3500.0,3500.0,2026,7,25,206,5,30,3400.0,3200.0,3300.0,100.0,300.0,3433.3333333333335,3342.8571428571427,190.23794624226832
2026-07-27,Punjab,Bhatinda,Bhagta Bhai Ka APMC,Other,3300.0,3300.0,3300.0,2026,7,27,208,0,31,3500.0,3700.0,3100.0,-200.0,-400.0,3533.3333333333335,3371.4285714285716,197.6047040118706
2026-07-28,Punjab,Bhatinda,Bhagta Bhai Ka APMC,Other,3600.0,3600.0,3600.0,2026,7,28,209,1,31,3300.0,3400.0,3300.0,300.0,200.0,3400.0,3400.0,163.2993161855449
2026-07-29,Punjab,Bhatinda,Bhagta Bhai Ka APMC,Other,3700.0,3700.0,3700.0,2026,7,29,210,2,31,3600.0,3500.0,3400.0,100.0,200.0,3466.6666666666665,3442.8571428571427,171.82493859684453
2026-07-28,Punjab,Bhatinda,Rampuraphul(Nabha Mandi) APMC,Other,4000.0,9000.0,7000.0,2026,7,28,209,1,31,6000.0,6000.0,5000.0,1000.0,1000.0,6000.0,5857.142857142857,377.9644730092272
2026-07-29,Punjab,Bhatinda,Rampuraphul(Nabha Mandi) APMC,Other,4000.0,8000.0,6000.0,2026,7,29,210,2,31,7000.0,6000.0,6000.0,-1000.0,0.0,6333.333333333333,6142.857142857143,377.96447300922716
2026-07-16,Punjab,Fazilka,Fazilka APMC,Other,7000.0,7000.0,7000.0,2026,7,16,197,3,29,7000.0,7000.0,6000.0,0.0,0.0,7000.0,6857.142857142857,377.9644730092272
2026-07-17,Punjab,Fazilka,Fazilka APMC,Other,7000.0,7000.0,7000.0,2026,7,17,198,4,29,7000.0,7000.0,7000.0,0.0,0.0,7000.0,7000.0,0.0
2026-07-20,Punjab,Fazilka,Fazilka APMC,Other,7000.0,7000.0,7000.0,2026,7,20,201,0,30,7000.0,7000.0,7000.0,0.0,0.0,7000.0,7000.0,0.0
2026-07-22,Punjab,Fazilka,Fazilka APMC,Other,7000.0,7000.0,7000.0,2026,7,22,203,2,30,7000.0,7000.0,7000.0,0.0,0.0,7000.0,7000.0,0.0
2026-07-23,Punjab,Fazilka,Fazilka APMC,Other,7000.0,7000.0,7000.0,2026,7,23,204,3,30,7000.0,7000.0,7000.0,0.0,0.0,7000.0,7000.0,0.0
2026-07-24,Punjab,Fazilka,Fazilka APMC,Other,7000.0,7000.0,7000.0,2026,7,24,205,4,30,7000.0,7000.0,7000.0,0.0,0.0,7000.0,7000.0,0.0
2026-07-27,Punjab,Fazilka,Fazilka APMC,Other,7000.0,7000.0,7000.0,2026,7,27,208,0,31,7000.0,7000.0,7000.0,0.0,0.0,7000.0,7000.0,0.0
2026-07-28,Punjab,Fazilka,Fazilka APMC,Other,7000.0,7000.0,7000.0,2026,7,28,209,1,31,7000.0,7000.0,7000.0,0.0,0.0,7000.0,7000.0,0.0
2026-07-29,Punjab,Fazilka,Fazilka APMC,Other,7000.0,7000.0,7000.0,2026,7,29,210,2,31,7000.0,7000.0,7000.0,0.0,0.0,7000.0,7000.0,0.0
2026-07-17,Punjab,Fazilka,Jalalabad APMC,Other,5500.0,6000.0,5700.0,2026,7,17,198,4,29,5700.0,5700.0,7200.0,0.0,0.0,5400.0,6000.0,1236.9316876852981
2026-07-20,Punjab,Fazilka,Jalalabad APMC,Other,4500.0,5000.0,4700.0,2026,7,20,201,0,30,5700.0,4800.0,7200.0,-1000.0,-100.0,5400.0,5785.714285714285,1118.6726828829653
2026-07-21,Punjab,Fazilka,Jalalabad APMC,Other,4500.0,5000.0,4700.0,2026,7,21,202,1,30,4700.0,5700.0,7200.0,0.0,-1000.0,5366.666666666667,5428.571428571428,982.7076298239907
2026-07-22,Punjab,Fazilka,Jalalabad APMC,Other,4500.0,5000.0,4700.0,2026,7,22,203,2,30,4700.0,5700.0,4200.0,0.0,-1000.0,5033.333333333333,5071.428571428572,618.3695920571711
2026-07-23,Punjab,Fazilka,Jalalabad APMC,Other,4800.0,5200.0,5000.0,2026,7,23,204,3,30,4700.0,4700.0,5700.0,300.0,300.0,4700.0,5142.857142857143,522.3572942509204
2026-07-24,Punjab,Fazilka,Jalalabad APMC,Other,5000.0,5500.0,5200.0,2026,7,24,205,4,30,5000.0,4700.0,4800.0,200.0,500.0,4800.0,5042.857142857143,461.364436055861
2026-07-27,Punjab,Fazilka,Jalalabad APMC,Other,5500.0,6000.0,5700.0,2026,7,27,208,0,31,5200.0,4700.0,5700.0,500.0,1000.0,4966.666666666667,5100.0,450.9249752822891
2026-07-28,Punjab,Fazilka,Jalalabad APMC,Other,4700.0,5000.0,4800.0,2026,7,28,209,1,31,5700.0,5000.0,5700.0,-900.0,-200.0,5300.0,5100.0,450.9249752822891
2026-07-29,Punjab,Fazilka,Jalalabad APMC,Other,5000.0,5500.0,5200.0,2026,7,29,210,2,31,4800.0,5200.0,4700.0,400.0,0.0,5233.333333333333,4971.428571428572,372.89089429432175
2026-07-22,Punjab,Ferozpur,Zira APMC,Chausa,4500.0,4500.0,4500.0,2026,7,22,203,2,30,4700.0,4800.0,4700.0,-200.0,-300.0,4800.0,4771.428571428572,95.1189731211342
2026-07-23,Punjab,Ferozpur,Zira APMC,Chausa,4600.0,4600.0,4600.0,2026,7,23,204,3,30,4500.0,4900.0,4700.0,100.0,-300.0,4700.0,4742.857142857143,139.7276262011545
2026-07-25,Punjab,Ferozpur,Zira APMC,Chausa,5200.0,5200.0,5200.0,2026,7,25,206,5,30,4600.0,4700.0,4700.0,600.0,500.0,4600.0,4728.571428571428,149.60264830861922
2026-07-27,Punjab,Ferozpur,Zira APMC,Chausa,4900.0,4900.0,4900.0,2026,7,27,208,0,31,5200.0,4500.0,4900.0,-300.0,400.0,4766.666666666667,4800.0,230.9401076758504
2026-07-28,Punjab,Ferozpur,Zira APMC,Chausa,5000.0,5000.0,5000.0,2026,7,28,209,1,31,4900.0,4600.0,4800.0,100.0,400.0,4900.0,4800.0,230.9401076758504
2026-07-29,Punjab,Ferozpur,Zira APMC,Chausa,4900.0,4900.0,4900.0,2026,7,29,210,2,31,5000.0,5200.0,4900.0,-100.0,-300.0,5033.333333333333,4828.571428571428,242.99715851758248
2026-07-24,Punjab,Gurdaspur,Gurdaspur APMC,Other,5000.0,5000.0,5000.0,2026,7,24,205,4,30,4800.0,4800.0,4800.0,200.0,200.0,4800.0,4757.142857142857,113.38934190276818
2026-07-25,Punjab,Gurdaspur,Gurdaspur APMC,Other,4700.0,4700.0,4700.0,2026,7,25,206,5,30,5000.0,4800.0,4500.0,-300.0,-100.0,4866.666666666667,4785.714285714285,146.38501094228005
2026-07-27,Punjab,Gurdaspur,Gurdaspur APMC,Other,5000.0,5000.0,5000.0,2026,7,27,208,0,31,4700.0,4800.0,4800.0,300.0,200.0,4833.333333333333,4814.285714285715,89.97354108424393
2026-07-28,Punjab,Gurdaspur,Gurdaspur APMC,Other,4650.0,4650.0,4650.0,2026,7,28,209,1,31,5000.0,5000.0,4800.0,-350.0,-350.0,4900.0,4842.857142857143,113.38934190276849
2026-07-29,Punjab,Gurdaspur,Gurdaspur APMC,Other,4600.0,4600.0,4600.0,2026,7,29,210,2,31,4650.0,4700.0,4800.0,-50.0,-100.0,4783.333333333333,4821.428571428572,134.96031162636572
2026-07-17,Punjab,Gurdaspur,Quadian APMC,Other,4000.0,4200.0,4100.0,2026,7,17,198,4,29,4300.0,4300.0,4300.0,-200.0,-200.0,4300.0,4328.571428571428,75.59289460184547
2026-07-18,Punjab,Gurdaspur,Quadian APMC,Other,4200.0,4400.0,4300.0,2026,7,18,199,5,29,4100.0,4300.0,4500.0,200.0,0.0,4233.333333333333,4300.0,115.47005383792514
2026-07-20,Punjab,Gurdaspur,Quadian APMC,Other,4200.0,4400.0,4300.0,2026,7,20,201,0,30,4300.0,4300.0,4300.0,0.0,0.0,4233.333333333333,4271.428571428572,75.59289460184547
2026-07-21,Punjab,Gurdaspur,Quadian APMC,Other,3800.0,4000.0,3900.0,2026,7,21,202,1,30,4300.0,4100.0,4300.0,-400.0,-200.0,4233.333333333333,4271.428571428572,75.59289460184547
2026-07-22,Punjab,Gurdaspur,Quadian APMC,Other,4000.0,4200.0,4100.0,2026,7,22,203,2,30,3900.0,4300.0,4300.0,200.0,-200.0,4166.666666666667,4214.285714285715,157.35915849388877
2026-07-23,Punjab,Gurdaspur,Quadian APMC,Other,4800.0,5000.0,4900.0,2026,7,23,204,3,30,4100.0,4300.0,4300.0,800.0,600.0,4100.0,4185.714285714285,157.35915849388877
2026-07-24,Punjab,Gurdaspur,Quadian APMC,Other,4300.0,4500.0,4400.0,2026,7,24,205,4,30,4900.0,3900.0,4300.0,-500.0,500.0,4300.0,4271.428571428572,314.71831698777754
2026-07-25,Punjab,Gurdaspur,Quadian APMC,Other,4400.0,4600.0,4500.0,2026,7,25,206,5,30,4400.0,4100.0,4100.0,100.0,400.0,4466.666666666667,4285.714285714285,318.47852585154254
2026-07-16,Punjab,Hoshiarpur,Garh Shankar APMC,Other,4000.0,4000.0,4000.0,2026,7,16,197,3,29,3500.0,3500.0,3000.0,500.0,500.0,3500.0,3314.285714285714,241.0295378065479
2026-07-17,Punjab,Hoshiarpur,Garh Shankar APMC,Other,3500.0,3500.0,3500.0,2026,7,17,198,4,29,4000.0,3500.0,3000.0,-500.0,0.0,3666.6666666666665,3457.1428571428573,310.14589500826264
2026-07-20,Punjab,Hoshiarpur,Garh Shankar APMC,Other,3500.0,3500.0,3500.0,2026,7,20,201,0,30,3500.0,3500.0,3500.0,0.0,0.0,3666.6666666666665,3528.5714285714284,236.03873774083317
2026-07-21,Punjab,Hoshiarpur,Garh Shankar APMC,Other,3600.0,3600.0,3600.0,2026,7,21,202,1,30,3500.0,4000.0,3200.0,100.0,-400.0,3666.6666666666665,3528.5714285714284,236.03873774083317
2026-07-22,Punjab,Hoshiarpur,Garh Shankar APMC,Other,3500.0,3500.0,3500.0,2026,7,22,203,2,30,3600.0,3500.0,3500.0,-100.0,0.0,3533.3333333333335,3585.714285714286,186.44544714716122
2026-07-24,Punjab,Hoshiarpur,Garh Shankar APMC,Other,4000.0,4000.0,4000.0,2026,7,24,205,4,30,3500.0,3500.0,3500.0,500.0,500.0,3533.3333333333335,3585.714285714286,186.44544714716122
2026-07-27,Punjab,Hoshiarpur,Garh Shankar APMC,Other,4500.0,4500.0,4500.0,2026,7,27,208,0,31,4000.0,3600.0,3500.0,500.0,900.0,3700.0,3657.1428571428573,237.04530408864122
2026-07-29,Punjab,Hoshiarpur,Garh Shankar APMC,Other,4500.0,4500.0,4500.0,2026,7,29,210,2,31,4500.0,3500.0,4000.0,0.0,1000.0,4000.0,3800.0,382.97084310253564
2026-07-24,Punjab,Hoshiarpur,Garh Shankar(Mahalpur) APMC,Dusheri,5200.0,5200.0,5200.0,2026,7,24,205,4,30,5000.0,6000.0,5000.0,200.0,-800.0,5333.333333333333,5500.0,499.9999999999999
2026-07-27,Punjab,Hoshiarpur,Garh Shankar(Mahalpur) APMC,Dusheri,5500.0,5500.0,5500.0,2026,7,27,208,0,31,5200.0,5000.0,6000.0,300.0,500.0,5066.666666666667,5528.571428571428,471.5728494951255
2026-07-28,Punjab,Hoshiarpur,Garh Shankar(Mahalpur) APMC,Dusheri,5500.0,5500.0,5500.0,2026,7,28,209,1,31,5500.0,5000.0,5500.0,0.0,500.0,5233.333333333333,5457.142857142857,423.7025012007947
2026-07-29,Punjab,Hoshiarpur,Garh Shankar(Mahalpur) APMC,Dusheri,5000.0,5000.0,5000.0,2026,7,29,210,2,31,5500.0,5200.0,6000.0,-500.0,-200.0,5400.0,5457.142857142857,423.7025012007947
2026-07-24,Punjab,Hoshiarpur,Mukerian APMC,Dusheri,2500.0,3500.0,3000.0,2026,7,24,205,4,30,3500.0,3000.0,3500.0,-500.0,0.0,3333.3333333333335,3428.5714285714284,345.03277967117714
2026-07-27,Punjab,Hoshiarpur,Mukerian APMC,Dusheri,2000.0,3000.0,2500.0,2026,7,27,208,0,31,3000.0,3500.0,3500.0,-500.0,-1000.0,3333.3333333333335,3357.1428571428573,377.9644730092272
2026-07-20,Punjab,Hoshiarpur,Tanda Urmur APMC,Other,5000.0,6000.0,5500.0,2026,7,20,201,0,30,5200.0,5500.0,4500.0,300.0,0.0,5400.0,5242.857142857143,382.3486317361109
2026-07-21,Punjab,Hoshiarpur,Tanda Urmur APMC,Other,5000.0,6000.0,5500.0,2026,7,21,202,1,30,5500.0,5500.0,5000.0,0.0,0.0,5400.0,5385.714285714285,203.54009783964275
2026-07-22,Punjab,Hoshiarpur,Tanda Urmur APMC,Other,5000.0,6000.0,5500.0,2026,7,22,203,2,30,5500.0,5200.0,5500.0,0.0,300.0,5400.0,5457.142857142857,113.38934190276728
2026-07-23,Punjab,Hoshiarpur,Tanda Urmur APMC,Other,5000.0,6000.0,5500.0,2026,7,23,204,3,30,5500.0,5500.0,5500.0,0.0,0.0,5500.0,5457.142857142857,113.38934190276728
2026-07-24,Punjab,Hoshiarpur,Tanda Urmur APMC,Other,5000.0,6000.0,5500.0,2026,7,24,205,4,30,5500.0,5500.0,5500.0,0.0,0.0,5500.0,5457.142857142857,113.38934190276728
2026-07-16,Punjab,Hoshiarpur,Tanda Urmur APMC,Totapuri,4000.0,5000.0,4500.0,2026,7,16,197,3,29,4500.0,4500.0,4000.0,0.0,0.0,4500.0,4357.142857142857,243.97501823713327
2026-07-17,Punjab,Hoshiarpur,Tanda Urmur APMC,Totapuri,4000.0,4500.0,4200.0,2026,7,17,198,4,29,4500.0,4500.0,4000.0,-300.0,-300.0,4500.0,4428.571428571428,188.98223650461372
2026-07-20,Punjab,Hoshiarpur,Tanda Urmur APMC,Totapuri,4000.0,5000.0,4500.0,2026,7,20,201,0,30,4200.0,4500.0,4500.0,300.0,0.0,4400.0,4457.142857142857,113.38934190276812
2026-07-21,Punjab,Hoshiarpur,Tanda Urmur APMC,Totapuri,4000.0,4500.0,4200.0,2026,7,21,202,1,30,4500.0,4500.0,4500.0,-300.0,-300.0,4400.0,4457.142857142857,113.38934190276812
2026-07-22,Punjab,Hoshiarpur,Tanda Urmur APMC,Totapuri,4000.0,5000.0,4500.0,2026,7,22,203,2,30,4200.0,4200.0,4500.0,300.0,300.0,4300.0,4414.285714285715,146.38501094228
2026-07-23,Punjab,Hoshiarpur,Tanda Urmur APMC,Totapuri,4000.0,5000.0,4500.0,2026,7,23,204,3,30,4500.0,4500.0,4500.0,0.0,0.0,4400.0,4414.285714285715,146.38501094228
2026-07-24,Punjab,Hoshiarpur,Tanda Urmur APMC,Totapuri,4500.0,5500.0,5000.0,2026,7,24,205,4,30,4500.0,4200.0,4500.0,500.0,800.0,4400.0,4414.285714285715,146.38501094228
2026-07-25,Punjab,Hoshiarpur,Tanda Urmur APMC,Totapuri,4000.0,5000.0,4500.0,2026,7,25,206,5,30,5000.0,4500.0,4500.0,-500.0,0.0,4666.666666666667,4485.714285714285,267.26124191242445
2026-07-27,Punjab,Hoshiarpur,Tanda Urmur APMC,Totapuri,4000.0,5000.0,4500.0,2026,7,27,208,0,31,4500.0,4500.0,4200.0,0.0,0.0,4666.666666666667,4485.714285714285,267.26124191242445
2026-07-28,Punjab,Hoshiarpur,Tanda Urmur APMC,Totapuri,4000.0,5000.0,4500.0,2026,7,28,209,1,31,4500.0,5000.0,4500.0,0.0,-500.0,4666.666666666667,4528.571428571428,236.0387377408331
2026-07-29,Punjab,Hoshiarpur,Tanda Urmur APMC,Totapuri,4000.0,5000.0,4500.0,2026,7,29,210,2,31,4500.0,4500.0,4200.0,0.0,0.0,4500.0,4528.571428571428,236.0387377408331
2026-07-16,Punjab,Jalandhar,Jalandhar City(Jalandhar) APMC,Other,2000.0,5500.0,4200.0,2026,7,16,197,3,29,4000.0,4000.0,4000.0,200.0,200.0,3933.3333333333335,3842.8571428571427,161.83471874253746
2026-07-17,Punjab,Jalandhar,Jalandhar City(Jalandhar) APMC,Other,2100.0,5200.0,4000.0,2026,7,17,198,4,29,4200.0,3800.0,3800.0,-200.0,200.0,4000.0,3871.4285714285716,205.86634591635521
2026-07-20,Punjab,Jalandhar,Jalandhar City(Jalandhar) APMC,Other,2000.0,5500.0,4500.0,2026,7,20,201,0,30,4000.0,4000.0,3700.0,500.0,500.0,4066.6666666666665,3900.0,208.1665999466134
2026-07-21,Punjab,Jalandhar,Jalandhar City(Jalandhar) APMC,Other,2100.0,5000.0,3800.0,2026,7,21,202,1,30,4500.0,4200.0,3600.0,-700.0,-400.0,4233.333333333333,4014.285714285714,285.35691936340277
2026-07-22,Punjab,Jalandhar,Jalandhar City(Jalandhar) APMC,Other,2000.0,5200.0,3700.0,2026,7,22,203,2,30,3800.0,4000.0,4000.0,-100.0,-300.0,4100.0,4042.8571428571427,243.97501823713353
2026-07-23,Punjab,Jalandhar,Jalandhar City(Jalandhar) APMC,Other,2100.0,5000.0,3800.0,2026,7,23,204,3,30,3700.0,4500.0,3800.0,100.0,-700.0,4000.0,4000.0,276.88746209726935
2026-07-24,Punjab,Jalandhar,Jalandhar City(Jalandhar) APMC,Other,2000.0,5200.0,3700.0,2026,7,24,205,4,30,3800.0,3800.0,4000.0,-100.0,-100.0,3766.6666666666665,4000.0,276.88746209726935
2026-07-27,Punjab,Jalandhar,Jalandhar City(Jalandhar) APMC,Other,2100.0,5800.0,4500.0,2026,7,27,208,0,31,3700.0,3700.0,4200.0,800.0,800.0,3733.3333333333335,3957.1428571428573,299.20529661723845
2026-07-28,Punjab,Jalandhar,Jalandhar City(Jalandhar) APMC,Other,2000.0,5500.0,4200.0,2026,7,28,209,1,31,4500.0,3800.0,4000.0,-300.0,400.0,4000.0,4000.0,355.90260840104384
2026-07-29,Punjab,Jalandhar,Jalandhar City(Jalandhar) APMC,Other,2100.0,5200.0,4000.0,2026,7,29,210,2,31,4200.0,3700.0,4500.0,-200.0,300.0,4133.333333333333,4028.5714285714284,363.8419332360585
2026-07-17,Punjab,Ludhiana,Khanna APMC,Safeda,5000.0,5000.0,5000.0,2026,7,17,198,4,29,5000.0,5000.0,5000.0,0.0,0.0,5000.0,5000.0,0.0
2026-07-18,Punjab,Ludhiana,Khanna APMC,Safeda,5000.0,5000.0,5000.0,2026,7,18,199,5,29,5000.0,5000.0,5000.0,0.0,0.0,5000.0,5000.0,0.0
2026-07-22,Punjab,Ludhiana,Khanna APMC,Safeda,5000.0,5000.0,5000.0,2026,7,22,203,2,30,5000.0,5000.0,5000.0,0.0,0.0,5000.0,5000.0,0.0
2026-07-23,Punjab,Ludhiana,Khanna APMC,Safeda,5000.0,5000.0,5000.0,2026,7,23,204,3,30,5000.0,5000.0,5000.0,0.0,0.0,5000.0,5000.0,0.0
2026-07-28,Punjab,Ludhiana,Khanna APMC,Safeda,5000.0,5000.0,5000.0,2026,7,28,209,1,31,5000.0,5000.0,5000.0,0.0,0.0,5000.0,5000.0,0.0
2026-07-14,Punjab,Ludhiana,Ludhiana APMC,Other,2000.0,5500.0,3000.0,2026,7,14,195,1,29,3500.0,3500.0,3500.0,-500.0,-500.0,3333.3333333333335,3428.5714285714284,188.98223650461358
2026-07-15,Punjab,Ludhiana,Ludhiana APMC,Other,2000.0,6000.0,3000.0,2026,7,15,196,2,29,3000.0,3000.0,3500.0,0.0,0.0,3166.6666666666665,3357.1428571428573,243.9750182371332
2026-07-16,Punjab,Ludhiana,Ludhiana APMC,Other,2000.0,5000.0,3000.0,2026,7,16,197,3,29,3000.0,3500.0,3500.0,0.0,-500.0,3166.6666666666665,3285.714285714286,267.2612419124242
2026-07-17,Punjab,Ludhiana,Ludhiana APMC,Other,2000.0,5000.0,3000.0,2026,7,17,198,4,29,3000.0,3000.0,3500.0,0.0,0.0,3000.0,3214.285714285714,267.2612419124241
2026-07-18,Punjab,Ludhiana,Ludhiana APMC,Other,2000.0,6000.0,3000.0,2026,7,18,199,5,29,3000.0,3000.0,3500.0,0.0,0.0,3000.0,3142.8571428571427,243.97501823713282
2026-07-20,Punjab,Ludhiana,Ludhiana APMC,Other,2000.0,5500.0,3000.0,2026,7,20,201,0,30,3000.0,3000.0,3000.0,0.0,0.0,3000.0,3071.4285714285716,188.9822365046127
2026-07-21,Punjab,Ludhiana,Ludhiana APMC,Other,2000.0,6000.0,3000.0,2026,7,21,202,1,30,3000.0,3000.0,3500.0,0.0,0.0,3000.0,3071.4285714285716,188.9822365046127
2026-07-22,Punjab,Ludhiana,Ludhiana APMC,Other,2000.0,5000.0,3000.0,2026,7,22,203,2,30,3000.0,3000.0,3000.0,0.0,0.0,3000.0,3000.0,0.0
2026-07-23,Punjab,Ludhiana,Ludhiana APMC,Other,2000.0,4500.0,3000.0,2026,7,23,204,3,30,3000.0,3000.0,3000.0,0.0,0.0,3000.0,3000.0,0.0
2026-07-24,Punjab,Ludhiana,Ludhiana APMC,Other,2000.0,5000.0,3000.0,2026,7,24,205,4,30,3000.0,3000.0,3000.0,0.0,0.0,3000.0,3000.0,0.0
2026-07-25,Punjab,Ludhiana,Ludhiana APMC,Other,2000.0,5000.0,3000.0,2026,7,25,206,5,30,3000.0,3000.0,3000.0,0.0,0.0,3000.0,3000.0,0.0
2026-07-27,Punjab,Ludhiana,Ludhiana APMC,Other,2000.0,5000.0,3000.0,2026,7,27,208,0,31,3000.0,3000.0,3000.0,0.0,0.0,3000.0,3000.0,0.0
2026-07-28,Punjab,Ludhiana,Ludhiana APMC,Other,2000.0,5500.0,3000.0,2026,7,28,209,1,31,3000.0,3000.0,3000.0,0.0,0.0,3000.0,3000.0,0.0
2026-07-29,Punjab,Ludhiana,Ludhiana APMC,Other,2000.0,6000.0,3000.0,2026,7,29,210,2,31,3000.0,3000.0,3000.0,0.0,0.0,3000.0,3000.0,0.0
2026-07-25,Punjab,Ludhiana,Raikot APMC,Chausa,5380.0,5380.0,5380.0,2026,7,25,206,5,30,5420.0,5450.0,5350.0,-40.0,-70.0,5416.666666666667,5302.857142857143,134.12858081138498
2026-07-27,Punjab,Ludhiana,Raikot APMC,Chausa,5430.0,5430.0,5430.0,2026,7,27,208,0,31,5380.0,5380.0,5270.0,50.0,50.0,5393.333333333333,5307.142857142857,136.34689651941568
2026-07-28,Punjab,Ludhiana,Raikot APMC,Chausa,5460.0,5460.0,5460.0,2026,7,28,209,1,31,5430.0,5420.0,5120.0,30.0,40.0,5410.0,5330.0,142.36104336041788
2026-07-29,Punjab,Ludhiana,Raikot APMC,Chausa,5460.0,5460.0,5460.0,2026,7,29,210,2,31,5460.0,5380.0,5130.0,0.0,80.0,5423.333333333333,5378.571428571428,113.93398255548072
2026-07-29,Punjab,Mansa,Mansa APMC,Other,4700.0,4700.0,4700.0,2026,7,29,210,2,31,4730.0,4700.0,4800.0,-30.0,0.0,4700.0,4760.0,59.16079783099617
2026-07-28,Punjab,Moga,Baghapurana APMC,Dusheri,4000.0,6000.0,5000.0,2026,7,28,209,1,31,4000.0,5000.0,4000.0,1000.0,0.0,4166.666666666667,4214.285714285715,566.9467095138409
2026-07-17,Punjab,Mohali,Kharar APMC,Other,2000.0,5000.0,2500.0,2026,7,17,198,4,29,2500.0,3500.0,2500.0,0.0,-1000.0,2833.3333333333335,2857.1428571428573,475.5948656056709
2026-07-21,Punjab,Mohali,Kharar APMC,Other,3000.0,6000.0,3500.0,2026,7,21,202,1,30,2500.0,2500.0,2500.0,1000.0,1000.0,2500.0,2857.1428571428573,475.5948656056709
2026-07-22,Punjab,Mohali,Kharar APMC,Other,2000.0,5000.0,4000.0,2026,7,22,203,2,30,3500.0,2500.0,3000.0,500.0,1500.0,2833.3333333333335,3000.0,500.00000000000006
2026-07-23,Punjab,Mohali,Kharar APMC,Other,2000.0,4000.0,3000.0,2026,7,23,204,3,30,4000.0,2500.0,3500.0,-1000.0,500.0,3333.3333333333335,3142.8571428571427,626.7831705280088
2026-07-24,Punjab,Mohali,Kharar APMC,Other,2000.0,4000.0,3000.0,2026,7,24,205,4,30,3000.0,3500.0,3500.0,0.0,-500.0,3500.0,3071.4285714285716,607.4928962939559
2026-07-28,Punjab,Mohali,Kharar APMC,Other,2500.0,4500.0,3000.0,2026,7,28,209,1,31,3000.0,4000.0,2500.0,0.0,-1000.0,3333.3333333333335,3000.0,577.3502691896258
2026-07-29,Punjab,Mohali,Kharar APMC,Other,2500.0,4500.0,3000.0,2026,7,29,210,2,31,3000.0,3000.0,2500.0,0.0,0.0,3000.0,3071.4285714285716,534.5224838248489
2026-07-22,Punjab,Nawanshahr,Nawan Shahar(Subzi Mandi) APMC,Other,6000.0,7000.0,6600.0,2026,7,22,203,2,30,6500.0,6800.0,2800.0,100.0,-200.0,6633.333333333333,5971.428571428572,1412.6975209556665
2026-07-24,Punjab,Nawanshahr,Nawan Shahar(Subzi Mandi) APMC,Other,5000.0,6000.0,5600.0,2026,7,24,205,4,30,6600.0,6600.0,6200.0,-1000.0,-1000.0,6566.666666666667,6514.285714285715,203.54009783964284
2026-07-27,Punjab,Nawanshahr,Nawan Shahar(Subzi Mandi) APMC,Other,6000.0,7000.0,6600.0,2026,7,27,208,0,31,5600.0,6500.0,6300.0,1000.0,100.0,6233.333333333333,6428.571428571428,394.606494769518
2026-07-28,Punjab,Nawanshahr,Nawan Shahar(Subzi Mandi) APMC,Other,6000.0,7000.0,6600.0,2026,7,28,209,1,31,6600.0,6600.0,6600.0,0.0,0.0,6266.666666666667,6471.428571428572,394.606494769518
2026-07-29,Punjab,Nawanshahr,Nawan Shahar(Subzi Mandi) APMC,Other,6000.0,7000.0,6600.0,2026,7,29,210,2,31,6600.0,5600.0,6800.0,0.0,1000.0,6266.666666666667,6471.428571428572,394.606494769518
2026-07-20,Punjab,Patiala,Nabha APMC,Other,2500.0,5000.0,3300.0,2026,7,20,201,0,30,3500.0,3800.0,2800.0,-200.0,-500.0,3633.3333333333335,3585.714285714286,380.47589248453676
2026-07-22,Punjab,Patiala,Nabha APMC,Other,3000.0,6500.0,5300.0,2026,7,22,203,2,30,3300.0,3600.0,4000.0,2000.0,1700.0,3466.6666666666665,3657.1428571428573,222.53945610567465
2026-07-23,Punjab,Patiala,Nabha APMC,Other,2700.0,5000.0,3500.0,2026,7,23,204,3,30,5300.0,3500.0,3700.0,-1800.0,0.0,4033.3333333333335,3842.8571428571427,662.9659188252512
2026-07-24,Punjab,Patiala,Nabha APMC,Other,3400.0,7000.0,5000.0,2026,7,24,205,4,30,3500.0,3300.0,3700.0,1500.0,1700.0,4033.3333333333335,3814.285714285714,674.3603671345943
2026-07-27,Punjab,Patiala,Nabha APMC,Other,2800.0,6000.0,4000.0,2026,7,27,208,0,31,5000.0,5300.0,3800.0,-1000.0,-1300.0,4600.0,4000.0,804.1558721209881
2026-07-28,Punjab,Patiala,Nabha APMC,Other,3500.0,7000.0,5200.0,2026,7,28,209,1,31,4000.0,3500.0,3600.0,1200.0,1700.0,4166.666666666667,4028.5714285714284,799.404540297101
2026-07-29,Punjab,Patiala,Nabha APMC,Other,2600.0,5000.0,3300.0,2026,7,29,210,2,31,5200.0,5000.0,3500.0,-1900.0,-1700.0,4733.333333333333,4257.142857142857,881.0167286666449
2026-07-20,Punjab,Patiala,Patiala APMC,Other,3000.0,3500.0,3200.0,2026,7,20,201,0,30,3300.0,3200.0,4200.0,-100.0,0.0,3200.0,3414.285714285714,367.0993118515816
2026-07-21,Punjab,Patiala,Patiala APMC,Other,3000.0,3200.0,3100.0,2026,7,21,202,1,30,3200.0,3100.0,3500.0,-100.0,0.0,3200.0,3271.4285714285716,125.35663410560147
2026-07-27,Punjab,Patiala,Patiala APMC,Other,2900.0,3100.0,3000.0,2026,7,27,208,0,31,3100.0,3300.0,3300.0,-100.0,-300.0,3200.0,3214.285714285714,89.97354108424318
2026-07-28,Punjab,Patiala,Patiala APMC,Other,3000.0,3200.0,3100.0,2026,7,28,209,1,31,3000.0,3200.0,3300.0,100.0,-100.0,3100.0,3171.4285714285716,111.26972805283692
2026-07-29,Punjab,Patiala,Patiala APMC,Other,2900.0,3100.0,3000.0,2026,7,29,210,2,31,3100.0,3100.0,3200.0,-100.0,-100.0,3066.6666666666665,3142.8571428571427,97.59000729485282
2026-07-17,Punjab,Patiala,Patran APMC,Other,3070.0,3070.0,3070.0,2026,7,17,198,4,29,3170.0,3930.0,4080.0,-100.0,-860.0,3460.0,3765.714285714286,430.11072771466434
2026-07-20,Punjab,Patiala,Patran APMC,Other,3960.0,3960.0,3960.0,2026,7,20,201,0,30,3070.0,3280.0,4060.0,890.0,680.0,3173.3333333333335,3621.4285714285716,474.25128962848987
2026-07-22,Punjab,Patiala,Patran APMC,Other,3620.0,3620.0,3620.0,2026,7,22,203,2,30,3960.0,3170.0,3560.0,-340.0,450.0,3400.0,3607.1428571428573,460.134555889698
2026-07-23,Punjab,Patiala,Patran APMC,Other,3890.0,3890.0,3890.0,2026,7,23,204,3,30,3620.0,3070.0,4280.0,270.0,820.0,3550.0,3615.714285714286,459.66861769674705
2026-07-24,Punjab,Patiala,Patran APMC,Other,3560.0,3560.0,3560.0,2026,7,24,205,4,30,3890.0,3960.0,3930.0,-330.0,-400.0,3823.3333333333335,3560.0,382.9708431025354
2026-07-28,Punjab,Patiala,Patran APMC,Other,4280.0,4280.0,4280.0,2026,7,28,209,1,31,3560.0,3620.0,3280.0,720.0,660.0,3690.0,3507.1428571428573,347.26139461575093
2026-07-29,Punjab,Patiala,Patran APMC,Other,4720.0,4720.0,4720.0,2026,7,29,210,2,31,4280.0,3890.0,3170.0,440.0,830.0,3910.0,3650.0,433.2820482472513
2026-07-22,Punjab,Patiala,Rajpura APMC,Dusheri,6000.0,6400.0,6250.0,2026,7,22,203,2,30,5900.0,5700.0,6250.0,350.0,550.0,5766.666666666667,5714.285714285715,311.86840936828594
2026-07-23,Punjab,Patiala,Rajpura APMC,Dusheri,6000.0,6200.0,6050.0,2026,7,23,204,3,30,6250.0,5700.0,5250.0,-200.0,350.0,5950.0,5714.285714285715,311.86840936828594
2026-07-25,Punjab,Patiala,Rajpura APMC,Dusheri,5000.0,5500.0,5200.0,2026,7,25,206,5,30,6050.0,5900.0,5700.0,-850.0,-700.0,6066.666666666667,5828.571428571428,254.71739709127155
2026-07-26,Punjab,Patiala,Rajpura APMC,Dusheri,6000.0,6350.0,6200.0,2026,7,26,207,6,30,5200.0,6250.0,5500.0,1000.0,-50.0,5833.333333333333,5757.142857142857,349.3190655028861
2026-07-28,Punjab,Patiala,Rajpura APMC,Dusheri,6000.0,6200.0,6100.0,2026,7,28,209,1,31,6200.0,6050.0,5700.0,-100.0,50.0,5816.666666666667,5857.142857142857,363.35080779297806
2026-07-29,Punjab,Patiala,Rajpura APMC,Dusheri,6000.0,6300.0,6150.0,2026,7,29,210,2,31,6100.0,5200.0,5700.0,50.0,950.0,5833.333333333333,5914.285714285715,365.9625273557002
2026-07-18,Punjab,Ropar (Rupnagar),Ropar APMC,Dusheri,4000.0,4400.0,4200.0,2026,7,18,199,5,29,4200.0,4200.0,4200.0,0.0,0.0,4200.0,4200.0,0.0
2026-07-20,Punjab,Ropar (Rupnagar),Ropar APMC,Dusheri,4500.0,5000.0,4800.0,2026,7,20,201,0,30,4200.0,4200.0,4200.0,600.0,600.0,4200.0,4200.0,0.0
2026-07-21,Punjab,Ropar (Rupnagar),Ropar APMC,Dusheri,4500.0,5000.0,4800.0,2026,7,21,202,1,30,4800.0,4200.0,4200.0,0.0,600.0,4400.0,4285.714285714285,226.77868380553642
2026-07-22,Punjab,Ropar (Rupnagar),Ropar APMC,Dusheri,4000.0,4500.0,4200.0,2026,7,22,203,2,30,4800.0,4200.0,4200.0,-600.0,0.0,4600.0,4371.428571428572,292.77002188456004
2026-07-24,Punjab,Ropar (Rupnagar),Ropar APMC,Dusheri,4500.0,5000.0,4800.0,2026,7,24,205,4,30,4200.0,4800.0,4200.0,600.0,0.0,4600.0,4371.428571428572,292.77002188456004
2026-07-27,Punjab,Ropar (Rupnagar),Ropar APMC,Dusheri,5500.0,5800.0,5700.0,2026,7,27,208,0,31,4800.0,4800.0,4200.0,900.0,900.0,4600.0,4457.142857142857,320.7134902949093
2026-07-18,Punjab,Ropar (Rupnagar),Ropar APMC,Langra,4200.0,4600.0,4400.0,2026,7,18,199,5,29,4200.0,4500.0,5000.0,200.0,-100.0,4400.0,4442.857142857143,287.84916685156975
2026-07-20,Punjab,Ropar (Rupnagar),Ropar APMC,Langra,4000.0,4400.0,4200.0,2026,7,20,201,0,30,4400.0,4500.0,4500.0,-200.0,-300.0,4366.666666666667,4357.142857142857,151.18578920369046
2026-07-21,Punjab,Ropar (Rupnagar),Ropar APMC,Langra,4000.0,4500.0,4200.0,2026,7,21,202,1,30,4200.0,4200.0,4200.0,0.0,0.0,4266.666666666667,4314.285714285715,146.3850109422791
2026-07-22,Punjab,Ropar (Rupnagar),Ropar APMC,Langra,4400.0,4800.0,4500.0,2026,7,22,203,2,30,4200.0,4400.0,4200.0,300.0,100.0,4266.666666666667,4314.285714285715,146.3850109422791
2026-07-24,Punjab,Ropar (Rupnagar),Ropar APMC,Langra,4500.0,4800.0,4600.0,2026,7,24,205,4,30,4500.0,4200.0,4500.0,100.0,400.0,4300.0,4357.142857142857,151.18578920369046
2026-07-27,Punjab,Ropar (Rupnagar),Ropar APMC,Langra,5000.0,5500.0,5200.0,2026,7,27,208,0,31,4600.0,4200.0,4500.0,600.0,1000.0,4433.333333333333,4371.428571428572,170.433620649269
2026-07-18,Punjab,Ropar (Rupnagar),Ropar APMC,Safeda,5000.0,6000.0,5500.0,2026,7,18,199,5,29,6000.0,5800.0,5200.0,-500.0,-300.0,5866.666666666667,5600.0,382.97084310253535
2026-07-20,Punjab,Ropar (Rupnagar),Ropar APMC,Safeda,5500.0,6000.0,5800.0,2026,7,20,201,0,30,5500.0,5800.0,6000.0,300.0,0.0,5766.666666666667,5642.857142857143,345.72215654165063
2026-07-21,Punjab,Ropar (Rupnagar),Ropar APMC,Safeda,5000.0,6000.0,5500.0,2026,7,21,202,1,30,5800.0,6000.0,5200.0,-300.0,-500.0,5766.666666666667,5614.285714285715,318.4785258515424
2026-07-22,Punjab,Ropar (Rupnagar),Ropar APMC,Safeda,5500.0,6000.0,5800.0,2026,7,22,203,2,30,5500.0,5500.0,5200.0,300.0,300.0,5600.0,5657.142857142857,269.92062325273133
2026-07-24,Punjab,Ropar (Rupnagar),Ropar APMC,Safeda,5000.0,5500.0,5200.0,2026,7,24,205,4,30,5800.0,5800.0,5800.0,-600.0,-600.0,5700.0,5742.857142857143,181.26539343499303
2026-07-27,Punjab,Ropar (Rupnagar),Ropar APMC,Safeda,4000.0,4600.0,4200.0,2026,7,27,208,0,31,5200.0,5500.0,5800.0,-1000.0,-1300.0,5500.0,5657.142857142857,269.92062325273133
2026-07-24,Punjab,Ropar (Rupnagar),Ropar APMC,Totapuri,5000.0,5500.0,5200.0,2026,7,24,205,4,30,5200.0,5200.0,4800.0,0.0,0.0,5133.333333333333,5114.285714285715,157.35915849388854
2026-07-27,Punjab,Ropar (Rupnagar),Ropar APMC,Totapuri,4500.0,5000.0,4800.0,2026,7,27,208,0,31,5200.0,5000.0,5200.0,-400.0,-200.0,5133.333333333333,5171.428571428572,75.59289460184499
2026-07-27,Punjab,Sangrur,Bhawanigarh APMC,Other,5000.0,5500.0,5250.0,2026,7,27,208,0,31,5500.0,5100.0,5500.0,-250.0,150.0,5366.666666666667,5385.714285714285,195.1800145897065
2026-07-28,Punjab,Sangrur,Bhawanigarh APMC,Other,5000.0,5500.0,5250.0,2026,7,28,209,1,31,5250.0,5500.0,5100.0,0.0,-250.0,5416.666666666667,5350.0,193.64916731037079
2026-07-20,Punjab,Sangrur,Dhuri APMC,Dusheri,4500.0,6000.0,5000.0,2026,7,20,201,0,30,5500.0,9000.0,5000.0,-500.0,-4000.0,7833.333333333333,6642.857142857143,1930.3342913056474
2026-07-24,Punjab,Sangrur,Dhuri APMC,Dusheri,6500.0,7500.0,7000.0,2026,7,24,205,4,30,5000.0,9000.0,8000.0,2000.0,-2000.0,6500.0,6642.857142857143,1930.3342913056474
2026-07-27,Punjab,Sangrur,Dhuri APMC,Dusheri,6000.0,7500.0,6500.0,2026,7,27,208,0,31,7000.0,5500.0,5000.0,-500.0,1000.0,5833.333333333333,6500.0,1848.422751068236
2026-07-28,Punjab,Sangrur,Dhuri APMC,Dusheri,6000.0,7500.0,6500.0,2026,7,28,209,1,31,6500.0,5000.0,5000.0,0.0,1500.0,6166.666666666667,6714.285714285715,1728.6107827082528
2026-07-17,Punjab,Tarntaran,Patti APMC,Other,1250.0,1250.0,1250.0,2026,7,17,198,4,29,1200.0,1580.0,1500.0,50.0,-330.0,1343.3333333333333,1418.5714285714287,142.8785698216696
2026-07-19,Punjab,Tarntaran,Patti APMC,Other,1000.0,1400.0,1260.0,2026,7,19,200,6,29,1250.0,1250.0,1500.0,10.0,10.0,1233.3333333333333,1382.857142857143,150.19035540654022
2026-07-20,Punjab,Tarntaran,Patti APMC,Other,1000.0,1000.0,1000.0,2026,7,20,201,0,30,1260.0,1200.0,1500.0,-260.0,-200.0,1236.6666666666667,1348.5714285714287,146.33620780342002
2026-07-21,Punjab,Tarntaran,Patti APMC,Other,1000.0,1000.0,1000.0,2026,7,21,202,1,30,1000.0,1250.0,1400.0,0.0,-250.0,1170.0,1277.142857142857,178.57904745651499
2026-07-25,Punjab,Tarntaran,Patti APMC,Other,750.0,750.0,750.0,2026,7,25,206,5,30,1000.0,1260.0,1580.0,-250.0,-510.0,1086.6666666666667,1220.0,195.874109230053
2026-07-27,Punjab,Tarntaran,Patti APMC,Other,800.0,800.0,800.0,2026,7,27,208,0,31,750.0,1000.0,1250.0,50.0,-200.0,916.6666666666666,1101.4285714285713,192.8236302452386
2026-07-28,Punjab,Tarntaran,Patti APMC,Other,800.0,800.0,800.0,2026,7,28,209,1,31,800.0,1000.0,1200.0,0.0,-200.0,850.0,1037.142857142857,209.34137078898107
2026-07-29,Punjab,Tarntaran,Patti APMC,Other,560.0,560.0,560.0,2026,7,29,210,2,31,800.0,750.0,1250.0,-240.0,-190.0,783.3333333333334,980.0,212.05345238091925
2026-07-20,Rajasthan,Ganganagar,Sriganganagar (F&V) APMC,Amrapali,4900.0,5300.0,5100.0,2026,7,20,201,0,30,5000.0,5400.0,3700.0,100.0,-300.0,5300.0,4900.0,621.825270205921
2026-07-21,Rajasthan,Ganganagar,Sriganganagar (F&V) APMC,Amrapali,5100.0,5500.0,5300.0,2026,7,21,202,1,30,5100.0,5500.0,4500.0,200.0,-200.0,5200.0,5100.0,326.59863237109045
2026-07-22,Rajasthan,Ganganagar,Sriganganagar (F&V) APMC,Amrapali,4900.0,5300.0,5100.0,2026,7,22,203,2,30,5300.0,5000.0,5000.0,-200.0,100.0,5133.333333333333,5214.285714285715,195.18001458970662
2026-07-23,Rajasthan,Ganganagar,Sriganganagar (F&V) APMC,Amrapali,4800.0,5200.0,5000.0,2026,7,23,204,3,30,5100.0,5100.0,5200.0,-100.0,-100.0,5166.666666666667,5228.571428571428,179.94708216848738
2026-07-24,Rajasthan,Ganganagar,Sriganganagar (F&V) APMC,Amrapali,5300.0,5700.0,5500.0,2026,7,24,205,4,30,5000.0,5300.0,5400.0,500.0,200.0,5133.333333333333,5200.0,199.99999999999991
2026-07-25,Rajasthan,Ganganagar,Sriganganagar (F&V) APMC,Amrapali,5300.0,5700.0,5500.0,2026,7,25,206,5,30,5500.0,5100.0,5500.0,0.0,400.0,5200.0,5214.285714285715,219.30626551751325
2026-07-27,Rajasthan,Ganganagar,Sriganganagar (F&V) APMC,Amrapali,5600.0,6000.0,5800.0,2026,7,27,208,0,31,5500.0,5000.0,5000.0,300.0,800.0,5333.333333333333,5214.285714285715,219.30626551751325
2026-07-28,Rajasthan,Ganganagar,Sriganganagar (F&V) APMC,Amrapali,5300.0,5700.0,5500.0,2026,7,28,209,1,31,5800.0,5500.0,5100.0,-300.0,0.0,5600.0,5328.571428571428,287.020822207993
2026-07-29,Rajasthan,Ganganagar,Sriganganagar (F&V) APMC,Amrapali,5500.0,5900.0,5700.0,2026,7,29,210,2,31,5500.0,5500.0,5300.0,200.0,200.0,5600.0,5385.714285714285,273.4262327610589
2026-07-20,Rajasthan,Jaipur,Jaipur (F&V) APMC,Other,1000.0,10000.0,5500.0,2026,7,20,201,0,30,6000.0,5500.0,6250.0,-500.0,0.0,6000.0,5821.428571428572,426.08405162317325
2026-07-21,Rajasthan,Jaipur,Jaipur (F&V) APMC,Other,1000.0,10000.0,5500.0,2026,7,21,202,1,30,5500.0,6500.0,5500.0,0.0,-1000.0,6000.0,5714.285714285715,393.3978962347215
2026-07-22,Rajasthan,Jaipur,Jaipur (F&V) APMC,Other,1000.0,10000.0,5500.0,2026,7,22,203,2,30,5500.0,6000.0,5500.0,0.0,-500.0,5666.666666666667,5714.285714285715,393.3978962347215
2026-07-23,Rajasthan,Jaipur,Jaipur (F&V) APMC,Other,3000.0,12000.0,7500.0,2026,7,23,204,3,30,5500.0,5500.0,5500.0,2000.0,2000.0,5500.0,5714.285714285715,393.3978962347215
2026-07-24,Rajasthan,Jaipur,Jaipur (F&V) APMC,Other,3000.0,12000.0,7500.0,2026,7,24,205,4,30,7500.0,5500.0,5500.0,0.0,2000.0,6166.666666666667,6000.0,763.7626158259733
2026-07-17,Rajasthan,Jodhpur,Jodhpur (F&V) APMC,Badami,2000.0,4500.0,3250.0,2026,7,17,198,4,29,3250.0,3000.0,3250.0,0.0,250.0,3083.3333333333335,3107.1428571428573,133.63062095621214
2026-07-20,Rajasthan,Jodhpur,Jodhpur (F&V) APMC,Badami,2000.0,4000.0,3000.0,2026,7,20,201,0,30,3250.0,3000.0,3250.0,-250.0,0.0,3166.6666666666665,3107.1428571428573,133.63062095621214
2026-07-21,Rajasthan,Jodhpur,Jodhpur (F&V) APMC,Badami,2000.0,4500.0,3250.0,2026,7,21,202,1,30,3000.0,3250.0,3000.0,250.0,0.0,3166.6666666666665,3071.4285714285716,121.98750911856663
2026-07-22,Rajasthan,Jodhpur,Jodhpur (F&V) APMC,Badami,2000.0,4500.0,3250.0,2026,7,22,203,2,30,3250.0,3250.0,3000.0,0.0,0.0,3166.6666666666665,3107.1428571428573,133.63062095621214
2026-07-24,Rajasthan,Jodhpur,Jodhpur (F&V) APMC,Badami,2000.0,5000.0,3500.0,2026,7,24,205,4,30,3250.0,3000.0,3000.0,250.0,500.0,3166.6666666666665,3142.8571428571427,133.63062095621214
2026-07-27,Rajasthan,Jodhpur,Jodhpur (F&V) APMC,Badami,2000.0,5000.0,3500.0,2026,7,27,208,0,31,3500.0,3250.0,3000.0,0.0,250.0,3333.3333333333335,3214.285714285714,172.51638983558857
2026-07-17,Rajasthan,Jodhpur,Jodhpur (F&V) APMC,Langra,1500.0,4000.0,2750.0,2026,7,17,198,4,29,2500.0,2500.0,2500.0,250.0,250.0,2583.3333333333335,2428.5714285714284,188.98223650461367
2026-07-20,Rajasthan,Jodhpur,Jodhpur (F&V) APMC,Langra,2000.0,4000.0,3000.0,2026,7,20,201,0,30,2750.0,2750.0,2250.0,250.0,250.0,2666.6666666666665,2464.285714285714,224.93385271060941
2026-07-21,Rajasthan,Jodhpur,Jodhpur (F&V) APMC,Langra,2000.0,4000.0,3000.0,2026,7,21,202,1,30,3000.0,2500.0,2250.0,0.0,500.0,2750.0,2571.4285714285716,278.17432013209344
2026-07-22,Rajasthan,Jodhpur,Jodhpur (F&V) APMC,Langra,2000.0,4500.0,3250.0,2026,7,22,203,2,30,3000.0,2750.0,2250.0,250.0,500.0,2916.6666666666665,2678.5714285714284,278.17432013209344
2026-07-24,Rajasthan,Jodhpur,Jodhpur (F&V) APMC,Langra,2000.0,5000.0,3500.0,2026,7,24,205,4,30,3250.0,3000.0,2500.0,250.0,500.0,3083.3333333333335,2821.4285714285716,278.17432013209344
2026-07-16,Rajasthan,Udaipur,Udaipur (F&V) APMC,Other,2000.0,4000.0,3000.0,2026,7,16,197,3,29,3000.0,3000.0,3000.0,0.0,0.0,3000.0,3000.0,0.0
2026-07-17,Rajasthan,Udaipur,Udaipur (F&V) APMC,Other,2000.0,4000.0,3000.0,2026,7,17,198,4,29,3000.0,3000.0,3000.0,0.0,0.0,3000.0,3000.0,0.0
2026-07-18,Rajasthan,Udaipur,Udaipur (F&V) APMC,Other,2000.0,4000.0,3000.0,2026,7,18,199,5,29,3000.0,3000.0,3000.0,0.0,0.0,3000.0,3000.0,0.0
2026-07-24,Rajasthan,Udaipur,Udaipur (F&V) APMC,Other,2000.0,4000.0,3000.0,2026,7,24,205,4,30,3000.0,3000.0,3000.0,0.0,0.0,3000.0,3000.0,0.0
2026-07-25,Rajasthan,Udaipur,Udaipur (F&V) APMC,Other,2000.0,4000.0,3000.0,2026,7,25,206,5,30,3000.0,3000.0,3000.0,0.0,0.0,3000.0,3000.0,0.0
2026-07-27,Rajasthan,Udaipur,Udaipur (F&V) APMC,Other,2000.0,4000.0,3000.0,2026,7,27,208,0,31,3000.0,3000.0,3000.0,0.0,0.0,3000.0,3000.0,0.0
2026-07-28,Rajasthan,Udaipur,Udaipur (F&V) APMC,Other,2000.0,4000.0,3000.0,2026,7,28,209,1,31,3000.0,3000.0,3000.0,0.0,0.0,3000.0,3000.0,0.0
2026-07-13,Tamil Nadu,Chengalpattu,Guduvancheri(Uzhavar Sandhai ),Other,5000.0,6000.0,5500.0,2026,7,13,194,0,29,5500.0,5500.0,5500.0,0.0,0.0,5500.0,5500.0,0.0
2026-07-14,Tamil Nadu,Chengalpattu,Guduvancheri(Uzhavar Sandhai ),Other,5000.0,6000.0,5500.0,2026,7,14,195,1,29,5500.0,5500.0,5500.0,0.0,0.0,5500.0,5500.0,0.0
2026-07-15,Tamil Nadu,Chengalpattu,Guduvancheri(Uzhavar Sandhai ),Other,5000.0,6000.0,5500.0,2026,7,15,196,2,29,5500.0,5500.0,5500.0,0.0,0.0,5500.0,5500.0,0.0
2026-07-16,Tamil Nadu,Chengalpattu,Guduvancheri(Uzhavar Sandhai ),Other,5000.0,6000.0,5500.0,2026,7,16,197,3,29,5500.0,5500.0,5500.0,0.0,0.0,5500.0,5500.0,0.0
2026-07-17,Tamil Nadu,Chengalpattu,Guduvancheri(Uzhavar Sandhai ),Other,5000.0,6000.0,5500.0,2026,7,17,198,4,29,5500.0,5500.0,5500.0,0.0,0.0,5500.0,5500.0,0.0
2026-07-28,Tamil Nadu,Chengalpattu,Jameenrayapettai(Uzhavar Sandhai ),Neelam,5000.0,6000.0,5500.0,2026,7,28,209,1,31,5500.0,5500.0,5500.0,0.0,0.0,5500.0,5500.0,0.0
2026-07-29,Tamil Nadu,Chengalpattu,Jameenrayapettai(Uzhavar Sandhai ),Neelam,6000.0,7000.0,6500.0,2026,7,29,210,2,31,5500.0,5500.0,5500.0,1000.0,1000.0,5500.0,5500.0,0.0
2026-07-14,Tamil Nadu,Chengalpattu,Jameenrayapettai(Uzhavar Sandhai ),Other,5000.0,6000.0,5500.0,2026,7,14,195,1,29,5500.0,5500.0,5500.0,0.0,0.0,5500.0,5557.142857142857,151.18578920369097
2026-07-15,Tamil Nadu,Chengalpattu,Jameenrayapettai(Uzhavar Sandhai ),Other,5000.0,6000.0,5500.0,2026,7,15,196,2,29,5500.0,5500.0,5500.0,0.0,0.0,5500.0,5557.142857142857,151.18578920369097
2026-07-16,Tamil Nadu,Chengalpattu,Jameenrayapettai(Uzhavar Sandhai ),Other,5000.0,6000.0,5500.0,2026,7,16,197,3,29,5500.0,5500.0,5900.0,0.0,0.0,5500.0,5557.142857142857,151.18578920369097
2026-07-17,Tamil Nadu,Chengalpattu,Jameenrayapettai(Uzhavar Sandhai ),Other,5000.0,6000.0,5500.0,2026,7,17,198,4,29,5500.0,5500.0,5500.0,0.0,0.0,5500.0,5500.0,0.0
2026-07-19,Tamil Nadu,Chengalpattu,Jameenrayapettai(Uzhavar Sandhai ),Other,5000.0,6000.0,5500.0,2026,7,19,200,6,29,5500.0,5500.0,5500.0,0.0,0.0,5500.0,5500.0,0.0
2026-07-21,Tamil Nadu,Chengalpattu,Jameenrayapettai(Uzhavar Sandhai ),Other,6000.0,7000.0,6500.0,2026,7,21,202,1,30,5500.0,5500.0,5500.0,1000.0,1000.0,5500.0,5500.0,0.0
2026-07-16,Tamil Nadu,Chengalpattu,Medavakkam(Uzhavar Sandhai ),Safeda,5000.0,5000.0,5000.0,2026,7,16,197,3,29,5000.0,5000.0,4000.0,0.0,0.0,5000.0,4857.142857142857,377.9644730092272
2026-07-18,Tamil Nadu,Chengalpattu,Medavakkam(Uzhavar Sandhai ),Safeda,5000.0,5000.0,5000.0,2026,7,18,199,5,29,5000.0,5000.0,5000.0,0.0,0.0,5000.0,5000.0,0.0
2026-07-19,Tamil Nadu,Chengalpattu,Medavakkam(Uzhavar Sandhai ),Safeda,5000.0,5000.0,5000.0,2026,7,19,200,6,29,5000.0,5000.0,5000.0,0.0,0.0,5000.0,5000.0,0.0
2026-07-20,Tamil Nadu,Chengalpattu,Medavakkam(Uzhavar Sandhai ),Safeda,5000.0,5000.0,5000.0,2026,7,20,201,0,30,5000.0,5000.0,5000.0,0.0,0.0,5000.0,5000.0,0.0
2026-07-21,Tamil Nadu,Chengalpattu,Medavakkam(Uzhavar Sandhai ),Safeda,5000.0,5000.0,5000.0,2026,7,21,202,1,30,5000.0,5000.0,5000.0,0.0,0.0,5000.0,5000.0,0.0
2026-07-22,Tamil Nadu,Chengalpattu,Medavakkam(Uzhavar Sandhai ),Safeda,5000.0,5000.0,5000.0,2026,7,22,203,2,30,5000.0,5000.0,5000.0,0.0,0.0,5000.0,5000.0,0.0
2026-07-23,Tamil Nadu,Chengalpattu,Medavakkam(Uzhavar Sandhai ),Safeda,5000.0,5000.0,5000.0,2026,7,23,204,3,30,5000.0,5000.0,5000.0,0.0,0.0,5000.0,5000.0,0.0
2026-07-24,Tamil Nadu,Chengalpattu,Medavakkam(Uzhavar Sandhai ),Safeda,5000.0,5000.0,5000.0,2026,7,24,205,4,30,5000.0,5000.0,5000.0,0.0,0.0,5000.0,5000.0,0.0
2026-07-25,Tamil Nadu,Chengalpattu,Medavakkam(Uzhavar Sandhai ),Safeda,5000.0,5000.0,5000.0,2026,7,25,206,5,30,5000.0,5000.0,5000.0,0.0,0.0,5000.0,5000.0,0.0
2026-07-26,Tamil Nadu,Chengalpattu,Medavakkam(Uzhavar Sandhai ),Safeda,5000.0,5000.0,5000.0,2026,7,26,207,6,30,5000.0,5000.0,5000.0,0.0,0.0,5000.0,5000.0,0.0
2026-07-27,Tamil Nadu,Chengalpattu,Medavakkam(Uzhavar Sandhai ),Safeda,5000.0,5000.0,5000.0,2026,7,27,208,0,31,5000.0,5000.0,5000.0,0.0,0.0,5000.0,5000.0,0.0
2026-07-28,Tamil Nadu,Chengalpattu,Medavakkam(Uzhavar Sandhai ),Safeda,5000.0,5000.0,5000.0,2026,7,28,209,1,31,5000.0,5000.0,5000.0,0.0,0.0,5000.0,5000.0,0.0
2026-07-29,Tamil Nadu,Chengalpattu,Medavakkam(Uzhavar Sandhai ),Safeda,5000.0,5000.0,5000.0,2026,7,29,210,2,31,5000.0,5000.0,5000.0,0.0,0.0,5000.0,5000.0,0.0
2026-07-16,Tamil Nadu,Chengalpattu,Nanganallur(Uzhavar Sandhai ),Neelam,4000.0,5000.0,4500.0,2026,7,16,197,3,29,4500.0,4500.0,4500.0,0.0,0.0,4500.0,4500.0,0.0
2026-07-17,Tamil Nadu,Chengalpattu,Nanganallur(Uzhavar Sandhai ),Neelam,5500.0,6000.0,5750.0,2026,7,17,198,4,29,4500.0,4500.0,4500.0,1250.0,1250.0,4500.0,4500.0,0.0
2026-07-19,Tamil Nadu,Chengalpattu,Nanganallur(Uzhavar Sandhai ),Neelam,4500.0,5000.0,4750.0,2026,7,19,200,6,29,5750.0,4500.0,4500.0,-1000.0,250.0,4916.666666666667,4678.571428571428,472.4555912615341
2026-07-20,Tamil Nadu,Chengalpattu,Nanganallur(Uzhavar Sandhai ),Neelam,4500.0,5000.0,4750.0,2026,7,20,201,0,30,4750.0,4500.0,4500.0,0.0,250.0,5000.0,4714.285714285715,466.1136178679023
2026-07-22,Tamil Nadu,Chengalpattu,Nanganallur(Uzhavar Sandhai ),Neelam,4500.0,5000.0,4750.0,2026,7,22,203,2,30,4750.0,5750.0,4500.0,0.0,-1000.0,5083.333333333333,4750.0,456.4354645876386
2026-07-23,Tamil Nadu,Chengalpattu,Nanganallur(Uzhavar Sandhai ),Neelam,4500.0,5000.0,4750.0,2026,7,23,204,3,30,4750.0,4750.0,4500.0,0.0,0.0,4750.0,4785.714285714285,443.20263021395937
2026-07-24,Tamil Nadu,Chengalpattu,Nanganallur(Uzhavar Sandhai ),Neelam,4500.0,5000.0,4750.0,2026,7,24,205,4,30,4750.0,4750.0,4500.0,0.0,0.0,4750.0,4821.428571428572,426.08405162317365
2026-07-25,Tamil Nadu,Chengalpattu,Nanganallur(Uzhavar Sandhai ),Neelam,4500.0,5000.0,4750.0,2026,7,25,206,5,30,4750.0,4750.0,4500.0,0.0,0.0,4750.0,4857.142857142857,404.5867968563438
2026-07-26,Tamil Nadu,Chengalpattu,Nanganallur(Uzhavar Sandhai ),Neelam,4500.0,5000.0,4750.0,2026,7,26,207,6,30,4750.0,4750.0,5750.0,0.0,0.0,4750.0,4892.857142857143,377.9644730092276
2026-07-27,Tamil Nadu,Chengalpattu,Nanganallur(Uzhavar Sandhai ),Neelam,4500.0,5000.0,4750.0,2026,7,27,208,0,31,4750.0,4750.0,4750.0,0.0,0.0,4750.0,4750.0,0.0
2026-07-28,Tamil Nadu,Chengalpattu,Nanganallur(Uzhavar Sandhai ),Neelam,6500.0,7000.0,6750.0,2026,7,28,209,1,31,4750.0,4750.0,4750.0,2000.0,2000.0,4750.0,4750.0,0.0
2026-07-29,Tamil Nadu,Chengalpattu,Nanganallur(Uzhavar Sandhai ),Neelam,4500.0,5000.0,4750.0,2026,7,29,210,2,31,6750.0,4750.0,4750.0,-2000.0,0.0,5416.666666666667,5035.714285714285,755.9289460184546
2026-07-14,Tamil Nadu,Chengalpattu,Pallavaram(Uzhavar Sandhai ),Other,5000.0,6000.0,5500.0,2026,7,14,195,1,29,5500.0,5500.0,5500.0,0.0,0.0,5500.0,5785.714285714285,487.9500364742666
2026-07-15,Tamil Nadu,Chengalpattu,Pallavaram(Uzhavar Sandhai ),Other,5000.0,6000.0,5500.0,2026,7,15,196,2,29,5500.0,5500.0,5500.0,0.0,0.0,5500.0,5785.714285714285,487.9500364742666
2026-07-16,Tamil Nadu,Chengalpattu,Pallavaram(Uzhavar Sandhai ),Other,5000.0,6000.0,5500.0,2026,7,16,197,3,29,5500.0,5500.0,6500.0,0.0,0.0,5500.0,5785.714285714285,487.9500364742666
2026-07-19,Tamil Nadu,Chengalpattu,Pallavaram(Uzhavar Sandhai ),Other,5000.0,6000.0,5500.0,2026,7,19,200,6,29,5500.0,5500.0,6500.0,0.0,0.0,5500.0,5642.857142857143,377.96447300922705
2026-07-26,Tamil Nadu,Chengalpattu,Pallavaram(Uzhavar Sandhai ),Other,7000.0,8000.0,7500.0,2026,7,26,207,6,30,5500.0,5500.0,5500.0,2000.0,2000.0,5500.0,5500.0,0.0
2026-07-12,Tamil Nadu,Coimbatore,Kurichi(Uzhavar Sandhai ),Neelam,8000.0,9000.0,8500.0,2026,7,12,193,6,28,8500.0,8500.0,5500.0,0.0,0.0,8500.0,7928.571428571428,1096.5313275875671
2026-07-13,Tamil Nadu,Coimbatore,Kurichi(Uzhavar Sandhai ),Neelam,8000.0,9000.0,8500.0,2026,7,13,194,0,29,8500.0,8500.0,8000.0,0.0,0.0,8500.0,8357.142857142857,243.97501823713333
2026-07-16,Tamil Nadu,Coimbatore,Kurichi(Uzhavar Sandhai ),Neelam,8000.0,9000.0,8500.0,2026,7,16,197,3,29,8500.0,8500.0,8000.0,0.0,0.0,8500.0,8428.57142857143,188.98223650461387
2026-07-17,Tamil Nadu,Coimbatore,Kurichi(Uzhavar Sandhai ),Neelam,7000.0,8000.0,7500.0,2026,7,17,198,4,29,8500.0,8500.0,8500.0,-1000.0,-1000.0,8500.0,8500.0,0.0
2026-07-18,Tamil Nadu,Coimbatore,Kurichi(Uzhavar Sandhai ),Neelam,7000.0,8000.0,7500.0,2026,7,18,199,5,29,7500.0,8500.0,8500.0,0.0,-1000.0,8166.666666666667,8357.142857142857,377.96447300922716
2026-07-19,Tamil Nadu,Coimbatore,Kurichi(Uzhavar Sandhai ),Neelam,7000.0,8000.0,7500.0,2026,7,19,200,6,29,7500.0,8500.0,8500.0,0.0,-1000.0,7833.333333333333,8214.285714285714,487.95003647426626
2026-07-21,Tamil Nadu,Coimbatore,Kurichi(Uzhavar Sandhai ),Neelam,7000.0,8000.0,7500.0,2026,7,21,202,1,30,7500.0,7500.0,8500.0,0.0,0.0,7500.0,8071.428571428572,534.5224838248483
2026-07-22,Tamil Nadu,Coimbatore,Kurichi(Uzhavar Sandhai ),Neelam,7000.0,8000.0,7500.0,2026,7,22,203,2,30,7500.0,7500.0,8500.0,0.0,0.0,7500.0,7928.571428571428,534.522483824848
2026-07-23,Tamil Nadu,Coimbatore,Kurichi(Uzhavar Sandhai ),Neelam,7000.0,8000.0,7500.0,2026,7,23,204,3,30,7500.0,7500.0,8500.0,0.0,0.0,7500.0,7785.714285714285,487.95003647426546
2026-07-24,Tamil Nadu,Coimbatore,Kurichi(Uzhavar Sandhai ),Neelam,7000.0,8000.0,7500.0,2026,7,24,205,4,30,7500.0,7500.0,8500.0,0.0,0.0,7500.0,7642.857142857143,377.9644730092252
2026-07-25,Tamil Nadu,Coimbatore,Kurichi(Uzhavar Sandhai ),Neelam,7000.0,8000.0,7500.0,2026,7,25,206,5,30,7500.0,7500.0,7500.0,0.0,0.0,7500.0,7500.0,0.0
2026-07-28,Tamil Nadu,Coimbatore,Kurichi(Uzhavar Sandhai ),Neelam,7000.0,8000.0,7500.0,2026,7,28,209,1,31,7500.0,7500.0,7500.0,0.0,0.0,7500.0,7500.0,0.0
2026-07-29,Tamil Nadu,Coimbatore,Kurichi(Uzhavar Sandhai ),Neelam,7000.0,8000.0,7500.0,2026,7,29,210,2,31,7500.0,7500.0,7500.0,0.0,0.0,7500.0,7500.0,0.0
2026-07-12,Tamil Nadu,Coimbatore,Mettupalayam(Uzhavar Sandhai ),Safeda,6000.0,10000.0,8000.0,2026,7,12,193,6,28,8500.0,7500.0,8000.0,-500.0,500.0,7833.333333333333,7785.714285714285,393.3978962347214
2026-07-13,Tamil Nadu,Coimbatore,Mettupalayam(Uzhavar Sandhai ),Safeda,7000.0,10000.0,8500.0,2026,7,13,194,0,29,8000.0,7500.0,8000.0,500.0,1000.0,8000.0,7785.714285714285,393.3978962347214
2026-07-14,Tamil Nadu,Coimbatore,Mettupalayam(Uzhavar Sandhai ),Safeda,7000.0,10000.0,8500.0,2026,7,14,195,1,29,8500.0,8500.0,7500.0,0.0,0.0,8333.333333333334,7857.142857142857,475.59486560567063
2026-07-15,Tamil Nadu,Coimbatore,Mettupalayam(Uzhavar Sandhai ),Safeda,6000.0,10000.0,8000.0,2026,7,15,196,2,29,8500.0,8000.0,7500.0,-500.0,0.0,8333.333333333334,8000.0,499.99999999999943
2026-07-16,Tamil Nadu,Coimbatore,Mettupalayam(Uzhavar Sandhai ),Safeda,6000.0,10000.0,8000.0,2026,7,16,197,3,29,8000.0,8500.0,7500.0,0.0,-500.0,8333.333333333334,8071.428571428572,449.8677054212179
2026-07-17,Tamil Nadu,Coimbatore,Mettupalayam(Uzhavar Sandhai ),Safeda,5000.0,10000.0,7500.0,2026,7,17,198,4,29,8000.0,8500.0,7500.0,-500.0,-1000.0,8166.666666666667,8142.857142857143,377.96447300922625
2026-07-18,Tamil Nadu,Coimbatore,Mettupalayam(Uzhavar Sandhai ),Safeda,6000.0,10000.0,8000.0,2026,7,18,199,5,29,7500.0,8000.0,8500.0,500.0,0.0,7833.333333333333,8142.857142857143,377.96447300922625
2026-07-19,Tamil Nadu,Coimbatore,Mettupalayam(Uzhavar Sandhai ),Safeda,6000.0,10000.0,8000.0,2026,7,19,200,6,29,8000.0,8000.0,8000.0,0.0,0.0,7833.333333333333,8071.428571428572,345.0327796711762
2026-07-20,Tamil Nadu,Coimbatore,Mettupalayam(Uzhavar Sandhai ),Safeda,7000.0,10000.0,8500.0,2026,7,20,201,0,30,8000.0,7500.0,8500.0,500.0,1000.0,7833.333333333333,8071.428571428572,345.0327796711762
2026-07-21,Tamil Nadu,Coimbatore,Mettupalayam(Uzhavar Sandhai ),Safeda,7000.0,10000.0,8500.0,2026,7,21,202,1,30,8500.0,8000.0,8500.0,0.0,500.0,8166.666666666667,8071.428571428572,345.0327796711762
2026-07-22,Tamil Nadu,Coimbatore,Mettupalayam(Uzhavar Sandhai ),Safeda,6000.0,10000.0,8000.0,2026,7,22,203,2,30,8500.0,8000.0,8000.0,-500.0,0.0,8333.333333333334,8071.428571428572,345.0327796711762
2026-07-23,Tamil Nadu,Coimbatore,Mettupalayam(Uzhavar Sandhai ),Safeda,6000.0,10000.0,8000.0,2026,7,23,204,3,30,8000.0,8500.0,8000.0,0.0,-500.0,8333.333333333334,8071.428571428572,345.0327796711762
2026-07-24,Tamil Nadu,Coimbatore,Mettupalayam(Uzhavar Sandhai ),Safeda,6000.0,10000.0,8000.0,2026,7,24,205,4,30,8000.0,8500.0,7500.0,0.0,-500.0,8166.666666666667,8071.428571428572,345.0327796711762
2026-07-25,Tamil Nadu,Coimbatore,Mettupalayam(Uzhavar Sandhai ),Safeda,6000.0,10000.0,8000.0,2026,7,25,206,5,30,8000.0,8000.0,8000.0,0.0,0.0,8000.0,8142.857142857143,243.97501823713193
2026-07-26,Tamil Nadu,Coimbatore,Mettupalayam(Uzhavar Sandhai ),Safeda,6000.0,10000.0,8000.0,2026,7,26,207,6,30,8000.0,8000.0,8000.0,0.0,0.0,8000.0,8142.857142857143,243.97501823713193
2026-07-27,Tamil Nadu,Coimbatore,Mettupalayam(Uzhavar Sandhai ),Safeda,7000.0,10000.0,8500.0,2026,7,27,208,0,31,8000.0,8000.0,8500.0,500.0,500.0,8000.0,8142.857142857143,243.97501823713193
2026-07-28,Tamil Nadu,Coimbatore,Mettupalayam(Uzhavar Sandhai ),Safeda,7000.0,10000.0,8500.0,2026,7,28,209,1,31,8500.0,8000.0,8500.0,0.0,500.0,8166.666666666667,8142.857142857143,243.97501823713193
2026-07-29,Tamil Nadu,Coimbatore,Mettupalayam(Uzhavar Sandhai ),Safeda,6000.0,10000.0,8000.0,2026,7,29,210,2,31,8500.0,8000.0,8000.0,-500.0,0.0,8333.333333333334,8142.857142857143,243.97501823713193
2026-07-12,Tamil Nadu,Coimbatore,Pollachi(Uzhavar Sandhai ),Safeda,5000.0,10000.0,7500.0,2026,7,12,193,6,28,7500.0,7500.0,7500.0,0.0,0.0,7500.0,7500.0,0.0
2026-07-13,Tamil Nadu,Coimbatore,Pollachi(Uzhavar Sandhai ),Safeda,5000.0,10000.0,7500.0,2026,7,13,194,0,29,7500.0,7500.0,7500.0,0.0,0.0,7500.0,7500.0,0.0
2026-07-14,Tamil Nadu,Coimbatore,Pollachi(Uzhavar Sandhai ),Safeda,5000.0,10000.0,7500.0,2026,7,14,195,1,29,7500.0,7500.0,7500.0,0.0,0.0,7500.0,7500.0,0.0
2026-07-15,Tamil Nadu,Coimbatore,Pollachi(Uzhavar Sandhai ),Safeda,5000.0,10000.0,7500.0,2026,7,15,196,2,29,7500.0,7500.0,7500.0,0.0,0.0,7500.0,7500.0,0.0
2026-07-16,Tamil Nadu,Coimbatore,Pollachi(Uzhavar Sandhai ),Safeda,5000.0,10000.0,7500.0,2026,7,16,197,3,29,7500.0,7500.0,7500.0,0.0,0.0,7500.0,7500.0,0.0
2026-07-17,Tamil Nadu,Coimbatore,Pollachi(Uzhavar Sandhai ),Safeda,5000.0,10000.0,7500.0,2026,7,17,198,4,29,7500.0,7500.0,7500.0,0.0,0.0,7500.0,7500.0,0.0
2026-07-12,Tamil Nadu,Coimbatore,RSPuram(Uzhavar Sandhai ),Neelam,6000.0,7000.0,6500.0,2026,7,12,193,6,28,6500.0,6500.0,6500.0,0.0,0.0,6500.0,6500.0,0.0
2026-07-13,Tamil Nadu,Coimbatore,RSPuram(Uzhavar Sandhai ),Neelam,6000.0,7000.0,6500.0,2026,7,13,194,0,29,6500.0,6500.0,6500.0,0.0,0.0,6500.0,6500.0,0.0
2026-07-14,Tamil Nadu,Coimbatore,RSPuram(Uzhavar Sandhai ),Neelam,6000.0,7000.0,6500.0,2026,7,14,195,1,29,6500.0,6500.0,6500.0,0.0,0.0,6500.0,6500.0,0.0
2026-07-15,Tamil Nadu,Coimbatore,RSPuram(Uzhavar Sandhai ),Neelam,6000.0,7000.0,6500.0,2026,7,15,196,2,29,6500.0,6500.0,6500.0,0.0,0.0,6500.0,6500.0,0.0
2026-07-16,Tamil Nadu,Coimbatore,RSPuram(Uzhavar Sandhai ),Neelam,6000.0,7000.0,6500.0,2026,7,16,197,3,29,6500.0,6500.0,6500.0,0.0,0.0,6500.0,6500.0,0.0
2026-07-17,Tamil Nadu,Coimbatore,RSPuram(Uzhavar Sandhai ),Neelam,6000.0,7000.0,6500.0,2026,7,17,198,4,29,6500.0,6500.0,6500.0,0.0,0.0,6500.0,6500.0,0.0
2026-07-18,Tamil Nadu,Coimbatore,RSPuram(Uzhavar Sandhai ),Neelam,6000.0,7000.0,6500.0,2026,7,18,199,5,29,6500.0,6500.0,6500.0,0.0,0.0,6500.0,6500.0,0.0
2026-07-19,Tamil Nadu,Coimbatore,RSPuram(Uzhavar Sandhai ),Neelam,6000.0,7000.0,6500.0,2026,7,19,200,6,29,6500.0,6500.0,6500.0,0.0,0.0,6500.0,6500.0,0.0
2026-07-20,Tamil Nadu,Coimbatore,RSPuram(Uzhavar Sandhai ),Neelam,7000.0,8000.0,7500.0,2026,7,20,201,0,30,6500.0,6500.0,6500.0,1000.0,1000.0,6500.0,6500.0,0.0
2026-07-21,Tamil Nadu,Coimbatore,RSPuram(Uzhavar Sandhai ),Neelam,7000.0,8000.0,7500.0,2026,7,21,202,1,30,7500.0,6500.0,6500.0,0.0,1000.0,6833.333333333333,6642.857142857143,377.96447300922716
2026-07-22,Tamil Nadu,Coimbatore,RSPuram(Uzhavar Sandhai ),Neelam,7000.0,8000.0,7500.0,2026,7,22,203,2,30,7500.0,6500.0,6500.0,0.0,1000.0,7166.666666666667,6785.714285714285,487.9500364742664
2026-07-23,Tamil Nadu,Coimbatore,RSPuram(Uzhavar Sandhai ),Neelam,7000.0,8000.0,7500.0,2026,7,23,204,3,30,7500.0,7500.0,6500.0,0.0,0.0,7500.0,6928.571428571428,534.5224838248485
2026-07-24,Tamil Nadu,Coimbatore,RSPuram(Uzhavar Sandhai ),Neelam,7000.0,8000.0,7500.0,2026,7,24,205,4,30,7500.0,7500.0,6500.0,0.0,0.0,7500.0,7071.428571428572,534.5224838248482
2026-07-25,Tamil Nadu,Coimbatore,RSPuram(Uzhavar Sandhai ),Neelam,7000.0,8000.0,7500.0,2026,7,25,206,5,30,7500.0,7500.0,6500.0,0.0,0.0,7500.0,7214.285714285715,487.95003647426563
2026-07-26,Tamil Nadu,Coimbatore,RSPuram(Uzhavar Sandhai ),Neelam,7000.0,8000.0,7500.0,2026,7,26,207,6,30,7500.0,7500.0,6500.0,0.0,0.0,7500.0,7357.142857142857,377.9644730092254
2026-07-27,Tamil Nadu,Coimbatore,RSPuram(Uzhavar Sandhai ),Neelam,7000.0,8000.0,7500.0,2026,7,27,208,0,31,7500.0,7500.0,7500.0,0.0,0.0,7500.0,7500.0,0.0
2026-07-28,Tamil Nadu,Coimbatore,RSPuram(Uzhavar Sandhai ),Neelam,6000.0,7000.0,6500.0,2026,7,28,209,1,31,7500.0,7500.0,7500.0,-1000.0,-1000.0,7500.0,7500.0,0.0
2026-07-29,Tamil Nadu,Coimbatore,RSPuram(Uzhavar Sandhai ),Neelam,6000.0,7000.0,6500.0,2026,7,29,210,2,31,6500.0,7500.0,7500.0,0.0,-1000.0,7166.666666666667,7357.142857142857,377.96447300922716
2026-07-13,Tamil Nadu,Coimbatore,Singanallur(Uzhavar Sandhai ),Safeda,9000.0,12000.0,10500.0,2026,7,13,194,0,29,9000.0,9500.0,10500.0,1500.0,1000.0,9666.666666666666,9428.57142857143,886.4052604279184
2026-07-14,Tamil Nadu,Coimbatore,Singanallur(Uzhavar Sandhai ),Safeda,9000.0,10000.0,9500.0,2026,7,14,195,1,29,10500.0,10500.0,8000.0,-1000.0,-1000.0,10000.0,9428.57142857143,886.4052604279184
2026-07-15,Tamil Nadu,Coimbatore,Singanallur(Uzhavar Sandhai ),Safeda,9000.0,10000.0,9500.0,2026,7,15,196,2,29,9500.0,9000.0,9500.0,0.0,500.0,9666.666666666666,9642.857142857143,626.7831705280084
2026-07-16,Tamil Nadu,Coimbatore,Singanallur(Uzhavar Sandhai ),Safeda,9000.0,12000.0,10500.0,2026,7,16,197,3,29,9500.0,10500.0,9000.0,1000.0,0.0,9833.333333333334,9642.857142857143,626.7831705280084
2026-07-18,Tamil Nadu,Coimbatore,Singanallur(Uzhavar Sandhai ),Safeda,8000.0,10000.0,9000.0,2026,7,18,199,5,29,10500.0,9500.0,9500.0,-1500.0,-500.0,9833.333333333334,9857.142857142857,626.7831705280084
2026-07-19,Tamil Nadu,Coimbatore,Singanallur(Uzhavar Sandhai ),Safeda,9000.0,12000.0,10500.0,2026,7,19,200,6,29,9000.0,9500.0,10500.0,1500.0,1000.0,9666.666666666666,9785.714285714286,698.6381310057716
2026-07-20,Tamil Nadu,Coimbatore,Singanallur(Uzhavar Sandhai ),Safeda,8000.0,12000.0,10000.0,2026,7,20,201,0,30,10500.0,10500.0,9000.0,-500.0,-500.0,10000.0,9785.714285714286,698.6381310057716
2026-07-21,Tamil Nadu,Coimbatore,Singanallur(Uzhavar Sandhai ),Safeda,9000.0,10000.0,9500.0,2026,7,21,202,1,30,10000.0,9000.0,10500.0,-500.0,500.0,9833.333333333334,9928.57142857143,607.4928962939559
2026-07-22,Tamil Nadu,Coimbatore,Singanallur(Uzhavar Sandhai ),Safeda,7000.0,8000.0,7500.0,2026,7,22,203,2,30,9500.0,10500.0,9500.0,-2000.0,-3000.0,10000.0,9785.714285714286,566.9467095138401
2026-07-24,Tamil Nadu,Coimbatore,Singanallur(Uzhavar Sandhai ),Safeda,8000.0,10000.0,9000.0,2026,7,24,205,4,30,7500.0,10000.0,9500.0,1500.0,-1000.0,9000.0,9500.0,1040.8329997330652
2026-07-25,Tamil Nadu,Coimbatore,Singanallur(Uzhavar Sandhai ),Safeda,6000.0,10000.0,8000.0,2026,7,25,206,5,30,9000.0,9500.0,10500.0,-1000.0,-1500.0,8666.666666666666,9428.57142857143,1057.8504710249065
2026-07-26,Tamil Nadu,Coimbatore,Singanallur(Uzhavar Sandhai ),Safeda,9000.0,12000.0,10500.0,2026,7,26,207,6,30,8000.0,7500.0,9000.0,2500.0,3000.0,8166.666666666667,9071.42857142857,1057.850471024906
2026-07-27,Tamil Nadu,Coimbatore,Singanallur(Uzhavar Sandhai ),Safeda,9000.0,12000.0,10500.0,2026,7,27,208,0,31,10500.0,9000.0,10500.0,0.0,1500.0,9166.666666666666,9285.714285714286,1185.2265204432028
2026-07-28,Tamil Nadu,Coimbatore,Singanallur(Uzhavar Sandhai ),Safeda,7500.0,8000.0,7750.0,2026,7,28,209,1,31,10500.0,8000.0,10000.0,-2750.0,-250.0,9666.666666666666,9285.714285714286,1185.2265204432028
2026-07-29,Tamil Nadu,Coimbatore,Singanallur(Uzhavar Sandhai ),Safeda,7500.0,8000.0,7750.0,2026,7,29,210,2,31,7750.0,10500.0,9500.0,0.0,-2750.0,9583.333333333334,8964.285714285714,1261.8486061179844
2026-07-12,Tamil Nadu,Coimbatore,Sundarapuram(Uzhavar Sandhai ),Neelam,8000.0,9000.0,8500.0,2026,7,12,193,6,28,8500.0,8500.0,5500.0,0.0,0.0,8500.0,8071.428571428572,1133.8934190276816
2026-07-13,Tamil Nadu,Coimbatore,Sundarapuram(Uzhavar Sandhai ),Neelam,8000.0,9000.0,8500.0,2026,7,13,194,0,29,8500.0,8500.0,8500.0,0.0,0.0,8500.0,8500.0,0.0
2026-07-16,Tamil Nadu,Coimbatore,Sundarapuram(Uzhavar Sandhai ),Neelam,7000.0,8000.0,7500.0,2026,7,16,197,3,29,8500.0,8500.0,8500.0,-1000.0,-1000.0,8500.0,8500.0,0.0
2026-07-17,Tamil Nadu,Coimbatore,Sundarapuram(Uzhavar Sandhai ),Neelam,7000.0,8000.0,7500.0,2026,7,17,198,4,29,7500.0,8500.0,8500.0,0.0,-1000.0,8166.666666666667,8357.142857142857,377.96447300922716
2026-07-18,Tamil Nadu,Coimbatore,Sundarapuram(Uzhavar Sandhai ),Neelam,7000.0,8000.0,7500.0,2026,7,18,199,5,29,7500.0,8500.0,8500.0,0.0,-1000.0,7833.333333333333,8214.285714285714,487.95003647426626
2026-07-19,Tamil Nadu,Coimbatore,Sundarapuram(Uzhavar Sandhai ),Neelam,7000.0,8000.0,7500.0,2026,7,19,200,6,29,7500.0,7500.0,8500.0,0.0,0.0,7500.0,8071.428571428572,534.5224838248483
2026-07-21,Tamil Nadu,Coimbatore,Sundarapuram(Uzhavar Sandhai ),Neelam,7000.0,8000.0,7500.0,2026,7,21,202,1,30,7500.0,7500.0,8500.0,0.0,0.0,7500.0,7928.571428571428,534.522483824848
2026-07-22,Tamil Nadu,Coimbatore,Sundarapuram(Uzhavar Sandhai ),Neelam,7000.0,8000.0,7500.0,2026,7,22,203,2,30,7500.0,7500.0,8500.0,0.0,0.0,7500.0,7785.714285714285,487.95003647426546
2026-07-23,Tamil Nadu,Coimbatore,Sundarapuram(Uzhavar Sandhai ),Neelam,7000.0,8000.0,7500.0,2026,7,23,204,3,30,7500.0,7500.0,8500.0,0.0,0.0,7500.0,7642.857142857143,377.9644730092252
2026-07-24,Tamil Nadu,Coimbatore,Sundarapuram(Uzhavar Sandhai ),Neelam,7000.0,8000.0,7500.0,2026,7,24,205,4,30,7500.0,7500.0,7500.0,0.0,0.0,7500.0,7500.0,0.0
2026-07-25,Tamil Nadu,Coimbatore,Sundarapuram(Uzhavar Sandhai ),Neelam,7000.0,8000.0,7500.0,2026,7,25,206,5,30,7500.0,7500.0,7500.0,0.0,0.0,7500.0,7500.0,0.0
2026-07-28,Tamil Nadu,Coimbatore,Sundarapuram(Uzhavar Sandhai ),Neelam,7000.0,8000.0,7500.0,2026,7,28,209,1,31,7500.0,7500.0,7500.0,0.0,0.0,7500.0,7500.0,0.0
2026-07-29,Tamil Nadu,Coimbatore,Sundarapuram(Uzhavar Sandhai ),Neelam,7000.0,8000.0,7500.0,2026,7,29,210,2,31,7500.0,7500.0,7500.0,0.0,0.0,7500.0,7500.0,0.0
2026-07-12,Tamil Nadu,Coimbatore,Vadavalli(Uzhavar Sandhai ),Safeda,7000.0,12000.0,9500.0,2026,7,12,193,6,28,14000.0,9000.0,9500.0,-4500.0,500.0,11833.333333333334,10500.0,1936.4916731037085
2026-07-13,Tamil Nadu,Coimbatore,Vadavalli(Uzhavar Sandhai ),Safeda,7000.0,12000.0,9500.0,2026,7,13,194,0,29,9500.0,12500.0,9500.0,0.0,-3000.0,12000.0,10500.0,1936.4916731037085
2026-07-14,Tamil Nadu,Coimbatore,Vadavalli(Uzhavar Sandhai ),Safeda,7000.0,12000.0,9500.0,2026,7,14,195,1,29,9500.0,14000.0,9500.0,0.0,-4500.0,11000.0,10500.0,1936.4916731037085
2026-07-15,Tamil Nadu,Coimbatore,Vadavalli(Uzhavar Sandhai ),Safeda,7000.0,12000.0,9500.0,2026,7,15,196,2,29,9500.0,9500.0,9500.0,0.0,0.0,9500.0,10500.0,1936.4916731037085
2026-07-16,Tamil Nadu,Coimbatore,Vadavalli(Uzhavar Sandhai ),Safeda,8000.0,13000.0,10500.0,2026,7,16,197,3,29,9500.0,9500.0,9000.0,1000.0,1000.0,9500.0,10500.0,1936.4916731037085
2026-07-17,Tamil Nadu,Coimbatore,Vadavalli(Uzhavar Sandhai ),Safeda,10000.0,15000.0,12500.0,2026,7,17,198,4,29,10500.0,9500.0,12500.0,2000.0,3000.0,9833.333333333334,10714.285714285714,1822.4786888818678
2026-07-18,Tamil Nadu,Coimbatore,Vadavalli(Uzhavar Sandhai ),Safeda,10000.0,11000.0,10500.0,2026,7,18,199,5,29,12500.0,9500.0,14000.0,-2000.0,1000.0,10833.333333333334,10714.285714285714,1822.4786888818678
2026-07-19,Tamil Nadu,Coimbatore,Vadavalli(Uzhavar Sandhai ),Safeda,7000.0,11000.0,9000.0,2026,7,19,200,6,29,10500.0,10500.0,9500.0,-1500.0,-1500.0,11166.666666666666,10214.285714285714,1112.6972805283735
2026-07-20,Tamil Nadu,Coimbatore,Vadavalli(Uzhavar Sandhai ),Safeda,8000.0,11000.0,9500.0,2026,7,20,201,0,30,9000.0,12500.0,9500.0,500.0,-3000.0,10666.666666666666,10142.857142857143,1180.1936887041645
2026-07-21,Tamil Nadu,Coimbatore,Vadavalli(Uzhavar Sandhai ),Safeda,8000.0,12000.0,10000.0,2026,7,21,202,1,30,9500.0,10500.0,9500.0,500.0,-500.0,9666.666666666666,10142.857142857143,1180.1936887041645
2026-07-22,Tamil Nadu,Coimbatore,Vadavalli(Uzhavar Sandhai ),Safeda,8000.0,12000.0,10000.0,2026,7,22,203,2,30,10000.0,9000.0,9500.0,0.0,1000.0,9500.0,10214.285714285714,1149.53406710222
2026-07-23,Tamil Nadu,Coimbatore,Vadavalli(Uzhavar Sandhai ),Safeda,8000.0,11000.0,9500.0,2026,7,23,204,3,30,10000.0,9500.0,10500.0,-500.0,0.0,9833.333333333334,10285.714285714286,1112.6972805283738
2026-07-24,Tamil Nadu,Coimbatore,Vadavalli(Uzhavar Sandhai ),Safeda,10000.0,11000.0,10500.0,2026,7,24,205,4,30,9500.0,10000.0,12500.0,1000.0,500.0,9833.333333333334,10142.857142857143,1144.3442705426583
2026-07-25,Tamil Nadu,Coimbatore,Vadavalli(Uzhavar Sandhai ),Safeda,10000.0,11000.0,10500.0,2026,7,25,206,5,30,10500.0,10000.0,10500.0,0.0,500.0,10000.0,9857.142857142857,556.3486402641843
2026-07-26,Tamil Nadu,Coimbatore,Vadavalli(Uzhavar Sandhai ),Safeda,6500.0,8000.0,7250.0,2026,7,26,207,6,30,10500.0,9500.0,9000.0,-3250.0,-2250.0,10166.666666666666,9857.142857142857,556.3486402641843
2026-07-27,Tamil Nadu,Coimbatore,Vadavalli(Uzhavar Sandhai ),Safeda,6000.0,8000.0,7000.0,2026,7,27,208,0,31,7250.0,10500.0,9500.0,-250.0,-3500.0,9416.666666666666,9607.142857142857,1116.702202703928
2026-07-28,Tamil Nadu,Coimbatore,Vadavalli(Uzhavar Sandhai ),Safeda,6500.0,8000.0,7250.0,2026,7,28,209,1,31,7000.0,10500.0,10000.0,250.0,-3250.0,8250.0,9250.0,1493.0394055974073
2026-07-29,Tamil Nadu,Coimbatore,Vadavalli(Uzhavar Sandhai ),Safeda,6000.0,8000.0,7000.0,2026,7,29,210,2,31,7250.0,7250.0,10000.0,-250.0,-250.0,7166.666666666667,8857.142857142857,1619.2664417951107
2026-07-13,Tamil Nadu,Cuddalore,Cuddalore(Uzhavar Sandhai ),Safeda,3000.0,5000.0,4000.0,2026,7,13,194,0,29,4000.0,4000.0,4000.0,0.0,0.0,4000.0,3857.1428571428573,377.96447300922716
2026-07-14,Tamil Nadu,Cuddalore,Cuddalore(Uzhavar Sandhai ),Safeda,3000.0,5000.0,4000.0,2026,7,14,195,1,29,4000.0,4000.0,4000.0,0.0,0.0,4000.0,3857.1428571428573,377.96447300922716
2026-07-15,Tamil Nadu,Cuddalore,Cuddalore(Uzhavar Sandhai ),Safeda,3000.0,3000.0,3000.0,2026,7,15,196,2,29,4000.0,4000.0,3000.0,-1000.0,-1000.0,4000.0,3857.1428571428573,377.96447300922716
2026-07-16,Tamil Nadu,Cuddalore,Cuddalore(Uzhavar Sandhai ),Safeda,5000.0,5000.0,5000.0,2026,7,16,197,3,29,3000.0,4000.0,4000.0,2000.0,1000.0,3666.6666666666665,3857.1428571428573,377.9644730092273
2026-07-17,Tamil Nadu,Cuddalore,Cuddalore(Uzhavar Sandhai ),Safeda,5000.0,5000.0,5000.0,2026,7,17,198,4,29,5000.0,4000.0,4000.0,0.0,1000.0,4000.0,4000.0,577.3502691896258
2026-07-18,Tamil Nadu,Cuddalore,Cuddalore(Uzhavar Sandhai ),Safeda,5000.0,5000.0,5000.0,2026,7,18,199,5,29,5000.0,3000.0,4000.0,0.0,2000.0,4333.333333333333,4142.857142857143,690.0655593423543
2026-07-19,Tamil Nadu,Cuddalore,Cuddalore(Uzhavar Sandhai ),Safeda,5000.0,5000.0,5000.0,2026,7,19,200,6,29,5000.0,5000.0,4000.0,0.0,0.0,5000.0,4285.714285714285,755.9289460184544
2026-07-20,Tamil Nadu,Cuddalore,Cuddalore(Uzhavar Sandhai ),Safeda,3000.0,5000.0,4000.0,2026,7,20,201,0,30,5000.0,5000.0,4000.0,-1000.0,-1000.0,5000.0,4428.571428571428,786.795792469443
2026-07-21,Tamil Nadu,Cuddalore,Cuddalore(Uzhavar Sandhai ),Safeda,5000.0,7000.0,6000.0,2026,7,21,202,1,30,4000.0,5000.0,4000.0,2000.0,1000.0,4666.666666666667,4428.571428571428,786.795792469443
2026-07-22,Tamil Nadu,Cuddalore,Cuddalore(Uzhavar Sandhai ),Safeda,5000.0,7000.0,6000.0,2026,7,22,203,2,30,6000.0,5000.0,3000.0,0.0,1000.0,5000.0,4714.285714285715,951.1897312113415
2026-07-23,Tamil Nadu,Cuddalore,Cuddalore(Uzhavar Sandhai ),Safeda,5000.0,5000.0,5000.0,2026,7,23,204,3,30,6000.0,4000.0,5000.0,-1000.0,1000.0,5333.333333333333,5142.857142857143,690.0655593423536
2026-07-24,Tamil Nadu,Cuddalore,Cuddalore(Uzhavar Sandhai ),Safeda,5000.0,7000.0,6000.0,2026,7,24,205,4,30,5000.0,6000.0,5000.0,1000.0,0.0,5666.666666666667,5142.857142857143,690.0655593423536
2026-07-25,Tamil Nadu,Cuddalore,Cuddalore(Uzhavar Sandhai ),Safeda,5000.0,7000.0,6000.0,2026,7,25,206,5,30,6000.0,6000.0,5000.0,0.0,0.0,5666.666666666667,5285.714285714285,755.9289460184539
2026-07-26,Tamil Nadu,Cuddalore,Cuddalore(Uzhavar Sandhai ),Safeda,5000.0,7000.0,6000.0,2026,7,26,207,6,30,6000.0,5000.0,5000.0,0.0,1000.0,5666.666666666667,5428.571428571428,786.7957924694424
2026-07-27,Tamil Nadu,Cuddalore,Cuddalore(Uzhavar Sandhai ),Safeda,5000.0,7000.0,6000.0,2026,7,27,208,0,31,6000.0,6000.0,4000.0,0.0,0.0,6000.0,5571.428571428572,786.7957924694423
2026-07-28,Tamil Nadu,Cuddalore,Cuddalore(Uzhavar Sandhai ),Safeda,5000.0,7000.0,6000.0,2026,7,28,209,1,31,6000.0,6000.0,6000.0,0.0,0.0,6000.0,5857.142857142857,377.96447300922426
2026-07-29,Tamil Nadu,Cuddalore,Cuddalore(Uzhavar Sandhai ),Safeda,5000.0,5000.0,5000.0,2026,7,29,210,2,31,6000.0,6000.0,6000.0,-1000.0,-1000.0,6000.0,5857.142857142857,377.96447300922426
2026-07-16,Tamil Nadu,Cuddalore,Vadalur(Uzhavar Sandhai ),Neelam,4000.0,4000.0,4000.0,2026,7,16,197,3,29,4000.0,3500.0,3000.0,0.0,500.0,3833.3333333333335,3642.8571428571427,377.96447300922716
2026-07-19,Tamil Nadu,Cuddalore,Vadalur(Uzhavar Sandhai ),Neelam,4000.0,4000.0,4000.0,2026,7,19,200,6,29,4000.0,4000.0,3500.0,0.0,0.0,4000.0,3785.714285714286,267.26124191242405
2026-07-23,Tamil Nadu,Cuddalore,Vadalur(Uzhavar Sandhai ),Neelam,4000.0,4000.0,4000.0,2026,7,23,204,3,30,4000.0,4000.0,3500.0,0.0,0.0,4000.0,3857.1428571428573,243.97501823713276
2026-07-26,Tamil Nadu,Cuddalore,Vadalur(Uzhavar Sandhai ),Neelam,4000.0,4000.0,4000.0,2026,7,26,207,6,30,4000.0,4000.0,4000.0,0.0,0.0,4000.0,3928.5714285714284,188.98223650461264
2026-07-13,Tamil Nadu,Dharmapuri,AJattihalli(Uzhavar Sandhai ),Neelam,6000.0,6000.0,6000.0,2026,7,13,194,0,29,6000.0,5750.0,6000.0,0.0,250.0,5916.666666666667,5678.571428571428,472.4555912615341
2026-07-14,Tamil Nadu,Dharmapuri,AJattihalli(Uzhavar Sandhai ),Neelam,5000.0,5000.0,5000.0,2026,7,14,195,1,29,6000.0,6000.0,6000.0,-1000.0,-1000.0,6000.0,5678.571428571428,472.4555912615341
2026-07-15,Tamil Nadu,Dharmapuri,AJattihalli(Uzhavar Sandhai ),Neelam,5000.0,6000.0,5500.0,2026,7,15,196,2,29,5000.0,6000.0,5000.0,500.0,-500.0,5666.666666666667,5535.714285714285,508.85024459910744
2026-07-16,Tamil Nadu,Dharmapuri,AJattihalli(Uzhavar Sandhai ),Neelam,5000.0,5000.0,5000.0,2026,7,16,197,3,29,5500.0,6000.0,5000.0,-500.0,-1000.0,5500.0,5607.142857142857,453.163483587483
2026-07-17,Tamil Nadu,Dharmapuri,AJattihalli(Uzhavar Sandhai ),Neelam,4500.0,5000.0,4750.0,2026,7,17,198,4,29,5000.0,5000.0,5750.0,-250.0,-250.0,5166.666666666667,5607.142857142857,453.163483587483
2026-07-21,Tamil Nadu,Dharmapuri,AJattihalli(Uzhavar Sandhai ),Neelam,6000.0,6000.0,6000.0,2026,7,21,202,1,30,4750.0,5500.0,6000.0,1250.0,500.0,5083.333333333333,5464.285714285715,548.2656637937835
2026-07-24,Tamil Nadu,Dharmapuri,AJattihalli(Uzhavar Sandhai ),Neelam,4800.0,5000.0,4900.0,2026,7,24,205,4,30,6000.0,5000.0,6000.0,-1100.0,-100.0,5250.0,5464.285714285715,548.2656637937835
2026-07-12,Tamil Nadu,Dharmapuri,Dharmapuri(Uzhavar Sandhai ),Safeda,4600.0,5000.0,4800.0,2026,7,12,193,6,28,4800.0,4800.0,4800.0,0.0,0.0,4800.0,4785.714285714285,24.397501823713387
2026-07-13,Tamil Nadu,Dharmapuri,Dharmapuri(Uzhavar Sandhai ),Safeda,4600.0,5000.0,4800.0,2026,7,13,194,0,29,4800.0,4800.0,4750.0,0.0,0.0,4800.0,4785.714285714285,24.397501823713387
2026-07-14,Tamil Nadu,Dharmapuri,Dharmapuri(Uzhavar Sandhai ),Safeda,4600.0,5000.0,4800.0,2026,7,14,195,1,29,4800.0,4800.0,4750.0,0.0,0.0,4800.0,4792.857142857143,18.898223650461645
2026-07-15,Tamil Nadu,Dharmapuri,Dharmapuri(Uzhavar Sandhai ),Safeda,4600.0,5000.0,4800.0,2026,7,15,196,2,29,4800.0,4800.0,4800.0,0.0,0.0,4800.0,4800.0,0.0
2026-07-16,Tamil Nadu,Dharmapuri,Dharmapuri(Uzhavar Sandhai ),Safeda,4800.0,5000.0,4900.0,2026,7,16,197,3,29,4800.0,4800.0,4800.0,100.0,100.0,4800.0,4800.0,0.0
2026-07-17,Tamil Nadu,Dharmapuri,Dharmapuri(Uzhavar Sandhai ),Safeda,4600.0,5000.0,4800.0,2026,7,17,198,4,29,4900.0,4800.0,4800.0,-100.0,0.0,4833.333333333333,4814.285714285715,37.79644730092264
2026-07-18,Tamil Nadu,Dharmapuri,Dharmapuri(Uzhavar Sandhai ),Safeda,4600.0,5000.0,4800.0,2026,7,18,199,5,29,4800.0,4800.0,4800.0,0.0,0.0,4833.333333333333,4814.285714285715,37.79644730092264
2026-07-19,Tamil Nadu,Dharmapuri,Dharmapuri(Uzhavar Sandhai ),Safeda,4600.0,5000.0,4800.0,2026,7,19,200,6,29,4800.0,4900.0,4800.0,0.0,-100.0,4833.333333333333,4814.285714285715,37.79644730092264
2026-07-20,Tamil Nadu,Dharmapuri,Dharmapuri(Uzhavar Sandhai ),Safeda,4600.0,5000.0,4800.0,2026,7,20,201,0,30,4800.0,4800.0,4800.0,0.0,0.0,4800.0,4814.285714285715,37.79644730092264
2026-07-21,Tamil Nadu,Dharmapuri,Dharmapuri(Uzhavar Sandhai ),Safeda,4500.0,5000.0,4750.0,2026,7,21,202,1,30,4800.0,4800.0,4800.0,-50.0,-50.0,4800.0,4814.285714285715,37.79644730092264
2026-07-22,Tamil Nadu,Dharmapuri,Dharmapuri(Uzhavar Sandhai ),Safeda,4500.0,5000.0,4750.0,2026,7,22,203,2,30,4750.0,4800.0,4800.0,0.0,-50.0,4783.333333333333,4807.142857142857,44.98677054212189
2026-07-23,Tamil Nadu,Dharmapuri,Dharmapuri(Uzhavar Sandhai ),Safeda,4600.0,5000.0,4800.0,2026,7,23,204,3,30,4750.0,4800.0,4900.0,50.0,0.0,4766.666666666667,4800.0,50.00000000000014
2026-07-24,Tamil Nadu,Dharmapuri,Dharmapuri(Uzhavar Sandhai ),Safeda,4600.0,5000.0,4800.0,2026,7,24,205,4,30,4800.0,4750.0,4800.0,0.0,50.0,4766.666666666667,4785.714285714285,24.397501823714126
2026-07-25,Tamil Nadu,Dharmapuri,Dharmapuri(Uzhavar Sandhai ),Safeda,4600.0,5000.0,4800.0,2026,7,25,206,5,30,4800.0,4750.0,4800.0,0.0,50.0,4783.333333333333,4785.714285714285,24.397501823714126
2026-07-26,Tamil Nadu,Dharmapuri,Dharmapuri(Uzhavar Sandhai ),Safeda,4500.0,5000.0,4750.0,2026,7,26,207,6,30,4800.0,4800.0,4800.0,-50.0,-50.0,4800.0,4785.714285714285,24.397501823714126
2026-07-27,Tamil Nadu,Dharmapuri,Dharmapuri(Uzhavar Sandhai ),Safeda,4600.0,5000.0,4800.0,2026,7,27,208,0,31,4750.0,4800.0,4800.0,50.0,0.0,4783.333333333333,4778.571428571428,26.726124191243354
2026-07-28,Tamil Nadu,Dharmapuri,Dharmapuri(Uzhavar Sandhai ),Safeda,4800.0,5000.0,4900.0,2026,7,28,209,1,31,4800.0,4800.0,4750.0,100.0,100.0,4783.333333333333,4778.571428571428,26.726124191243354
2026-07-29,Tamil Nadu,Dharmapuri,Dharmapuri(Uzhavar Sandhai ),Safeda,4500.0,5000.0,4750.0,2026,7,29,210,2,31,4900.0,4750.0,4750.0,-150.0,0.0,4816.666666666667,4800.0,50.00000000000014
2026-07-14,Tamil Nadu,Dharmapuri,Harur(Uzhavar Sandhai ),Other,4000.0,5000.0,4500.0,2026,7,14,195,1,29,4500.0,4500.0,4500.0,0.0,0.0,4500.0,4428.571428571428,313.3915852640043
2026-07-15,Tamil Nadu,Dharmapuri,Harur(Uzhavar Sandhai ),Other,4000.0,5000.0,4500.0,2026,7,15,196,2,29,4500.0,4500.0,4750.0,0.0,0.0,4500.0,4428.571428571428,313.3915852640043
2026-07-16,Tamil Nadu,Dharmapuri,Harur(Uzhavar Sandhai ),Other,4000.0,5000.0,4500.0,2026,7,16,197,3,29,4500.0,4500.0,4500.0,0.0,0.0,4500.0,4392.857142857143,283.4733547569203
2026-07-17,Tamil Nadu,Dharmapuri,Harur(Uzhavar Sandhai ),Other,4000.0,5000.0,4500.0,2026,7,17,198,4,29,4500.0,4500.0,3750.0,0.0,0.0,4500.0,4392.857142857143,283.4733547569203
2026-07-18,Tamil Nadu,Dharmapuri,Harur(Uzhavar Sandhai ),Other,4000.0,5000.0,4500.0,2026,7,18,199,5,29,4500.0,4500.0,4500.0,0.0,0.0,4500.0,4500.0,0.0
2026-07-19,Tamil Nadu,Dharmapuri,Harur(Uzhavar Sandhai ),Other,4000.0,5000.0,4500.0,2026,7,19,200,6,29,4500.0,4500.0,4500.0,0.0,0.0,4500.0,4500.0,0.0
2026-07-20,Tamil Nadu,Dharmapuri,Harur(Uzhavar Sandhai ),Other,3500.0,4000.0,3750.0,2026,7,20,201,0,30,4500.0,4500.0,4500.0,-750.0,-750.0,4500.0,4500.0,0.0
2026-07-21,Tamil Nadu,Dharmapuri,Harur(Uzhavar Sandhai ),Other,3500.0,4000.0,3750.0,2026,7,21,202,1,30,3750.0,4500.0,4500.0,0.0,-750.0,4250.0,4392.857142857143,283.47335475692046
2026-07-24,Tamil Nadu,Dharmapuri,Harur(Uzhavar Sandhai ),Other,4000.0,5000.0,4500.0,2026,7,24,205,4,30,3750.0,4500.0,4500.0,750.0,0.0,4000.0,4285.714285714285,365.96252735569993
2026-07-25,Tamil Nadu,Dharmapuri,Harur(Uzhavar Sandhai ),Other,4000.0,5000.0,4500.0,2026,7,25,206,5,30,4500.0,3750.0,4500.0,0.0,750.0,4000.0,4285.714285714285,365.96252735569993
2026-07-27,Tamil Nadu,Dharmapuri,Harur(Uzhavar Sandhai ),Other,4000.0,5000.0,4500.0,2026,7,27,208,0,31,4500.0,3750.0,4500.0,0.0,750.0,4250.0,4285.714285714285,365.96252735569993
2026-07-12,Tamil Nadu,Dharmapuri,Karimangalam(Uzhavar Sandhai),Safeda,3800.0,4000.0,3900.0,2026,7,12,193,6,28,3750.0,3900.0,3900.0,150.0,0.0,3850.0,3857.1428571428573,73.19250547114002
2026-07-13,Tamil Nadu,Dharmapuri,Karimangalam(Uzhavar Sandhai),Safeda,3800.0,4000.0,3900.0,2026,7,13,194,0,29,3900.0,3900.0,3750.0,0.0,0.0,3850.0,3857.1428571428573,73.19250547114002
2026-07-14,Tamil Nadu,Dharmapuri,Karimangalam(Uzhavar Sandhai),Safeda,3800.0,4000.0,3900.0,2026,7,14,195,1,29,3900.0,3750.0,3900.0,0.0,150.0,3850.0,3878.5714285714284,56.69467095138409
2026-07-15,Tamil Nadu,Dharmapuri,Karimangalam(Uzhavar Sandhai),Safeda,3800.0,4000.0,3900.0,2026,7,15,196,2,29,3900.0,3900.0,3900.0,0.0,0.0,3900.0,3878.5714285714284,56.69467095138409
2026-07-16,Tamil Nadu,Dharmapuri,Karimangalam(Uzhavar Sandhai),Safeda,3800.0,4000.0,3900.0,2026,7,16,197,3,29,3900.0,3900.0,3900.0,0.0,0.0,3900.0,3878.5714285714284,56.69467095138409
2026-07-17,Tamil Nadu,Dharmapuri,Karimangalam(Uzhavar Sandhai),Safeda,3800.0,4000.0,3900.0,2026,7,17,198,4,29,3900.0,3900.0,3900.0,0.0,0.0,3900.0,3878.5714285714284,56.69467095138409
2026-07-18,Tamil Nadu,Dharmapuri,Karimangalam(Uzhavar Sandhai),Safeda,3300.0,3500.0,3400.0,2026,7,18,199,5,29,3900.0,3900.0,3750.0,-500.0,-500.0,3900.0,3878.5714285714284,56.69467095138409
2026-07-19,Tamil Nadu,Dharmapuri,Karimangalam(Uzhavar Sandhai),Safeda,3300.0,3500.0,3400.0,2026,7,19,200,6,29,3400.0,3900.0,3900.0,0.0,-500.0,3733.3333333333335,3828.5714285714284,188.98223650461358
2026-07-20,Tamil Nadu,Dharmapuri,Karimangalam(Uzhavar Sandhai),Safeda,3300.0,3500.0,3400.0,2026,7,20,201,0,30,3400.0,3900.0,3900.0,0.0,-500.0,3566.6666666666665,3757.1428571428573,243.9750182371332
2026-07-21,Tamil Nadu,Dharmapuri,Karimangalam(Uzhavar Sandhai),Safeda,3300.0,3500.0,3400.0,2026,7,21,202,1,30,3400.0,3400.0,3900.0,0.0,0.0,3400.0,3685.714285714286,267.2612419124242
2026-07-22,Tamil Nadu,Dharmapuri,Karimangalam(Uzhavar Sandhai),Safeda,3300.0,3500.0,3400.0,2026,7,22,203,2,30,3400.0,3400.0,3900.0,0.0,0.0,3400.0,3614.285714285714,267.2612419124241
2026-07-23,Tamil Nadu,Dharmapuri,Karimangalam(Uzhavar Sandhai),Safeda,3300.0,3500.0,3400.0,2026,7,23,204,3,30,3400.0,3400.0,3900.0,0.0,0.0,3400.0,3542.8571428571427,243.97501823713282
2026-07-24,Tamil Nadu,Dharmapuri,Karimangalam(Uzhavar Sandhai),Safeda,3300.0,3500.0,3400.0,2026,7,24,205,4,30,3400.0,3400.0,3900.0,0.0,0.0,3400.0,3471.4285714285716,188.9822365046127
2026-07-25,Tamil Nadu,Dharmapuri,Karimangalam(Uzhavar Sandhai),Safeda,3300.0,3500.0,3400.0,2026,7,25,206,5,30,3400.0,3400.0,3400.0,0.0,0.0,3400.0,3400.0,0.0
2026-07-26,Tamil Nadu,Dharmapuri,Karimangalam(Uzhavar Sandhai),Safeda,3300.0,3500.0,3400.0,2026,7,26,207,6,30,3400.0,3400.0,3400.0,0.0,0.0,3400.0,3400.0,0.0
2026-07-16,Tamil Nadu,Dharmapuri,Palacode(Uzhavar Sandhai ),Neelam,4000.0,4500.0,4250.0,2026,7,16,197,3,29,3750.0,4750.0,4750.0,500.0,-500.0,4416.666666666667,4614.285714285715,381.56944072506377
2026-07-21,Tamil Nadu,Dharmapuri,Palacode(Uzhavar Sandhai ),Neelam,4000.0,4500.0,4250.0,2026,7,21,202,1,30,4250.0,4750.0,4800.0,0.0,-500.0,4250.0,4542.857142857143,398.3597321397784
2026-07-22,Tamil Nadu,Dharmapuri,Palacode(Uzhavar Sandhai ),Neelam,4000.0,4500.0,4250.0,2026,7,22,203,2,30,4250.0,3750.0,4750.0,0.0,500.0,4083.3333333333335,4464.285714285715,393.39789623472114
2026-07-23,Tamil Nadu,Dharmapuri,Palacode(Uzhavar Sandhai ),Neelam,4000.0,4500.0,4250.0,2026,7,23,204,3,30,4250.0,4250.0,4750.0,0.0,0.0,4250.0,4392.857142857143,377.96447300922665
2026-07-25,Tamil Nadu,Dharmapuri,Palacode(Uzhavar Sandhai ),Neelam,4000.0,4500.0,4250.0,2026,7,25,206,5,30,4250.0,4250.0,4750.0,0.0,0.0,4250.0,4321.428571428572,345.0327796711763
2026-07-26,Tamil Nadu,Dharmapuri,Palacode(Uzhavar Sandhai ),Neelam,4000.0,4500.0,4250.0,2026,7,26,207,6,30,4250.0,4250.0,4750.0,0.0,0.0,4250.0,4250.0,288.6751345948117
2026-07-24,Tamil Nadu,Dharmapuri,Palacode(Uzhavar Sandhai ),Safeda,4000.0,4500.0,4250.0,2026,7,24,205,4,30,3900.0,4250.0,4800.0,350.0,0.0,4133.333333333333,4507.142857142857,369.03993847614396
2026-07-12,Tamil Nadu,Dharmapuri,Pennagaram(Uzhavar Sandhai ),Safeda,3700.0,4000.0,3850.0,2026,7,12,193,6,28,3800.0,3850.0,3850.0,50.0,0.0,3833.3333333333335,3828.5714285714284,26.726124191242477
2026-07-13,Tamil Nadu,Dharmapuri,Pennagaram(Uzhavar Sandhai ),Safeda,3600.0,4000.0,3800.0,2026,7,13,194,0,29,3850.0,3850.0,3800.0,-50.0,-50.0,3833.3333333333335,3828.5714285714284,26.726124191242477
2026-07-14,Tamil Nadu,Dharmapuri,Pennagaram(Uzhavar Sandhai ),Safeda,3600.0,4000.0,3800.0,2026,7,14,195,1,29,3800.0,3800.0,3800.0,0.0,0.0,3816.6666666666665,3828.5714285714284,26.726124191242477
2026-07-15,Tamil Nadu,Dharmapuri,Pennagaram(Uzhavar Sandhai ),Safeda,3700.0,4000.0,3850.0,2026,7,15,196,2,29,3800.0,3850.0,3850.0,50.0,0.0,3816.6666666666665,3828.5714285714284,26.726124191242477
2026-07-16,Tamil Nadu,Dharmapuri,Pennagaram(Uzhavar Sandhai ),Safeda,3700.0,4000.0,3850.0,2026,7,16,197,3,29,3850.0,3800.0,3850.0,0.0,50.0,3816.6666666666665,3828.5714285714284,26.726124191242477
2026-07-17,Tamil Nadu,Dharmapuri,Pennagaram(Uzhavar Sandhai ),Safeda,3700.0,4000.0,3850.0,2026,7,17,198,4,29,3850.0,3800.0,3850.0,0.0,50.0,3833.3333333333335,3828.5714285714284,26.726124191242477
2026-07-18,Tamil Nadu,Dharmapuri,Pennagaram(Uzhavar Sandhai ),Safeda,3600.0,4000.0,3800.0,2026,7,18,199,5,29,3850.0,3850.0,3800.0,-50.0,-50.0,3850.0,3828.5714285714284,26.726124191242477
2026-07-19,Tamil Nadu,Dharmapuri,Pennagaram(Uzhavar Sandhai ),Safeda,3700.0,4000.0,3850.0,2026,7,19,200,6,29,3800.0,3850.0,3850.0,50.0,0.0,3833.3333333333335,3828.5714285714284,26.726124191242477
2026-07-20,Tamil Nadu,Dharmapuri,Pennagaram(Uzhavar Sandhai ),Safeda,3700.0,4000.0,3850.0,2026,7,20,201,0,30,3850.0,3850.0,3800.0,0.0,0.0,3833.3333333333335,3828.5714285714284,26.726124191242477
2026-07-21,Tamil Nadu,Dharmapuri,Pennagaram(Uzhavar Sandhai ),Safeda,3600.0,4000.0,3800.0,2026,7,21,202,1,30,3850.0,3800.0,3800.0,-50.0,0.0,3833.3333333333335,3835.714285714286,24.397501823713217
2026-07-22,Tamil Nadu,Dharmapuri,Pennagaram(Uzhavar Sandhai ),Safeda,3600.0,4000.0,3800.0,2026,7,22,203,2,30,3800.0,3850.0,3850.0,0.0,-50.0,3833.3333333333335,3835.714285714286,24.397501823713217
2026-07-23,Tamil Nadu,Dharmapuri,Pennagaram(Uzhavar Sandhai ),Safeda,3600.0,4000.0,3800.0,2026,7,23,204,3,30,3800.0,3850.0,3850.0,0.0,-50.0,3816.6666666666665,3828.5714285714284,26.726124191242477
2026-07-24,Tamil Nadu,Dharmapuri,Pennagaram(Uzhavar Sandhai ),Safeda,3700.0,4000.0,3850.0,2026,7,24,205,4,30,3800.0,3800.0,3850.0,50.0,50.0,3800.0,3821.4285714285716,26.726124191242608
2026-07-25,Tamil Nadu,Dharmapuri,Pennagaram(Uzhavar Sandhai ),Safeda,3600.0,4000.0,3800.0,2026,7,25,206,5,30,3850.0,3800.0,3800.0,-50.0,0.0,3816.6666666666665,3821.4285714285716,26.726124191242608
2026-07-26,Tamil Nadu,Dharmapuri,Pennagaram(Uzhavar Sandhai ),Safeda,3600.0,4000.0,3800.0,2026,7,26,207,6,30,3800.0,3800.0,3850.0,0.0,0.0,3816.6666666666665,3821.4285714285716,26.726124191242608
2026-07-27,Tamil Nadu,Dharmapuri,Pennagaram(Uzhavar Sandhai ),Safeda,3600.0,4000.0,3800.0,2026,7,27,208,0,31,3800.0,3850.0,3850.0,0.0,-50.0,3816.6666666666665,3814.285714285714,24.39750182371374
2026-07-28,Tamil Nadu,Dharmapuri,Pennagaram(Uzhavar Sandhai ),Safeda,2500.0,3000.0,2750.0,2026,7,28,209,1,31,3800.0,3800.0,3800.0,-1050.0,-1050.0,3800.0,3807.1428571428573,18.89822365046229
2026-07-29,Tamil Nadu,Dharmapuri,Pennagaram(Uzhavar Sandhai ),Safeda,2800.0,3000.0,2900.0,2026,7,29,210,2,31,2750.0,3800.0,3800.0,150.0,-900.0,3450.0,3657.1428571428573,400.4461797259943
2026-07-19,Tamil Nadu,Dindigul,Chinnalapatti(Uzhavar Sandhai ),Neelam,4000.0,6000.0,5000.0,2026,7,19,200,6,29,4500.0,4500.0,5500.0,500.0,500.0,4500.0,4642.857142857143,377.9644730092272
2026-07-23,Tamil Nadu,Dindigul,Chinnalapatti(Uzhavar Sandhai ),Neelam,4000.0,5000.0,4500.0,2026,7,23,204,3,30,5000.0,4500.0,4500.0,-500.0,0.0,4666.666666666667,4571.428571428572,188.98223650461358
2026-07-25,Tamil Nadu,Dindigul,Chinnalapatti(Uzhavar Sandhai ),Neelam,4000.0,5000.0,4500.0,2026,7,25,206,5,30,4500.0,4500.0,4500.0,0.0,0.0,4666.666666666667,4571.428571428572,188.98223650461358
2026-07-29,Tamil Nadu,Dindigul,Chinnalapatti(Uzhavar Sandhai ),Neelam,4000.0,5000.0,4500.0,2026,7,29,210,2,31,4500.0,5000.0,4500.0,0.0,-500.0,4666.666666666667,4571.428571428572,188.98223650461358
2026-07-20,Tamil Nadu,Dindigul,Chinnalapatti(Uzhavar Sandhai ),Safeda,4000.0,6000.0,5000.0,2026,7,20,201,0,30,4500.0,4500.0,4500.0,500.0,500.0,4500.0,4571.428571428572,188.98223650461367
2026-07-21,Tamil Nadu,Dindigul,Chinnalapatti(Uzhavar Sandhai ),Safeda,4000.0,6000.0,5000.0,2026,7,21,202,1,30,5000.0,4500.0,5000.0,0.0,500.0,4666.666666666667,4642.857142857143,243.97501823713318
2026-07-24,Tamil Nadu,Dindigul,Chinnalapatti(Uzhavar Sandhai ),Safeda,4000.0,5000.0,4500.0,2026,7,24,205,4,30,5000.0,4500.0,4500.0,-500.0,0.0,4833.333333333333,4642.857142857143,243.97501823713318
2026-07-26,Tamil Nadu,Dindigul,Chinnalapatti(Uzhavar Sandhai ),Safeda,4000.0,5000.0,4500.0,2026,7,26,207,6,30,4500.0,5000.0,4500.0,0.0,-500.0,4833.333333333333,4642.857142857143,243.97501823713318
2026-07-27,Tamil Nadu,Dindigul,Chinnalapatti(Uzhavar Sandhai ),Safeda,4000.0,5000.0,4500.0,2026,7,27,208,0,31,4500.0,5000.0,4500.0,0.0,-500.0,4666.666666666667,4642.857142857143,243.97501823713318
2026-07-28,Tamil Nadu,Dindigul,Chinnalapatti(Uzhavar Sandhai ),Safeda,4000.0,5000.0,4500.0,2026,7,28,209,1,31,4500.0,4500.0,4500.0,0.0,0.0,4500.0,4642.857142857143,243.97501823713318
2026-07-13,Tamil Nadu,Dindigul,Dindigul(Uzhavar Sandhai ),Safeda,4000.0,5000.0,4500.0,2026,7,13,194,0,29,4500.0,4500.0,5500.0,0.0,0.0,4333.333333333333,4571.428571428572,449.86770542121855
2026-07-14,Tamil Nadu,Dindigul,Dindigul(Uzhavar Sandhai ),Safeda,4000.0,5000.0,4500.0,2026,7,14,195,1,29,4500.0,4000.0,4500.0,0.0,500.0,4333.333333333333,4428.571428571428,188.9822365046135
2026-07-15,Tamil Nadu,Dindigul,Dindigul(Uzhavar Sandhai ),Safeda,4000.0,5000.0,4500.0,2026,7,15,196,2,29,4500.0,4500.0,4500.0,0.0,0.0,4500.0,4428.571428571428,188.9822365046135
2026-07-16,Tamil Nadu,Dindigul,Dindigul(Uzhavar Sandhai ),Safeda,4000.0,5000.0,4500.0,2026,7,16,197,3,29,4500.0,4500.0,4500.0,0.0,0.0,4500.0,4428.571428571428,188.9822365046135
2026-07-17,Tamil Nadu,Dindigul,Dindigul(Uzhavar Sandhai ),Safeda,4000.0,5000.0,4500.0,2026,7,17,198,4,29,4500.0,4500.0,4500.0,0.0,0.0,4500.0,4428.571428571428,188.9822365046135
2026-07-18,Tamil Nadu,Dindigul,Dindigul(Uzhavar Sandhai ),Safeda,4000.0,5000.0,4500.0,2026,7,18,199,5,29,4500.0,4500.0,4000.0,0.0,0.0,4500.0,4428.571428571428,188.9822365046135
2026-07-19,Tamil Nadu,Dindigul,Dindigul(Uzhavar Sandhai ),Safeda,5000.0,6000.0,5500.0,2026,7,19,200,6,29,4500.0,4500.0,4500.0,1000.0,1000.0,4500.0,4500.0,0.0
2026-07-20,Tamil Nadu,Dindigul,Dindigul(Uzhavar Sandhai ),Safeda,4000.0,6000.0,5000.0,2026,7,20,201,0,30,5500.0,4500.0,4500.0,-500.0,500.0,4833.333333333333,4642.857142857143,377.96447300922716
2026-07-21,Tamil Nadu,Dindigul,Dindigul(Uzhavar Sandhai ),Safeda,5000.0,6000.0,5500.0,2026,7,21,202,1,30,5000.0,4500.0,4500.0,500.0,1000.0,5000.0,4714.285714285715,393.3978962347215
2026-07-22,Tamil Nadu,Dindigul,Dindigul(Uzhavar Sandhai ),Safeda,5000.0,6000.0,5500.0,2026,7,22,203,2,30,5500.0,5500.0,4500.0,0.0,0.0,5333.333333333333,4857.142857142857,475.59486560567086
2026-07-23,Tamil Nadu,Dindigul,Dindigul(Uzhavar Sandhai ),Safeda,4000.0,5000.0,4500.0,2026,7,23,204,3,30,5500.0,5000.0,4500.0,-1000.0,-500.0,5333.333333333333,5000.0,500.0000000000001
2026-07-24,Tamil Nadu,Dindigul,Dindigul(Uzhavar Sandhai ),Safeda,4000.0,5000.0,4500.0,2026,7,24,205,4,30,4500.0,5500.0,4500.0,0.0,-1000.0,5166.666666666667,5000.0,500.0000000000001
2026-07-25,Tamil Nadu,Dindigul,Dindigul(Uzhavar Sandhai ),Safeda,4000.0,5000.0,4500.0,2026,7,25,206,5,30,4500.0,5500.0,4500.0,0.0,-1000.0,4833.333333333333,5000.0,500.0000000000001
2026-07-26,Tamil Nadu,Dindigul,Dindigul(Uzhavar Sandhai ),Safeda,4000.0,5000.0,4500.0,2026,7,26,207,6,30,4500.0,4500.0,5500.0,0.0,0.0,4500.0,5000.0,500.0000000000001
2026-07-27,Tamil Nadu,Dindigul,Dindigul(Uzhavar Sandhai ),Safeda,4000.0,5000.0,4500.0,2026,7,27,208,0,31,4500.0,4500.0,5000.0,0.0,0.0,4500.0,4857.142857142857,475.59486560567086
2026-07-28,Tamil Nadu,Dindigul,Dindigul(Uzhavar Sandhai ),Safeda,4000.0,5000.0,4500.0,2026,7,28,209,1,31,4500.0,4500.0,5500.0,0.0,0.0,4500.0,4785.714285714285,487.9500364742665
2026-07-29,Tamil Nadu,Dindigul,Dindigul(Uzhavar Sandhai ),Safeda,4000.0,5000.0,4500.0,2026,7,29,210,2,31,4500.0,4500.0,5500.0,0.0,0.0,4500.0,4642.857142857143,377.9644730092269
2026-07-17,Tamil Nadu,Dindigul,Palani(Uzhavar Sandhai ),Neelam,3000.0,4000.0,3500.0,2026,7,17,198,4,29,3500.0,3500.0,3000.0,0.0,0.0,3500.0,3357.1428571428573,196.6989481173608
2026-07-18,Tamil Nadu,Dindigul,Palani(Uzhavar Sandhai ),Neelam,2500.0,4000.0,3250.0,2026,7,18,199,5,29,3500.0,3500.0,3250.0,-250.0,-250.0,3500.0,3428.5714285714284,121.98750911856646
2026-07-20,Tamil Nadu,Dindigul,Palani(Uzhavar Sandhai ),Neelam,3000.0,4000.0,3500.0,2026,7,20,201,0,30,3250.0,3500.0,3250.0,250.0,0.0,3416.6666666666665,3428.5714285714284,121.98750911856646
2026-07-21,Tamil Nadu,Dindigul,Palani(Uzhavar Sandhai ),Neelam,3000.0,4000.0,3500.0,2026,7,21,202,1,30,3500.0,3500.0,3500.0,0.0,0.0,3416.6666666666665,3464.285714285714,94.49111825230639
2026-07-22,Tamil Nadu,Dindigul,Palani(Uzhavar Sandhai ),Neelam,3000.0,4000.0,3500.0,2026,7,22,203,2,30,3500.0,3250.0,3500.0,0.0,250.0,3416.6666666666665,3464.285714285714,94.49111825230639
2026-07-23,Tamil Nadu,Dindigul,Palani(Uzhavar Sandhai ),Neelam,3000.0,4000.0,3500.0,2026,7,23,204,3,30,3500.0,3500.0,3500.0,0.0,0.0,3500.0,3464.285714285714,94.49111825230639
2026-07-24,Tamil Nadu,Dindigul,Palani(Uzhavar Sandhai ),Neelam,3000.0,4000.0,3500.0,2026,7,24,205,4,30,3500.0,3500.0,3500.0,0.0,0.0,3500.0,3464.285714285714,94.49111825230639
2026-07-25,Tamil Nadu,Dindigul,Palani(Uzhavar Sandhai ),Neelam,2000.0,4000.0,3000.0,2026,7,25,206,5,30,3500.0,3500.0,3500.0,-500.0,-500.0,3500.0,3464.285714285714,94.49111825230639
2026-07-26,Tamil Nadu,Dindigul,Palani(Uzhavar Sandhai ),Neelam,2500.0,4000.0,3250.0,2026,7,26,207,6,30,3000.0,3500.0,3250.0,250.0,-250.0,3333.3333333333335,3392.8571428571427,196.69894811736086
2026-07-27,Tamil Nadu,Dindigul,Palani(Uzhavar Sandhai ),Neelam,2500.0,4000.0,3250.0,2026,7,27,208,0,31,3250.0,3500.0,3500.0,0.0,-250.0,3250.0,3392.8571428571427,196.69894811736086
2026-07-28,Tamil Nadu,Dindigul,Palani(Uzhavar Sandhai ),Neelam,2500.0,4000.0,3250.0,2026,7,28,209,1,31,3250.0,3000.0,3500.0,0.0,250.0,3166.6666666666665,3357.1428571428573,196.698948117361
2026-07-29,Tamil Nadu,Dindigul,Palani(Uzhavar Sandhai ),Neelam,2500.0,4000.0,3250.0,2026,7,29,210,2,31,3250.0,3250.0,3500.0,0.0,0.0,3250.0,3321.4285714285716,188.98223650461398
2026-07-18,Tamil Nadu,Erode,Periyar Nagar(Uzhavar Sandhai ),Neelam,4500.0,5000.0,4750.0,2026,7,18,199,5,29,4750.0,4750.0,4250.0,0.0,0.0,4750.0,4535.714285714285,267.2612419124244
2026-07-19,Tamil Nadu,Erode,Periyar Nagar(Uzhavar Sandhai ),Neelam,4500.0,5000.0,4750.0,2026,7,19,200,6,29,4750.0,4750.0,4250.0,0.0,0.0,4750.0,4607.142857142857,243.97501823713344
2026-07-20,Tamil Nadu,Erode,Periyar Nagar(Uzhavar Sandhai ),Neelam,4500.0,5000.0,4750.0,2026,7,20,201,0,30,4750.0,4750.0,4250.0,0.0,0.0,4750.0,4678.571428571428,188.98223650461398
2026-07-24,Tamil Nadu,Erode,Periyar Nagar(Uzhavar Sandhai ),Neelam,5000.0,5500.0,5250.0,2026,7,24,205,4,30,4750.0,4750.0,4750.0,500.0,500.0,4750.0,4750.0,0.0
2026-07-26,Tamil Nadu,Erode,Periyar Nagar(Uzhavar Sandhai ),Neelam,5500.0,6000.0,5750.0,2026,7,26,207,6,30,5250.0,4750.0,4750.0,500.0,1000.0,4916.666666666667,4821.428571428572,188.98223650461358
2026-07-27,Tamil Nadu,Erode,Periyar Nagar(Uzhavar Sandhai ),Neelam,5500.0,6000.0,5750.0,2026,7,27,208,0,31,5750.0,4750.0,4750.0,0.0,1000.0,5250.0,4964.285714285715,393.3978962347214
2026-07-28,Tamil Nadu,Erode,Periyar Nagar(Uzhavar Sandhai ),Neelam,5500.0,6000.0,5750.0,2026,7,28,209,1,31,5750.0,5250.0,4750.0,0.0,500.0,5583.333333333333,5107.142857142857,475.5948656056708
2026-07-29,Tamil Nadu,Erode,Periyar Nagar(Uzhavar Sandhai ),Neelam,5500.0,6000.0,5750.0,2026,7,29,210,2,31,5750.0,5750.0,4750.0,0.0,0.0,5750.0,5250.0,500.00000000000006
2026-07-23,Tamil Nadu,Erode,Periyar Nagar(Uzhavar Sandhai ),Safeda,3000.0,5000.0,4000.0,2026,7,23,204,3,30,4500.0,4000.0,4250.0,-500.0,0.0,4166.666666666667,4250.0,204.1241452319315
2026-07-25,Tamil Nadu,Erode,Periyar Nagar(Uzhavar Sandhai ),Safeda,5000.0,5500.0,5250.0,2026,7,25,206,5,30,4000.0,4000.0,4250.0,1250.0,1250.0,4166.666666666667,4214.285714285715,224.9338527106094
2026-07-14,Tamil Nadu,Erode,Perundurai(Uzhavar Sandhai ),Safeda,5500.0,5800.0,5650.0,2026,7,14,195,1,29,4750.0,4750.0,4750.0,900.0,900.0,4766.666666666667,4735.714285714285,62.67831705280092
2026-07-15,Tamil Nadu,Erode,Perundurai(Uzhavar Sandhai ),Safeda,5000.0,5500.0,5250.0,2026,7,15,196,2,29,5650.0,4800.0,4750.0,-400.0,450.0,5066.666666666667,4864.285714285715,352.0349008671889
2026-07-16,Tamil Nadu,Erode,Perundurai(Uzhavar Sandhai ),Safeda,5000.0,5500.0,5250.0,2026,7,16,197,3,29,5250.0,4750.0,4600.0,0.0,500.0,5216.666666666667,4935.714285714285,374.9603153604902
2026-07-17,Tamil Nadu,Erode,Perundurai(Uzhavar Sandhai ),Safeda,5000.0,5500.0,5250.0,2026,7,17,198,4,29,5250.0,5650.0,4750.0,0.0,-400.0,5383.333333333333,5028.571428571428,358.07022455697984
2026-07-18,Tamil Nadu,Erode,Perundurai(Uzhavar Sandhai ),Safeda,5000.0,6000.0,5500.0,2026,7,18,199,5,29,5250.0,5250.0,4750.0,250.0,250.0,5250.0,5100.0,342.7827300200526
2026-07-19,Tamil Nadu,Erode,Perundurai(Uzhavar Sandhai ),Safeda,5500.0,6000.0,5750.0,2026,7,19,200,6,29,5500.0,5250.0,4800.0,250.0,500.0,5333.333333333333,5207.142857142857,332.2004558352429
2026-07-20,Tamil Nadu,Erode,Perundurai(Uzhavar Sandhai ),Safeda,5500.0,5800.0,5650.0,2026,7,20,201,0,30,5750.0,5250.0,4750.0,-100.0,400.0,5500.0,5342.857142857143,332.2004558352429
2026-07-21,Tamil Nadu,Erode,Perundurai(Uzhavar Sandhai ),Safeda,5500.0,6000.0,5750.0,2026,7,21,202,1,30,5650.0,5500.0,5650.0,100.0,250.0,5633.333333333333,5471.428571428572,219.57751641342054
2026-07-22,Tamil Nadu,Erode,Perundurai(Uzhavar Sandhai ),Safeda,5500.0,6000.0,5750.0,2026,7,22,203,2,30,5750.0,5750.0,5250.0,0.0,0.0,5716.666666666667,5485.714285714285,235.7864247475633
2026-07-23,Tamil Nadu,Erode,Perundurai(Uzhavar Sandhai ),Safeda,5500.0,6000.0,5750.0,2026,7,23,204,3,30,5750.0,5650.0,5250.0,0.0,100.0,5716.666666666667,5557.142857142857,228.08728487973556
2026-07-24,Tamil Nadu,Erode,Perundurai(Uzhavar Sandhai ),Safeda,5500.0,6000.0,5750.0,2026,7,24,205,4,30,5750.0,5750.0,5250.0,0.0,0.0,5750.0,5628.571428571428,191.17431586805552
2026-07-26,Tamil Nadu,Erode,Perundurai(Uzhavar Sandhai ),Safeda,5500.0,6000.0,5750.0,2026,7,26,207,6,30,5750.0,5750.0,5500.0,0.0,0.0,5750.0,5700.0,95.74271077563313
2026-07-13,Tamil Nadu,Erode,Sampath Nagar(Uzhavar Sandhai ),Safeda,3000.0,6000.0,4500.0,2026,7,13,194,0,29,4500.0,4250.0,5000.0,0.0,250.0,4666.666666666667,4642.857142857143,377.9644730092272
2026-07-14,Tamil Nadu,Erode,Sampath Nagar(Uzhavar Sandhai ),Safeda,4000.0,6000.0,5000.0,2026,7,14,195,1,29,4500.0,5250.0,4750.0,500.0,-250.0,4750.0,4571.428571428572,345.03277967117725
2026-07-15,Tamil Nadu,Erode,Sampath Nagar(Uzhavar Sandhai ),Safeda,3000.0,6000.0,4500.0,2026,7,15,196,2,29,5000.0,4500.0,4250.0,-500.0,0.0,4666.666666666667,4607.142857142857,377.96447300922733
2026-07-16,Tamil Nadu,Erode,Sampath Nagar(Uzhavar Sandhai ),Safeda,3000.0,5000.0,4000.0,2026,7,16,197,3,29,4500.0,4500.0,4500.0,-500.0,-500.0,4666.666666666667,4642.857142857143,349.31906550288596
2026-07-17,Tamil Nadu,Erode,Sampath Nagar(Uzhavar Sandhai ),Safeda,3000.0,5000.0,4000.0,2026,7,17,198,4,29,4000.0,5000.0,4250.0,0.0,-1000.0,4500.0,4571.428571428572,426.08405162317354
2026-07-18,Tamil Nadu,Erode,Sampath Nagar(Uzhavar Sandhai ),Safeda,3000.0,5000.0,4000.0,2026,7,18,199,5,29,4000.0,4500.0,5250.0,0.0,-500.0,4166.666666666667,4535.714285714285,466.1136178679024
2026-07-19,Tamil Nadu,Erode,Sampath Nagar(Uzhavar Sandhai ),Safeda,3000.0,6000.0,4500.0,2026,7,19,200,6,29,4000.0,4000.0,4500.0,500.0,500.0,4000.0,4357.142857142857,377.9644730092277
2026-07-20,Tamil Nadu,Erode,Sampath Nagar(Uzhavar Sandhai ),Safeda,3000.0,5000.0,4000.0,2026,7,20,201,0,30,4500.0,4000.0,4500.0,-500.0,0.0,4166.666666666667,4357.142857142857,377.9644730092277
2026-07-21,Tamil Nadu,Erode,Sampath Nagar(Uzhavar Sandhai ),Safeda,3000.0,8000.0,5500.0,2026,7,21,202,1,30,4000.0,4000.0,5000.0,1500.0,1500.0,4166.666666666667,4285.714285714285,393.3978962347221
2026-07-22,Tamil Nadu,Erode,Sampath Nagar(Uzhavar Sandhai ),Safeda,3500.0,5500.0,4500.0,2026,7,22,203,2,30,5500.0,4500.0,4500.0,-1000.0,0.0,4666.666666666667,4357.142857142857,556.3486402641871
2026-07-23,Tamil Nadu,Erode,Sampath Nagar(Uzhavar Sandhai ),Safeda,3500.0,8000.0,5750.0,2026,7,23,204,3,30,4500.0,4000.0,4000.0,1250.0,1750.0,4666.666666666667,4357.142857142857,556.3486402641871
2026-07-24,Tamil Nadu,Erode,Sampath Nagar(Uzhavar Sandhai ),Safeda,3500.0,5500.0,4500.0,2026,7,24,205,4,30,5750.0,5500.0,4000.0,-1250.0,-1000.0,5250.0,4607.142857142857,733.9553638951596
2026-07-25,Tamil Nadu,Erode,Sampath Nagar(Uzhavar Sandhai ),Safeda,5000.0,8000.0,6500.0,2026,7,25,206,5,30,4500.0,4500.0,4000.0,2000.0,2000.0,4916.666666666667,4678.571428571428,687.9057244377934
2026-07-26,Tamil Nadu,Erode,Sampath Nagar(Uzhavar Sandhai ),Safeda,3500.0,8000.0,5750.0,2026,7,26,207,6,30,6500.0,5750.0,4500.0,-750.0,0.0,5583.333333333333,5035.714285714285,894.7598773387399
2026-07-27,Tamil Nadu,Erode,Sampath Nagar(Uzhavar Sandhai ),Safeda,3500.0,6000.0,4750.0,2026,7,27,208,0,31,5750.0,4500.0,4000.0,-1000.0,250.0,5583.333333333333,5214.285714285715,894.7598773387397
2026-07-28,Tamil Nadu,Erode,Sampath Nagar(Uzhavar Sandhai ),Safeda,3500.0,6000.0,4750.0,2026,7,28,209,1,31,4750.0,6500.0,5500.0,0.0,-1750.0,5666.666666666667,5321.428571428572,759.8558760587106
2026-07-29,Tamil Nadu,Erode,Sampath Nagar(Uzhavar Sandhai ),Safeda,3500.0,6000.0,4750.0,2026,7,29,210,2,31,4750.0,5750.0,4500.0,0.0,-1000.0,5083.333333333333,5214.285714285715,783.0039834478727
2026-07-12,Tamil Nadu,Kallakuruchi,Kallakurichi(Uzhavar Sandhai ),Other,4000.0,4000.0,4000.0,2026,7,12,193,6,28,4000.0,4000.0,4000.0,0.0,0.0,4000.0,4000.0,0.0
2026-07-14,Tamil Nadu,Kallakuruchi,Kallakurichi(Uzhavar Sandhai ),Other,4000.0,4000.0,4000.0,2026,7,14,195,1,29,4000.0,4000.0,4000.0,0.0,0.0,4000.0,4000.0,0.0
2026-07-15,Tamil Nadu,Kallakuruchi,Kallakurichi(Uzhavar Sandhai ),Other,4000.0,4000.0,4000.0,2026,7,15,196,2,29,4000.0,4000.0,4000.0,0.0,0.0,4000.0,4000.0,0.0
2026-07-16,Tamil Nadu,Kallakuruchi,Kallakurichi(Uzhavar Sandhai ),Other,4000.0,4000.0,4000.0,2026,7,16,197,3,29,4000.0,4000.0,4000.0,0.0,0.0,4000.0,4000.0,0.0
2026-07-17,Tamil Nadu,Kallakuruchi,Kallakurichi(Uzhavar Sandhai ),Other,4000.0,4000.0,4000.0,2026,7,17,198,4,29,4000.0,4000.0,4000.0,0.0,0.0,4000.0,4000.0,0.0
2026-07-18,Tamil Nadu,Kallakuruchi,Kallakurichi(Uzhavar Sandhai ),Other,4000.0,4000.0,4000.0,2026,7,18,199,5,29,4000.0,4000.0,4000.0,0.0,0.0,4000.0,4000.0,0.0
2026-07-19,Tamil Nadu,Kallakuruchi,Kallakurichi(Uzhavar Sandhai ),Other,4000.0,4000.0,4000.0,2026,7,19,200,6,29,4000.0,4000.0,4000.0,0.0,0.0,4000.0,4000.0,0.0
2026-07-20,Tamil Nadu,Kallakuruchi,Kallakurichi(Uzhavar Sandhai ),Other,4000.0,4000.0,4000.0,2026,7,20,201,0,30,4000.0,4000.0,4000.0,0.0,0.0,4000.0,4000.0,0.0
2026-07-21,Tamil Nadu,Kallakuruchi,Kallakurichi(Uzhavar Sandhai ),Other,4000.0,4000.0,4000.0,2026,7,21,202,1,30,4000.0,4000.0,4000.0,0.0,0.0,4000.0,4000.0,0.0
2026-07-22,Tamil Nadu,Kallakuruchi,Kallakurichi(Uzhavar Sandhai ),Other,4000.0,4000.0,4000.0,2026,7,22,203,2,30,4000.0,4000.0,4000.0,0.0,0.0,4000.0,4000.0,0.0
2026-07-23,Tamil Nadu,Kallakuruchi,Kallakurichi(Uzhavar Sandhai ),Other,4000.0,4000.0,4000.0,2026,7,23,204,3,30,4000.0,4000.0,4000.0,0.0,0.0,4000.0,4000.0,0.0
2026-07-24,Tamil Nadu,Kallakuruchi,Kallakurichi(Uzhavar Sandhai ),Other,4000.0,4000.0,4000.0,2026,7,24,205,4,30,4000.0,4000.0,4000.0,0.0,0.0,4000.0,4000.0,0.0
2026-07-25,Tamil Nadu,Kallakuruchi,Kallakurichi(Uzhavar Sandhai ),Other,4000.0,4000.0,4000.0,2026,7,25,206,5,30,4000.0,4000.0,4000.0,0.0,0.0,4000.0,4000.0,0.0
2026-07-26,Tamil Nadu,Kallakuruchi,Kallakurichi(Uzhavar Sandhai ),Other,4000.0,4000.0,4000.0,2026,7,26,207,6,30,4000.0,4000.0,4000.0,0.0,0.0,4000.0,4000.0,0.0
2026-07-27,Tamil Nadu,Kallakuruchi,Kallakurichi(Uzhavar Sandhai ),Other,4000.0,4000.0,4000.0,2026,7,27,208,0,31,4000.0,4000.0,4000.0,0.0,0.0,4000.0,4000.0,0.0
2026-07-29,Tamil Nadu,Kallakuruchi,Kallakurichi(Uzhavar Sandhai ),Other,4000.0,4000.0,4000.0,2026,7,29,210,2,31,4000.0,4000.0,4000.0,0.0,0.0,4000.0,4000.0,0.0
2026-07-17,Tamil Nadu,Kallakuruchi,Sankarapuram(Uzhavar Sandhai ),Neelam,5000.0,5000.0,5000.0,2026,7,17,198,4,29,5000.0,5000.0,5000.0,0.0,0.0,5000.0,5000.0,0.0
2026-07-18,Tamil Nadu,Kallakuruchi,Sankarapuram(Uzhavar Sandhai ),Neelam,5000.0,5000.0,5000.0,2026,7,18,199,5,29,5000.0,5000.0,5000.0,0.0,0.0,5000.0,5000.0,0.0
2026-07-19,Tamil Nadu,Kallakuruchi,Sankarapuram(Uzhavar Sandhai ),Neelam,5000.0,5000.0,5000.0,2026,7,19,200,6,29,5000.0,5000.0,5000.0,0.0,0.0,5000.0,5000.0,0.0
2026-07-20,Tamil Nadu,Kallakuruchi,Sankarapuram(Uzhavar Sandhai ),Neelam,5000.0,5000.0,5000.0,2026,7,20,201,0,30,5000.0,5000.0,5000.0,0.0,0.0,5000.0,5000.0,0.0
2026-07-21,Tamil Nadu,Kallakuruchi,Sankarapuram(Uzhavar Sandhai ),Neelam,5000.0,5000.0,5000.0,2026,7,21,202,1,30,5000.0,5000.0,5000.0,0.0,0.0,5000.0,5000.0,0.0
2026-07-22,Tamil Nadu,Kallakuruchi,Sankarapuram(Uzhavar Sandhai ),Neelam,5000.0,5000.0,5000.0,2026,7,22,203,2,30,5000.0,5000.0,5000.0,0.0,0.0,5000.0,5000.0,0.0
2026-07-24,Tamil Nadu,Kallakuruchi,Sankarapuram(Uzhavar Sandhai ),Neelam,5000.0,5000.0,5000.0,2026,7,24,205,4,30,5000.0,5000.0,5000.0,0.0,0.0,5000.0,5000.0,0.0
2026-07-25,Tamil Nadu,Kallakuruchi,Sankarapuram(Uzhavar Sandhai ),Neelam,5000.0,5000.0,5000.0,2026,7,25,206,5,30,5000.0,5000.0,5000.0,0.0,0.0,5000.0,5000.0,0.0
2026-07-26,Tamil Nadu,Kallakuruchi,Sankarapuram(Uzhavar Sandhai ),Neelam,5000.0,5000.0,5000.0,2026,7,26,207,6,30,5000.0,5000.0,5000.0,0.0,0.0,5000.0,5000.0,0.0
2026-07-27,Tamil Nadu,Kallakuruchi,Sankarapuram(Uzhavar Sandhai ),Neelam,5000.0,5000.0,5000.0,2026,7,27,208,0,31,5000.0,5000.0,5000.0,0.0,0.0,5000.0,5000.0,0.0
2026-07-28,Tamil Nadu,Kallakuruchi,Sankarapuram(Uzhavar Sandhai ),Neelam,5000.0,5000.0,5000.0,2026,7,28,209,1,31,5000.0,5000.0,5000.0,0.0,0.0,5000.0,5000.0,0.0
2026-07-29,Tamil Nadu,Kallakuruchi,Sankarapuram(Uzhavar Sandhai ),Neelam,5000.0,5000.0,5000.0,2026,7,29,210,2,31,5000.0,5000.0,5000.0,0.0,0.0,5000.0,5000.0,0.0
2026-07-12,Tamil Nadu,Kancheepuram,Kancheepuram(Uzhavar Sandhai ),Safeda,4000.0,6000.0,5000.0,2026,7,12,193,6,28,4500.0,4500.0,3500.0,500.0,500.0,4500.0,4178.571428571428,400.89186286863657
2026-07-13,Tamil Nadu,Kancheepuram,Kancheepuram(Uzhavar Sandhai ),Safeda,3000.0,6000.0,4500.0,2026,7,13,194,0,29,5000.0,4500.0,3750.0,-500.0,0.0,4666.666666666667,4392.857142857143,377.9644730092275
2026-07-14,Tamil Nadu,Kancheepuram,Kancheepuram(Uzhavar Sandhai ),Safeda,3500.0,6000.0,4750.0,2026,7,14,195,1,29,4500.0,4500.0,4250.0,250.0,250.0,4666.666666666667,4500.0,250.0000000000008
2026-07-15,Tamil Nadu,Kancheepuram,Kancheepuram(Uzhavar Sandhai ),Safeda,2500.0,6000.0,4250.0,2026,7,15,196,2,29,4750.0,5000.0,4250.0,-500.0,-750.0,4750.0,4571.428571428572,237.79743280283654
2026-07-16,Tamil Nadu,Kancheepuram,Kancheepuram(Uzhavar Sandhai ),Safeda,3000.0,6000.0,4500.0,2026,7,16,197,3,29,4250.0,4500.0,4500.0,250.0,0.0,4500.0,4571.428571428572,237.79743280283654
2026-07-17,Tamil Nadu,Kancheepuram,Kancheepuram(Uzhavar Sandhai ),Safeda,3500.0,6000.0,4750.0,2026,7,17,198,4,29,4500.0,4750.0,4500.0,250.0,0.0,4500.0,4571.428571428572,237.79743280283654
2026-07-18,Tamil Nadu,Kancheepuram,Kancheepuram(Uzhavar Sandhai ),Safeda,3500.0,6000.0,4750.0,2026,7,18,199,5,29,4750.0,4250.0,4500.0,0.0,500.0,4500.0,4607.142857142857,243.97501823713455
2026-07-19,Tamil Nadu,Kancheepuram,Kancheepuram(Uzhavar Sandhai ),Safeda,2500.0,6000.0,4250.0,2026,7,19,200,6,29,4750.0,4500.0,5000.0,-500.0,-250.0,4666.666666666667,4642.857142857143,243.97501823713478
2026-07-20,Tamil Nadu,Kancheepuram,Kancheepuram(Uzhavar Sandhai ),Safeda,3000.0,6000.0,4500.0,2026,7,20,201,0,30,4250.0,4750.0,4500.0,250.0,-250.0,4583.333333333333,4535.714285714285,224.93385271060993
2026-07-21,Tamil Nadu,Kancheepuram,Kancheepuram(Uzhavar Sandhai ),Safeda,3000.0,6000.0,4500.0,2026,7,21,202,1,30,4500.0,4750.0,4750.0,0.0,-250.0,4500.0,4535.714285714285,224.93385271060993
2026-07-23,Tamil Nadu,Kancheepuram,Kancheepuram(Uzhavar Sandhai ),Safeda,2000.0,4000.0,3000.0,2026,7,23,204,3,30,4500.0,4250.0,4250.0,-1500.0,-1250.0,4416.666666666667,4500.0,204.1241452319317
2026-07-13,Tamil Nadu,Kancheepuram,Padappai(Uzhavar Sandhai ),Safeda,3000.0,6000.0,4500.0,2026,7,13,194,0,29,5000.0,4500.0,3750.0,-500.0,0.0,4666.666666666667,4285.714285714285,585.0315416812197
2026-07-14,Tamil Nadu,Kancheepuram,Padappai(Uzhavar Sandhai ),Safeda,3500.0,6000.0,4750.0,2026,7,14,195,1,29,4500.0,4500.0,3250.0,250.0,250.0,4666.666666666667,4392.857142857143,537.2992426855596
2026-07-15,Tamil Nadu,Kancheepuram,Padappai(Uzhavar Sandhai ),Safeda,3500.0,6000.0,4750.0,2026,7,15,196,2,29,4750.0,5000.0,4500.0,0.0,-250.0,4750.0,4607.142857142857,196.69894811735836
2026-07-16,Tamil Nadu,Kancheepuram,Padappai(Uzhavar Sandhai ),Safeda,3000.0,6000.0,4500.0,2026,7,16,197,3,29,4750.0,4500.0,4500.0,-250.0,0.0,4666.666666666667,4642.857142857143,196.69894811735804
2026-07-17,Tamil Nadu,Kancheepuram,Padappai(Uzhavar Sandhai ),Safeda,3500.0,6000.0,4750.0,2026,7,17,198,4,29,4500.0,4750.0,4500.0,250.0,0.0,4666.666666666667,4642.857142857143,196.69894811735804
2026-07-18,Tamil Nadu,Kancheepuram,Padappai(Uzhavar Sandhai ),Safeda,3500.0,6000.0,4750.0,2026,7,18,199,5,29,4750.0,4750.0,4500.0,0.0,0.0,4666.666666666667,4678.571428571428,188.98223650461054
2026-07-19,Tamil Nadu,Kancheepuram,Padappai(Uzhavar Sandhai ),Safeda,2500.0,6000.0,4250.0,2026,7,19,200,6,29,4750.0,4500.0,5000.0,-500.0,-250.0,4666.666666666667,4714.285714285715,172.51638983558504
2026-07-20,Tamil Nadu,Kancheepuram,Padappai(Uzhavar Sandhai ),Safeda,2500.0,6000.0,4250.0,2026,7,20,201,0,30,4250.0,4750.0,4500.0,0.0,-500.0,4583.333333333333,4607.142857142857,196.69894811735796
2026-07-21,Tamil Nadu,Kancheepuram,Padappai(Uzhavar Sandhai ),Safeda,3000.0,6000.0,4500.0,2026,7,21,202,1,30,4250.0,4750.0,4750.0,250.0,-250.0,4416.666666666667,4571.428571428572,237.7974328028333
2026-07-23,Tamil Nadu,Kancheepuram,Padappai(Uzhavar Sandhai ),Safeda,2500.0,3500.0,3000.0,2026,7,23,204,3,30,4500.0,4250.0,4750.0,-1500.0,-1250.0,4333.333333333333,4535.714285714285,224.93385271060723
2026-07-17,Tamil Nadu,Karur,Gandhigramam(Uzhavar Sandhai),Neelam,5000.0,8000.0,6500.0,2026,7,17,198,4,29,5500.0,5500.0,5500.0,1000.0,1000.0,5500.0,5785.714285714285,487.95003647426654
2026-07-18,Tamil Nadu,Karur,Gandhigramam(Uzhavar Sandhai),Neelam,5000.0,8000.0,6500.0,2026,7,18,199,5,29,6500.0,5500.0,6500.0,0.0,1000.0,5833.333333333333,5928.571428571428,534.5224838248488
2026-07-19,Tamil Nadu,Karur,Gandhigramam(Uzhavar Sandhai),Neelam,5000.0,8000.0,6500.0,2026,7,19,200,6,29,6500.0,5500.0,6500.0,0.0,1000.0,6166.666666666667,5928.571428571428,534.5224838248488
2026-07-20,Tamil Nadu,Karur,Gandhigramam(Uzhavar Sandhai),Neelam,5000.0,8000.0,6500.0,2026,7,20,201,0,30,6500.0,6500.0,5500.0,0.0,0.0,6500.0,5928.571428571428,534.5224838248488
2026-07-21,Tamil Nadu,Karur,Gandhigramam(Uzhavar Sandhai),Neelam,5000.0,6000.0,5500.0,2026,7,21,202,1,30,6500.0,6500.0,5500.0,-1000.0,-1000.0,6500.0,6071.428571428572,534.5224838248488
2026-07-22,Tamil Nadu,Karur,Gandhigramam(Uzhavar Sandhai),Neelam,5000.0,6000.0,5500.0,2026,7,22,203,2,30,5500.0,6500.0,5500.0,0.0,-1000.0,6166.666666666667,6071.428571428572,534.5224838248488
2026-07-23,Tamil Nadu,Karur,Gandhigramam(Uzhavar Sandhai),Neelam,5000.0,8000.0,6500.0,2026,7,23,204,3,30,5500.0,6500.0,5500.0,1000.0,0.0,5833.333333333333,6071.428571428572,534.5224838248488
2026-07-24,Tamil Nadu,Karur,Gandhigramam(Uzhavar Sandhai),Neelam,5000.0,8000.0,6500.0,2026,7,24,205,4,30,6500.0,5500.0,6500.0,0.0,1000.0,5833.333333333333,6214.285714285715,487.95003647426654
2026-07-25,Tamil Nadu,Karur,Gandhigramam(Uzhavar Sandhai),Neelam,5000.0,8000.0,6500.0,2026,7,25,206,5,30,6500.0,5500.0,6500.0,0.0,1000.0,6166.666666666667,6214.285714285715,487.95003647426654
2026-07-26,Tamil Nadu,Karur,Gandhigramam(Uzhavar Sandhai),Neelam,5000.0,8000.0,6500.0,2026,7,26,207,6,30,6500.0,6500.0,6500.0,0.0,0.0,6500.0,6214.285714285715,487.95003647426654
2026-07-27,Tamil Nadu,Karur,Gandhigramam(Uzhavar Sandhai),Neelam,5000.0,8000.0,6500.0,2026,7,27,208,0,31,6500.0,6500.0,6500.0,0.0,0.0,6500.0,6214.285714285715,487.95003647426654
2026-07-28,Tamil Nadu,Karur,Gandhigramam(Uzhavar Sandhai),Neelam,5000.0,8000.0,6500.0,2026,7,28,209,1,31,6500.0,6500.0,5500.0,0.0,0.0,6500.0,6214.285714285715,487.95003647426654
2026-07-29,Tamil Nadu,Karur,Gandhigramam(Uzhavar Sandhai),Neelam,5000.0,8000.0,6500.0,2026,7,29,210,2,31,6500.0,6500.0,5500.0,0.0,0.0,6500.0,6357.142857142857,377.96447300922694
2026-07-14,Tamil Nadu,Karur,Karur(Uzhavar Sandhai ),Neelam,7500.0,8000.0,7750.0,2026,7,14,195,1,29,7750.0,7750.0,7750.0,0.0,0.0,7750.0,7750.0,0.0
2026-07-15,Tamil Nadu,Karur,Karur(Uzhavar Sandhai ),Neelam,7500.0,8000.0,7750.0,2026,7,15,196,2,29,7750.0,7750.0,7750.0,0.0,0.0,7750.0,7750.0,0.0
2026-07-16,Tamil Nadu,Karur,Karur(Uzhavar Sandhai ),Neelam,7500.0,8000.0,7750.0,2026,7,16,197,3,29,7750.0,7750.0,7750.0,0.0,0.0,7750.0,7750.0,0.0
2026-07-17,Tamil Nadu,Karur,Karur(Uzhavar Sandhai ),Neelam,7500.0,8000.0,7750.0,2026,7,17,198,4,29,7750.0,7750.0,7750.0,0.0,0.0,7750.0,7750.0,0.0
2026-07-18,Tamil Nadu,Karur,Karur(Uzhavar Sandhai ),Neelam,7500.0,8000.0,7750.0,2026,7,18,199,5,29,7750.0,7750.0,7750.0,0.0,0.0,7750.0,7750.0,0.0
2026-07-19,Tamil Nadu,Karur,Karur(Uzhavar Sandhai ),Neelam,7500.0,8000.0,7750.0,2026,7,19,200,6,29,7750.0,7750.0,7750.0,0.0,0.0,7750.0,7750.0,0.0
2026-07-20,Tamil Nadu,Karur,Karur(Uzhavar Sandhai ),Neelam,7500.0,8000.0,7750.0,2026,7,20,201,0,30,7750.0,7750.0,7750.0,0.0,0.0,7750.0,7750.0,0.0
2026-07-21,Tamil Nadu,Karur,Karur(Uzhavar Sandhai ),Neelam,7500.0,8000.0,7750.0,2026,7,21,202,1,30,7750.0,7750.0,7750.0,0.0,0.0,7750.0,7750.0,0.0
2026-07-22,Tamil Nadu,Karur,Karur(Uzhavar Sandhai ),Neelam,5500.0,6000.0,5750.0,2026,7,22,203,2,30,7750.0,7750.0,7750.0,-2000.0,-2000.0,7750.0,7750.0,0.0
2026-07-23,Tamil Nadu,Karur,Karur(Uzhavar Sandhai ),Neelam,7500.0,8000.0,7750.0,2026,7,23,204,3,30,5750.0,7750.0,7750.0,2000.0,0.0,7083.333333333333,7464.285714285715,755.9289460184546
2026-07-24,Tamil Nadu,Karur,Karur(Uzhavar Sandhai ),Neelam,7500.0,8000.0,7750.0,2026,7,24,205,4,30,7750.0,7750.0,7750.0,0.0,0.0,7083.333333333333,7464.285714285715,755.9289460184546
2026-07-25,Tamil Nadu,Karur,Karur(Uzhavar Sandhai ),Neelam,7500.0,8000.0,7750.0,2026,7,25,206,5,30,7750.0,5750.0,7750.0,0.0,2000.0,7083.333333333333,7464.285714285715,755.9289460184546
2026-07-26,Tamil Nadu,Karur,Karur(Uzhavar Sandhai ),Neelam,7500.0,8000.0,7750.0,2026,7,26,207,6,30,7750.0,7750.0,7750.0,0.0,0.0,7750.0,7464.285714285715,755.9289460184546
2026-07-27,Tamil Nadu,Karur,Karur(Uzhavar Sandhai ),Neelam,7500.0,8000.0,7750.0,2026,7,27,208,0,31,7750.0,7750.0,7750.0,0.0,0.0,7750.0,7464.285714285715,755.9289460184546
2026-07-28,Tamil Nadu,Karur,Karur(Uzhavar Sandhai ),Neelam,7500.0,8000.0,7750.0,2026,7,28,209,1,31,7750.0,7750.0,7750.0,0.0,0.0,7750.0,7464.285714285715,755.9289460184546
2026-07-29,Tamil Nadu,Karur,Karur(Uzhavar Sandhai ),Neelam,7500.0,8000.0,7750.0,2026,7,29,210,2,31,7750.0,7750.0,5750.0,0.0,0.0,7750.0,7464.285714285715,755.9289460184546
2026-07-14,Tamil Nadu,Karur,Kulithalai(Uzhavar Sandhai ),Neelam,5000.0,6000.0,5500.0,2026,7,14,195,1,29,5500.0,5500.0,5500.0,0.0,0.0,5500.0,5500.0,0.0
2026-07-15,Tamil Nadu,Karur,Kulithalai(Uzhavar Sandhai ),Neelam,5000.0,6000.0,5500.0,2026,7,15,196,2,29,5500.0,5500.0,5500.0,0.0,0.0,5500.0,5500.0,0.0
2026-07-16,Tamil Nadu,Karur,Kulithalai(Uzhavar Sandhai ),Neelam,5000.0,6000.0,5500.0,2026,7,16,197,3,29,5500.0,5500.0,5500.0,0.0,0.0,5500.0,5500.0,0.0
2026-07-18,Tamil Nadu,Karur,Kulithalai(Uzhavar Sandhai ),Neelam,5000.0,6000.0,5500.0,2026,7,18,199,5,29,5500.0,5500.0,5500.0,0.0,0.0,5500.0,5500.0,0.0
2026-07-19,Tamil Nadu,Karur,Kulithalai(Uzhavar Sandhai ),Neelam,5000.0,6000.0,5500.0,2026,7,19,200,6,29,5500.0,5500.0,5500.0,0.0,0.0,5500.0,5500.0,0.0
2026-07-21,Tamil Nadu,Karur,Kulithalai(Uzhavar Sandhai ),Neelam,5000.0,6000.0,5500.0,2026,7,21,202,1,30,5500.0,5500.0,5500.0,0.0,0.0,5500.0,5500.0,0.0
2026-07-22,Tamil Nadu,Karur,Kulithalai(Uzhavar Sandhai ),Neelam,5000.0,6000.0,5500.0,2026,7,22,203,2,30,5500.0,5500.0,5500.0,0.0,0.0,5500.0,5500.0,0.0
2026-07-23,Tamil Nadu,Karur,Kulithalai(Uzhavar Sandhai ),Neelam,5000.0,6000.0,5500.0,2026,7,23,204,3,30,5500.0,5500.0,5500.0,0.0,0.0,5500.0,5500.0,0.0
2026-07-24,Tamil Nadu,Karur,Kulithalai(Uzhavar Sandhai ),Neelam,5000.0,6000.0,5500.0,2026,7,24,205,4,30,5500.0,5500.0,5500.0,0.0,0.0,5500.0,5500.0,0.0
2026-07-25,Tamil Nadu,Karur,Kulithalai(Uzhavar Sandhai ),Neelam,5000.0,6000.0,5500.0,2026,7,25,206,5,30,5500.0,5500.0,5500.0,0.0,0.0,5500.0,5500.0,0.0
2026-07-26,Tamil Nadu,Karur,Kulithalai(Uzhavar Sandhai ),Neelam,5000.0,6000.0,5500.0,2026,7,26,207,6,30,5500.0,5500.0,5500.0,0.0,0.0,5500.0,5500.0,0.0
2026-07-27,Tamil Nadu,Karur,Kulithalai(Uzhavar Sandhai ),Neelam,5000.0,6000.0,5500.0,2026,7,27,208,0,31,5500.0,5500.0,5500.0,0.0,0.0,5500.0,5500.0,0.0
2026-07-28,Tamil Nadu,Karur,Kulithalai(Uzhavar Sandhai ),Neelam,5000.0,6000.0,5500.0,2026,7,28,209,1,31,5500.0,5500.0,5500.0,0.0,0.0,5500.0,5500.0,0.0
2026-07-29,Tamil Nadu,Karur,Kulithalai(Uzhavar Sandhai ),Neelam,5000.0,6000.0,5500.0,2026,7,29,210,2,31,5500.0,5500.0,5500.0,0.0,0.0,5500.0,5500.0,0.0
2026-07-13,Tamil Nadu,Karur,Pallapatti (Uzhavar Sandhai ),Other,2500.0,3000.0,2750.0,2026,7,13,194,0,29,2750.0,2750.0,2750.0,0.0,0.0,2750.0,2750.0,0.0
2026-07-14,Tamil Nadu,Karur,Pallapatti (Uzhavar Sandhai ),Other,2500.0,3000.0,2750.0,2026,7,14,195,1,29,2750.0,2750.0,2750.0,0.0,0.0,2750.0,2750.0,0.0
2026-07-15,Tamil Nadu,Karur,Pallapatti (Uzhavar Sandhai ),Other,3500.0,4000.0,3750.0,2026,7,15,196,2,29,2750.0,2750.0,2750.0,1000.0,1000.0,2750.0,2750.0,0.0
2026-07-16,Tamil Nadu,Karur,Pallapatti (Uzhavar Sandhai ),Other,3500.0,4000.0,3750.0,2026,7,16,197,3,29,3750.0,2750.0,2750.0,0.0,1000.0,3083.3333333333335,2892.8571428571427,377.9644730092273
2026-07-17,Tamil Nadu,Karur,Pallapatti (Uzhavar Sandhai ),Other,3500.0,4000.0,3750.0,2026,7,17,198,4,29,3750.0,2750.0,2750.0,0.0,1000.0,3416.6666666666665,3035.714285714286,487.95003647426665
2026-07-18,Tamil Nadu,Karur,Pallapatti (Uzhavar Sandhai ),Other,3500.0,4000.0,3750.0,2026,7,18,199,5,29,3750.0,3750.0,2750.0,0.0,0.0,3750.0,3178.5714285714284,534.5224838248488
2026-07-19,Tamil Nadu,Karur,Pallapatti (Uzhavar Sandhai ),Other,3500.0,4000.0,3750.0,2026,7,19,200,6,29,3750.0,3750.0,2750.0,0.0,0.0,3750.0,3321.4285714285716,534.5224838248487
2026-07-20,Tamil Nadu,Karur,Pallapatti (Uzhavar Sandhai ),Other,3500.0,4000.0,3750.0,2026,7,20,201,0,30,3750.0,3750.0,2750.0,0.0,0.0,3750.0,3464.285714285714,487.9500364742662
2026-07-21,Tamil Nadu,Karur,Pallapatti (Uzhavar Sandhai ),Other,3500.0,4000.0,3750.0,2026,7,21,202,1,30,3750.0,3750.0,2750.0,0.0,0.0,3750.0,3607.1428571428573,377.9644730092263
2026-07-23,Tamil Nadu,Karur,Pallapatti (Uzhavar Sandhai ),Other,4500.0,5000.0,4750.0,2026,7,23,204,3,30,3750.0,3750.0,3750.0,1000.0,1000.0,3750.0,3750.0,0.0
2026-07-24,Tamil Nadu,Karur,Pallapatti (Uzhavar Sandhai ),Other,3500.0,4000.0,3750.0,2026,7,24,205,4,30,4750.0,3750.0,3750.0,-1000.0,0.0,4083.3333333333335,3892.8571428571427,377.9644730092273
2026-07-22,Tamil Nadu,Krishnagiri,Krishnagiri(Uzhavar Sandhai ),Neelam,2500.0,3000.0,2750.0,2026,7,22,203,2,30,2250.0,2250.0,2250.0,500.0,500.0,2250.0,2214.285714285714,94.49111825230683
2026-07-23,Tamil Nadu,Krishnagiri,Krishnagiri(Uzhavar Sandhai ),Neelam,2500.0,3000.0,2750.0,2026,7,23,204,3,30,2750.0,2250.0,2000.0,0.0,500.0,2416.6666666666665,2285.714285714286,224.93385271060947
2026-07-24,Tamil Nadu,Krishnagiri,Krishnagiri(Uzhavar Sandhai ),Neelam,2000.0,3000.0,2500.0,2026,7,24,205,4,30,2750.0,2250.0,2250.0,-250.0,250.0,2583.3333333333335,2392.8571428571427,243.97501823713355
2026-07-26,Tamil Nadu,Krishnagiri,Krishnagiri(Uzhavar Sandhai ),Neelam,2500.0,3000.0,2750.0,2026,7,26,207,6,30,2500.0,2750.0,2250.0,250.0,0.0,2666.6666666666665,2428.5714285714284,237.79743280283577
2026-07-29,Tamil Nadu,Krishnagiri,Krishnagiri(Uzhavar Sandhai ),Neelam,2500.0,3500.0,3000.0,2026,7,29,210,2,31,2750.0,2750.0,2250.0,250.0,250.0,2666.6666666666665,2500.0,250.00000000000037
2026-07-20,Tamil Nadu,Krishnagiri,Krishnagiri(Uzhavar Sandhai ),Safeda,2000.0,2500.0,2250.0,2026,7,20,201,0,30,2250.0,2250.0,2750.0,0.0,0.0,2166.6666666666665,2285.714285714286,224.93385271060927
2026-07-21,Tamil Nadu,Krishnagiri,Krishnagiri(Uzhavar Sandhai ),Safeda,2000.0,2500.0,2250.0,2026,7,21,202,1,30,2250.0,2000.0,2250.0,0.0,250.0,2166.6666666666665,2214.285714285714,94.49111825230675
2026-07-25,Tamil Nadu,Krishnagiri,Krishnagiri(Uzhavar Sandhai ),Safeda,2500.0,3000.0,2750.0,2026,7,25,206,5,30,2250.0,2250.0,2250.0,500.0,500.0,2250.0,2214.285714285714,94.49111825230675
2026-07-27,Tamil Nadu,Krishnagiri,Krishnagiri(Uzhavar Sandhai ),Safeda,2500.0,3000.0,2750.0,2026,7,27,208,0,31,2750.0,2250.0,2250.0,0.0,500.0,2416.6666666666665,2285.714285714286,224.93385271060944
2026-07-28,Tamil Nadu,Krishnagiri,Krishnagiri(Uzhavar Sandhai ),Safeda,2500.0,3000.0,2750.0,2026,7,28,209,1,31,2750.0,2250.0,2250.0,0.0,500.0,2583.3333333333335,2357.1428571428573,283.4733547569207
2026-07-13,Tamil Nadu,Madurai,Anaiyur(Uzhavar Sandhai ),Safeda,3000.0,6000.0,4500.0,2026,7,13,194,0,29,5500.0,5000.0,4500.0,-1000.0,-500.0,5166.666666666667,4928.571428571428,449.8677054212187
2026-07-14,Tamil Nadu,Madurai,Anaiyur(Uzhavar Sandhai ),Safeda,5000.0,6000.0,5500.0,2026,7,14,195,1,29,4500.0,5000.0,5500.0,1000.0,500.0,5000.0,4928.571428571428,449.8677054212187
2026-07-15,Tamil Nadu,Madurai,Anaiyur(Uzhavar Sandhai ),Safeda,3000.0,6000.0,4500.0,2026,7,15,196,2,29,5500.0,5500.0,4500.0,-1000.0,-1000.0,5166.666666666667,4928.571428571428,449.8677054212187
2026-07-16,Tamil Nadu,Madurai,Anaiyur(Uzhavar Sandhai ),Safeda,3000.0,6000.0,4500.0,2026,7,16,197,3,29,4500.0,4500.0,4500.0,0.0,0.0,4833.333333333333,4928.571428571428,449.8677054212187
2026-07-17,Tamil Nadu,Madurai,Anaiyur(Uzhavar Sandhai ),Safeda,4000.0,5000.0,4500.0,2026,7,17,198,4,29,4500.0,5500.0,5000.0,0.0,-1000.0,4833.333333333333,4928.571428571428,449.8677054212187
2026-07-18,Tamil Nadu,Madurai,Anaiyur(Uzhavar Sandhai ),Safeda,5000.0,6000.0,5500.0,2026,7,18,199,5,29,4500.0,4500.0,5000.0,1000.0,1000.0,4500.0,4857.142857142857,475.59486560567086
2026-07-19,Tamil Nadu,Madurai,Anaiyur(Uzhavar Sandhai ),Safeda,3000.0,6000.0,4500.0,2026,7,19,200,6,29,5500.0,4500.0,5500.0,-1000.0,0.0,4833.333333333333,4928.571428571428,534.5224838248488
2026-07-21,Tamil Nadu,Madurai,Anaiyur(Uzhavar Sandhai ),Safeda,5000.0,6000.0,5500.0,2026,7,21,202,1,30,4500.0,4500.0,4500.0,1000.0,1000.0,4833.333333333333,4785.714285714285,487.9500364742665
2026-07-22,Tamil Nadu,Madurai,Anaiyur(Uzhavar Sandhai ),Safeda,3500.0,7000.0,5250.0,2026,7,22,203,2,30,5500.0,5500.0,5500.0,-250.0,-250.0,5166.666666666667,4928.571428571428,534.5224838248488
2026-07-23,Tamil Nadu,Madurai,Anaiyur(Uzhavar Sandhai ),Safeda,4000.0,7000.0,5500.0,2026,7,23,204,3,30,5250.0,4500.0,4500.0,250.0,1000.0,5083.333333333333,4892.857142857143,497.0148986940025
2026-07-24,Tamil Nadu,Madurai,Anaiyur(Uzhavar Sandhai ),Safeda,5000.0,6000.0,5500.0,2026,7,24,205,4,30,5500.0,5500.0,4500.0,0.0,0.0,5416.666666666667,5035.714285714285,508.8502445991078
2026-07-25,Tamil Nadu,Madurai,Anaiyur(Uzhavar Sandhai ),Safeda,5000.0,6000.0,5500.0,2026,7,25,206,5,30,5500.0,5250.0,4500.0,0.0,250.0,5416.666666666667,5178.571428571428,472.455591261535
2026-07-26,Tamil Nadu,Madurai,Anaiyur(Uzhavar Sandhai ),Safeda,4000.0,7000.0,5500.0,2026,7,26,207,6,30,5500.0,5500.0,5500.0,0.0,0.0,5500.0,5321.428571428572,374.0066207715499
2026-07-27,Tamil Nadu,Madurai,Anaiyur(Uzhavar Sandhai ),Safeda,4000.0,7000.0,5500.0,2026,7,27,208,0,31,5500.0,5500.0,4500.0,0.0,0.0,5500.0,5321.428571428572,374.0066207715499
2026-07-28,Tamil Nadu,Madurai,Anaiyur(Uzhavar Sandhai ),Safeda,4000.0,7000.0,5500.0,2026,7,28,209,1,31,5500.0,5500.0,5500.0,0.0,0.0,5500.0,5464.285714285715,94.49111825231813
2026-07-29,Tamil Nadu,Madurai,Anaiyur(Uzhavar Sandhai ),Safeda,4500.0,7000.0,5750.0,2026,7,29,210,2,31,5500.0,5500.0,5250.0,250.0,250.0,5500.0,5464.285714285715,94.49111825231813
2026-07-14,Tamil Nadu,Madurai,Anna nagar(Uzhavar Sandhai ),Other,5000.0,5000.0,5000.0,2026,7,14,195,1,29,5000.0,5000.0,5000.0,0.0,0.0,5166.666666666667,5071.428571428572,188.98223650461367
2026-07-15,Tamil Nadu,Madurai,Anna nagar(Uzhavar Sandhai ),Other,5000.0,5000.0,5000.0,2026,7,15,196,2,29,5000.0,5500.0,5000.0,0.0,-500.0,5166.666666666667,5071.428571428572,188.98223650461367
2026-07-16,Tamil Nadu,Madurai,Anna nagar(Uzhavar Sandhai ),Other,5000.0,5000.0,5000.0,2026,7,16,197,3,29,5000.0,5000.0,5000.0,0.0,0.0,5000.0,5071.428571428572,188.98223650461367
2026-07-18,Tamil Nadu,Madurai,Anna nagar(Uzhavar Sandhai ),Other,5000.0,5000.0,5000.0,2026,7,18,199,5,29,5000.0,5000.0,5000.0,0.0,0.0,5000.0,5071.428571428572,188.98223650461367
2026-07-19,Tamil Nadu,Madurai,Anna nagar(Uzhavar Sandhai ),Other,5000.0,6000.0,5500.0,2026,7,19,200,6,29,5000.0,5000.0,5000.0,500.0,500.0,5000.0,5071.428571428572,188.98223650461367
2026-07-20,Tamil Nadu,Madurai,Anna nagar(Uzhavar Sandhai ),Other,5000.0,5000.0,5000.0,2026,7,20,201,0,30,5500.0,5000.0,5500.0,-500.0,0.0,5166.666666666667,5142.857142857143,243.9750182371332
2026-07-21,Tamil Nadu,Madurai,Anna nagar(Uzhavar Sandhai ),Other,5000.0,5000.0,5000.0,2026,7,21,202,1,30,5000.0,5000.0,5000.0,0.0,0.0,5166.666666666667,5071.428571428572,188.98223650461367
2026-07-22,Tamil Nadu,Madurai,Anna nagar(Uzhavar Sandhai ),Other,5000.0,5000.0,5000.0,2026,7,22,203,2,30,5000.0,5500.0,5000.0,0.0,-500.0,5166.666666666667,5071.428571428572,188.98223650461367
2026-07-25,Tamil Nadu,Madurai,Anna nagar(Uzhavar Sandhai ),Other,5000.0,5000.0,5000.0,2026,7,25,206,5,30,5000.0,5000.0,5000.0,0.0,0.0,5000.0,5071.428571428572,188.98223650461367
2026-07-26,Tamil Nadu,Madurai,Anna nagar(Uzhavar Sandhai ),Other,5000.0,5000.0,5000.0,2026,7,26,207,6,30,5000.0,5000.0,5000.0,0.0,0.0,5000.0,5071.428571428572,188.98223650461367
2026-07-27,Tamil Nadu,Madurai,Anna nagar(Uzhavar Sandhai ),Other,5000.0,5000.0,5000.0,2026,7,27,208,0,31,5000.0,5000.0,5000.0,0.0,0.0,5000.0,5071.428571428572,188.98223650461367
2026-07-28,Tamil Nadu,Madurai,Anna nagar(Uzhavar Sandhai ),Other,5000.0,5000.0,5000.0,2026,7,28,209,1,31,5000.0,5000.0,5500.0,0.0,0.0,5000.0,5071.428571428572,188.98223650461367
2026-07-29,Tamil Nadu,Madurai,Anna nagar(Uzhavar Sandhai ),Other,5000.0,5000.0,5000.0,2026,7,29,210,2,31,5000.0,5000.0,5000.0,0.0,0.0,5000.0,5000.0,0.0
2026-07-19,Tamil Nadu,Madurai,Anna nagar(Uzhavar Sandhai ),Safeda,5000.0,6000.0,5500.0,2026,7,19,200,6,29,4500.0,5500.0,5500.0,1000.0,0.0,5166.666666666667,5357.142857142857,377.96447300922716
2026-07-26,Tamil Nadu,Madurai,Anna nagar(Uzhavar Sandhai ),Safeda,6000.0,7000.0,6500.0,2026,7,26,207,6,30,5500.0,5500.0,5500.0,1000.0,1000.0,5166.666666666667,5357.142857142857,377.96447300922716
2026-07-13,Tamil Nadu,Madurai,Chokkikulam(Uzhavar Sandhai ),Safeda,3000.0,6000.0,4500.0,2026,7,13,194,0,29,4500.0,4500.0,4500.0,0.0,0.0,4500.0,4500.0,0.0
2026-07-14,Tamil Nadu,Madurai,Chokkikulam(Uzhavar Sandhai ),Safeda,3000.0,6000.0,4500.0,2026,7,14,195,1,29,4500.0,4500.0,4500.0,0.0,0.0,4500.0,4500.0,0.0
2026-07-15,Tamil Nadu,Madurai,Chokkikulam(Uzhavar Sandhai ),Safeda,5000.0,6000.0,5500.0,2026,7,15,196,2,29,4500.0,4500.0,4500.0,1000.0,1000.0,4500.0,4500.0,0.0
2026-07-16,Tamil Nadu,Madurai,Chokkikulam(Uzhavar Sandhai ),Safeda,5000.0,6000.0,5500.0,2026,7,16,197,3,29,5500.0,4500.0,4500.0,0.0,1000.0,4833.333333333333,4642.857142857143,377.96447300922716
2026-07-17,Tamil Nadu,Madurai,Chokkikulam(Uzhavar Sandhai ),Safeda,5000.0,6000.0,5500.0,2026,7,17,198,4,29,5500.0,4500.0,4500.0,0.0,1000.0,5166.666666666667,4785.714285714285,487.9500364742664
2026-07-18,Tamil Nadu,Madurai,Chokkikulam(Uzhavar Sandhai ),Safeda,3000.0,5000.0,4000.0,2026,7,18,199,5,29,5500.0,5500.0,4500.0,-1500.0,-1500.0,5500.0,4928.571428571428,534.5224838248485
2026-07-19,Tamil Nadu,Madurai,Chokkikulam(Uzhavar Sandhai ),Safeda,3000.0,6000.0,4500.0,2026,7,19,200,6,29,4000.0,5500.0,4500.0,500.0,-1000.0,5000.0,4857.142857142857,626.7831705280086
2026-07-20,Tamil Nadu,Madurai,Chokkikulam(Uzhavar Sandhai ),Safeda,3000.0,6000.0,4500.0,2026,7,20,201,0,30,4500.0,5500.0,4500.0,0.0,-1000.0,4666.666666666667,4857.142857142857,626.7831705280086
2026-07-21,Tamil Nadu,Madurai,Chokkikulam(Uzhavar Sandhai ),Safeda,3000.0,6000.0,4500.0,2026,7,21,202,1,30,4500.0,4000.0,4500.0,0.0,500.0,4333.333333333333,4857.142857142857,626.7831705280086
2026-07-22,Tamil Nadu,Madurai,Chokkikulam(Uzhavar Sandhai ),Safeda,3500.0,7000.0,5250.0,2026,7,22,203,2,30,4500.0,4500.0,5500.0,750.0,750.0,4500.0,4857.142857142857,626.7831705280086
2026-07-23,Tamil Nadu,Madurai,Chokkikulam(Uzhavar Sandhai ),Safeda,4000.0,7000.0,5500.0,2026,7,23,204,3,30,5250.0,4500.0,5500.0,250.0,1000.0,4750.0,4821.428571428572,590.0968443520821
2026-07-24,Tamil Nadu,Madurai,Chokkikulam(Uzhavar Sandhai ),Safeda,3500.0,6000.0,4750.0,2026,7,24,205,4,30,5500.0,4500.0,5500.0,-750.0,250.0,5083.333333333333,4821.428571428572,590.0968443520821
2026-07-25,Tamil Nadu,Madurai,Chokkikulam(Uzhavar Sandhai ),Safeda,4000.0,6000.0,5000.0,2026,7,25,206,5,30,4750.0,5250.0,4000.0,250.0,-250.0,5166.666666666667,4714.285714285715,508.8502445991075
2026-07-26,Tamil Nadu,Madurai,Chokkikulam(Uzhavar Sandhai ),Safeda,4000.0,7000.0,5500.0,2026,7,26,207,6,30,5000.0,5500.0,4500.0,500.0,0.0,5083.333333333333,4857.142857142857,404.5867968563431
2026-07-27,Tamil Nadu,Madurai,Chokkikulam(Uzhavar Sandhai ),Safeda,4000.0,7000.0,5500.0,2026,7,27,208,0,31,5500.0,4750.0,4500.0,0.0,750.0,5083.333333333333,5000.0,433.0127018922183
2026-07-28,Tamil Nadu,Madurai,Chokkikulam(Uzhavar Sandhai ),Safeda,4000.0,7000.0,5500.0,2026,7,28,209,1,31,5500.0,5000.0,4500.0,0.0,500.0,5333.333333333333,5142.857142857143,404.58679685634155
2026-07-29,Tamil Nadu,Madurai,Chokkikulam(Uzhavar Sandhai ),Safeda,5000.0,8000.0,6500.0,2026,7,29,210,2,31,5500.0,5500.0,5250.0,1000.0,1000.0,5500.0,5285.714285714285,303.74644814697405
2026-07-14,Tamil Nadu,Madurai,Melur(Uzhavar Sandhai ),Safeda,4500.0,5000.0,4750.0,2026,7,14,195,1,29,4750.0,4750.0,4750.0,0.0,0.0,4750.0,4750.0,0.0
2026-07-15,Tamil Nadu,Madurai,Melur(Uzhavar Sandhai ),Safeda,4500.0,5000.0,4750.0,2026,7,15,196,2,29,4750.0,4750.0,4750.0,0.0,0.0,4750.0,4750.0,0.0
2026-07-16,Tamil Nadu,Madurai,Melur(Uzhavar Sandhai ),Safeda,4500.0,5000.0,4750.0,2026,7,16,197,3,29,4750.0,4750.0,4750.0,0.0,0.0,4750.0,4750.0,0.0
2026-07-17,Tamil Nadu,Madurai,Melur(Uzhavar Sandhai ),Safeda,4500.0,5000.0,4750.0,2026,7,17,198,4,29,4750.0,4750.0,4750.0,0.0,0.0,4750.0,4750.0,0.0
2026-07-18,Tamil Nadu,Madurai,Melur(Uzhavar Sandhai ),Safeda,4500.0,5000.0,4750.0,2026,7,18,199,5,29,4750.0,4750.0,4750.0,0.0,0.0,4750.0,4750.0,0.0
2026-07-19,Tamil Nadu,Madurai,Melur(Uzhavar Sandhai ),Safeda,4500.0,5000.0,4750.0,2026,7,19,200,6,29,4750.0,4750.0,4750.0,0.0,0.0,4750.0,4750.0,0.0
2026-07-20,Tamil Nadu,Madurai,Melur(Uzhavar Sandhai ),Safeda,4500.0,5000.0,4750.0,2026,7,20,201,0,30,4750.0,4750.0,4750.0,0.0,0.0,4750.0,4750.0,0.0
2026-07-21,Tamil Nadu,Madurai,Melur(Uzhavar Sandhai ),Safeda,4500.0,5000.0,4750.0,2026,7,21,202,1,30,4750.0,4750.0,4750.0,0.0,0.0,4750.0,4750.0,0.0
2026-07-22,Tamil Nadu,Madurai,Melur(Uzhavar Sandhai ),Safeda,5500.0,6000.0,5750.0,2026,7,22,203,2,30,4750.0,4750.0,4750.0,1000.0,1000.0,4750.0,4750.0,0.0
2026-07-24,Tamil Nadu,Madurai,Melur(Uzhavar Sandhai ),Safeda,5500.0,6000.0,5750.0,2026,7,24,205,4,30,5750.0,4750.0,4750.0,0.0,1000.0,5083.333333333333,4892.857142857143,377.96447300922716
2026-07-25,Tamil Nadu,Madurai,Melur(Uzhavar Sandhai ),Safeda,5500.0,6000.0,5750.0,2026,7,25,206,5,30,5750.0,4750.0,4750.0,0.0,1000.0,5416.666666666667,5035.714285714285,487.9500364742664
2026-07-26,Tamil Nadu,Madurai,Melur(Uzhavar Sandhai ),Safeda,5500.0,6000.0,5750.0,2026,7,26,207,6,30,5750.0,5750.0,4750.0,0.0,0.0,5750.0,5178.571428571428,534.5224838248485
2026-07-27,Tamil Nadu,Madurai,Melur(Uzhavar Sandhai ),Safeda,5500.0,6000.0,5750.0,2026,7,27,208,0,31,5750.0,5750.0,4750.0,0.0,0.0,5750.0,5321.428571428572,534.5224838248482
2026-07-28,Tamil Nadu,Madurai,Melur(Uzhavar Sandhai ),Safeda,5500.0,6000.0,5750.0,2026,7,28,209,1,31,5750.0,5750.0,4750.0,0.0,0.0,5750.0,5464.285714285715,487.95003647426563
2026-07-29,Tamil Nadu,Madurai,Melur(Uzhavar Sandhai ),Safeda,4000.0,4500.0,4250.0,2026,7,29,210,2,31,5750.0,5750.0,4750.0,-1500.0,-1500.0,5750.0,5607.142857142857,377.9644730092254
2026-07-13,Tamil Nadu,Madurai,Thirumangalam(Uzhavar Sandhai ),Safeda,5000.0,6000.0,5500.0,2026,7,13,194,0,29,5500.0,5500.0,5500.0,0.0,0.0,5500.0,5500.0,0.0
2026-07-14,Tamil Nadu,Madurai,Thirumangalam(Uzhavar Sandhai ),Safeda,5000.0,6000.0,5500.0,2026,7,14,195,1,29,5500.0,5500.0,5500.0,0.0,0.0,5500.0,5500.0,0.0
2026-07-15,Tamil Nadu,Madurai,Thirumangalam(Uzhavar Sandhai ),Safeda,5000.0,6000.0,5500.0,2026,7,15,196,2,29,5500.0,5500.0,5500.0,0.0,0.0,5500.0,5500.0,0.0
2026-07-16,Tamil Nadu,Madurai,Thirumangalam(Uzhavar Sandhai ),Safeda,5000.0,6000.0,5500.0,2026,7,16,197,3,29,5500.0,5500.0,5500.0,0.0,0.0,5500.0,5500.0,0.0
2026-07-17,Tamil Nadu,Madurai,Thirumangalam(Uzhavar Sandhai ),Safeda,5000.0,6000.0,5500.0,2026,7,17,198,4,29,5500.0,5500.0,5500.0,0.0,0.0,5500.0,5500.0,0.0
2026-07-18,Tamil Nadu,Madurai,Thirumangalam(Uzhavar Sandhai ),Safeda,5000.0,6000.0,5500.0,2026,7,18,199,5,29,5500.0,5500.0,5500.0,0.0,0.0,5500.0,5500.0,0.0
2026-07-19,Tamil Nadu,Madurai,Thirumangalam(Uzhavar Sandhai ),Safeda,5000.0,6000.0,5500.0,2026,7,19,200,6,29,5500.0,5500.0,5500.0,0.0,0.0,5500.0,5500.0,0.0
2026-07-20,Tamil Nadu,Madurai,Thirumangalam(Uzhavar Sandhai ),Safeda,5000.0,6000.0,5500.0,2026,7,20,201,0,30,5500.0,5500.0,5500.0,0.0,0.0,5500.0,5500.0,0.0
2026-07-21,Tamil Nadu,Madurai,Thirumangalam(Uzhavar Sandhai ),Safeda,5000.0,6000.0,5500.0,2026,7,21,202,1,30,5500.0,5500.0,5500.0,0.0,0.0,5500.0,5500.0,0.0
2026-07-22,Tamil Nadu,Madurai,Thirumangalam(Uzhavar Sandhai ),Safeda,5000.0,6000.0,5500.0,2026,7,22,203,2,30,5500.0,5500.0,5500.0,0.0,0.0,5500.0,5500.0,0.0
2026-07-23,Tamil Nadu,Madurai,Thirumangalam(Uzhavar Sandhai ),Safeda,5000.0,6000.0,5500.0,2026,7,23,204,3,30,5500.0,5500.0,5500.0,0.0,0.0,5500.0,5500.0,0.0
2026-07-24,Tamil Nadu,Madurai,Thirumangalam(Uzhavar Sandhai ),Safeda,5000.0,6000.0,5500.0,2026,7,24,205,4,30,5500.0,5500.0,5500.0,0.0,0.0,5500.0,5500.0,0.0
2026-07-25,Tamil Nadu,Madurai,Thirumangalam(Uzhavar Sandhai ),Safeda,6000.0,7000.0,6500.0,2026,7,25,206,5,30,5500.0,5500.0,5500.0,1000.0,1000.0,5500.0,5500.0,0.0
2026-07-26,Tamil Nadu,Madurai,Thirumangalam(Uzhavar Sandhai ),Safeda,6000.0,7000.0,6500.0,2026,7,26,207,6,30,6500.0,5500.0,5500.0,0.0,1000.0,5833.333333333333,5642.857142857143,377.96447300922716
2026-07-27,Tamil Nadu,Madurai,Thirumangalam(Uzhavar Sandhai ),Safeda,6000.0,7000.0,6500.0,2026,7,27,208,0,31,6500.0,5500.0,5500.0,0.0,1000.0,6166.666666666667,5785.714285714285,487.9500364742664
2026-07-28,Tamil Nadu,Madurai,Thirumangalam(Uzhavar Sandhai ),Safeda,6000.0,7000.0,6500.0,2026,7,28,209,1,31,6500.0,6500.0,5500.0,0.0,0.0,6500.0,5928.571428571428,534.5224838248485
2026-07-13,Tamil Nadu,Nagapattinam,Nagapattinam(Uzhavar Sandhai ),Other,6500.0,6500.0,6500.0,2026,7,13,194,0,29,6400.0,4150.0,4250.0,100.0,2350.0,4766.666666666667,5114.285714285715,1569.4251298151298
2026-07-14,Tamil Nadu,Nagapattinam,Nagapattinam(Uzhavar Sandhai ),Other,6000.0,7000.0,6500.0,2026,7,14,195,1,29,6500.0,3750.0,3500.0,0.0,2750.0,5550.0,5435.714285714285,1593.140056019946
2026-07-15,Tamil Nadu,Nagapattinam,Nagapattinam(Uzhavar Sandhai ),Other,3800.0,4500.0,4150.0,2026,7,15,196,2,29,6500.0,6400.0,6250.0,-2350.0,-2250.0,6466.666666666667,5864.285714285715,1374.0797786501469
2026-07-16,Tamil Nadu,Nagapattinam,Nagapattinam(Uzhavar Sandhai ),Other,6000.0,6500.0,6250.0,2026,7,16,197,3,29,4150.0,6500.0,7500.0,2100.0,-250.0,5716.666666666667,5564.285714285715,1499.364944933433
2026-07-17,Tamil Nadu,Nagapattinam,Nagapattinam(Uzhavar Sandhai ),Other,2500.0,3500.0,3000.0,2026,7,17,198,4,29,6250.0,6500.0,4150.0,-3250.0,-3500.0,5633.333333333333,5385.714285714285,1290.2565267271093
2026-07-18,Tamil Nadu,Nagapattinam,Nagapattinam(Uzhavar Sandhai ),Other,3000.0,3900.0,3450.0,2026,7,18,199,5,29,3000.0,4150.0,3750.0,450.0,-700.0,4466.666666666667,5221.428571428572,1525.575613459048
2026-07-19,Tamil Nadu,Nagapattinam,Nagapattinam(Uzhavar Sandhai ),Other,4500.0,5000.0,4750.0,2026,7,19,200,6,29,3450.0,6250.0,6400.0,1300.0,-1500.0,4233.333333333333,5178.571428571428,1577.1432884747508
2026-07-20,Tamil Nadu,Nagapattinam,Nagapattinam(Uzhavar Sandhai ),Other,6000.0,7000.0,6500.0,2026,7,20,201,0,30,4750.0,3000.0,6500.0,1750.0,3500.0,3733.3333333333335,4942.857142857143,1484.763890160253
2026-07-21,Tamil Nadu,Nagapattinam,Nagapattinam(Uzhavar Sandhai ),Other,6000.0,6500.0,6250.0,2026,7,21,202,1,30,6500.0,3450.0,6500.0,-250.0,2800.0,4900.0,4942.857142857143,1484.763890160253
2026-07-22,Tamil Nadu,Nagapattinam,Nagapattinam(Uzhavar Sandhai ),Other,6000.0,6500.0,6250.0,2026,7,22,203,2,30,6250.0,4750.0,4150.0,0.0,1500.0,5833.333333333333,4907.142857142857,1443.4993855871483
2026-07-23,Tamil Nadu,Nagapattinam,Nagapattinam(Uzhavar Sandhai ),Other,4500.0,5000.0,4750.0,2026,7,23,204,3,30,6250.0,6500.0,6250.0,-1500.0,-1750.0,6333.333333333333,5207.142857142857,1477.731530485316
2026-07-24,Tamil Nadu,Nagapattinam,Nagapattinam(Uzhavar Sandhai ),Other,6000.0,7000.0,6500.0,2026,7,24,205,4,30,4750.0,6250.0,3000.0,1750.0,250.0,5750.0,4992.857142857143,1408.4354710779173
2026-07-25,Tamil Nadu,Nagapattinam,Nagapattinam(Uzhavar Sandhai ),Other,6000.0,6000.0,6000.0,2026,7,25,206,5,30,6500.0,6250.0,3450.0,-500.0,-250.0,5833.333333333333,5492.857142857143,1186.8826716194294
2026-07-26,Tamil Nadu,Nagapattinam,Nagapattinam(Uzhavar Sandhai ),Other,4000.0,5000.0,4500.0,2026,7,26,207,6,30,6000.0,4750.0,4750.0,-1500.0,-250.0,5750.0,5857.142857142857,775.3647375206548
2026-07-27,Tamil Nadu,Nagapattinam,Nagapattinam(Uzhavar Sandhai ),Other,6000.0,6000.0,6000.0,2026,7,27,208,0,31,4500.0,6500.0,6500.0,1500.0,-500.0,5666.666666666667,5821.428571428572,838.0817098475245
2026-07-28,Tamil Nadu,Nagapattinam,Nagapattinam(Uzhavar Sandhai ),Other,6000.0,7000.0,6500.0,2026,7,28,209,1,31,6000.0,6000.0,6250.0,500.0,500.0,5500.0,5750.0,790.5694150420936
2026-07-29,Tamil Nadu,Nagapattinam,Nagapattinam(Uzhavar Sandhai ),Other,6000.0,7000.0,6500.0,2026,7,29,210,2,31,6500.0,4500.0,6250.0,0.0,2000.0,5666.666666666667,5785.714285714285,821.9460068004686
2026-07-13,Tamil Nadu,Nagercoil (Kannyiakumari),Myladi(Uzhavar Sandhai ),Safeda,6000.0,7000.0,6500.0,2026,7,13,194,0,29,6750.0,9500.0,4750.0,-250.0,-3000.0,7666.666666666667,6571.428571428572,1598.9207669699017
2026-07-14,Tamil Nadu,Nagercoil (Kannyiakumari),Myladi(Uzhavar Sandhai ),Safeda,6500.0,7000.0,6750.0,2026,7,14,195,1,29,6500.0,6750.0,4750.0,250.0,0.0,6666.666666666667,6821.428571428572,1389.8012876118726
2026-07-15,Tamil Nadu,Nagercoil (Kannyiakumari),Myladi(Uzhavar Sandhai ),Safeda,8500.0,9000.0,8750.0,2026,7,15,196,2,29,6750.0,6750.0,6750.0,2000.0,2000.0,6666.666666666667,7107.142857142857,1059.256253001987
2026-07-16,Tamil Nadu,Nagercoil (Kannyiakumari),Myladi(Uzhavar Sandhai ),Safeda,6500.0,7000.0,6750.0,2026,7,16,197,3,29,8750.0,6500.0,6750.0,-2000.0,250.0,7333.333333333333,7392.857142857143,1206.3818395753237
2026-07-17,Tamil Nadu,Nagercoil (Kannyiakumari),Myladi(Uzhavar Sandhai ),Safeda,6500.0,7000.0,6750.0,2026,7,17,198,4,29,6750.0,6750.0,9500.0,0.0,0.0,7416.666666666667,7392.857142857143,1206.3818395753237
2026-07-18,Tamil Nadu,Nagercoil (Kannyiakumari),Myladi(Uzhavar Sandhai ),Safeda,6500.0,7000.0,6750.0,2026,7,18,199,5,29,6750.0,8750.0,6750.0,0.0,-2000.0,7416.666666666667,7000.0,777.2815877574014
2026-07-19,Tamil Nadu,Nagercoil (Kannyiakumari),Myladi(Uzhavar Sandhai ),Safeda,6500.0,7000.0,6750.0,2026,7,19,200,6,29,6750.0,6750.0,6750.0,0.0,0.0,6750.0,7000.0,777.2815877574014
2026-07-20,Tamil Nadu,Nagercoil (Kannyiakumari),Myladi(Uzhavar Sandhai ),Safeda,6500.0,7000.0,6750.0,2026,7,20,201,0,30,6750.0,6750.0,6500.0,0.0,0.0,6750.0,7000.0,777.2815877574014
2026-07-21,Tamil Nadu,Nagercoil (Kannyiakumari),Myladi(Uzhavar Sandhai ),Safeda,4500.0,5000.0,4750.0,2026,7,21,202,1,30,6750.0,6750.0,6750.0,-2000.0,-2000.0,6750.0,7035.714285714285,755.9289460184547
2026-07-22,Tamil Nadu,Nagercoil (Kannyiakumari),Myladi(Uzhavar Sandhai ),Safeda,4500.0,5000.0,4750.0,2026,7,22,203,2,30,4750.0,6750.0,8750.0,0.0,-2000.0,6083.333333333333,6750.0,1154.7005383792518
2026-07-23,Tamil Nadu,Nagercoil (Kannyiakumari),Myladi(Uzhavar Sandhai ),Safeda,5500.0,6000.0,5750.0,2026,7,23,204,3,30,4750.0,6750.0,6750.0,1000.0,-1000.0,5416.666666666667,6178.571428571428,975.9000729485342
2026-07-24,Tamil Nadu,Nagercoil (Kannyiakumari),Myladi(Uzhavar Sandhai ),Safeda,4500.0,5000.0,4750.0,2026,7,24,205,4,30,5750.0,4750.0,6750.0,-1000.0,0.0,5083.333333333333,6035.714285714285,951.1897312113431
2026-07-25,Tamil Nadu,Nagercoil (Kannyiakumari),Myladi(Uzhavar Sandhai ),Safeda,4500.0,5000.0,4750.0,2026,7,25,206,5,30,4750.0,4750.0,6750.0,0.0,0.0,5083.333333333333,5750.0,1000.0000000000013
2026-07-12,Tamil Nadu,Nagercoil (Kannyiakumari),Vadaseri APMC,Safeda,6500.0,7000.0,6750.0,2026,7,12,193,6,28,6750.0,7250.0,7250.0,0.0,-500.0,6916.666666666667,6964.285714285715,267.2612419124244
2026-07-13,Tamil Nadu,Nagercoil (Kannyiakumari),Vadaseri APMC,Safeda,6500.0,7000.0,6750.0,2026,7,13,194,0,29,6750.0,6750.0,6750.0,0.0,0.0,6750.0,6892.857142857143,243.97501823713344
2026-07-14,Tamil Nadu,Nagercoil (Kannyiakumari),Vadaseri APMC,Safeda,6500.0,7000.0,6750.0,2026,7,14,195,1,29,6750.0,6750.0,6750.0,0.0,0.0,6750.0,6892.857142857143,243.97501823713344
2026-07-16,Tamil Nadu,Nagercoil (Kannyiakumari),Vadaseri APMC,Safeda,7000.0,7500.0,7250.0,2026,7,16,197,3,29,6750.0,6750.0,7250.0,500.0,500.0,6750.0,6892.857142857143,243.97501823713344
2026-07-17,Tamil Nadu,Nagercoil (Kannyiakumari),Vadaseri APMC,Safeda,6500.0,7000.0,6750.0,2026,7,17,198,4,29,7250.0,6750.0,7250.0,-500.0,0.0,6916.666666666667,6892.857142857143,243.97501823713344
2026-07-18,Tamil Nadu,Nagercoil (Kannyiakumari),Vadaseri APMC,Safeda,6500.0,7000.0,6750.0,2026,7,18,199,5,29,6750.0,6750.0,6750.0,0.0,0.0,6916.666666666667,6821.428571428572,188.98223650461398
2026-07-19,Tamil Nadu,Nagercoil (Kannyiakumari),Vadaseri APMC,Safeda,6500.0,7000.0,6750.0,2026,7,19,200,6,29,6750.0,7250.0,6750.0,0.0,-500.0,6916.666666666667,6821.428571428572,188.98223650461398
2026-07-20,Tamil Nadu,Nagercoil (Kannyiakumari),Vadaseri APMC,Safeda,6500.0,7000.0,6750.0,2026,7,20,201,0,30,6750.0,6750.0,6750.0,0.0,0.0,6750.0,6821.428571428572,188.98223650461398
2026-07-21,Tamil Nadu,Nagercoil (Kannyiakumari),Vadaseri APMC,Safeda,6500.0,7000.0,6750.0,2026,7,21,202,1,30,6750.0,6750.0,6750.0,0.0,0.0,6750.0,6821.428571428572,188.98223650461398
2026-07-22,Tamil Nadu,Nagercoil (Kannyiakumari),Vadaseri APMC,Safeda,7000.0,7500.0,7250.0,2026,7,22,203,2,30,6750.0,6750.0,6750.0,500.0,500.0,6750.0,6821.428571428572,188.98223650461398
2026-07-23,Tamil Nadu,Nagercoil (Kannyiakumari),Vadaseri APMC,Safeda,6500.0,7000.0,6750.0,2026,7,23,204,3,30,7250.0,6750.0,7250.0,-500.0,0.0,6916.666666666667,6892.857142857143,243.97501823713344
2026-07-24,Tamil Nadu,Nagercoil (Kannyiakumari),Vadaseri APMC,Safeda,6500.0,7000.0,6750.0,2026,7,24,205,4,30,6750.0,6750.0,6750.0,0.0,0.0,6916.666666666667,6821.428571428572,188.98223650461398
2026-07-25,Tamil Nadu,Nagercoil (Kannyiakumari),Vadaseri APMC,Safeda,6500.0,7000.0,6750.0,2026,7,25,206,5,30,6750.0,7250.0,6750.0,0.0,-500.0,6916.666666666667,6821.428571428572,188.98223650461398
2026-07-26,Tamil Nadu,Nagercoil (Kannyiakumari),Vadaseri APMC,Safeda,6500.0,7000.0,6750.0,2026,7,26,207,6,30,6750.0,6750.0,6750.0,0.0,0.0,6750.0,6821.428571428572,188.98223650461398
2026-07-27,Tamil Nadu,Nagercoil (Kannyiakumari),Vadaseri APMC,Safeda,6500.0,7000.0,6750.0,2026,7,27,208,0,31,6750.0,6750.0,6750.0,0.0,0.0,6750.0,6821.428571428572,188.98223650461398
2026-07-28,Tamil Nadu,Nagercoil (Kannyiakumari),Vadaseri APMC,Safeda,6500.0,7000.0,6750.0,2026,7,28,209,1,31,6750.0,6750.0,6750.0,0.0,0.0,6750.0,6821.428571428572,188.98223650461398
2026-07-29,Tamil Nadu,Nagercoil (Kannyiakumari),Vadaseri APMC,Safeda,7000.0,8000.0,7500.0,2026,7,29,210,2,31,6750.0,6750.0,7250.0,750.0,750.0,6750.0,6821.428571428572,188.98223650461398
2026-07-18,Tamil Nadu,Namakkal,Kumarapalayam(Uzhavar Sandhai ),Safeda,4500.0,5000.0,4750.0,2026,7,18,199,5,29,4750.0,4750.0,4750.0,0.0,0.0,4750.0,4750.0,0.0
2026-07-19,Tamil Nadu,Namakkal,Kumarapalayam(Uzhavar Sandhai ),Safeda,4500.0,5000.0,4750.0,2026,7,19,200,6,29,4750.0,4750.0,4750.0,0.0,0.0,4750.0,4750.0,0.0
2026-07-20,Tamil Nadu,Namakkal,Kumarapalayam(Uzhavar Sandhai ),Safeda,4500.0,5000.0,4750.0,2026,7,20,201,0,30,4750.0,4750.0,4750.0,0.0,0.0,4750.0,4750.0,0.0
2026-07-22,Tamil Nadu,Namakkal,Kumarapalayam(Uzhavar Sandhai ),Safeda,4500.0,5000.0,4750.0,2026,7,22,203,2,30,4750.0,4750.0,4750.0,0.0,0.0,4750.0,4750.0,0.0
2026-07-23,Tamil Nadu,Namakkal,Kumarapalayam(Uzhavar Sandhai ),Safeda,4500.0,5000.0,4750.0,2026,7,23,204,3,30,4750.0,4750.0,4750.0,0.0,0.0,4750.0,4750.0,0.0
2026-07-24,Tamil Nadu,Namakkal,Kumarapalayam(Uzhavar Sandhai ),Safeda,4500.0,5000.0,4750.0,2026,7,24,205,4,30,4750.0,4750.0,4750.0,0.0,0.0,4750.0,4750.0,0.0
2026-07-25,Tamil Nadu,Namakkal,Kumarapalayam(Uzhavar Sandhai ),Safeda,4500.0,5000.0,4750.0,2026,7,25,206,5,30,4750.0,4750.0,4750.0,0.0,0.0,4750.0,4750.0,0.0
2026-07-26,Tamil Nadu,Namakkal,Kumarapalayam(Uzhavar Sandhai ),Safeda,4500.0,5000.0,4750.0,2026,7,26,207,6,30,4750.0,4750.0,4750.0,0.0,0.0,4750.0,4750.0,0.0
2026-07-27,Tamil Nadu,Namakkal,Kumarapalayam(Uzhavar Sandhai ),Safeda,4500.0,5000.0,4750.0,2026,7,27,208,0,31,4750.0,4750.0,4750.0,0.0,0.0,4750.0,4750.0,0.0
2026-07-16,Tamil Nadu,Namakkal,Namakkal(Uzhavar Sandhai ),Neelam,4000.0,5000.0,4500.0,2026,7,16,197,3,29,5000.0,4750.0,3750.0,-500.0,-250.0,5083.333333333333,4607.142857142857,592.6132602216019
2026-07-17,Tamil Nadu,Namakkal,Namakkal(Uzhavar Sandhai ),Neelam,4000.0,6000.0,5000.0,2026,7,17,198,4,29,4500.0,5500.0,4750.0,500.0,-500.0,5000.0,4714.285714285715,466.11361786790184
2026-07-18,Tamil Nadu,Namakkal,Namakkal(Uzhavar Sandhai ),Neelam,5000.0,6000.0,5500.0,2026,7,18,199,5,29,5000.0,5000.0,4000.0,500.0,500.0,4833.333333333333,4750.0,478.7135538781686
2026-07-19,Tamil Nadu,Namakkal,Namakkal(Uzhavar Sandhai ),Neelam,6000.0,7000.0,6500.0,2026,7,19,200,6,29,5500.0,4500.0,4500.0,1000.0,2000.0,5000.0,4964.285714285715,419.04085492376197
2026-07-20,Tamil Nadu,Namakkal,Namakkal(Uzhavar Sandhai ),Neelam,6000.0,7000.0,6500.0,2026,7,20,201,0,30,6500.0,5000.0,4750.0,0.0,1500.0,5666.666666666667,5250.0,661.4378277661469
2026-07-21,Tamil Nadu,Namakkal,Namakkal(Uzhavar Sandhai ),Neelam,5000.0,7000.0,6000.0,2026,7,21,202,1,30,6500.0,5500.0,5500.0,-500.0,500.0,6166.666666666667,5500.0,763.7626158259728
2026-07-22,Tamil Nadu,Namakkal,Namakkal(Uzhavar Sandhai ),Neelam,5000.0,7000.0,6000.0,2026,7,22,203,2,30,6000.0,6500.0,5000.0,0.0,-500.0,6333.333333333333,5571.428571428572,786.7957924694426
2026-07-23,Tamil Nadu,Namakkal,Namakkal(Uzhavar Sandhai ),Neelam,5000.0,7000.0,6000.0,2026,7,23,204,3,30,6000.0,6500.0,4500.0,0.0,-500.0,6166.666666666667,5714.285714285715,755.9289460184539
2026-07-24,Tamil Nadu,Namakkal,Namakkal(Uzhavar Sandhai ),Neelam,5000.0,7000.0,6000.0,2026,7,24,205,4,30,6000.0,6000.0,5000.0,0.0,0.0,6000.0,5928.571428571428,534.5224838248478
2026-07-25,Tamil Nadu,Namakkal,Namakkal(Uzhavar Sandhai ),Neelam,5000.0,7000.0,6000.0,2026,7,25,206,5,30,6000.0,6000.0,5500.0,0.0,0.0,6000.0,6071.428571428572,345.0327796711758
2026-07-26,Tamil Nadu,Namakkal,Namakkal(Uzhavar Sandhai ),Neelam,5000.0,7000.0,6000.0,2026,7,26,207,6,30,6000.0,6000.0,6500.0,0.0,0.0,6000.0,6142.857142857143,243.97501823713134
2026-07-27,Tamil Nadu,Namakkal,Namakkal(Uzhavar Sandhai ),Neelam,6000.0,7000.0,6500.0,2026,7,27,208,0,31,6000.0,6000.0,6500.0,500.0,500.0,6000.0,6071.428571428572,188.98223650461122
2026-07-28,Tamil Nadu,Namakkal,Namakkal(Uzhavar Sandhai ),Neelam,6000.0,7000.0,6500.0,2026,7,28,209,1,31,6500.0,6000.0,6000.0,0.0,500.0,6166.666666666667,6071.428571428572,188.98223650461358
2026-07-29,Tamil Nadu,Namakkal,Namakkal(Uzhavar Sandhai ),Neelam,6000.0,7000.0,6500.0,2026,7,29,210,2,31,6500.0,6000.0,6000.0,0.0,500.0,6333.333333333333,6142.857142857143,243.97501823713313
2026-07-13,Tamil Nadu,Namakkal,Rasipuram(Uzhavar Sandhai ),Other,3000.0,5000.0,4000.0,2026,7,13,194,0,29,4000.0,4750.0,4000.0,0.0,-750.0,4250.0,4214.285714285715,365.9625273557
2026-07-14,Tamil Nadu,Namakkal,Rasipuram(Uzhavar Sandhai ),Other,4000.0,6000.0,5000.0,2026,7,14,195,1,29,4000.0,4000.0,4000.0,1000.0,1000.0,4000.0,4214.285714285715,365.9625273557
2026-07-15,Tamil Nadu,Namakkal,Rasipuram(Uzhavar Sandhai ),Other,4000.0,6000.0,5000.0,2026,7,15,196,2,29,5000.0,4000.0,4000.0,0.0,1000.0,4333.333333333333,4357.142857142857,453.16348358748286
2026-07-16,Tamil Nadu,Namakkal,Rasipuram(Uzhavar Sandhai ),Other,4000.0,6000.0,5000.0,2026,7,16,197,3,29,5000.0,4000.0,4750.0,0.0,1000.0,4666.666666666667,4500.0,478.71355387816925
2026-07-17,Tamil Nadu,Namakkal,Rasipuram(Uzhavar Sandhai ),Other,5000.0,6000.0,5500.0,2026,7,17,198,4,29,5000.0,5000.0,4750.0,500.0,500.0,5000.0,4535.714285714285,508.8502445991077
2026-07-18,Tamil Nadu,Namakkal,Rasipuram(Uzhavar Sandhai ),Other,4000.0,6000.0,5000.0,2026,7,18,199,5,29,5500.0,5000.0,4000.0,-500.0,0.0,5166.666666666667,4642.857142857143,626.7831705280094
2026-07-19,Tamil Nadu,Namakkal,Rasipuram(Uzhavar Sandhai ),Other,4000.0,6000.0,5000.0,2026,7,19,200,6,29,5000.0,5000.0,4000.0,0.0,0.0,5166.666666666667,4785.714285714285,566.9467095138419
2026-07-20,Tamil Nadu,Namakkal,Rasipuram(Uzhavar Sandhai ),Other,3000.0,5000.0,4000.0,2026,7,20,201,0,30,5000.0,5500.0,4000.0,-1000.0,-1500.0,5166.666666666667,4928.571428571428,449.86770542122053
2026-07-21,Tamil Nadu,Namakkal,Rasipuram(Uzhavar Sandhai ),Other,3000.0,5000.0,4000.0,2026,7,21,202,1,30,4000.0,5000.0,5000.0,0.0,-1000.0,4666.666666666667,4928.571428571428,449.86770542122053
2026-07-22,Tamil Nadu,Namakkal,Rasipuram(Uzhavar Sandhai ),Other,3000.0,5000.0,4000.0,2026,7,22,203,2,30,4000.0,5000.0,5000.0,0.0,-1000.0,4333.333333333333,4785.714285714285,566.9467095138419
2026-07-23,Tamil Nadu,Namakkal,Rasipuram(Uzhavar Sandhai ),Other,3000.0,5000.0,4000.0,2026,7,23,204,3,30,4000.0,4000.0,5000.0,0.0,0.0,4000.0,4642.857142857143,626.7831705280094
2026-07-24,Tamil Nadu,Namakkal,Rasipuram(Uzhavar Sandhai ),Other,4500.0,5000.0,4750.0,2026,7,24,205,4,30,4000.0,4000.0,5500.0,750.0,750.0,4000.0,4500.0,645.497224367903
2026-07-25,Tamil Nadu,Namakkal,Rasipuram(Uzhavar Sandhai ),Other,3000.0,5000.0,4000.0,2026,7,25,206,5,30,4750.0,4000.0,5000.0,-750.0,0.0,4250.0,4392.857142857143,497.0148986940021
2026-07-26,Tamil Nadu,Namakkal,Rasipuram(Uzhavar Sandhai ),Other,3000.0,5000.0,4000.0,2026,7,26,207,6,30,4000.0,4000.0,5000.0,0.0,0.0,4250.0,4250.0,433.0127018922184
2026-07-27,Tamil Nadu,Namakkal,Rasipuram(Uzhavar Sandhai ),Other,3000.0,5000.0,4000.0,2026,7,27,208,0,31,4000.0,4750.0,4000.0,0.0,-750.0,4250.0,4107.142857142857,283.4733547569186
2026-07-28,Tamil Nadu,Namakkal,Rasipuram(Uzhavar Sandhai ),Other,3000.0,5000.0,4000.0,2026,7,28,209,1,31,4000.0,4000.0,4000.0,0.0,0.0,4000.0,4107.142857142857,283.4733547569186
2026-07-29,Tamil Nadu,Namakkal,Rasipuram(Uzhavar Sandhai ),Other,3000.0,5000.0,4000.0,2026,7,29,210,2,31,4000.0,4000.0,4000.0,0.0,0.0,4000.0,4107.142857142857,283.4733547569186
2026-07-13,Tamil Nadu,Perambalur,Perambalur(Uzhavar Sandhai ),Other,5000.0,5000.0,5000.0,2026,7,13,194,0,29,4500.0,5000.0,4500.0,500.0,0.0,4833.333333333333,4857.142857142857,243.97501823713347
2026-07-14,Tamil Nadu,Perambalur,Perambalur(Uzhavar Sandhai ),Other,4000.0,5000.0,4500.0,2026,7,14,195,1,29,5000.0,5000.0,5000.0,-500.0,-500.0,4833.333333333333,4928.571428571428,188.98223650461344
2026-07-15,Tamil Nadu,Perambalur,Perambalur(Uzhavar Sandhai ),Other,5000.0,5000.0,5000.0,2026,7,15,196,2,29,4500.0,4500.0,5000.0,500.0,500.0,4666.666666666667,4857.142857142857,243.97501823713347
2026-07-16,Tamil Nadu,Perambalur,Perambalur(Uzhavar Sandhai ),Other,5000.0,5000.0,5000.0,2026,7,16,197,3,29,5000.0,5000.0,5000.0,0.0,0.0,4833.333333333333,4857.142857142857,243.97501823713347
2026-07-17,Tamil Nadu,Perambalur,Perambalur(Uzhavar Sandhai ),Other,5000.0,5000.0,5000.0,2026,7,17,198,4,29,5000.0,4500.0,5000.0,0.0,500.0,4833.333333333333,4857.142857142857,243.97501823713347
2026-07-18,Tamil Nadu,Perambalur,Perambalur(Uzhavar Sandhai ),Other,5000.0,6000.0,5500.0,2026,7,18,199,5,29,5000.0,5000.0,5000.0,500.0,500.0,5000.0,4857.142857142857,243.97501823713347
2026-07-20,Tamil Nadu,Perambalur,Perambalur(Uzhavar Sandhai ),Other,5000.0,5000.0,5000.0,2026,7,20,201,0,30,5500.0,5000.0,4500.0,-500.0,0.0,5166.666666666667,4928.571428571428,345.0327796711771
2026-07-21,Tamil Nadu,Perambalur,Perambalur(Uzhavar Sandhai ),Other,5000.0,6000.0,5500.0,2026,7,21,202,1,30,5000.0,5000.0,5000.0,500.0,500.0,5166.666666666667,5000.0,288.6751345948126
2026-07-22,Tamil Nadu,Perambalur,Perambalur(Uzhavar Sandhai ),Other,6000.0,6000.0,6000.0,2026,7,22,203,2,30,5500.0,5500.0,4500.0,500.0,500.0,5333.333333333333,5071.428571428572,345.0327796711766
2026-07-23,Tamil Nadu,Perambalur,Perambalur(Uzhavar Sandhai ),Other,5000.0,6000.0,5500.0,2026,7,23,204,3,30,6000.0,5000.0,5000.0,-500.0,500.0,5500.0,5285.714285714285,393.3978962347204
2026-07-24,Tamil Nadu,Perambalur,Perambalur(Uzhavar Sandhai ),Other,5000.0,6000.0,5500.0,2026,7,24,205,4,30,5500.0,5500.0,5000.0,0.0,0.0,5666.666666666667,5357.142857142857,377.9644730092257
2026-07-25,Tamil Nadu,Perambalur,Perambalur(Uzhavar Sandhai ),Other,5000.0,6000.0,5500.0,2026,7,25,206,5,30,5500.0,6000.0,5000.0,0.0,-500.0,5666.666666666667,5428.571428571428,345.0327796711751
2026-07-26,Tamil Nadu,Perambalur,Perambalur(Uzhavar Sandhai ),Other,5000.0,6000.0,5500.0,2026,7,26,207,6,30,5500.0,5500.0,5500.0,0.0,0.0,5500.0,5500.0,288.67513459480995
2026-07-27,Tamil Nadu,Perambalur,Perambalur(Uzhavar Sandhai ),Other,5000.0,6000.0,5500.0,2026,7,27,208,0,31,5500.0,5500.0,5000.0,0.0,0.0,5500.0,5500.0,288.67513459480995
2026-07-29,Tamil Nadu,Perambalur,Perambalur(Uzhavar Sandhai ),Other,5000.0,7000.0,6000.0,2026,7,29,210,2,31,5500.0,5500.0,5500.0,500.0,500.0,5500.0,5571.428571428572,188.98223650460832
2026-07-26,Tamil Nadu,Pudukkottai,Gandarvakottai(Uzhavar Sandhai ),Other,4500.0,5000.0,4750.0,2026,7,26,207,6,30,4500.0,7500.0,7500.0,250.0,-2750.0,5833.333333333333,6500.0,1290.9944487358055
2026-07-27,Tamil Nadu,Pudukkottai,Gandarvakottai(Uzhavar Sandhai ),Other,4500.0,5000.0,4750.0,2026,7,27,208,0,31,4750.0,5500.0,7500.0,0.0,-750.0,4916.666666666667,6107.142857142857,1352.9069232054148
2026-07-16,Tamil Nadu,Pudukkottai,Pudukottai(Uzhavar Sandhai ),Other,6000.0,7000.0,6500.0,2026,7,16,197,3,29,6500.0,6500.0,6500.0,0.0,0.0,6500.0,6500.0,0.0
2026-07-17,Tamil Nadu,Pudukkottai,Pudukottai(Uzhavar Sandhai ),Other,6000.0,7000.0,6500.0,2026,7,17,198,4,29,6500.0,6500.0,6500.0,0.0,0.0,6500.0,6500.0,0.0
2026-07-18,Tamil Nadu,Pudukkottai,Pudukottai(Uzhavar Sandhai ),Other,5000.0,6000.0,5500.0,2026,7,18,199,5,29,6500.0,6500.0,6500.0,-1000.0,-1000.0,6500.0,6500.0,0.0
2026-07-19,Tamil Nadu,Pudukkottai,Pudukottai(Uzhavar Sandhai ),Other,6000.0,7000.0,6500.0,2026,7,19,200,6,29,5500.0,6500.0,6500.0,1000.0,0.0,6166.666666666667,6357.142857142857,377.96447300922716
2026-07-20,Tamil Nadu,Pudukkottai,Pudukottai(Uzhavar Sandhai ),Other,6000.0,7000.0,6500.0,2026,7,20,201,0,30,6500.0,6500.0,6500.0,0.0,0.0,6166.666666666667,6357.142857142857,377.96447300922716
2026-07-23,Tamil Nadu,Pudukkottai,Pudukottai(Uzhavar Sandhai ),Other,5000.0,6000.0,5500.0,2026,7,23,204,3,30,6500.0,5500.0,6500.0,-1000.0,0.0,6166.666666666667,6357.142857142857,377.96447300922716
2026-07-24,Tamil Nadu,Pudukkottai,Pudukottai(Uzhavar Sandhai ),Other,5000.0,6000.0,5500.0,2026,7,24,205,4,30,5500.0,6500.0,6500.0,0.0,-1000.0,6166.666666666667,6214.285714285715,487.9500364742664
2026-07-25,Tamil Nadu,Pudukkottai,Pudukottai(Uzhavar Sandhai ),Other,6000.0,7000.0,6500.0,2026,7,25,206,5,30,5500.0,6500.0,6500.0,1000.0,0.0,5833.333333333333,6071.428571428572,534.5224838248485
2026-07-26,Tamil Nadu,Pudukkottai,Pudukottai(Uzhavar Sandhai ),Other,6500.0,7000.0,6750.0,2026,7,26,207,6,30,6500.0,5500.0,6500.0,250.0,1250.0,5833.333333333333,6071.428571428572,534.5224838248485
2026-07-27,Tamil Nadu,Pudukkottai,Pudukottai(Uzhavar Sandhai ),Other,6000.0,7000.0,6500.0,2026,7,27,208,0,31,6750.0,5500.0,5500.0,-250.0,1000.0,6250.0,6107.142857142857,574.7670335511099
2026-07-15,Tamil Nadu,Ranipet,Arcot(Uzhavar Sandhai ),Neelam,6000.0,6000.0,6000.0,2026,7,15,196,2,29,6000.0,6000.0,6000.0,0.0,0.0,6000.0,6000.0,0.0
2026-07-16,Tamil Nadu,Ranipet,Arcot(Uzhavar Sandhai ),Neelam,6000.0,6000.0,6000.0,2026,7,16,197,3,29,6000.0,6000.0,6000.0,0.0,0.0,6000.0,6000.0,0.0
2026-07-17,Tamil Nadu,Ranipet,Arcot(Uzhavar Sandhai ),Neelam,6000.0,6000.0,6000.0,2026,7,17,198,4,29,6000.0,6000.0,6000.0,0.0,0.0,6000.0,6000.0,0.0
2026-07-18,Tamil Nadu,Ranipet,Arcot(Uzhavar Sandhai ),Neelam,6000.0,6000.0,6000.0,2026,7,18,199,5,29,6000.0,6000.0,6000.0,0.0,0.0,6000.0,6000.0,0.0
2026-07-19,Tamil Nadu,Ranipet,Arcot(Uzhavar Sandhai ),Neelam,6000.0,6000.0,6000.0,2026,7,19,200,6,29,6000.0,6000.0,6000.0,0.0,0.0,6000.0,6000.0,0.0
2026-07-20,Tamil Nadu,Ranipet,Arcot(Uzhavar Sandhai ),Neelam,6000.0,6000.0,6000.0,2026,7,20,201,0,30,6000.0,6000.0,6000.0,0.0,0.0,6000.0,6000.0,0.0
2026-07-21,Tamil Nadu,Ranipet,Arcot(Uzhavar Sandhai ),Neelam,6000.0,6000.0,6000.0,2026,7,21,202,1,30,6000.0,6000.0,6000.0,0.0,0.0,6000.0,6000.0,0.0
2026-07-22,Tamil Nadu,Ranipet,Arcot(Uzhavar Sandhai ),Neelam,6000.0,6000.0,6000.0,2026,7,22,203,2,30,6000.0,6000.0,6000.0,0.0,0.0,6000.0,6000.0,0.0
2026-07-23,Tamil Nadu,Ranipet,Arcot(Uzhavar Sandhai ),Neelam,6000.0,6000.0,6000.0,2026,7,23,204,3,30,6000.0,6000.0,6000.0,0.0,0.0,6000.0,6000.0,0.0
2026-07-24,Tamil Nadu,Ranipet,Arcot(Uzhavar Sandhai ),Neelam,5000.0,6000.0,5500.0,2026,7,24,205,4,30,6000.0,6000.0,6000.0,-500.0,-500.0,6000.0,6000.0,0.0
2026-07-25,Tamil Nadu,Ranipet,Arcot(Uzhavar Sandhai ),Neelam,6000.0,6000.0,6000.0,2026,7,25,206,5,30,5500.0,6000.0,6000.0,500.0,0.0,5833.333333333333,5928.571428571428,188.98223650461358
2026-07-26,Tamil Nadu,Ranipet,Arcot(Uzhavar Sandhai ),Neelam,6000.0,6000.0,6000.0,2026,7,26,207,6,30,6000.0,6000.0,6000.0,0.0,0.0,5833.333333333333,5928.571428571428,188.98223650461358
2026-07-27,Tamil Nadu,Ranipet,Arcot(Uzhavar Sandhai ),Neelam,6000.0,6000.0,6000.0,2026,7,27,208,0,31,6000.0,5500.0,6000.0,0.0,500.0,5833.333333333333,5928.571428571428,188.98223650461358
2026-07-28,Tamil Nadu,Ranipet,Arcot(Uzhavar Sandhai ),Neelam,6000.0,6000.0,6000.0,2026,7,28,209,1,31,6000.0,6000.0,6000.0,0.0,0.0,6000.0,5928.571428571428,188.98223650461358
2026-07-29,Tamil Nadu,Ranipet,Arcot(Uzhavar Sandhai ),Neelam,6000.0,6000.0,6000.0,2026,7,29,210,2,31,6000.0,6000.0,6000.0,0.0,0.0,6000.0,5928.571428571428,188.98223650461358
2026-07-17,Tamil Nadu,Ranipet,Ranipettai(Uzhavar Sandhai ),Safeda,6000.0,8000.0,7000.0,2026,7,17,198,4,29,8000.0,8000.0,8000.0,-1000.0,-1000.0,8000.0,8285.714285714286,487.95003647426654
2026-07-18,Tamil Nadu,Ranipet,Ranipettai(Uzhavar Sandhai ),Safeda,6000.0,8000.0,7000.0,2026,7,18,199,5,29,7000.0,8000.0,8000.0,0.0,-1000.0,7666.666666666667,8142.857142857143,690.0655593423543
2026-07-20,Tamil Nadu,Ranipet,Ranipettai(Uzhavar Sandhai ),Safeda,4000.0,6000.0,5000.0,2026,7,20,201,0,30,7000.0,8000.0,9000.0,-2000.0,-3000.0,7333.333333333333,8000.0,816.4965809277261
2026-07-21,Tamil Nadu,Ranipet,Ranipettai(Uzhavar Sandhai ),Safeda,4000.0,8000.0,6000.0,2026,7,21,202,1,30,5000.0,7000.0,9000.0,1000.0,-1000.0,6333.333333333333,7428.571428571428,1272.4180205607033
2026-07-22,Tamil Nadu,Ranipet,Ranipettai(Uzhavar Sandhai ),Safeda,5000.0,6000.0,5500.0,2026,7,22,203,2,30,6000.0,7000.0,8000.0,-500.0,-1500.0,6000.0,7000.0,1154.7005383792512
2026-07-23,Tamil Nadu,Ranipet,Ranipettai(Uzhavar Sandhai ),Safeda,8000.0,8000.0,8000.0,2026,7,23,204,3,30,5500.0,5000.0,8000.0,2500.0,3000.0,5500.0,6642.857142857143,1180.193688704164
2026-07-26,Tamil Nadu,Ranipet,Ranipettai(Uzhavar Sandhai ),Safeda,5000.0,6000.0,5500.0,2026,7,26,207,6,30,8000.0,6000.0,8000.0,-2500.0,-500.0,6500.0,6642.857142857143,1180.193688704164
2026-07-15,Tamil Nadu,Salem,Ammapet(Uzhavar Sandhai ),Neelam,5000.0,6000.0,5500.0,2026,7,15,196,2,29,5500.0,4500.0,4500.0,0.0,1000.0,5250.0,5178.571428571428,773.443136703847
2026-07-16,Tamil Nadu,Salem,Ammapet(Uzhavar Sandhai ),Neelam,7000.0,8000.0,7500.0,2026,7,16,197,3,29,5500.0,5750.0,6500.0,2000.0,1750.0,5583.333333333333,5321.428571428572,717.5520555199829
2026-07-17,Tamil Nadu,Salem,Ammapet(Uzhavar Sandhai ),Neelam,5500.0,6000.0,5750.0,2026,7,17,198,4,29,7500.0,5500.0,4500.0,-1750.0,250.0,6166.666666666667,5464.285714285715,1024.9854818948602
2026-07-18,Tamil Nadu,Salem,Ammapet(Uzhavar Sandhai ),Neelam,5000.0,6000.0,5500.0,2026,7,18,199,5,29,5750.0,5500.0,5000.0,-250.0,0.0,6250.0,5642.857142857143,933.82215090659
2026-07-19,Tamil Nadu,Salem,Ammapet(Uzhavar Sandhai ),Neelam,4000.0,5000.0,4500.0,2026,7,19,200,6,29,5500.0,7500.0,4500.0,-1000.0,-3000.0,6250.0,5714.285714285715,894.759877338741
2026-07-20,Tamil Nadu,Salem,Ammapet(Uzhavar Sandhai ),Neelam,5000.0,6000.0,5500.0,2026,7,20,201,0,30,4500.0,5750.0,5750.0,1000.0,-250.0,5250.0,5714.285714285715,894.759877338741
2026-07-21,Tamil Nadu,Salem,Ammapet(Uzhavar Sandhai ),Neelam,4000.0,5000.0,4500.0,2026,7,21,202,1,30,5500.0,5500.0,5500.0,-1000.0,-1000.0,5166.666666666667,5678.571428571428,898.0799625020145
2026-07-22,Tamil Nadu,Salem,Ammapet(Uzhavar Sandhai ),Neelam,4000.0,5000.0,4500.0,2026,7,22,203,2,30,4500.0,4500.0,5500.0,0.0,0.0,4833.333333333333,5535.714285714285,1004.4543650303741
2026-07-23,Tamil Nadu,Salem,Ammapet(Uzhavar Sandhai ),Neelam,6000.0,7000.0,6500.0,2026,7,23,204,3,30,4500.0,5500.0,7500.0,2000.0,1000.0,4833.333333333333,5392.857142857143,1078.7448614897205
2026-07-24,Tamil Nadu,Salem,Ammapet(Uzhavar Sandhai ),Neelam,5600.0,6000.0,5800.0,2026,7,24,205,4,30,6500.0,4500.0,5750.0,-700.0,1300.0,5166.666666666667,5250.0,777.2815877574013
2026-07-25,Tamil Nadu,Salem,Ammapet(Uzhavar Sandhai ),Neelam,4000.0,5000.0,4500.0,2026,7,25,206,5,30,5800.0,4500.0,5500.0,-1300.0,0.0,5600.0,5257.142857142857,782.8519290754434
2026-07-26,Tamil Nadu,Salem,Ammapet(Uzhavar Sandhai ),Neelam,4500.0,5000.0,4750.0,2026,7,26,207,6,30,4500.0,6500.0,4500.0,250.0,-1750.0,5600.0,5114.285714285715,821.4389233302162
2026-07-27,Tamil Nadu,Salem,Ammapet(Uzhavar Sandhai ),Neelam,4000.0,7000.0,5500.0,2026,7,27,208,0,31,4750.0,5800.0,5500.0,750.0,-300.0,5016.666666666667,5150.0,795.2986860293433
2026-07-28,Tamil Nadu,Salem,Ammapet(Uzhavar Sandhai ),Neelam,6000.0,7000.0,6500.0,2026,7,28,209,1,31,5500.0,4500.0,4500.0,1000.0,2000.0,4916.666666666667,5150.0,795.2986860293433
2026-07-29,Tamil Nadu,Salem,Ammapet(Uzhavar Sandhai ),Neelam,6000.0,7000.0,6500.0,2026,7,29,210,2,31,6500.0,4750.0,4500.0,0.0,1750.0,5583.333333333333,5435.714285714285,877.8355415994723
2026-07-12,Tamil Nadu,Salem,Athur(Uzhavar Sandhai ),Safeda,4000.0,5000.0,4500.0,2026,7,12,193,6,28,4500.0,4500.0,4000.0,0.0,0.0,4500.0,4357.142857142857,243.97501823713327
2026-07-13,Tamil Nadu,Salem,Athur(Uzhavar Sandhai ),Safeda,4000.0,5000.0,4500.0,2026,7,13,194,0,29,4500.0,4500.0,4000.0,0.0,0.0,4500.0,4428.571428571428,188.98223650461372
2026-07-14,Tamil Nadu,Salem,Athur(Uzhavar Sandhai ),Safeda,4000.0,5000.0,4500.0,2026,7,14,195,1,29,4500.0,4500.0,4500.0,0.0,0.0,4500.0,4500.0,0.0
2026-07-15,Tamil Nadu,Salem,Athur(Uzhavar Sandhai ),Safeda,3000.0,4000.0,3500.0,2026,7,15,196,2,29,4500.0,4500.0,4500.0,-1000.0,-1000.0,4500.0,4500.0,0.0
2026-07-16,Tamil Nadu,Salem,Athur(Uzhavar Sandhai ),Safeda,4000.0,5000.0,4500.0,2026,7,16,197,3,29,3500.0,4500.0,4500.0,1000.0,0.0,4166.666666666667,4357.142857142857,377.96447300922716
2026-07-17,Tamil Nadu,Salem,Athur(Uzhavar Sandhai ),Safeda,3000.0,5000.0,4000.0,2026,7,17,198,4,29,4500.0,4500.0,4500.0,-500.0,-500.0,4166.666666666667,4357.142857142857,377.96447300922716
2026-07-18,Tamil Nadu,Salem,Athur(Uzhavar Sandhai ),Safeda,4000.0,5000.0,4500.0,2026,7,18,199,5,29,4000.0,3500.0,4500.0,500.0,1000.0,4000.0,4285.714285714285,393.3978962347215
2026-07-19,Tamil Nadu,Salem,Athur(Uzhavar Sandhai ),Safeda,4000.0,5000.0,4500.0,2026,7,19,200,6,29,4500.0,4500.0,4500.0,0.0,0.0,4333.333333333333,4285.714285714285,393.3978962347215
2026-07-20,Tamil Nadu,Salem,Athur(Uzhavar Sandhai ),Safeda,4000.0,5000.0,4500.0,2026,7,20,201,0,30,4500.0,4000.0,4500.0,0.0,500.0,4333.333333333333,4285.714285714285,393.3978962347215
2026-07-21,Tamil Nadu,Salem,Athur(Uzhavar Sandhai ),Safeda,4000.0,5000.0,4500.0,2026,7,21,202,1,30,4500.0,4500.0,4500.0,0.0,0.0,4500.0,4285.714285714285,393.3978962347215
2026-07-22,Tamil Nadu,Salem,Athur(Uzhavar Sandhai ),Safeda,4000.0,5000.0,4500.0,2026,7,22,203,2,30,4500.0,4500.0,3500.0,0.0,0.0,4500.0,4285.714285714285,393.3978962347215
2026-07-23,Tamil Nadu,Salem,Athur(Uzhavar Sandhai ),Safeda,4000.0,5000.0,4500.0,2026,7,23,204,3,30,4500.0,4500.0,4500.0,0.0,0.0,4500.0,4428.571428571428,188.98223650461378
2026-07-24,Tamil Nadu,Salem,Athur(Uzhavar Sandhai ),Safeda,4000.0,5000.0,4500.0,2026,7,24,205,4,30,4500.0,4500.0,4000.0,0.0,0.0,4500.0,4428.571428571428,188.98223650461378
2026-07-25,Tamil Nadu,Salem,Athur(Uzhavar Sandhai ),Safeda,4000.0,5000.0,4500.0,2026,7,25,206,5,30,4500.0,4500.0,4500.0,0.0,0.0,4500.0,4500.0,0.0
2026-07-26,Tamil Nadu,Salem,Athur(Uzhavar Sandhai ),Safeda,4000.0,5000.0,4500.0,2026,7,26,207,6,30,4500.0,4500.0,4500.0,0.0,0.0,4500.0,4500.0,0.0
2026-07-27,Tamil Nadu,Salem,Athur(Uzhavar Sandhai ),Safeda,4000.0,5000.0,4500.0,2026,7,27,208,0,31,4500.0,4500.0,4500.0,0.0,0.0,4500.0,4500.0,0.0
2026-07-28,Tamil Nadu,Salem,Athur(Uzhavar Sandhai ),Safeda,4000.0,5000.0,4500.0,2026,7,28,209,1,31,4500.0,4500.0,4500.0,0.0,0.0,4500.0,4500.0,0.0
2026-07-12,Tamil Nadu,Salem,Edapadi (Uzhavar Sandhai ),Neelam,5500.0,6000.0,5750.0,2026,7,12,193,6,28,5750.0,3750.0,4500.0,0.0,2000.0,5000.0,4964.285714285715,742.0210496308297
2026-07-13,Tamil Nadu,Salem,Edapadi (Uzhavar Sandhai ),Neelam,5500.0,6000.0,5750.0,2026,7,13,194,0,29,5750.0,5500.0,4750.0,0.0,250.0,5666.666666666667,5142.857142857143,761.8117502750554
2026-07-14,Tamil Nadu,Salem,Edapadi (Uzhavar Sandhai ),Neelam,5500.0,6000.0,5750.0,2026,7,14,195,1,29,5750.0,5750.0,5750.0,0.0,0.0,5750.0,5285.714285714285,769.5855408997141
2026-07-15,Tamil Nadu,Salem,Edapadi (Uzhavar Sandhai ),Neelam,5500.0,6000.0,5750.0,2026,7,15,196,2,29,5750.0,5750.0,4750.0,0.0,0.0,5750.0,5285.714285714285,769.5855408997141
2026-07-17,Tamil Nadu,Salem,Edapadi (Uzhavar Sandhai ),Neelam,5500.0,6000.0,5750.0,2026,7,17,198,4,29,5750.0,5750.0,3750.0,0.0,0.0,5750.0,5428.571428571428,746.0211920901579
2026-07-18,Tamil Nadu,Salem,Edapadi (Uzhavar Sandhai ),Neelam,5500.0,6000.0,5750.0,2026,7,18,199,5,29,5750.0,5750.0,5500.0,0.0,0.0,5750.0,5714.285714285715,94.49111825232023
2026-07-19,Tamil Nadu,Salem,Edapadi (Uzhavar Sandhai ),Neelam,4500.0,5000.0,4750.0,2026,7,19,200,6,29,5750.0,5750.0,5750.0,-1000.0,-1000.0,5750.0,5750.0,5.1602169919816056e-05
2026-07-20,Tamil Nadu,Salem,Edapadi (Uzhavar Sandhai ),Neelam,4500.0,5000.0,4750.0,2026,7,20,201,0,30,4750.0,5750.0,5750.0,0.0,-1000.0,5416.666666666667,5607.142857142857,377.9644730092302
2026-07-13,Tamil Nadu,Salem,Elampillai(Uzhavar Sandhai ),Neelam,3000.0,4000.0,3500.0,2026,7,13,194,0,29,3500.0,3500.0,3500.0,0.0,0.0,3500.0,3500.0,0.0
2026-07-16,Tamil Nadu,Salem,Elampillai(Uzhavar Sandhai ),Neelam,3000.0,4000.0,3500.0,2026,7,16,197,3,29,3500.0,3500.0,3500.0,0.0,0.0,3500.0,3500.0,0.0
2026-07-18,Tamil Nadu,Salem,Elampillai(Uzhavar Sandhai ),Neelam,4000.0,5000.0,4500.0,2026,7,18,199,5,29,3500.0,3500.0,3500.0,1000.0,1000.0,3500.0,3500.0,0.0
2026-07-19,Tamil Nadu,Salem,Elampillai(Uzhavar Sandhai ),Neelam,3000.0,4000.0,3500.0,2026,7,19,200,6,29,4500.0,3500.0,3500.0,-1000.0,0.0,3833.3333333333335,3642.8571428571427,377.9644730092273
2026-07-20,Tamil Nadu,Salem,Elampillai(Uzhavar Sandhai ),Neelam,3000.0,4000.0,3500.0,2026,7,20,201,0,30,3500.0,3500.0,3500.0,0.0,0.0,3833.3333333333335,3642.8571428571427,377.9644730092273
2026-07-25,Tamil Nadu,Salem,Elampillai(Uzhavar Sandhai ),Neelam,4000.0,5000.0,4500.0,2026,7,25,206,5,30,3500.0,4500.0,3500.0,1000.0,0.0,3833.3333333333335,3642.8571428571427,377.9644730092273
2026-07-26,Tamil Nadu,Salem,Elampillai(Uzhavar Sandhai ),Neelam,4000.0,5000.0,4500.0,2026,7,26,207,6,30,4500.0,3500.0,3500.0,0.0,1000.0,3833.3333333333335,3785.714285714286,487.95003647426665
2026-07-27,Tamil Nadu,Salem,Elampillai(Uzhavar Sandhai ),Neelam,4000.0,5000.0,4500.0,2026,7,27,208,0,31,4500.0,3500.0,3500.0,0.0,1000.0,4166.666666666667,3928.5714285714284,534.5224838248488
2026-07-19,Tamil Nadu,Salem,Hasthampatti(Uzhavar Sandhai ),Neelam,5000.0,6000.0,5500.0,2026,7,19,200,6,29,5500.0,5500.0,5500.0,0.0,0.0,5500.0,5500.0,0.0
2026-07-20,Tamil Nadu,Salem,Hasthampatti(Uzhavar Sandhai ),Neelam,4000.0,5000.0,4500.0,2026,7,20,201,0,30,5500.0,5500.0,5500.0,-1000.0,-1000.0,5500.0,5500.0,0.0
2026-07-21,Tamil Nadu,Salem,Hasthampatti(Uzhavar Sandhai ),Neelam,4500.0,5000.0,4750.0,2026,7,21,202,1,30,4500.0,5500.0,5500.0,250.0,-750.0,5166.666666666667,5357.142857142857,377.96447300922716
2026-07-22,Tamil Nadu,Salem,Hasthampatti(Uzhavar Sandhai ),Neelam,4500.0,5000.0,4750.0,2026,7,22,203,2,30,4750.0,5500.0,5500.0,0.0,-750.0,4916.666666666667,5250.0,433.01270189221924
2026-07-23,Tamil Nadu,Salem,Hasthampatti(Uzhavar Sandhai ),Neelam,4000.0,5000.0,4500.0,2026,7,23,204,3,30,4750.0,4500.0,5500.0,-250.0,0.0,4666.666666666667,5142.857142857143,453.1634835874827
2026-07-24,Tamil Nadu,Salem,Hasthampatti(Uzhavar Sandhai ),Neelam,5000.0,6000.0,5500.0,2026,7,24,205,4,30,4500.0,4750.0,5500.0,1000.0,750.0,4666.666666666667,5000.0,478.71355387816857
2026-07-25,Tamil Nadu,Salem,Hasthampatti(Uzhavar Sandhai ),Neelam,4000.0,5000.0,4500.0,2026,7,25,206,5,30,5500.0,4750.0,5500.0,-1000.0,-250.0,4916.666666666667,5000.0,478.71355387816857
2026-07-26,Tamil Nadu,Salem,Hasthampatti(Uzhavar Sandhai ),Neelam,4500.0,5000.0,4750.0,2026,7,26,207,6,30,4500.0,4500.0,5500.0,250.0,250.0,4833.333333333333,4857.142857142857,453.1634835874822
2026-07-27,Tamil Nadu,Salem,Hasthampatti(Uzhavar Sandhai ),Neelam,4500.0,5000.0,4750.0,2026,7,27,208,0,31,4750.0,5500.0,4500.0,0.0,-750.0,4916.666666666667,4750.0,353.5533905932728
2026-07-28,Tamil Nadu,Salem,Hasthampatti(Uzhavar Sandhai ),Neelam,4000.0,5000.0,4500.0,2026,7,28,209,1,31,4750.0,4500.0,4750.0,-250.0,0.0,4666.666666666667,4785.714285714285,336.2963545672736
2026-07-29,Tamil Nadu,Salem,Hasthampatti(Uzhavar Sandhai ),Neelam,4000.0,5000.0,4500.0,2026,7,29,210,2,31,4500.0,4750.0,4750.0,0.0,-250.0,4666.666666666667,4750.0,353.5533905932728
2026-07-17,Tamil Nadu,Salem,Mettur(Uzhavar Sandhai ),Neelam,4000.0,5000.0,4500.0,2026,7,17,198,4,29,4750.0,4750.0,4500.0,-250.0,-250.0,4666.666666666667,4607.142857142857,133.63062095621223
2026-07-19,Tamil Nadu,Salem,Mettur(Uzhavar Sandhai ),Neelam,4500.0,5000.0,4750.0,2026,7,19,200,6,29,4500.0,4500.0,4500.0,250.0,250.0,4583.333333333333,4607.142857142857,133.63062095621223
2026-07-20,Tamil Nadu,Salem,Mettur(Uzhavar Sandhai ),Neelam,4500.0,5000.0,4750.0,2026,7,20,201,0,30,4750.0,4750.0,4500.0,0.0,0.0,4666.666666666667,4642.857142857143,133.63062095621223
2026-07-22,Tamil Nadu,Salem,Mettur(Uzhavar Sandhai ),Neelam,5500.0,6000.0,5750.0,2026,7,22,203,2,30,4750.0,4500.0,4750.0,1000.0,1250.0,4666.666666666667,4678.571428571428,121.98750911856662
2026-07-23,Tamil Nadu,Salem,Mettur(Uzhavar Sandhai ),Neelam,5500.0,6000.0,5750.0,2026,7,23,204,3,30,5750.0,4750.0,4750.0,0.0,1000.0,5083.333333333333,4821.428571428572,426.08405162317365
2026-07-24,Tamil Nadu,Salem,Mettur(Uzhavar Sandhai ),Neelam,4000.0,5000.0,4500.0,2026,7,24,205,4,30,5750.0,4750.0,4500.0,-1250.0,-250.0,5416.666666666667,4964.285714285715,548.2656637937841
2026-07-25,Tamil Nadu,Salem,Mettur(Uzhavar Sandhai ),Neelam,4000.0,5000.0,4500.0,2026,7,25,206,5,30,4500.0,5750.0,4750.0,0.0,-1250.0,5333.333333333333,4964.285714285715,548.2656637937841
2026-07-26,Tamil Nadu,Salem,Mettur(Uzhavar Sandhai ),Neelam,5500.0,6000.0,5750.0,2026,7,26,207,6,30,4500.0,5750.0,4500.0,1250.0,0.0,4916.666666666667,4928.571428571428,572.1721352713297
2026-07-28,Tamil Nadu,Salem,Mettur(Uzhavar Sandhai ),Neelam,4500.0,5000.0,4750.0,2026,7,28,209,1,31,5750.0,4500.0,4750.0,-1000.0,250.0,4916.666666666667,5107.142857142857,609.9375455928341
2026-07-15,Tamil Nadu,Salem,Sooramangalam(Uzhavar Sandhai ),Neelam,4000.0,5000.0,4500.0,2026,7,15,196,2,29,4500.0,4500.0,4500.0,0.0,0.0,4500.0,4500.0,0.0
2026-07-16,Tamil Nadu,Salem,Sooramangalam(Uzhavar Sandhai ),Neelam,4000.0,5000.0,4500.0,2026,7,16,197,3,29,4500.0,4500.0,4500.0,0.0,0.0,4500.0,4500.0,0.0
2026-07-17,Tamil Nadu,Salem,Sooramangalam(Uzhavar Sandhai ),Neelam,4000.0,5000.0,4500.0,2026,7,17,198,4,29,4500.0,4500.0,4500.0,0.0,0.0,4500.0,4500.0,0.0
2026-07-18,Tamil Nadu,Salem,Sooramangalam(Uzhavar Sandhai ),Neelam,4000.0,5000.0,4500.0,2026,7,18,199,5,29,4500.0,4500.0,4500.0,0.0,0.0,4500.0,4500.0,0.0
2026-07-19,Tamil Nadu,Salem,Sooramangalam(Uzhavar Sandhai ),Neelam,4000.0,5000.0,4500.0,2026,7,19,200,6,29,4500.0,4500.0,4500.0,0.0,0.0,4500.0,4500.0,0.0
2026-07-20,Tamil Nadu,Salem,Sooramangalam(Uzhavar Sandhai ),Neelam,4000.0,5000.0,4500.0,2026,7,20,201,0,30,4500.0,4500.0,4500.0,0.0,0.0,4500.0,4500.0,0.0
2026-07-21,Tamil Nadu,Salem,Sooramangalam(Uzhavar Sandhai ),Neelam,4000.0,5000.0,4500.0,2026,7,21,202,1,30,4500.0,4500.0,4500.0,0.0,0.0,4500.0,4500.0,0.0
2026-07-22,Tamil Nadu,Salem,Sooramangalam(Uzhavar Sandhai ),Neelam,4000.0,5000.0,4500.0,2026,7,22,203,2,30,4500.0,4500.0,4500.0,0.0,0.0,4500.0,4500.0,0.0
2026-07-23,Tamil Nadu,Salem,Sooramangalam(Uzhavar Sandhai ),Neelam,4000.0,5000.0,4500.0,2026,7,23,204,3,30,4500.0,4500.0,4500.0,0.0,0.0,4500.0,4500.0,0.0
2026-07-24,Tamil Nadu,Salem,Sooramangalam(Uzhavar Sandhai ),Neelam,4000.0,5000.0,4500.0,2026,7,24,205,4,30,4500.0,4500.0,4500.0,0.0,0.0,4500.0,4500.0,0.0
2026-07-25,Tamil Nadu,Salem,Sooramangalam(Uzhavar Sandhai ),Neelam,4000.0,5000.0,4500.0,2026,7,25,206,5,30,4500.0,4500.0,4500.0,0.0,0.0,4500.0,4500.0,0.0
2026-07-26,Tamil Nadu,Salem,Sooramangalam(Uzhavar Sandhai ),Neelam,4000.0,5000.0,4500.0,2026,7,26,207,6,30,4500.0,4500.0,4500.0,0.0,0.0,4500.0,4500.0,0.0
2026-07-27,Tamil Nadu,Salem,Sooramangalam(Uzhavar Sandhai ),Neelam,4500.0,5000.0,4750.0,2026,7,27,208,0,31,4500.0,4500.0,4500.0,250.0,250.0,4500.0,4500.0,0.0
2026-07-28,Tamil Nadu,Salem,Sooramangalam(Uzhavar Sandhai ),Neelam,4000.0,5000.0,4500.0,2026,7,28,209,1,31,4750.0,4500.0,4500.0,-250.0,0.0,4583.333333333333,4535.714285714285,94.49111825230689
2026-07-29,Tamil Nadu,Salem,Sooramangalam(Uzhavar Sandhai ),Neelam,4000.0,5000.0,4500.0,2026,7,29,210,2,31,4500.0,4500.0,4500.0,0.0,0.0,4583.333333333333,4535.714285714285,94.49111825230689
2026-07-12,Tamil Nadu,Salem,Thammampatti (Uzhavar Sandhai ),Safeda,4000.0,5000.0,4500.0,2026,7,12,193,6,28,4500.0,4500.0,4500.0,0.0,0.0,4166.666666666667,4357.142857142857,377.96447300922716
2026-07-13,Tamil Nadu,Salem,Thammampatti (Uzhavar Sandhai ),Safeda,4000.0,5000.0,4500.0,2026,7,13,194,0,29,4500.0,3500.0,4500.0,0.0,1000.0,4166.666666666667,4357.142857142857,377.96447300922716
2026-07-14,Tamil Nadu,Salem,Thammampatti (Uzhavar Sandhai ),Safeda,4000.0,5000.0,4500.0,2026,7,14,195,1,29,4500.0,4500.0,4500.0,0.0,0.0,4500.0,4357.142857142857,377.96447300922716
2026-07-15,Tamil Nadu,Salem,Thammampatti (Uzhavar Sandhai ),Safeda,4000.0,5000.0,4500.0,2026,7,15,196,2,29,4500.0,4500.0,4500.0,0.0,0.0,4500.0,4357.142857142857,377.96447300922716
2026-07-16,Tamil Nadu,Salem,Thammampatti (Uzhavar Sandhai ),Safeda,4000.0,5000.0,4500.0,2026,7,16,197,3,29,4500.0,4500.0,4500.0,0.0,0.0,4500.0,4357.142857142857,377.96447300922716
2026-07-17,Tamil Nadu,Salem,Thammampatti (Uzhavar Sandhai ),Safeda,3000.0,4000.0,3500.0,2026,7,17,198,4,29,4500.0,4500.0,3500.0,-1000.0,-1000.0,4500.0,4357.142857142857,377.96447300922716
2026-07-18,Tamil Nadu,Salem,Thammampatti (Uzhavar Sandhai ),Safeda,4000.0,5000.0,4500.0,2026,7,18,199,5,29,3500.0,4500.0,4500.0,1000.0,0.0,4166.666666666667,4357.142857142857,377.96447300922716
2026-07-19,Tamil Nadu,Salem,Thammampatti (Uzhavar Sandhai ),Safeda,4000.0,5000.0,4500.0,2026,7,19,200,6,29,4500.0,4500.0,4500.0,0.0,0.0,4166.666666666667,4357.142857142857,377.96447300922716
2026-07-20,Tamil Nadu,Salem,Thammampatti (Uzhavar Sandhai ),Safeda,4000.0,5000.0,4500.0,2026,7,20,201,0,30,4500.0,3500.0,4500.0,0.0,1000.0,4166.666666666667,4357.142857142857,377.96447300922716
2026-07-21,Tamil Nadu,Salem,Thammampatti (Uzhavar Sandhai ),Safeda,4000.0,5000.0,4500.0,2026,7,21,202,1,30,4500.0,4500.0,4500.0,0.0,0.0,4500.0,4357.142857142857,377.96447300922716
2026-07-22,Tamil Nadu,Salem,Thammampatti (Uzhavar Sandhai ),Safeda,4000.0,5000.0,4500.0,2026,7,22,203,2,30,4500.0,4500.0,4500.0,0.0,0.0,4500.0,4357.142857142857,377.96447300922716
2026-07-23,Tamil Nadu,Salem,Thammampatti (Uzhavar Sandhai ),Safeda,4000.0,5000.0,4500.0,2026,7,23,204,3,30,4500.0,4500.0,4500.0,0.0,0.0,4500.0,4357.142857142857,377.96447300922716
2026-07-24,Tamil Nadu,Salem,Thammampatti (Uzhavar Sandhai ),Safeda,3000.0,4000.0,3500.0,2026,7,24,205,4,30,4500.0,4500.0,3500.0,-1000.0,-1000.0,4500.0,4357.142857142857,377.96447300922716
2026-07-25,Tamil Nadu,Salem,Thammampatti (Uzhavar Sandhai ),Safeda,4000.0,5000.0,4500.0,2026,7,25,206,5,30,3500.0,4500.0,4500.0,1000.0,0.0,4166.666666666667,4357.142857142857,377.96447300922716
2026-07-26,Tamil Nadu,Salem,Thammampatti (Uzhavar Sandhai ),Safeda,4000.0,5000.0,4500.0,2026,7,26,207,6,30,4500.0,4500.0,4500.0,0.0,0.0,4166.666666666667,4357.142857142857,377.96447300922716
2026-07-27,Tamil Nadu,Salem,Thammampatti (Uzhavar Sandhai ),Safeda,4000.0,5000.0,4500.0,2026,7,27,208,0,31,4500.0,3500.0,4500.0,0.0,1000.0,4166.666666666667,4357.142857142857,377.96447300922716
2026-07-28,Tamil Nadu,Salem,Thammampatti (Uzhavar Sandhai ),Safeda,4000.0,5000.0,4500.0,2026,7,28,209,1,31,4500.0,4500.0,4500.0,0.0,0.0,4500.0,4357.142857142857,377.96447300922716
2026-07-29,Tamil Nadu,Salem,Thammampatti (Uzhavar Sandhai ),Safeda,4000.0,5000.0,4500.0,2026,7,29,210,2,31,4500.0,4500.0,4500.0,0.0,0.0,4500.0,4357.142857142857,377.96447300922716
2026-07-21,Tamil Nadu,Salem,Thathakapatti(Uzhavar Sandhai ),Safeda,5000.0,6000.0,5500.0,2026,7,21,202,1,30,5500.0,5500.0,7500.0,0.0,0.0,5500.0,5785.714285714285,755.9289460184544
2026-07-22,Tamil Nadu,Salem,Thathakapatti(Uzhavar Sandhai ),Safeda,5000.0,6000.0,5500.0,2026,7,22,203,2,30,5500.0,5500.0,5500.0,0.0,0.0,5500.0,5500.0,0.0
2026-07-23,Tamil Nadu,Salem,Thathakapatti(Uzhavar Sandhai ),Safeda,5000.0,6000.0,5500.0,2026,7,23,204,3,30,5500.0,5500.0,5500.0,0.0,0.0,5500.0,5500.0,0.0
2026-07-24,Tamil Nadu,Salem,Thathakapatti(Uzhavar Sandhai ),Safeda,5000.0,6000.0,5500.0,2026,7,24,205,4,30,5500.0,5500.0,5500.0,0.0,0.0,5500.0,5500.0,0.0
2026-07-25,Tamil Nadu,Salem,Thathakapatti(Uzhavar Sandhai ),Safeda,5000.0,6000.0,5500.0,2026,7,25,206,5,30,5500.0,5500.0,5500.0,0.0,0.0,5500.0,5500.0,0.0
2026-07-26,Tamil Nadu,Salem,Thathakapatti(Uzhavar Sandhai ),Safeda,4000.0,5000.0,4500.0,2026,7,26,207,6,30,5500.0,5500.0,5500.0,-1000.0,-1000.0,5500.0,5500.0,0.0
2026-07-27,Tamil Nadu,Salem,Thathakapatti(Uzhavar Sandhai ),Safeda,4000.0,5000.0,4500.0,2026,7,27,208,0,31,4500.0,5500.0,5500.0,0.0,-1000.0,5166.666666666667,5357.142857142857,377.96447300922716
2026-07-28,Tamil Nadu,Salem,Thathakapatti(Uzhavar Sandhai ),Safeda,4000.0,5000.0,4500.0,2026,7,28,209,1,31,4500.0,5500.0,5500.0,0.0,-1000.0,4833.333333333333,5214.285714285715,487.9500364742664
2026-07-29,Tamil Nadu,Salem,Thathakapatti(Uzhavar Sandhai ),Safeda,4000.0,5000.0,4500.0,2026,7,29,210,2,31,4500.0,4500.0,5500.0,0.0,0.0,4500.0,5071.428571428572,534.5224838248485
2026-07-16,Tamil Nadu,Salem,Vazhapadi(Uzhavar Sandhai),Neelam,6000.0,6000.0,6000.0,2026,7,16,197,3,29,6000.0,5000.0,5000.0,0.0,1000.0,5333.333333333333,5107.142857142857,404.58679685634365
2026-07-17,Tamil Nadu,Salem,Vazhapadi(Uzhavar Sandhai),Neelam,5000.0,6000.0,5500.0,2026,7,17,198,4,29,6000.0,5000.0,4750.0,-500.0,500.0,5666.666666666667,5250.0,520.4164998665333
2026-07-18,Tamil Nadu,Salem,Vazhapadi(Uzhavar Sandhai),Neelam,6000.0,6000.0,6000.0,2026,7,18,199,5,29,5500.0,6000.0,5000.0,500.0,0.0,5833.333333333333,5357.142857142857,475.59486560567103
2026-07-19,Tamil Nadu,Salem,Vazhapadi(Uzhavar Sandhai),Neelam,6000.0,6000.0,6000.0,2026,7,19,200,6,29,6000.0,6000.0,5000.0,0.0,0.0,5833.333333333333,5500.0,500.0000000000003
2026-07-20,Tamil Nadu,Salem,Vazhapadi(Uzhavar Sandhai),Neelam,4500.0,5000.0,4750.0,2026,7,20,201,0,30,6000.0,5500.0,5000.0,-1250.0,-750.0,5833.333333333333,5642.857142857143,475.59486560567154
2026-07-21,Tamil Nadu,Salem,Vazhapadi(Uzhavar Sandhai),Neelam,5000.0,5000.0,5000.0,2026,7,21,202,1,30,4750.0,6000.0,5000.0,250.0,-1000.0,5583.333333333333,5607.142857142857,537.2992426855603
2026-07-27,Tamil Nadu,Salem,Vazhapadi(Uzhavar Sandhai),Neelam,4500.0,5000.0,4750.0,2026,7,27,208,0,31,5000.0,6000.0,6000.0,-250.0,-1250.0,5250.0,5607.142857142857,537.2992426855603
2026-07-28,Tamil Nadu,Salem,Vazhapadi(Uzhavar Sandhai),Neelam,4000.0,5000.0,4500.0,2026,7,28,209,1,31,4750.0,4750.0,6000.0,-250.0,-250.0,4833.333333333333,5428.571428571428,590.0968443520823
2026-07-29,Tamil Nadu,Salem,Vazhapadi(Uzhavar Sandhai),Neelam,4000.0,5000.0,4500.0,2026,7,29,210,2,31,4500.0,5000.0,5500.0,0.0,-500.0,4750.0,5214.285714285715,619.6196990320522
2026-07-13,Tamil Nadu,Sivaganga,Singampunari(Uzhavar Sandhai ),Other,2600.0,3200.0,2900.0,2026,7,13,194,0,29,2900.0,2900.0,2900.0,0.0,0.0,2900.0,2900.0,0.0
2026-07-14,Tamil Nadu,Sivaganga,Singampunari(Uzhavar Sandhai ),Other,2600.0,3200.0,2900.0,2026,7,14,195,1,29,2900.0,2900.0,2900.0,0.0,0.0,2900.0,2900.0,0.0
2026-07-15,Tamil Nadu,Sivaganga,Singampunari(Uzhavar Sandhai ),Other,2600.0,3200.0,2900.0,2026,7,15,196,2,29,2900.0,2900.0,2900.0,0.0,0.0,2900.0,2900.0,0.0
2026-07-16,Tamil Nadu,Sivaganga,Singampunari(Uzhavar Sandhai ),Other,3000.0,3500.0,3250.0,2026,7,16,197,3,29,2900.0,2900.0,2900.0,350.0,350.0,2900.0,2900.0,0.0
2026-07-17,Tamil Nadu,Sivaganga,Singampunari(Uzhavar Sandhai ),Other,3000.0,3500.0,3250.0,2026,7,17,198,4,29,3250.0,2900.0,2900.0,0.0,350.0,3016.6666666666665,2950.0,132.28756555322954
2026-07-18,Tamil Nadu,Sivaganga,Singampunari(Uzhavar Sandhai ),Other,3000.0,3500.0,3250.0,2026,7,18,199,5,29,3250.0,2900.0,2900.0,0.0,350.0,3133.3333333333335,3000.0,170.7825127659933
2026-07-19,Tamil Nadu,Sivaganga,Singampunari(Uzhavar Sandhai ),Other,3000.0,3500.0,3250.0,2026,7,19,200,6,29,3250.0,3250.0,2900.0,0.0,0.0,3250.0,3050.0,187.08286933869707
2026-07-20,Tamil Nadu,Sivaganga,Singampunari(Uzhavar Sandhai ),Other,3000.0,3500.0,3250.0,2026,7,20,201,0,30,3250.0,3250.0,2900.0,0.0,0.0,3250.0,3100.0,187.08286933869707
2026-07-21,Tamil Nadu,Sivaganga,Singampunari(Uzhavar Sandhai ),Other,3000.0,3500.0,3250.0,2026,7,21,202,1,30,3250.0,3250.0,2900.0,0.0,0.0,3250.0,3150.0,170.7825127659933
2026-07-22,Tamil Nadu,Sivaganga,Singampunari(Uzhavar Sandhai ),Other,3200.0,3600.0,3400.0,2026,7,22,203,2,30,3250.0,3250.0,2900.0,150.0,150.0,3250.0,3200.0,132.28756555322954
2026-07-23,Tamil Nadu,Sivaganga,Singampunari(Uzhavar Sandhai ),Other,3600.0,4200.0,3900.0,2026,7,23,204,3,30,3400.0,3250.0,3250.0,500.0,650.0,3300.0,3271.4285714285716,56.69467095138406
2026-07-24,Tamil Nadu,Sivaganga,Singampunari(Uzhavar Sandhai ),Other,3600.0,4200.0,3900.0,2026,7,24,205,4,30,3900.0,3250.0,3250.0,0.0,650.0,3516.6666666666665,3364.285714285714,242.7520781138061
2026-07-25,Tamil Nadu,Sivaganga,Singampunari(Uzhavar Sandhai ),Other,3600.0,4200.0,3900.0,2026,7,25,206,5,30,3900.0,3400.0,3250.0,0.0,500.0,3733.3333333333335,3457.1428571428573,307.44724673317467
2026-07-26,Tamil Nadu,Sivaganga,Singampunari(Uzhavar Sandhai ),Other,3600.0,4200.0,3900.0,2026,7,26,207,6,30,3900.0,3900.0,3250.0,0.0,0.0,3900.0,3550.0,331.66247903554006
2026-07-27,Tamil Nadu,Sivaganga,Singampunari(Uzhavar Sandhai ),Other,3600.0,4200.0,3900.0,2026,7,27,208,0,31,3900.0,3900.0,3250.0,0.0,0.0,3900.0,3642.8571428571427,324.5876505000505
2026-07-28,Tamil Nadu,Sivaganga,Singampunari(Uzhavar Sandhai ),Other,3600.0,4200.0,3900.0,2026,7,28,209,1,31,3900.0,3900.0,3250.0,0.0,0.0,3900.0,3735.714285714286,283.893004660626
2026-07-29,Tamil Nadu,Sivaganga,Singampunari(Uzhavar Sandhai ),Other,4200.0,4600.0,4400.0,2026,7,29,210,2,31,3900.0,3900.0,3400.0,500.0,500.0,3900.0,3828.5714285714284,188.9822365046142
2026-07-13,Tamil Nadu,Sivaganga,Sivagangai (Uzhavar Sandhai ),Safeda,3500.0,6500.0,5000.0,2026,7,13,194,0,29,5900.0,5000.0,5000.0,-900.0,0.0,5300.0,5128.571428571428,340.1680257083045
2026-07-14,Tamil Nadu,Sivaganga,Sivagangai (Uzhavar Sandhai ),Safeda,5600.0,6200.0,5900.0,2026,7,14,195,1,29,5000.0,5000.0,5000.0,900.0,900.0,5300.0,5128.571428571428,340.1680257083045
2026-07-15,Tamil Nadu,Sivaganga,Sivagangai (Uzhavar Sandhai ),Safeda,5600.0,6200.0,5900.0,2026,7,15,196,2,29,5900.0,5900.0,5000.0,0.0,0.0,5600.0,5257.142857142857,439.15503282684
2026-07-16,Tamil Nadu,Sivaganga,Sivagangai (Uzhavar Sandhai ),Safeda,3500.0,6500.0,5000.0,2026,7,16,197,3,29,5900.0,5000.0,5000.0,-900.0,0.0,5600.0,5385.714285714285,481.07023544236404
2026-07-17,Tamil Nadu,Sivaganga,Sivagangai (Uzhavar Sandhai ),Safeda,3500.0,6500.0,5000.0,2026,7,17,198,4,29,5000.0,5900.0,5000.0,0.0,-900.0,5600.0,5385.714285714285,481.07023544236404
2026-07-18,Tamil Nadu,Sivaganga,Sivagangai (Uzhavar Sandhai ),Safeda,3500.0,6500.0,5000.0,2026,7,18,199,5,29,5000.0,5900.0,5000.0,0.0,-900.0,5300.0,5385.714285714285,481.07023544236404
2026-07-19,Tamil Nadu,Sivaganga,Sivagangai (Uzhavar Sandhai ),Safeda,3500.0,6500.0,5000.0,2026,7,19,200,6,29,5000.0,5000.0,5900.0,0.0,0.0,5000.0,5385.714285714285,481.07023544236404
2026-07-20,Tamil Nadu,Sivaganga,Sivagangai (Uzhavar Sandhai ),Safeda,4600.0,6200.0,5400.0,2026,7,20,201,0,30,5000.0,5000.0,5000.0,400.0,400.0,5000.0,5257.142857142857,439.15503282684
2026-07-21,Tamil Nadu,Sivaganga,Sivagangai (Uzhavar Sandhai ),Safeda,3500.0,6500.0,5000.0,2026,7,21,202,1,30,5400.0,5000.0,5900.0,-400.0,0.0,5133.333333333333,5314.285714285715,425.9443290250165
2026-07-22,Tamil Nadu,Sivaganga,Sivagangai (Uzhavar Sandhai ),Safeda,3500.0,6500.0,5000.0,2026,7,22,203,2,30,5000.0,5000.0,5900.0,0.0,0.0,5133.333333333333,5185.714285714285,348.46602621858506
2026-07-23,Tamil Nadu,Sivaganga,Sivagangai (Uzhavar Sandhai ),Safeda,3600.0,4200.0,3900.0,2026,7,23,204,3,30,5000.0,5400.0,5000.0,-1100.0,-1500.0,5133.333333333333,5057.142857142857,151.18578920369188
2026-07-24,Tamil Nadu,Sivaganga,Sivagangai (Uzhavar Sandhai ),Safeda,3600.0,7200.0,5400.0,2026,7,24,205,4,30,3900.0,5000.0,5000.0,1500.0,400.0,4633.333333333333,4900.0,465.4746681256321
2026-07-25,Tamil Nadu,Sivaganga,Sivagangai (Uzhavar Sandhai ),Safeda,3600.0,6000.0,4800.0,2026,7,25,206,5,30,5400.0,5000.0,5000.0,-600.0,-200.0,4766.666666666667,4957.142857142857,502.84902590851607
2026-07-26,Tamil Nadu,Sivaganga,Sivagangai (Uzhavar Sandhai ),Safeda,4000.0,5500.0,4750.0,2026,7,26,207,6,30,4800.0,3900.0,5000.0,-50.0,850.0,4700.0,4928.571428571428,505.68200058365375
2026-07-27,Tamil Nadu,Sivaganga,Sivagangai (Uzhavar Sandhai ),Safeda,4200.0,5600.0,4900.0,2026,7,27,208,0,31,4750.0,5400.0,5400.0,150.0,-500.0,4983.333333333333,4892.857142857143,508.6162366563586
2026-07-28,Tamil Nadu,Sivaganga,Sivagangai (Uzhavar Sandhai ),Safeda,4200.0,5500.0,4850.0,2026,7,28,209,1,31,4900.0,4800.0,5000.0,-50.0,50.0,4816.666666666667,4821.428571428572,458.1276594803607
2026-07-29,Tamil Nadu,Sivaganga,Sivagangai (Uzhavar Sandhai ),Safeda,4500.0,5500.0,5000.0,2026,7,29,210,2,31,4850.0,4750.0,5000.0,150.0,250.0,4833.333333333333,4800.0,451.8480570575331
2026-07-14,Tamil Nadu,Tenkasi,Sankarankoil(Uzhavar Sandhai ),Safeda,4000.0,4000.0,4000.0,2026,7,14,195,1,29,4000.0,4000.0,4000.0,0.0,0.0,4000.0,4000.0,0.0
2026-07-15,Tamil Nadu,Tenkasi,Sankarankoil(Uzhavar Sandhai ),Safeda,4000.0,4000.0,4000.0,2026,7,15,196,2,29,4000.0,4000.0,4000.0,0.0,0.0,4000.0,4000.0,0.0
2026-07-16,Tamil Nadu,Tenkasi,Sankarankoil(Uzhavar Sandhai ),Safeda,4000.0,4000.0,4000.0,2026,7,16,197,3,29,4000.0,4000.0,4000.0,0.0,0.0,4000.0,4000.0,0.0
2026-07-17,Tamil Nadu,Tenkasi,Sankarankoil(Uzhavar Sandhai ),Safeda,4000.0,4000.0,4000.0,2026,7,17,198,4,29,4000.0,4000.0,4000.0,0.0,0.0,4000.0,4000.0,0.0
2026-07-18,Tamil Nadu,Tenkasi,Sankarankoil(Uzhavar Sandhai ),Safeda,4000.0,4000.0,4000.0,2026,7,18,199,5,29,4000.0,4000.0,4000.0,0.0,0.0,4000.0,4000.0,0.0
2026-07-19,Tamil Nadu,Tenkasi,Sankarankoil(Uzhavar Sandhai ),Safeda,4000.0,4000.0,4000.0,2026,7,19,200,6,29,4000.0,4000.0,4000.0,0.0,0.0,4000.0,4000.0,0.0
2026-07-20,Tamil Nadu,Tenkasi,Sankarankoil(Uzhavar Sandhai ),Safeda,4000.0,4000.0,4000.0,2026,7,20,201,0,30,4000.0,4000.0,4000.0,0.0,0.0,4000.0,4000.0,0.0
2026-07-21,Tamil Nadu,Tenkasi,Sankarankoil(Uzhavar Sandhai ),Safeda,4000.0,4000.0,4000.0,2026,7,21,202,1,30,4000.0,4000.0,4000.0,0.0,0.0,4000.0,4000.0,0.0
2026-07-22,Tamil Nadu,Tenkasi,Sankarankoil(Uzhavar Sandhai ),Safeda,4000.0,4000.0,4000.0,2026,7,22,203,2,30,4000.0,4000.0,4000.0,0.0,0.0,4000.0,4000.0,0.0
2026-07-23,Tamil Nadu,Tenkasi,Sankarankoil(Uzhavar Sandhai ),Safeda,4000.0,5000.0,4500.0,2026,7,23,204,3,30,4000.0,4000.0,4000.0,500.0,500.0,4000.0,4000.0,0.0
2026-07-24,Tamil Nadu,Tenkasi,Sankarankoil(Uzhavar Sandhai ),Safeda,4000.0,4000.0,4000.0,2026,7,24,205,4,30,4500.0,4000.0,4000.0,-500.0,0.0,4166.666666666667,4071.4285714285716,188.98223650461358
2026-07-25,Tamil Nadu,Tenkasi,Sankarankoil(Uzhavar Sandhai ),Safeda,4000.0,4000.0,4000.0,2026,7,25,206,5,30,4000.0,4000.0,4000.0,0.0,0.0,4166.666666666667,4071.4285714285716,188.98223650461358
2026-07-26,Tamil Nadu,Tenkasi,Sankarankoil(Uzhavar Sandhai ),Safeda,4000.0,4000.0,4000.0,2026,7,26,207,6,30,4000.0,4500.0,4000.0,0.0,-500.0,4166.666666666667,4071.4285714285716,188.98223650461358
2026-07-27,Tamil Nadu,Tenkasi,Sankarankoil(Uzhavar Sandhai ),Safeda,4000.0,4000.0,4000.0,2026,7,27,208,0,31,4000.0,4000.0,4000.0,0.0,0.0,4000.0,4071.4285714285716,188.98223650461358
2026-07-28,Tamil Nadu,Tenkasi,Sankarankoil(Uzhavar Sandhai ),Safeda,4000.0,4000.0,4000.0,2026,7,28,209,1,31,4000.0,4000.0,4000.0,0.0,0.0,4000.0,4071.4285714285716,188.98223650461358
2026-07-29,Tamil Nadu,Tenkasi,Sankarankoil(Uzhavar Sandhai ),Safeda,4000.0,4000.0,4000.0,2026,7,29,210,2,31,4000.0,4000.0,4000.0,0.0,0.0,4000.0,4071.4285714285716,188.98223650461358
2026-07-15,Tamil Nadu,Tenkasi,Tenkasi(Uzhavar Sandhai ),Neelam,4000.0,4000.0,4000.0,2026,7,15,196,2,29,4000.0,4000.0,4000.0,0.0,0.0,4000.0,4178.571428571428,374.00662077154783
2026-07-16,Tamil Nadu,Tenkasi,Tenkasi(Uzhavar Sandhai ),Neelam,4000.0,4000.0,4000.0,2026,7,16,197,3,29,4000.0,4000.0,4000.0,0.0,0.0,4000.0,4178.571428571428,374.00662077154783
2026-07-17,Tamil Nadu,Tenkasi,Tenkasi(Uzhavar Sandhai ),Neelam,4000.0,4000.0,4000.0,2026,7,17,198,4,29,4000.0,4000.0,5000.0,0.0,0.0,4000.0,4178.571428571428,374.00662077154783
2026-07-18,Tamil Nadu,Tenkasi,Tenkasi(Uzhavar Sandhai ),Neelam,4000.0,4000.0,4000.0,2026,7,18,199,5,29,4000.0,4000.0,4250.0,0.0,0.0,4000.0,4035.714285714286,94.49111825230672
2026-07-19,Tamil Nadu,Tenkasi,Tenkasi(Uzhavar Sandhai ),Neelam,4000.0,4000.0,4000.0,2026,7,19,200,6,29,4000.0,4000.0,4000.0,0.0,0.0,4000.0,4000.0,0.0
2026-07-20,Tamil Nadu,Tenkasi,Tenkasi(Uzhavar Sandhai ),Neelam,3500.0,4000.0,3750.0,2026,7,20,201,0,30,4000.0,4000.0,4000.0,-250.0,-250.0,4000.0,4000.0,0.0
2026-07-21,Tamil Nadu,Tenkasi,Tenkasi(Uzhavar Sandhai ),Neelam,4000.0,4000.0,4000.0,2026,7,21,202,1,30,3750.0,4000.0,4000.0,250.0,0.0,3916.6666666666665,3964.285714285714,94.49111825230679
2026-07-22,Tamil Nadu,Tenkasi,Tenkasi(Uzhavar Sandhai ),Neelam,4000.0,4000.0,4000.0,2026,7,22,203,2,30,4000.0,4000.0,4000.0,0.0,0.0,3916.6666666666665,3964.285714285714,94.49111825230679
2026-07-23,Tamil Nadu,Tenkasi,Tenkasi(Uzhavar Sandhai ),Neelam,4000.0,4000.0,4000.0,2026,7,23,204,3,30,4000.0,3750.0,4000.0,0.0,250.0,3916.6666666666665,3964.285714285714,94.49111825230679
2026-07-24,Tamil Nadu,Tenkasi,Tenkasi(Uzhavar Sandhai ),Neelam,4000.0,5000.0,4500.0,2026,7,24,205,4,30,4000.0,4000.0,4000.0,500.0,500.0,4000.0,3964.285714285714,94.49111825230679
2026-07-25,Tamil Nadu,Tenkasi,Tenkasi(Uzhavar Sandhai ),Neelam,4000.0,4000.0,4000.0,2026,7,25,206,5,30,4500.0,4000.0,4000.0,-500.0,0.0,4166.666666666667,4035.714285714286,224.93385271060944
2026-07-26,Tamil Nadu,Tenkasi,Tenkasi(Uzhavar Sandhai ),Neelam,4000.0,4000.0,4000.0,2026,7,26,207,6,30,4000.0,4000.0,4000.0,0.0,0.0,4166.666666666667,4035.714285714286,224.93385271060944
2026-07-27,Tamil Nadu,Tenkasi,Tenkasi(Uzhavar Sandhai ),Neelam,4000.0,5000.0,4500.0,2026,7,27,208,0,31,4000.0,4500.0,3750.0,500.0,0.0,4166.666666666667,4035.714285714286,224.93385271060944
2026-07-28,Tamil Nadu,Tenkasi,Tenkasi(Uzhavar Sandhai ),Neelam,4000.0,5000.0,4500.0,2026,7,28,209,1,31,4500.0,4000.0,4000.0,0.0,500.0,4166.666666666667,4142.857142857143,243.9750182371336
2026-07-29,Tamil Nadu,Tenkasi,Tenkasi(Uzhavar Sandhai ),Neelam,5000.0,5000.0,5000.0,2026,7,29,210,2,31,4500.0,4000.0,4000.0,500.0,1000.0,4333.333333333333,4214.285714285715,267.26124191242485
2026-07-12,Tamil Nadu,Thanjavur,Kumbakonam (Uzhavar Sandhai ),Safeda,3000.0,9000.0,6000.0,2026,7,12,193,6,28,6000.0,3000.0,6000.0,0.0,3000.0,4000.0,4714.285714285715,1603.5674514745463
2026-07-13,Tamil Nadu,Thanjavur,Kumbakonam (Uzhavar Sandhai ),Safeda,3000.0,9000.0,6000.0,2026,7,13,194,0,29,6000.0,3000.0,6000.0,0.0,3000.0,5000.0,4714.285714285715,1603.5674514745463
2026-07-14,Tamil Nadu,Thanjavur,Kumbakonam (Uzhavar Sandhai ),Safeda,3000.0,9000.0,6000.0,2026,7,14,195,1,29,6000.0,6000.0,6000.0,0.0,0.0,6000.0,4714.285714285715,1603.5674514745463
2026-07-15,Tamil Nadu,Thanjavur,Kumbakonam (Uzhavar Sandhai ),Safeda,3000.0,9000.0,6000.0,2026,7,15,196,2,29,6000.0,6000.0,3000.0,0.0,0.0,6000.0,4714.285714285715,1603.5674514745463
2026-07-16,Tamil Nadu,Thanjavur,Kumbakonam (Uzhavar Sandhai ),Safeda,3000.0,9000.0,6000.0,2026,7,16,197,3,29,6000.0,6000.0,3000.0,0.0,0.0,6000.0,5142.857142857143,1463.8501094227995
2026-07-17,Tamil Nadu,Thanjavur,Kumbakonam (Uzhavar Sandhai ),Safeda,3000.0,9000.0,6000.0,2026,7,17,198,4,29,6000.0,6000.0,3000.0,0.0,0.0,6000.0,5571.428571428572,1133.8934190276814
2026-07-18,Tamil Nadu,Thanjavur,Kumbakonam (Uzhavar Sandhai ),Safeda,3000.0,9000.0,6000.0,2026,7,18,199,5,29,6000.0,6000.0,6000.0,0.0,0.0,6000.0,6000.0,0.0
2026-07-19,Tamil Nadu,Thanjavur,Kumbakonam (Uzhavar Sandhai ),Safeda,3000.0,9000.0,6000.0,2026,7,19,200,6,29,6000.0,6000.0,6000.0,0.0,0.0,6000.0,6000.0,0.0
2026-07-20,Tamil Nadu,Thanjavur,Kumbakonam (Uzhavar Sandhai ),Safeda,3000.0,9000.0,6000.0,2026,7,20,201,0,30,6000.0,6000.0,6000.0,0.0,0.0,6000.0,6000.0,0.0
2026-07-21,Tamil Nadu,Thanjavur,Kumbakonam (Uzhavar Sandhai ),Safeda,3000.0,9000.0,6000.0,2026,7,21,202,1,30,6000.0,6000.0,6000.0,0.0,0.0,6000.0,6000.0,0.0
2026-07-22,Tamil Nadu,Thanjavur,Kumbakonam (Uzhavar Sandhai ),Safeda,3000.0,9000.0,6000.0,2026,7,22,203,2,30,6000.0,6000.0,6000.0,0.0,0.0,6000.0,6000.0,0.0
2026-07-23,Tamil Nadu,Thanjavur,Kumbakonam (Uzhavar Sandhai ),Safeda,3000.0,9000.0,6000.0,2026,7,23,204,3,30,6000.0,6000.0,6000.0,0.0,0.0,6000.0,6000.0,0.0
2026-07-24,Tamil Nadu,Thanjavur,Kumbakonam (Uzhavar Sandhai ),Safeda,3000.0,9000.0,6000.0,2026,7,24,205,4,30,6000.0,6000.0,6000.0,0.0,0.0,6000.0,6000.0,0.0
2026-07-25,Tamil Nadu,Thanjavur,Kumbakonam (Uzhavar Sandhai ),Safeda,3000.0,9000.0,6000.0,2026,7,25,206,5,30,6000.0,6000.0,6000.0,0.0,0.0,6000.0,6000.0,0.0
2026-07-26,Tamil Nadu,Thanjavur,Kumbakonam (Uzhavar Sandhai ),Safeda,3000.0,9000.0,6000.0,2026,7,26,207,6,30,6000.0,6000.0,6000.0,0.0,0.0,6000.0,6000.0,0.0
2026-07-27,Tamil Nadu,Thanjavur,Kumbakonam (Uzhavar Sandhai ),Safeda,3000.0,9000.0,6000.0,2026,7,27,208,0,31,6000.0,6000.0,6000.0,0.0,0.0,6000.0,6000.0,0.0
2026-07-28,Tamil Nadu,Thanjavur,Kumbakonam (Uzhavar Sandhai ),Safeda,3000.0,9000.0,6000.0,2026,7,28,209,1,31,6000.0,6000.0,6000.0,0.0,0.0,6000.0,6000.0,0.0
2026-07-29,Tamil Nadu,Thanjavur,Kumbakonam (Uzhavar Sandhai ),Safeda,3000.0,9000.0,6000.0,2026,7,29,210,2,31,6000.0,6000.0,6000.0,0.0,0.0,6000.0,6000.0,0.0
2026-07-20,Tamil Nadu,Thanjavur,Thanjavur(Uzhavar Sandhai ),Other,7000.0,7000.0,7000.0,2026,7,20,201,0,30,6000.0,6000.0,6000.0,1000.0,1000.0,6000.0,6000.0,0.0
2026-07-22,Tamil Nadu,Thanjavur,Thanjavur(Uzhavar Sandhai ),Other,7000.0,7000.0,7000.0,2026,7,22,203,2,30,7000.0,6000.0,6000.0,0.0,1000.0,6333.333333333333,6142.857142857143,377.96447300922716
2026-07-26,Tamil Nadu,Thanjavur,Thanjavur(Uzhavar Sandhai ),Other,7000.0,7000.0,7000.0,2026,7,26,207,6,30,7000.0,6000.0,6000.0,0.0,1000.0,6666.666666666667,6285.714285714285,487.9500364742664
2026-07-27,Tamil Nadu,Thanjavur,Thanjavur(Uzhavar Sandhai ),Other,7000.0,7000.0,7000.0,2026,7,27,208,0,31,7000.0,7000.0,6000.0,0.0,0.0,7000.0,6428.571428571428,534.5224838248485
2026-07-23,Tamil Nadu,Thanjavur,Thanjavur(Uzhavar Sandhai ),Safeda,5000.0,7000.0,6000.0,2026,7,23,204,3,30,6000.0,6000.0,5500.0,0.0,0.0,6000.0,6000.0,288.67513459481285
2026-07-24,Tamil Nadu,Thanjavur,Thanjavur(Uzhavar Sandhai ),Safeda,5000.0,7000.0,6000.0,2026,7,24,205,4,30,6000.0,6000.0,6500.0,0.0,0.0,6000.0,6071.428571428572,188.98223650461367
2026-07-25,Tamil Nadu,Thanjavur,Thanjavur(Uzhavar Sandhai ),Safeda,5000.0,7000.0,6000.0,2026,7,25,206,5,30,6000.0,6000.0,6000.0,0.0,0.0,6000.0,6000.0,0.0
2026-07-28,Tamil Nadu,Thanjavur,Thanjavur(Uzhavar Sandhai ),Safeda,5000.0,7000.0,6000.0,2026,7,28,209,1,31,6000.0,6000.0,6000.0,0.0,0.0,6000.0,6000.0,0.0
2026-07-29,Tamil Nadu,Thanjavur,Thanjavur(Uzhavar Sandhai ),Safeda,5000.0,7000.0,6000.0,2026,7,29,210,2,31,6000.0,6000.0,6000.0,0.0,0.0,6000.0,6000.0,0.0
2026-07-12,Tamil Nadu,The Nilgiris,Udhagamandalam(Uzhavar Sandhai ),Safeda,10000.0,15000.0,12500.0,2026,7,12,193,6,28,11000.0,11000.0,11500.0,1500.0,1500.0,11000.0,11357.142857142857,556.3486402641868
2026-07-13,Tamil Nadu,The Nilgiris,Udhagamandalam(Uzhavar Sandhai ),Safeda,10000.0,12000.0,11000.0,2026,7,13,194,0,29,12500.0,11000.0,12500.0,-1500.0,0.0,11500.0,11500.0,707.1067811865479
2026-07-14,Tamil Nadu,The Nilgiris,Udhagamandalam(Uzhavar Sandhai ),Safeda,10000.0,12000.0,11000.0,2026,7,14,195,1,29,11000.0,11000.0,11500.0,0.0,0.0,11500.0,11285.714285714286,566.9467095138407
2026-07-15,Tamil Nadu,The Nilgiris,Udhagamandalam(Uzhavar Sandhai ),Safeda,12000.0,13000.0,12500.0,2026,7,15,196,2,29,11000.0,12500.0,11000.0,1500.0,0.0,11500.0,11214.285714285714,566.9467095138405
2026-07-16,Tamil Nadu,The Nilgiris,Udhagamandalam(Uzhavar Sandhai ),Safeda,10000.0,12000.0,11000.0,2026,7,16,197,3,29,12500.0,11000.0,11000.0,-1500.0,0.0,11500.0,11428.57142857143,731.9250547114005
2026-07-17,Tamil Nadu,The Nilgiris,Udhagamandalam(Uzhavar Sandhai ),Safeda,10000.0,12000.0,11000.0,2026,7,17,198,4,29,11000.0,11000.0,11000.0,0.0,0.0,11500.0,11428.57142857143,731.9250547114005
2026-07-18,Tamil Nadu,The Nilgiris,Udhagamandalam(Uzhavar Sandhai ),Safeda,10000.0,12000.0,11000.0,2026,7,18,199,5,29,11000.0,12500.0,11000.0,0.0,-1500.0,11500.0,11428.57142857143,731.9250547114005
2026-07-19,Tamil Nadu,The Nilgiris,Udhagamandalam(Uzhavar Sandhai ),Safeda,10000.0,12000.0,11000.0,2026,7,19,200,6,29,11000.0,11000.0,12500.0,0.0,0.0,11000.0,11428.57142857143,731.9250547114005
2026-07-20,Tamil Nadu,The Nilgiris,Udhagamandalam(Uzhavar Sandhai ),Safeda,10000.0,12000.0,11000.0,2026,7,20,201,0,30,11000.0,11000.0,11000.0,0.0,0.0,11000.0,11214.285714285714,566.9467095138405
2026-07-21,Tamil Nadu,The Nilgiris,Udhagamandalam(Uzhavar Sandhai ),Safeda,10000.0,12000.0,11000.0,2026,7,21,202,1,30,11000.0,11000.0,11000.0,0.0,0.0,11000.0,11214.285714285714,566.9467095138405
2026-07-22,Tamil Nadu,The Nilgiris,Udhagamandalam(Uzhavar Sandhai ),Safeda,10000.0,12000.0,11000.0,2026,7,22,203,2,30,11000.0,11000.0,12500.0,0.0,0.0,11000.0,11214.285714285714,566.9467095138405
2026-07-23,Tamil Nadu,The Nilgiris,Udhagamandalam(Uzhavar Sandhai ),Safeda,10000.0,12000.0,11000.0,2026,7,23,204,3,30,11000.0,11000.0,11000.0,0.0,0.0,11000.0,11000.0,0.0
2026-07-24,Tamil Nadu,The Nilgiris,Udhagamandalam(Uzhavar Sandhai ),Safeda,10000.0,12000.0,11000.0,2026,7,24,205,4,30,11000.0,11000.0,11000.0,0.0,0.0,11000.0,11000.0,0.0
2026-07-25,Tamil Nadu,The Nilgiris,Udhagamandalam(Uzhavar Sandhai ),Safeda,10000.0,12000.0,11000.0,2026,7,25,206,5,30,11000.0,11000.0,11000.0,0.0,0.0,11000.0,11000.0,0.0
2026-07-26,Tamil Nadu,The Nilgiris,Udhagamandalam(Uzhavar Sandhai ),Safeda,10000.0,12000.0,11000.0,2026,7,26,207,6,30,11000.0,11000.0,11000.0,0.0,0.0,11000.0,11000.0,0.0
2026-07-27,Tamil Nadu,The Nilgiris,Udhagamandalam(Uzhavar Sandhai ),Safeda,10000.0,12000.0,11000.0,2026,7,27,208,0,31,11000.0,11000.0,11000.0,0.0,0.0,11000.0,11000.0,0.0
2026-07-28,Tamil Nadu,The Nilgiris,Udhagamandalam(Uzhavar Sandhai ),Safeda,7000.0,8000.0,7500.0,2026,7,28,209,1,31,11000.0,11000.0,11000.0,-3500.0,-3500.0,11000.0,11000.0,0.0
2026-07-29,Tamil Nadu,The Nilgiris,Udhagamandalam(Uzhavar Sandhai ),Safeda,10000.0,12000.0,11000.0,2026,7,29,210,2,31,7500.0,11000.0,11000.0,3500.0,0.0,9833.333333333334,10500.0,1322.8756555322952
2026-07-13,Tamil Nadu,Theni,Bodinayakanur(Uzhavar Sandhai ),Safeda,4000.0,4000.0,4000.0,2026,7,13,194,0,29,4000.0,4000.0,5000.0,0.0,0.0,4000.0,4285.714285714285,487.9500364742666
2026-07-14,Tamil Nadu,Theni,Bodinayakanur(Uzhavar Sandhai ),Safeda,4000.0,4000.0,4000.0,2026,7,14,195,1,29,4000.0,4000.0,5000.0,0.0,0.0,4000.0,4142.857142857143,377.96447300922705
2026-07-15,Tamil Nadu,Theni,Bodinayakanur(Uzhavar Sandhai ),Safeda,4000.0,4000.0,4000.0,2026,7,15,196,2,29,4000.0,4000.0,4000.0,0.0,0.0,4000.0,4000.0,0.0
2026-07-16,Tamil Nadu,Theni,Bodinayakanur(Uzhavar Sandhai ),Safeda,4000.0,4000.0,4000.0,2026,7,16,197,3,29,4000.0,4000.0,4000.0,0.0,0.0,4000.0,4000.0,0.0
2026-07-17,Tamil Nadu,Theni,Bodinayakanur(Uzhavar Sandhai ),Safeda,5000.0,5000.0,5000.0,2026,7,17,198,4,29,4000.0,4000.0,4000.0,1000.0,1000.0,4000.0,4000.0,0.0
2026-07-18,Tamil Nadu,Theni,Bodinayakanur(Uzhavar Sandhai ),Safeda,4500.0,4500.0,4500.0,2026,7,18,199,5,29,5000.0,4000.0,4000.0,-500.0,500.0,4333.333333333333,4142.857142857143,377.96447300922716
2026-07-19,Tamil Nadu,Theni,Bodinayakanur(Uzhavar Sandhai ),Safeda,5000.0,5000.0,5000.0,2026,7,19,200,6,29,4500.0,4000.0,4000.0,500.0,1000.0,4500.0,4214.285714285715,393.3978962347215
2026-07-20,Tamil Nadu,Theni,Bodinayakanur(Uzhavar Sandhai ),Safeda,5000.0,5000.0,5000.0,2026,7,20,201,0,30,5000.0,5000.0,4000.0,0.0,0.0,4833.333333333333,4357.142857142857,475.59486560567086
2026-07-21,Tamil Nadu,Theni,Bodinayakanur(Uzhavar Sandhai ),Safeda,4000.0,4000.0,4000.0,2026,7,21,202,1,30,5000.0,4500.0,4000.0,-1000.0,-500.0,4833.333333333333,4500.0,500.0000000000001
2026-07-22,Tamil Nadu,Theni,Bodinayakanur(Uzhavar Sandhai ),Safeda,5000.0,5000.0,5000.0,2026,7,22,203,2,30,4000.0,5000.0,4000.0,1000.0,0.0,4666.666666666667,4500.0,500.0000000000001
2026-07-24,Tamil Nadu,Theni,Bodinayakanur(Uzhavar Sandhai ),Safeda,5000.0,5000.0,5000.0,2026,7,24,205,4,30,5000.0,5000.0,4000.0,0.0,0.0,4666.666666666667,4642.857142857143,475.5948656056714
2026-07-25,Tamil Nadu,Theni,Bodinayakanur(Uzhavar Sandhai ),Safeda,4000.0,5000.0,4500.0,2026,7,25,206,5,30,5000.0,4000.0,5000.0,-500.0,500.0,4666.666666666667,4785.714285714285,393.3978962347224
2026-07-26,Tamil Nadu,Theni,Bodinayakanur(Uzhavar Sandhai ),Safeda,5000.0,5000.0,5000.0,2026,7,26,207,6,30,4500.0,5000.0,4500.0,500.0,0.0,4833.333333333333,4714.285714285715,393.3978962347224
2026-07-27,Tamil Nadu,Theni,Bodinayakanur(Uzhavar Sandhai ),Safeda,5000.0,5000.0,5000.0,2026,7,27,208,0,31,5000.0,5000.0,5000.0,0.0,0.0,4833.333333333333,4785.714285714285,393.3978962347224
2026-07-28,Tamil Nadu,Theni,Bodinayakanur(Uzhavar Sandhai ),Safeda,5000.0,5000.0,5000.0,2026,7,28,209,1,31,5000.0,4500.0,5000.0,0.0,500.0,4833.333333333333,4785.714285714285,393.3978962347224
2026-07-29,Tamil Nadu,Theni,Bodinayakanur(Uzhavar Sandhai ),Safeda,5000.0,5000.0,5000.0,2026,7,29,210,2,31,5000.0,5000.0,4000.0,0.0,0.0,5000.0,4785.714285714285,393.3978962347224
2026-07-12,Tamil Nadu,Theni,Devaram(Uzhavar Sandhai ),Safeda,5000.0,5000.0,5000.0,2026,7,12,193,6,28,5000.0,5000.0,5000.0,0.0,0.0,5000.0,4714.285714285715,487.95003647426654
2026-07-13,Tamil Nadu,Theni,Devaram(Uzhavar Sandhai ),Safeda,5000.0,5000.0,5000.0,2026,7,13,194,0,29,5000.0,5000.0,4000.0,0.0,0.0,5000.0,4714.285714285715,487.95003647426654
2026-07-14,Tamil Nadu,Theni,Devaram(Uzhavar Sandhai ),Safeda,4000.0,5000.0,4500.0,2026,7,14,195,1,29,5000.0,5000.0,4000.0,-500.0,-500.0,5000.0,4857.142857142857,377.96447300922694
2026-07-15,Tamil Nadu,Theni,Devaram(Uzhavar Sandhai ),Safeda,5000.0,5000.0,5000.0,2026,7,15,196,2,29,4500.0,5000.0,5000.0,500.0,0.0,4833.333333333333,4928.571428571428,188.98223650461358
2026-07-16,Tamil Nadu,Theni,Devaram(Uzhavar Sandhai ),Safeda,5000.0,5000.0,5000.0,2026,7,16,197,3,29,5000.0,5000.0,5000.0,0.0,0.0,4833.333333333333,4928.571428571428,188.98223650461358
2026-07-17,Tamil Nadu,Theni,Devaram(Uzhavar Sandhai ),Safeda,5000.0,5000.0,5000.0,2026,7,17,198,4,29,5000.0,4500.0,5000.0,0.0,500.0,4833.333333333333,4928.571428571428,188.98223650461358
2026-07-18,Tamil Nadu,Theni,Devaram(Uzhavar Sandhai ),Safeda,5000.0,5000.0,5000.0,2026,7,18,199,5,29,5000.0,5000.0,5000.0,0.0,0.0,5000.0,4928.571428571428,188.98223650461358
2026-07-19,Tamil Nadu,Theni,Devaram(Uzhavar Sandhai ),Safeda,5000.0,5000.0,5000.0,2026,7,19,200,6,29,5000.0,5000.0,5000.0,0.0,0.0,5000.0,4928.571428571428,188.98223650461358
2026-07-20,Tamil Nadu,Theni,Devaram(Uzhavar Sandhai ),Safeda,6000.0,6000.0,6000.0,2026,7,20,201,0,30,5000.0,5000.0,5000.0,1000.0,1000.0,5000.0,4928.571428571428,188.98223650461358
2026-07-21,Tamil Nadu,Theni,Devaram(Uzhavar Sandhai ),Safeda,5000.0,6000.0,5500.0,2026,7,21,202,1,30,6000.0,5000.0,4500.0,-500.0,500.0,5333.333333333333,5071.428571428572,449.8677054212189
2026-07-22,Tamil Nadu,Theni,Devaram(Uzhavar Sandhai ),Safeda,5000.0,5000.0,5000.0,2026,7,22,203,2,30,5500.0,5000.0,5000.0,-500.0,0.0,5500.0,5214.285714285715,393.3978962347221
2026-07-23,Tamil Nadu,Theni,Devaram(Uzhavar Sandhai ),Safeda,5000.0,5000.0,5000.0,2026,7,23,204,3,30,5000.0,6000.0,5000.0,0.0,-1000.0,5500.0,5214.285714285715,393.3978962347221
2026-07-24,Tamil Nadu,Theni,Devaram(Uzhavar Sandhai ),Safeda,5000.0,5000.0,5000.0,2026,7,24,205,4,30,5000.0,5500.0,5000.0,0.0,-500.0,5166.666666666667,5214.285714285715,393.3978962347221
2026-07-25,Tamil Nadu,Theni,Devaram(Uzhavar Sandhai ),Safeda,5000.0,5000.0,5000.0,2026,7,25,206,5,30,5000.0,5000.0,5000.0,0.0,0.0,5000.0,5214.285714285715,393.3978962347221
2026-07-26,Tamil Nadu,Theni,Devaram(Uzhavar Sandhai ),Safeda,5000.0,5000.0,5000.0,2026,7,26,207,6,30,5000.0,5000.0,5000.0,0.0,0.0,5000.0,5214.285714285715,393.3978962347221
2026-07-27,Tamil Nadu,Theni,Devaram(Uzhavar Sandhai ),Safeda,5000.0,5000.0,5000.0,2026,7,27,208,0,31,5000.0,5000.0,6000.0,0.0,0.0,5000.0,5214.285714285715,393.3978962347221
2026-07-28,Tamil Nadu,Theni,Devaram(Uzhavar Sandhai ),Safeda,4000.0,5000.0,4500.0,2026,7,28,209,1,31,5000.0,5000.0,5500.0,-500.0,-500.0,5000.0,5071.428571428572,188.98223650461435
2026-07-29,Tamil Nadu,Theni,Devaram(Uzhavar Sandhai ),Safeda,5000.0,5000.0,5000.0,2026,7,29,210,2,31,4500.0,5000.0,5000.0,500.0,0.0,4833.333333333333,4928.571428571428,188.98223650461358
2026-07-17,Tamil Nadu,Theni,Kambam(Uzhavar Sandhai ),Safeda,3000.0,5000.0,4000.0,2026,7,17,198,4,29,4000.0,4500.0,4500.0,0.0,-500.0,4333.333333333333,4142.857142857143,475.5948656056709
2026-07-18,Tamil Nadu,Theni,Kambam(Uzhavar Sandhai ),Safeda,3000.0,5000.0,4000.0,2026,7,18,199,5,29,4000.0,4500.0,3500.0,0.0,-500.0,4166.666666666667,4071.4285714285716,449.8677054212187
2026-07-19,Tamil Nadu,Theni,Kambam(Uzhavar Sandhai ),Safeda,4000.0,6000.0,5000.0,2026,7,19,200,6,29,4000.0,4000.0,3500.0,1000.0,1000.0,4000.0,4142.857142857143,377.9644730092272
2026-07-24,Tamil Nadu,Theni,Kambam(Uzhavar Sandhai ),Safeda,5000.0,6000.0,5500.0,2026,7,24,205,4,30,5000.0,4000.0,4500.0,500.0,1500.0,4333.333333333333,4357.142857142857,377.9644730092272
2026-07-25,Tamil Nadu,Theni,Kambam(Uzhavar Sandhai ),Safeda,5000.0,6000.0,5500.0,2026,7,25,206,5,30,5500.0,4000.0,4500.0,0.0,1500.0,4833.333333333333,4500.0,577.3502691896258
2026-07-26,Tamil Nadu,Theni,Kambam(Uzhavar Sandhai ),Safeda,4000.0,5000.0,4500.0,2026,7,26,207,6,30,5500.0,5000.0,4500.0,-1000.0,-500.0,5333.333333333333,4642.857142857143,690.0655593423543
2026-07-28,Tamil Nadu,Theni,Kambam(Uzhavar Sandhai ),Safeda,4000.0,4000.0,4000.0,2026,7,28,209,1,31,4500.0,5500.0,4000.0,-500.0,-1500.0,5166.666666666667,4642.857142857143,690.0655593423543
2026-07-29,Tamil Nadu,Theni,Kambam(Uzhavar Sandhai ),Safeda,4000.0,5000.0,4500.0,2026,7,29,210,2,31,4000.0,5500.0,4000.0,500.0,-1000.0,4666.666666666667,4642.857142857143,690.0655593423543
2026-07-12,Tamil Nadu,Theni,Theni(Uzhavar Sandhai ),Neelam,5000.0,6000.0,5500.0,2026,7,12,193,6,28,4000.0,4000.0,4000.0,1500.0,1500.0,4000.0,4428.571428571428,731.9250547113999
2026-07-13,Tamil Nadu,Theni,Theni(Uzhavar Sandhai ),Neelam,6000.0,8000.0,7000.0,2026,7,13,194,0,29,5500.0,4000.0,4000.0,1500.0,3000.0,4500.0,4642.857142857143,801.7837257372731
2026-07-14,Tamil Nadu,Theni,Theni(Uzhavar Sandhai ),Neelam,5000.0,6000.0,5500.0,2026,7,14,195,1,29,7000.0,4000.0,5500.0,-1500.0,1500.0,5500.0,5071.428571428572,1133.8934190276816
2026-07-15,Tamil Nadu,Theni,Theni(Uzhavar Sandhai ),Neelam,3000.0,5000.0,4000.0,2026,7,15,196,2,29,5500.0,5500.0,5500.0,-1500.0,-1500.0,6000.0,5071.428571428572,1133.8934190276816
2026-07-16,Tamil Nadu,Theni,Theni(Uzhavar Sandhai ),Neelam,3000.0,5000.0,4000.0,2026,7,16,197,3,29,4000.0,7000.0,4000.0,0.0,-3000.0,5500.0,4857.142857142857,1180.1936887041647
2026-07-17,Tamil Nadu,Theni,Theni(Uzhavar Sandhai ),Neelam,3000.0,5000.0,4000.0,2026,7,17,198,4,29,4000.0,5500.0,4000.0,0.0,-1500.0,4500.0,4857.142857142857,1180.1936887041647
2026-07-18,Tamil Nadu,Theni,Theni(Uzhavar Sandhai ),Neelam,3000.0,5000.0,4000.0,2026,7,18,199,5,29,4000.0,4000.0,4000.0,0.0,0.0,4000.0,4857.142857142857,1180.1936887041647
2026-07-19,Tamil Nadu,Theni,Theni(Uzhavar Sandhai ),Neelam,3000.0,5000.0,4000.0,2026,7,19,200,6,29,4000.0,4000.0,5500.0,0.0,0.0,4000.0,4857.142857142857,1180.1936887041647
2026-07-20,Tamil Nadu,Theni,Theni(Uzhavar Sandhai ),Neelam,3000.0,5000.0,4000.0,2026,7,20,201,0,30,4000.0,4000.0,7000.0,0.0,0.0,4000.0,4642.857142857143,1180.1936887041647
2026-07-21,Tamil Nadu,Theni,Theni(Uzhavar Sandhai ),Neelam,3000.0,6000.0,4500.0,2026,7,21,202,1,30,4000.0,4000.0,5500.0,500.0,500.0,4000.0,4214.285714285715,566.9467095138408
2026-07-22,Tamil Nadu,Theni,Theni(Uzhavar Sandhai ),Neelam,3000.0,6000.0,4500.0,2026,7,22,203,2,30,4500.0,4000.0,4000.0,0.0,500.0,4166.666666666667,4071.4285714285716,188.98223650461358
2026-07-23,Tamil Nadu,Theni,Theni(Uzhavar Sandhai ),Neelam,3000.0,5000.0,4000.0,2026,7,23,204,3,30,4500.0,4000.0,4000.0,-500.0,0.0,4333.333333333333,4142.857142857143,243.9750182371332
2026-07-24,Tamil Nadu,Theni,Theni(Uzhavar Sandhai ),Neelam,3000.0,6000.0,4500.0,2026,7,24,205,4,30,4000.0,4500.0,4000.0,500.0,0.0,4333.333333333333,4142.857142857143,243.9750182371332
2026-07-25,Tamil Nadu,Theni,Theni(Uzhavar Sandhai ),Neelam,3000.0,6000.0,4500.0,2026,7,25,206,5,30,4500.0,4500.0,4000.0,0.0,0.0,4333.333333333333,4214.285714285715,267.2612419124242
2026-07-26,Tamil Nadu,Theni,Theni(Uzhavar Sandhai ),Neelam,3000.0,6000.0,4500.0,2026,7,26,207,6,30,4500.0,4000.0,4000.0,0.0,500.0,4333.333333333333,4285.714285714285,267.2612419124242
2026-07-27,Tamil Nadu,Theni,Theni(Uzhavar Sandhai ),Neelam,3000.0,6000.0,4500.0,2026,7,27,208,0,31,4500.0,4500.0,4000.0,0.0,0.0,4500.0,4357.142857142857,243.9750182371332
2026-07-28,Tamil Nadu,Theni,Theni(Uzhavar Sandhai ),Neelam,3000.0,6000.0,4500.0,2026,7,28,209,1,31,4500.0,4500.0,4500.0,0.0,0.0,4500.0,4428.571428571428,188.98223650461367
2026-07-29,Tamil Nadu,Theni,Theni(Uzhavar Sandhai ),Neelam,3000.0,6000.0,4500.0,2026,7,29,210,2,31,4500.0,4500.0,4500.0,0.0,0.0,4500.0,4428.571428571428,188.98223650461367
2026-07-27,Tamil Nadu,Thiruchirappalli,KKNagar(Uzhavar Sandhai ),Other,5000.0,5000.0,5000.0,2026,7,27,208,0,31,6000.0,6000.0,6500.0,-1000.0,-1000.0,6000.0,6857.142857142857,944.9111825230681
2026-07-28,Tamil Nadu,Thiruchirappalli,KKNagar(Uzhavar Sandhai ),Other,5000.0,5000.0,5000.0,2026,7,28,209,1,31,5000.0,6000.0,7500.0,0.0,-1000.0,5666.666666666667,6642.857142857143,1180.1936887041645
2026-07-24,Tamil Nadu,Thiruchirappalli,KKNagar(Uzhavar Sandhai ),Safeda,5000.0,6000.0,5500.0,2026,7,24,205,4,30,6000.0,5500.0,5000.0,-500.0,0.0,5666.666666666667,5357.142857142857,377.9644730092272
2026-07-25,Tamil Nadu,Thiruchirappalli,KKNagar(Uzhavar Sandhai ),Safeda,5000.0,6000.0,5500.0,2026,7,25,206,5,30,5500.0,5500.0,5000.0,0.0,0.0,5666.666666666667,5428.571428571428,345.03277967117725
2026-07-26,Tamil Nadu,Thiruchirappalli,KKNagar(Uzhavar Sandhai ),Safeda,5000.0,6000.0,5500.0,2026,7,26,207,6,30,5500.0,6000.0,5500.0,0.0,-500.0,5666.666666666667,5500.0,288.6751345948131
2026-07-29,Tamil Nadu,Thiruchirappalli,KKNagar(Uzhavar Sandhai ),Safeda,5000.0,5000.0,5000.0,2026,7,29,210,2,31,5500.0,5500.0,5000.0,-500.0,-500.0,5500.0,5500.0,288.6751345948131
2026-07-29,Tamil Nadu,Thiruchirappalli,Lalgudi(Uzhavar Sandhai ),Safeda,4000.0,4000.0,4000.0,2026,7,29,210,2,31,4000.0,4000.0,4000.0,0.0,0.0,4000.0,4000.0,0.0
2026-07-12,Tamil Nadu,Thiruchirappalli,Musiri(Uzhavar Sandhai ),Safeda,3000.0,3000.0,3000.0,2026,7,12,193,6,28,3000.0,2750.0,2750.0,0.0,250.0,2916.6666666666665,2892.8571428571427,133.6306209562122
2026-07-13,Tamil Nadu,Thiruchirappalli,Musiri(Uzhavar Sandhai ),Safeda,3000.0,3000.0,3000.0,2026,7,13,194,0,29,3000.0,3000.0,3000.0,0.0,0.0,3000.0,2928.5714285714284,121.98750911856672
2026-07-14,Tamil Nadu,Thiruchirappalli,Musiri(Uzhavar Sandhai ),Safeda,3000.0,3000.0,3000.0,2026,7,14,195,1,29,3000.0,3000.0,3000.0,0.0,0.0,3000.0,2928.5714285714284,121.98750911856672
2026-07-15,Tamil Nadu,Thiruchirappalli,Musiri(Uzhavar Sandhai ),Safeda,2500.0,3000.0,2750.0,2026,7,15,196,2,29,3000.0,3000.0,2750.0,-250.0,-250.0,3000.0,2928.5714285714284,121.98750911856672
2026-07-16,Tamil Nadu,Thiruchirappalli,Musiri(Uzhavar Sandhai ),Safeda,2500.0,3000.0,2750.0,2026,7,16,197,3,29,2750.0,3000.0,2750.0,0.0,-250.0,2916.6666666666665,2928.5714285714284,121.98750911856672
2026-07-17,Tamil Nadu,Thiruchirappalli,Musiri(Uzhavar Sandhai ),Safeda,3000.0,3000.0,3000.0,2026,7,17,198,4,29,2750.0,3000.0,3000.0,250.0,0.0,2833.3333333333335,2928.5714285714284,121.98750911856672
2026-07-18,Tamil Nadu,Thiruchirappalli,Musiri(Uzhavar Sandhai ),Safeda,3000.0,3000.0,3000.0,2026,7,18,199,5,29,3000.0,2750.0,3000.0,0.0,250.0,2833.3333333333335,2928.5714285714284,121.98750911856672
2026-07-19,Tamil Nadu,Thiruchirappalli,Musiri(Uzhavar Sandhai ),Safeda,3000.0,3000.0,3000.0,2026,7,19,200,6,29,3000.0,2750.0,3000.0,0.0,250.0,2916.6666666666665,2928.5714285714284,121.98750911856672
2026-07-20,Tamil Nadu,Thiruchirappalli,Musiri(Uzhavar Sandhai ),Safeda,3000.0,3000.0,3000.0,2026,7,20,201,0,30,3000.0,3000.0,3000.0,0.0,0.0,3000.0,2928.5714285714284,121.98750911856672
2026-07-21,Tamil Nadu,Thiruchirappalli,Musiri(Uzhavar Sandhai ),Safeda,3000.0,3000.0,3000.0,2026,7,21,202,1,30,3000.0,3000.0,3000.0,0.0,0.0,3000.0,2928.5714285714284,121.98750911856672
2026-07-22,Tamil Nadu,Thiruchirappalli,Musiri(Uzhavar Sandhai ),Safeda,2500.0,3000.0,2750.0,2026,7,22,203,2,30,3000.0,3000.0,2750.0,-250.0,-250.0,3000.0,2928.5714285714284,121.98750911856672
2026-07-23,Tamil Nadu,Thiruchirappalli,Musiri(Uzhavar Sandhai ),Safeda,2500.0,3000.0,2750.0,2026,7,23,204,3,30,2750.0,3000.0,2750.0,0.0,-250.0,2916.6666666666665,2928.5714285714284,121.98750911856672
2026-07-24,Tamil Nadu,Thiruchirappalli,Musiri(Uzhavar Sandhai ),Safeda,3000.0,3000.0,3000.0,2026,7,24,205,4,30,2750.0,3000.0,3000.0,250.0,0.0,2833.3333333333335,2928.5714285714284,121.98750911856672
2026-07-25,Tamil Nadu,Thiruchirappalli,Musiri(Uzhavar Sandhai ),Safeda,3000.0,3000.0,3000.0,2026,7,25,206,5,30,3000.0,2750.0,3000.0,0.0,250.0,2833.3333333333335,2928.5714285714284,121.98750911856672
2026-07-26,Tamil Nadu,Thiruchirappalli,Musiri(Uzhavar Sandhai ),Safeda,3000.0,3000.0,3000.0,2026,7,26,207,6,30,3000.0,2750.0,3000.0,0.0,250.0,2916.6666666666665,2928.5714285714284,121.98750911856672
2026-07-27,Tamil Nadu,Thiruchirappalli,Musiri(Uzhavar Sandhai ),Safeda,3000.0,3000.0,3000.0,2026,7,27,208,0,31,3000.0,3000.0,3000.0,0.0,0.0,3000.0,2928.5714285714284,121.98750911856672
2026-07-28,Tamil Nadu,Thiruchirappalli,Musiri(Uzhavar Sandhai ),Safeda,2500.0,3000.0,2750.0,2026,7,28,209,1,31,3000.0,3000.0,3000.0,-250.0,-250.0,3000.0,2928.5714285714284,121.98750911856672
2026-07-29,Tamil Nadu,Thiruchirappalli,Musiri(Uzhavar Sandhai ),Safeda,3000.0,3000.0,3000.0,2026,7,29,210,2,31,2750.0,3000.0,2750.0,250.0,0.0,2916.6666666666665,2892.8571428571427,133.6306209562122
2026-07-14,Tamil Nadu,Thiruchirappalli,Thuraiyur APMC,Safeda,8000.0,9000.0,8500.0,2026,7,14,195,1,29,8500.0,8500.0,7500.0,0.0,0.0,8500.0,8071.428571428572,1017.7004891982149
2026-07-15,Tamil Nadu,Thiruchirappalli,Thuraiyur APMC,Safeda,8000.0,9000.0,8500.0,2026,7,15,196,2,29,8500.0,8500.0,6000.0,0.0,0.0,8500.0,8214.285714285714,994.0297973880049
2026-07-17,Tamil Nadu,Thiruchirappalli,Thuraiyur APMC,Safeda,7000.0,10000.0,8500.0,2026,7,17,198,4,29,8500.0,8500.0,9000.0,0.0,0.0,8500.0,8571.42857142857,188.98223650461514
2026-07-18,Tamil Nadu,Thiruchirappalli,Thuraiyur APMC,Safeda,6000.0,7000.0,6500.0,2026,7,18,199,5,29,8500.0,8500.0,8500.0,-2000.0,-2000.0,8500.0,8500.0,0.0
2026-07-19,Tamil Nadu,Thiruchirappalli,Thuraiyur APMC,Safeda,6000.0,7000.0,6500.0,2026,7,19,200,6,29,6500.0,8500.0,8500.0,0.0,-2000.0,7833.333333333333,8214.285714285714,755.9289460184543
2026-07-21,Tamil Nadu,Thiruchirappalli,Thuraiyur APMC,Safeda,8000.0,9000.0,8500.0,2026,7,21,202,1,30,6500.0,8500.0,8500.0,2000.0,0.0,7166.666666666667,7928.571428571428,975.900072948533
2026-07-22,Tamil Nadu,Thiruchirappalli,Thuraiyur APMC,Safeda,8000.0,9000.0,8500.0,2026,7,22,203,2,30,8500.0,6500.0,8500.0,0.0,2000.0,7166.666666666667,7928.571428571428,975.900072948533
2026-07-23,Tamil Nadu,Thiruchirappalli,Thuraiyur APMC,Safeda,5000.0,7000.0,6000.0,2026,7,23,204,3,30,8500.0,6500.0,8500.0,-2500.0,-500.0,7833.333333333333,7928.571428571428,975.900072948533
2026-07-24,Tamil Nadu,Thiruchirappalli,Thuraiyur APMC,Safeda,8000.0,9000.0,8500.0,2026,7,24,205,4,30,6000.0,8500.0,8500.0,2500.0,0.0,7666.666666666667,7571.428571428572,1170.0630833624393
2026-07-25,Tamil Nadu,Thiruchirappalli,Thuraiyur APMC,Safeda,7000.0,9000.0,8000.0,2026,7,25,206,5,30,8500.0,8500.0,8500.0,-500.0,-500.0,7666.666666666667,7571.428571428572,1170.0630833624393
2026-07-27,Tamil Nadu,Thiruchirappalli,Thuraiyur APMC,Safeda,9000.0,10000.0,9500.0,2026,7,27,208,0,31,8000.0,6000.0,6500.0,1500.0,3500.0,7500.0,7500.0,1118.0339887498947
2026-07-28,Tamil Nadu,Thiruchirappalli,Thuraiyur APMC,Safeda,7000.0,10000.0,8500.0,2026,7,28,209,1,31,9500.0,8500.0,6500.0,-1000.0,0.0,8666.666666666666,7928.571428571428,1239.239398064105
2026-07-29,Tamil Nadu,Thiruchirappalli,Thuraiyur APMC,Safeda,8000.0,10000.0,9000.0,2026,7,29,210,2,31,8500.0,8000.0,8500.0,500.0,1000.0,8666.666666666666,8214.285714285714,1074.5984853711195
2026-07-14,Tamil Nadu,Thirunelveli,Palayamkottai(Uzhavar Sandhai ),Safeda,6000.0,8000.0,7000.0,2026,7,14,195,1,29,7000.0,7000.0,6000.0,0.0,0.0,7000.0,6571.428571428572,534.5224838248488
2026-07-15,Tamil Nadu,Thirunelveli,Palayamkottai(Uzhavar Sandhai ),Safeda,6000.0,8000.0,7000.0,2026,7,15,196,2,29,7000.0,7000.0,7000.0,0.0,0.0,7000.0,6714.285714285715,487.9500364742664
2026-07-16,Tamil Nadu,Thirunelveli,Palayamkottai(Uzhavar Sandhai ),Safeda,6000.0,8000.0,7000.0,2026,7,16,197,3,29,7000.0,7000.0,6000.0,0.0,0.0,7000.0,6714.285714285715,487.9500364742664
2026-07-17,Tamil Nadu,Thirunelveli,Palayamkottai(Uzhavar Sandhai ),Safeda,6000.0,8000.0,7000.0,2026,7,17,198,4,29,7000.0,7000.0,6000.0,0.0,0.0,7000.0,6857.142857142857,377.9644730092269
2026-07-18,Tamil Nadu,Thirunelveli,Palayamkottai(Uzhavar Sandhai ),Safeda,6000.0,8000.0,7000.0,2026,7,18,199,5,29,7000.0,7000.0,7000.0,0.0,0.0,7000.0,7000.0,0.0
2026-07-19,Tamil Nadu,Thirunelveli,Palayamkottai(Uzhavar Sandhai ),Safeda,6000.0,8000.0,7000.0,2026,7,19,200,6,29,7000.0,7000.0,7000.0,0.0,0.0,7000.0,7000.0,0.0
2026-07-20,Tamil Nadu,Thirunelveli,Palayamkottai(Uzhavar Sandhai ),Safeda,6000.0,8000.0,7000.0,2026,7,20,201,0,30,7000.0,7000.0,7000.0,0.0,0.0,7000.0,7000.0,0.0
2026-07-21,Tamil Nadu,Thirunelveli,Palayamkottai(Uzhavar Sandhai ),Safeda,6000.0,8000.0,7000.0,2026,7,21,202,1,30,7000.0,7000.0,7000.0,0.0,0.0,7000.0,7000.0,0.0
2026-07-22,Tamil Nadu,Thirunelveli,Palayamkottai(Uzhavar Sandhai ),Safeda,6000.0,8000.0,7000.0,2026,7,22,203,2,30,7000.0,7000.0,7000.0,0.0,0.0,7000.0,7000.0,0.0
2026-07-23,Tamil Nadu,Thirunelveli,Palayamkottai(Uzhavar Sandhai ),Safeda,6000.0,8000.0,7000.0,2026,7,23,204,3,30,7000.0,7000.0,7000.0,0.0,0.0,7000.0,7000.0,0.0
2026-07-24,Tamil Nadu,Thirunelveli,Palayamkottai(Uzhavar Sandhai ),Safeda,6000.0,8000.0,7000.0,2026,7,24,205,4,30,7000.0,7000.0,7000.0,0.0,0.0,7000.0,7000.0,0.0
2026-07-25,Tamil Nadu,Thirunelveli,Palayamkottai(Uzhavar Sandhai ),Safeda,6000.0,8000.0,7000.0,2026,7,25,206,5,30,7000.0,7000.0,7000.0,0.0,0.0,7000.0,7000.0,0.0
2026-07-26,Tamil Nadu,Thirunelveli,Palayamkottai(Uzhavar Sandhai ),Safeda,6000.0,8000.0,7000.0,2026,7,26,207,6,30,7000.0,7000.0,7000.0,0.0,0.0,7000.0,7000.0,0.0
2026-07-27,Tamil Nadu,Thirunelveli,Palayamkottai(Uzhavar Sandhai ),Safeda,6000.0,8000.0,7000.0,2026,7,27,208,0,31,7000.0,7000.0,7000.0,0.0,0.0,7000.0,7000.0,0.0
2026-07-28,Tamil Nadu,Thirunelveli,Palayamkottai(Uzhavar Sandhai ),Safeda,6000.0,8000.0,7000.0,2026,7,28,209,1,31,7000.0,7000.0,7000.0,0.0,0.0,7000.0,7000.0,0.0
2026-07-29,Tamil Nadu,Thirunelveli,Palayamkottai(Uzhavar Sandhai ),Safeda,6000.0,8000.0,7000.0,2026,7,29,210,2,31,7000.0,7000.0,7000.0,0.0,0.0,7000.0,7000.0,0.0
2026-07-13,Tamil Nadu,Thirupathur,Natrampalli(Uzhavar Sandhai ),Safeda,2500.0,3000.0,2750.0,2026,7,13,194,0,29,3000.0,3000.0,3500.0,-250.0,-250.0,3500.0,3321.4285714285716,590.0968443520824
2026-07-14,Tamil Nadu,Thirupathur,Natrampalli(Uzhavar Sandhai ),Safeda,2000.0,3000.0,2500.0,2026,7,14,195,1,29,2750.0,4500.0,2750.0,-250.0,-2000.0,3416.6666666666665,3214.285714285714,619.6196990320527
2026-07-15,Tamil Nadu,Thirupathur,Natrampalli(Uzhavar Sandhai ),Safeda,3000.0,4000.0,3500.0,2026,7,15,196,2,29,2500.0,3000.0,3500.0,1000.0,500.0,2750.0,3178.5714285714284,656.9228410153046
2026-07-16,Tamil Nadu,Thirupathur,Natrampalli(Uzhavar Sandhai ),Safeda,2000.0,3000.0,2500.0,2026,7,16,197,3,29,3500.0,2750.0,3000.0,-1000.0,-250.0,2916.6666666666665,3178.5714285714284,656.9228410153046
2026-07-17,Tamil Nadu,Thirupathur,Natrampalli(Uzhavar Sandhai ),Safeda,2500.0,3000.0,2750.0,2026,7,17,198,4,29,2500.0,2500.0,3000.0,250.0,250.0,2833.3333333333335,3107.1428571428573,704.9991556901397
2026-07-18,Tamil Nadu,Thirupathur,Natrampalli(Uzhavar Sandhai ),Safeda,3000.0,3000.0,3000.0,2026,7,18,199,5,29,2750.0,3500.0,4500.0,250.0,-500.0,2916.6666666666665,3071.4285714285716,717.552055519983
2026-07-19,Tamil Nadu,Thirupathur,Natrampalli(Uzhavar Sandhai ),Safeda,2500.0,3000.0,2750.0,2026,7,19,200,6,29,3000.0,2500.0,3000.0,-250.0,250.0,2750.0,2857.1428571428573,349.3190655028869
2026-07-20,Tamil Nadu,Thirupathur,Natrampalli(Uzhavar Sandhai ),Safeda,2000.0,3000.0,2500.0,2026,7,20,201,0,30,2750.0,2750.0,2750.0,-250.0,-250.0,2833.3333333333335,2821.4285714285716,345.0327796711781
2026-07-21,Tamil Nadu,Thirupathur,Natrampalli(Uzhavar Sandhai ),Safeda,2500.0,3000.0,2750.0,2026,7,21,202,1,30,2500.0,3000.0,2500.0,250.0,-250.0,2750.0,2785.714285714286,365.9625273557009
2026-07-22,Tamil Nadu,Thirupathur,Natrampalli(Uzhavar Sandhai ),Safeda,2500.0,3000.0,2750.0,2026,7,22,203,2,30,2750.0,2750.0,3500.0,0.0,0.0,2666.6666666666665,2821.4285714285716,345.0327796711781
2026-07-23,Tamil Nadu,Thirupathur,Natrampalli(Uzhavar Sandhai ),Safeda,2500.0,3000.0,2750.0,2026,7,23,204,3,30,2750.0,2500.0,2500.0,0.0,250.0,2666.6666666666665,2714.285714285714,172.51638983559096
2026-07-24,Tamil Nadu,Thirupathur,Natrampalli(Uzhavar Sandhai ),Safeda,2500.0,3000.0,2750.0,2026,7,24,205,4,30,2750.0,2750.0,2750.0,0.0,0.0,2750.0,2750.0,144.33756729740918
2026-07-25,Tamil Nadu,Thirupathur,Natrampalli(Uzhavar Sandhai ),Safeda,2500.0,3000.0,2750.0,2026,7,25,206,5,30,2750.0,2750.0,3000.0,0.0,0.0,2750.0,2750.0,144.33756729740918
2026-07-26,Tamil Nadu,Thirupathur,Natrampalli(Uzhavar Sandhai ),Safeda,2000.0,3000.0,2500.0,2026,7,26,207,6,30,2750.0,2750.0,2750.0,-250.0,-250.0,2750.0,2714.285714285714,94.49111825231122
2026-07-27,Tamil Nadu,Thirupathur,Natrampalli(Uzhavar Sandhai ),Safeda,2000.0,3000.0,2500.0,2026,7,27,208,0,31,2500.0,2750.0,2500.0,0.0,-250.0,2666.6666666666665,2678.5714285714284,121.9875091185702
2026-07-28,Tamil Nadu,Thirupathur,Natrampalli(Uzhavar Sandhai ),Safeda,2000.0,3000.0,2500.0,2026,7,28,209,1,31,2500.0,2750.0,2750.0,0.0,-250.0,2583.3333333333335,2678.5714285714284,121.9875091185702
2026-07-29,Tamil Nadu,Thirupathur,Natrampalli(Uzhavar Sandhai ),Safeda,2000.0,3000.0,2500.0,2026,7,29,210,2,31,2500.0,2500.0,2750.0,0.0,0.0,2500.0,2642.8571428571427,133.63062095621552
2026-07-16,Tamil Nadu,Thirupathur,Vaniyampadi(Uzhavar Sandhai ),Safeda,3000.0,3000.0,3000.0,2026,7,16,197,3,29,4000.0,4000.0,4000.0,-1000.0,-1000.0,4000.0,4000.0,0.0
2026-07-17,Tamil Nadu,Thirupathur,Vaniyampadi(Uzhavar Sandhai ),Safeda,3000.0,3000.0,3000.0,2026,7,17,198,4,29,3000.0,4000.0,4000.0,0.0,-1000.0,3666.6666666666665,3857.1428571428573,377.9644730092273
2026-07-18,Tamil Nadu,Thirupathur,Vaniyampadi(Uzhavar Sandhai ),Safeda,4000.0,4000.0,4000.0,2026,7,18,199,5,29,3000.0,4000.0,4000.0,1000.0,0.0,3333.3333333333335,3714.285714285714,487.95003647426665
2026-07-20,Tamil Nadu,Thirupathur,Vaniyampadi(Uzhavar Sandhai ),Safeda,4000.0,4000.0,4000.0,2026,7,20,201,0,30,4000.0,3000.0,4000.0,0.0,1000.0,3333.3333333333335,3714.285714285714,487.95003647426665
2026-07-21,Tamil Nadu,Thirupathur,Vaniyampadi(Uzhavar Sandhai ),Safeda,3000.0,3000.0,3000.0,2026,7,21,202,1,30,4000.0,3000.0,4000.0,-1000.0,0.0,3666.6666666666665,3714.285714285714,487.95003647426665
2026-07-22,Tamil Nadu,Thirupathur,Vaniyampadi(Uzhavar Sandhai ),Safeda,3000.0,3000.0,3000.0,2026,7,22,203,2,30,3000.0,4000.0,4000.0,0.0,-1000.0,3666.6666666666665,3571.4285714285716,534.5224838248488
2026-07-23,Tamil Nadu,Thirupathur,Vaniyampadi(Uzhavar Sandhai ),Safeda,3000.0,3000.0,3000.0,2026,7,23,204,3,30,3000.0,4000.0,4000.0,0.0,-1000.0,3333.3333333333335,3428.5714285714284,534.5224838248487
2026-07-24,Tamil Nadu,Thirupathur,Vaniyampadi(Uzhavar Sandhai ),Safeda,3000.0,3000.0,3000.0,2026,7,24,205,4,30,3000.0,3000.0,3000.0,0.0,0.0,3000.0,3285.714285714286,487.9500364742662
2026-07-25,Tamil Nadu,Thirupathur,Vaniyampadi(Uzhavar Sandhai ),Safeda,4000.0,4000.0,4000.0,2026,7,25,206,5,30,3000.0,3000.0,3000.0,1000.0,1000.0,3000.0,3285.714285714286,487.9500364742662
2026-07-27,Tamil Nadu,Thirupathur,Vaniyampadi(Uzhavar Sandhai ),Safeda,4000.0,4000.0,4000.0,2026,7,27,208,0,31,4000.0,3000.0,4000.0,0.0,1000.0,3333.3333333333335,3428.5714285714284,534.5224838248487
2026-07-28,Tamil Nadu,Thirupathur,Vaniyampadi(Uzhavar Sandhai ),Safeda,3000.0,3000.0,3000.0,2026,7,28,209,1,31,4000.0,3000.0,4000.0,-1000.0,0.0,3666.6666666666665,3428.5714285714284,534.5224838248487
2026-07-29,Tamil Nadu,Thirupathur,Vaniyampadi(Uzhavar Sandhai ),Safeda,3000.0,3000.0,3000.0,2026,7,29,210,2,31,3000.0,4000.0,3000.0,0.0,-1000.0,3666.6666666666665,3285.714285714286,487.9500364742662
2026-07-14,Tamil Nadu,Thirupur,Dharapuram(Uzhavar Sandhai ),Safeda,4000.0,6000.0,5000.0,2026,7,14,195,1,29,5500.0,5750.0,5750.0,-500.0,-750.0,5666.666666666667,5714.285714285715,94.49111825230689
2026-07-15,Tamil Nadu,Thirupur,Dharapuram(Uzhavar Sandhai ),Safeda,5500.0,6000.0,5750.0,2026,7,15,196,2,29,5000.0,5750.0,5750.0,750.0,0.0,5416.666666666667,5607.142857142857,283.4733547569207
2026-07-16,Tamil Nadu,Thirupur,Dharapuram(Uzhavar Sandhai ),Safeda,5500.0,6000.0,5750.0,2026,7,16,197,3,29,5750.0,5500.0,5750.0,0.0,250.0,5416.666666666667,5607.142857142857,283.4733547569207
2026-07-17,Tamil Nadu,Thirupur,Dharapuram(Uzhavar Sandhai ),Safeda,5500.0,6000.0,5750.0,2026,7,17,198,4,29,5750.0,5000.0,5750.0,0.0,750.0,5500.0,5607.142857142857,283.4733547569207
2026-07-18,Tamil Nadu,Thirupur,Dharapuram(Uzhavar Sandhai ),Safeda,5500.0,6000.0,5750.0,2026,7,18,199,5,29,5750.0,5750.0,5750.0,0.0,0.0,5750.0,5607.142857142857,283.4733547569207
2026-07-19,Tamil Nadu,Thirupur,Dharapuram(Uzhavar Sandhai ),Safeda,5500.0,6000.0,5750.0,2026,7,19,200,6,29,5750.0,5750.0,5750.0,0.0,0.0,5750.0,5607.142857142857,283.4733547569207
2026-07-20,Tamil Nadu,Thirupur,Dharapuram(Uzhavar Sandhai ),Safeda,5000.0,6000.0,5500.0,2026,7,20,201,0,30,5750.0,5750.0,5500.0,-250.0,-250.0,5750.0,5607.142857142857,283.4733547569207
2026-07-21,Tamil Nadu,Thirupur,Dharapuram(Uzhavar Sandhai ),Safeda,4000.0,6000.0,5000.0,2026,7,21,202,1,30,5500.0,5750.0,5000.0,-500.0,-750.0,5666.666666666667,5607.142857142857,283.4733547569207
2026-07-22,Tamil Nadu,Thirupur,Dharapuram(Uzhavar Sandhai ),Safeda,5500.0,6000.0,5750.0,2026,7,22,203,2,30,5000.0,5750.0,5750.0,750.0,0.0,5416.666666666667,5607.142857142857,283.4733547569207
2026-07-23,Tamil Nadu,Thirupur,Dharapuram(Uzhavar Sandhai ),Safeda,5500.0,6000.0,5750.0,2026,7,23,204,3,30,5750.0,5500.0,5750.0,0.0,250.0,5416.666666666667,5607.142857142857,283.4733547569207
2026-07-24,Tamil Nadu,Thirupur,Dharapuram(Uzhavar Sandhai ),Safeda,5500.0,6000.0,5750.0,2026,7,24,205,4,30,5750.0,5000.0,5750.0,0.0,750.0,5500.0,5607.142857142857,283.4733547569207
2026-07-25,Tamil Nadu,Thirupur,Dharapuram(Uzhavar Sandhai ),Safeda,5500.0,6000.0,5750.0,2026,7,25,206,5,30,5750.0,5750.0,5750.0,0.0,0.0,5750.0,5607.142857142857,283.4733547569207
2026-07-26,Tamil Nadu,Thirupur,Dharapuram(Uzhavar Sandhai ),Safeda,5500.0,6000.0,5750.0,2026,7,26,207,6,30,5750.0,5750.0,5750.0,0.0,0.0,5750.0,5607.142857142857,283.4733547569207
2026-07-27,Tamil Nadu,Thirupur,Dharapuram(Uzhavar Sandhai ),Safeda,5000.0,6000.0,5500.0,2026,7,27,208,0,31,5750.0,5750.0,5500.0,-250.0,-250.0,5750.0,5607.142857142857,283.4733547569207
2026-07-28,Tamil Nadu,Thirupur,Dharapuram(Uzhavar Sandhai ),Safeda,6000.0,6000.0,6000.0,2026,7,28,209,1,31,5500.0,5750.0,5000.0,500.0,250.0,5666.666666666667,5607.142857142857,283.4733547569207
2026-07-29,Tamil Nadu,Thirupur,Dharapuram(Uzhavar Sandhai ),Safeda,5500.0,6000.0,5750.0,2026,7,29,210,2,31,6000.0,5750.0,5750.0,-250.0,0.0,5750.0,5750.0,144.33756729740628
2026-07-14,Tamil Nadu,Thirupur,Tiruppur (North) (Uzhavar Sandhai ),Other,4500.0,5000.0,4750.0,2026,7,14,195,1,29,4750.0,4750.0,4750.0,0.0,0.0,4750.0,4750.0,0.0
2026-07-15,Tamil Nadu,Thirupur,Tiruppur (North) (Uzhavar Sandhai ),Other,4500.0,5000.0,4750.0,2026,7,15,196,2,29,4750.0,4750.0,4750.0,0.0,0.0,4750.0,4750.0,0.0
2026-07-16,Tamil Nadu,Thirupur,Tiruppur (North) (Uzhavar Sandhai ),Other,4500.0,5000.0,4750.0,2026,7,16,197,3,29,4750.0,4750.0,4750.0,0.0,0.0,4750.0,4750.0,0.0
2026-07-17,Tamil Nadu,Thirupur,Tiruppur (North) (Uzhavar Sandhai ),Other,4500.0,5000.0,4750.0,2026,7,17,198,4,29,4750.0,4750.0,4750.0,0.0,0.0,4750.0,4750.0,0.0
2026-07-18,Tamil Nadu,Thirupur,Tiruppur (North) (Uzhavar Sandhai ),Other,4500.0,5000.0,4750.0,2026,7,18,199,5,29,4750.0,4750.0,4750.0,0.0,0.0,4750.0,4750.0,0.0
2026-07-19,Tamil Nadu,Thirupur,Tiruppur (North) (Uzhavar Sandhai ),Other,4500.0,5000.0,4750.0,2026,7,19,200,6,29,4750.0,4750.0,4750.0,0.0,0.0,4750.0,4750.0,0.0
2026-07-15,Tamil Nadu,Thirupur,Tiruppur (South) (Uzhavar Sandhai ),Other,3000.0,4000.0,3500.0,2026,7,15,196,2,29,3500.0,3500.0,3750.0,0.0,0.0,3500.0,3607.1428571428573,133.6306209562122
2026-07-18,Tamil Nadu,Thirupur,Tiruppur (South) (Uzhavar Sandhai ),Other,5000.0,6000.0,5500.0,2026,7,18,199,5,29,3500.0,3500.0,3750.0,2000.0,2000.0,3500.0,3571.4285714285716,121.98750911856672
2026-07-19,Tamil Nadu,Thirupur,Tiruppur (South) (Uzhavar Sandhai ),Other,4500.0,6000.0,5250.0,2026,7,19,200,6,29,5500.0,3500.0,3750.0,-250.0,1750.0,4166.666666666667,3821.4285714285716,746.021192090157
2026-07-22,Tamil Nadu,Thirupur,Tiruppur (South) (Uzhavar Sandhai ),Other,5000.0,6000.0,5500.0,2026,7,22,203,2,30,5250.0,3500.0,3500.0,250.0,2000.0,4750.0,4035.714285714286,917.7482796289539
2026-07-27,Tamil Nadu,Thirupur,Tiruppur (South) (Uzhavar Sandhai ),Safeda,5000.0,6000.0,5500.0,2026,7,27,208,0,31,5500.0,5500.0,3500.0,0.0,0.0,5500.0,5214.285714285715,755.9289460184544
2026-07-13,Tamil Nadu,Thiruvannamalai,Arani(Uzhavar Sandhai ),Safeda,4000.0,5000.0,4500.0,2026,7,13,194,0,29,4500.0,4500.0,4500.0,0.0,0.0,4500.0,4642.857142857143,377.96447300922733
2026-07-14,Tamil Nadu,Thiruvannamalai,Arani(Uzhavar Sandhai ),Safeda,4000.0,5000.0,4500.0,2026,7,14,195,1,29,4500.0,4500.0,4500.0,0.0,0.0,4500.0,4642.857142857143,377.96447300922733
2026-07-15,Tamil Nadu,Thiruvannamalai,Arani(Uzhavar Sandhai ),Safeda,4000.0,4500.0,4250.0,2026,7,15,196,2,29,4500.0,4500.0,5500.0,-250.0,-250.0,4500.0,4642.857142857143,377.96447300922733
2026-07-16,Tamil Nadu,Thiruvannamalai,Arani(Uzhavar Sandhai ),Safeda,4000.0,5000.0,4500.0,2026,7,16,197,3,29,4250.0,4500.0,4500.0,250.0,0.0,4416.666666666667,4464.285714285715,94.49111825230689
2026-07-17,Tamil Nadu,Thiruvannamalai,Arani(Uzhavar Sandhai ),Safeda,4000.0,5000.0,4500.0,2026,7,17,198,4,29,4500.0,4500.0,4500.0,0.0,0.0,4416.666666666667,4464.285714285715,94.49111825230689
2026-07-18,Tamil Nadu,Thiruvannamalai,Arani(Uzhavar Sandhai ),Safeda,4000.0,5000.0,4500.0,2026,7,18,199,5,29,4500.0,4250.0,4500.0,0.0,250.0,4416.666666666667,4464.285714285715,94.49111825230689
2026-07-19,Tamil Nadu,Thiruvannamalai,Arani(Uzhavar Sandhai ),Safeda,4000.0,5000.0,4500.0,2026,7,19,200,6,29,4500.0,4500.0,4500.0,0.0,0.0,4500.0,4464.285714285715,94.49111825230689
2026-07-20,Tamil Nadu,Thiruvannamalai,Arani(Uzhavar Sandhai ),Safeda,4000.0,5000.0,4500.0,2026,7,20,201,0,30,4500.0,4500.0,4500.0,0.0,0.0,4500.0,4464.285714285715,94.49111825230689
2026-07-21,Tamil Nadu,Thiruvannamalai,Arani(Uzhavar Sandhai ),Safeda,4000.0,5000.0,4500.0,2026,7,21,202,1,30,4500.0,4500.0,4500.0,0.0,0.0,4500.0,4464.285714285715,94.49111825230689
2026-07-22,Tamil Nadu,Thiruvannamalai,Arani(Uzhavar Sandhai ),Safeda,4000.0,5000.0,4500.0,2026,7,22,203,2,30,4500.0,4500.0,4250.0,0.0,0.0,4500.0,4464.285714285715,94.49111825230689
2026-07-23,Tamil Nadu,Thiruvannamalai,Arani(Uzhavar Sandhai ),Safeda,4000.0,5000.0,4500.0,2026,7,23,204,3,30,4500.0,4500.0,4500.0,0.0,0.0,4500.0,4500.0,0.0
2026-07-24,Tamil Nadu,Thiruvannamalai,Arani(Uzhavar Sandhai ),Safeda,4000.0,5000.0,4500.0,2026,7,24,205,4,30,4500.0,4500.0,4500.0,0.0,0.0,4500.0,4500.0,0.0
2026-07-25,Tamil Nadu,Thiruvannamalai,Arani(Uzhavar Sandhai ),Safeda,4000.0,5000.0,4500.0,2026,7,25,206,5,30,4500.0,4500.0,4500.0,0.0,0.0,4500.0,4500.0,0.0
2026-07-26,Tamil Nadu,Thiruvannamalai,Arani(Uzhavar Sandhai ),Safeda,4000.0,5000.0,4500.0,2026,7,26,207,6,30,4500.0,4500.0,4500.0,0.0,0.0,4500.0,4500.0,0.0
2026-07-27,Tamil Nadu,Thiruvannamalai,Arani(Uzhavar Sandhai ),Safeda,4000.0,5000.0,4500.0,2026,7,27,208,0,31,4500.0,4500.0,4500.0,0.0,0.0,4500.0,4500.0,0.0
2026-07-28,Tamil Nadu,Thiruvannamalai,Arani(Uzhavar Sandhai ),Safeda,4000.0,5000.0,4500.0,2026,7,28,209,1,31,4500.0,4500.0,4500.0,0.0,0.0,4500.0,4500.0,0.0
2026-07-29,Tamil Nadu,Thiruvannamalai,Arani(Uzhavar Sandhai ),Safeda,4000.0,5000.0,4500.0,2026,7,29,210,2,31,4500.0,4500.0,4500.0,0.0,0.0,4500.0,4500.0,0.0
2026-07-14,Tamil Nadu,Thiruvannamalai,Chengam(Uzhavar Sandhai ),Safeda,3300.0,4000.0,3650.0,2026,7,14,195,1,29,3750.0,3650.0,3650.0,-100.0,0.0,3683.3333333333335,3700.0,64.54972243679025
2026-07-15,Tamil Nadu,Thiruvannamalai,Chengam(Uzhavar Sandhai ),Safeda,3300.0,4000.0,3650.0,2026,7,15,196,2,29,3650.0,3650.0,3650.0,0.0,0.0,3683.3333333333335,3700.0,64.54972243679025
2026-07-16,Tamil Nadu,Thiruvannamalai,Chengam(Uzhavar Sandhai ),Safeda,3300.0,4000.0,3650.0,2026,7,16,197,3,29,3650.0,3750.0,3750.0,0.0,-100.0,3683.3333333333335,3700.0,64.54972243679025
2026-07-17,Tamil Nadu,Thiruvannamalai,Chengam(Uzhavar Sandhai ),Safeda,3300.0,4000.0,3650.0,2026,7,17,198,4,29,3650.0,3650.0,3800.0,0.0,0.0,3650.0,3685.714285714286,62.67831705280082
2026-07-18,Tamil Nadu,Thiruvannamalai,Chengam(Uzhavar Sandhai ),Safeda,3300.0,4000.0,3650.0,2026,7,18,199,5,29,3650.0,3650.0,3650.0,0.0,0.0,3650.0,3664.285714285714,37.79644730092276
2026-07-19,Tamil Nadu,Thiruvannamalai,Chengam(Uzhavar Sandhai ),Safeda,3600.0,4000.0,3800.0,2026,7,19,200,6,29,3650.0,3650.0,3650.0,150.0,150.0,3650.0,3664.285714285714,37.79644730092276
2026-07-20,Tamil Nadu,Thiruvannamalai,Chengam(Uzhavar Sandhai ),Safeda,3600.0,4000.0,3800.0,2026,7,20,201,0,30,3800.0,3650.0,3750.0,0.0,150.0,3700.0,3685.714285714286,62.67831705280082
2026-07-21,Tamil Nadu,Thiruvannamalai,Chengam(Uzhavar Sandhai ),Safeda,3300.0,4000.0,3650.0,2026,7,21,202,1,30,3800.0,3650.0,3650.0,-150.0,0.0,3750.0,3692.8571428571427,73.19250547113998
2026-07-22,Tamil Nadu,Thiruvannamalai,Chengam(Uzhavar Sandhai ),Safeda,3300.0,4000.0,3650.0,2026,7,22,203,2,30,3650.0,3800.0,3650.0,0.0,-150.0,3750.0,3692.8571428571427,73.19250547113998
2026-07-23,Tamil Nadu,Thiruvannamalai,Chengam(Uzhavar Sandhai ),Safeda,3300.0,4000.0,3650.0,2026,7,23,204,3,30,3650.0,3800.0,3650.0,0.0,-150.0,3700.0,3692.8571428571427,73.19250547113998
2026-07-24,Tamil Nadu,Thiruvannamalai,Chengam(Uzhavar Sandhai ),Safeda,3300.0,4000.0,3650.0,2026,7,24,205,4,30,3650.0,3650.0,3650.0,0.0,0.0,3650.0,3692.8571428571427,73.19250547113998
2026-07-25,Tamil Nadu,Thiruvannamalai,Chengam(Uzhavar Sandhai ),Safeda,3500.0,4000.0,3750.0,2026,7,25,206,5,30,3650.0,3650.0,3650.0,100.0,100.0,3650.0,3692.8571428571427,73.19250547113998
2026-07-26,Tamil Nadu,Thiruvannamalai,Chengam(Uzhavar Sandhai ),Safeda,3300.0,4000.0,3650.0,2026,7,26,207,6,30,3750.0,3650.0,3800.0,-100.0,0.0,3683.3333333333335,3707.1428571428573,73.19250547113998
2026-07-27,Tamil Nadu,Thiruvannamalai,Chengam(Uzhavar Sandhai ),Safeda,3500.0,4000.0,3750.0,2026,7,27,208,0,31,3650.0,3650.0,3800.0,100.0,100.0,3683.3333333333335,3685.714285714286,62.67831705280094
2026-07-28,Tamil Nadu,Thiruvannamalai,Chengam(Uzhavar Sandhai ),Safeda,3500.0,4000.0,3750.0,2026,7,28,209,1,31,3750.0,3750.0,3650.0,0.0,0.0,3716.6666666666665,3678.5714285714284,48.79500364742674
2026-07-29,Tamil Nadu,Thiruvannamalai,Chengam(Uzhavar Sandhai ),Safeda,3300.0,4000.0,3650.0,2026,7,29,210,2,31,3750.0,3650.0,3650.0,-100.0,0.0,3716.6666666666665,3692.8571428571427,53.452248382484775
2026-07-15,Tamil Nadu,Thiruvannamalai,Keelpennathur(Uzhavar Sandhai ),Other,5000.0,6000.0,5500.0,2026,7,15,196,2,29,5500.0,5500.0,5500.0,0.0,0.0,5500.0,5500.0,0.0
2026-07-16,Tamil Nadu,Thiruvannamalai,Keelpennathur(Uzhavar Sandhai ),Other,5000.0,6000.0,5500.0,2026,7,16,197,3,29,5500.0,5500.0,5500.0,0.0,0.0,5500.0,5500.0,0.0
2026-07-18,Tamil Nadu,Thiruvannamalai,Keelpennathur(Uzhavar Sandhai ),Other,5000.0,6000.0,5500.0,2026,7,18,199,5,29,5500.0,5500.0,5500.0,0.0,0.0,5500.0,5500.0,0.0
2026-07-19,Tamil Nadu,Thiruvannamalai,Keelpennathur(Uzhavar Sandhai ),Other,5000.0,6000.0,5500.0,2026,7,19,200,6,29,5500.0,5500.0,5500.0,0.0,0.0,5500.0,5500.0,0.0
2026-07-22,Tamil Nadu,Thiruvannamalai,Keelpennathur(Uzhavar Sandhai ),Other,5000.0,6000.0,5500.0,2026,7,22,203,2,30,5500.0,5500.0,5500.0,0.0,0.0,5500.0,5500.0,0.0
2026-07-23,Tamil Nadu,Thiruvannamalai,Keelpennathur(Uzhavar Sandhai ),Other,5000.0,6000.0,5500.0,2026,7,23,204,3,30,5500.0,5500.0,5500.0,0.0,0.0,5500.0,5500.0,0.0
2026-07-24,Tamil Nadu,Thiruvannamalai,Keelpennathur(Uzhavar Sandhai ),Other,5000.0,6000.0,5500.0,2026,7,24,205,4,30,5500.0,5500.0,5500.0,0.0,0.0,5500.0,5500.0,0.0
2026-07-25,Tamil Nadu,Thiruvannamalai,Keelpennathur(Uzhavar Sandhai ),Other,5000.0,6000.0,5500.0,2026,7,25,206,5,30,5500.0,5500.0,5500.0,0.0,0.0,5500.0,5500.0,0.0
2026-07-26,Tamil Nadu,Thiruvannamalai,Keelpennathur(Uzhavar Sandhai ),Other,5000.0,6000.0,5500.0,2026,7,26,207,6,30,5500.0,5500.0,5500.0,0.0,0.0,5500.0,5500.0,0.0
2026-07-27,Tamil Nadu,Thiruvannamalai,Keelpennathur(Uzhavar Sandhai ),Other,5000.0,6000.0,5500.0,2026,7,27,208,0,31,5500.0,5500.0,5500.0,0.0,0.0,5500.0,5500.0,0.0
2026-07-13,Tamil Nadu,Thiruvannamalai,Polur(Uzhavar Sandhai ),Safeda,4200.0,5000.0,4600.0,2026,7,13,194,0,29,4600.0,4600.0,4600.0,0.0,0.0,4600.0,4600.0,0.0
2026-07-14,Tamil Nadu,Thiruvannamalai,Polur(Uzhavar Sandhai ),Safeda,4200.0,5000.0,4600.0,2026,7,14,195,1,29,4600.0,4600.0,4600.0,0.0,0.0,4600.0,4600.0,0.0
2026-07-15,Tamil Nadu,Thiruvannamalai,Polur(Uzhavar Sandhai ),Safeda,4200.0,5000.0,4600.0,2026,7,15,196,2,29,4600.0,4600.0,4600.0,0.0,0.0,4600.0,4600.0,0.0
2026-07-16,Tamil Nadu,Thiruvannamalai,Polur(Uzhavar Sandhai ),Safeda,4200.0,5000.0,4600.0,2026,7,16,197,3,29,4600.0,4600.0,4600.0,0.0,0.0,4600.0,4600.0,0.0
2026-07-17,Tamil Nadu,Thiruvannamalai,Polur(Uzhavar Sandhai ),Safeda,4200.0,5000.0,4600.0,2026,7,17,198,4,29,4600.0,4600.0,4600.0,0.0,0.0,4600.0,4600.0,0.0
2026-07-18,Tamil Nadu,Thiruvannamalai,Polur(Uzhavar Sandhai ),Safeda,4200.0,5000.0,4600.0,2026,7,18,199,5,29,4600.0,4600.0,4600.0,0.0,0.0,4600.0,4600.0,0.0
2026-07-19,Tamil Nadu,Thiruvannamalai,Polur(Uzhavar Sandhai ),Safeda,4200.0,5000.0,4600.0,2026,7,19,200,6,29,4600.0,4600.0,4600.0,0.0,0.0,4600.0,4600.0,0.0
2026-07-20,Tamil Nadu,Thiruvannamalai,Polur(Uzhavar Sandhai ),Safeda,4200.0,5000.0,4600.0,2026,7,20,201,0,30,4600.0,4600.0,4600.0,0.0,0.0,4600.0,4600.0,0.0
2026-07-21,Tamil Nadu,Thiruvannamalai,Polur(Uzhavar Sandhai ),Safeda,4000.0,5000.0,4500.0,2026,7,21,202,1,30,4600.0,4600.0,4600.0,-100.0,-100.0,4600.0,4600.0,0.0
2026-07-22,Tamil Nadu,Thiruvannamalai,Polur(Uzhavar Sandhai ),Safeda,4000.0,5000.0,4500.0,2026,7,22,203,2,30,4500.0,4600.0,4600.0,0.0,-100.0,4566.666666666667,4585.714285714285,37.79644730092264
2026-07-23,Tamil Nadu,Thiruvannamalai,Polur(Uzhavar Sandhai ),Safeda,4200.0,5000.0,4600.0,2026,7,23,204,3,30,4500.0,4600.0,4600.0,100.0,0.0,4533.333333333333,4571.428571428572,48.795003647426554
2026-07-24,Tamil Nadu,Thiruvannamalai,Polur(Uzhavar Sandhai ),Safeda,4200.0,5000.0,4600.0,2026,7,24,205,4,30,4600.0,4500.0,4600.0,0.0,100.0,4533.333333333333,4571.428571428572,48.795003647426554
2026-07-25,Tamil Nadu,Thiruvannamalai,Polur(Uzhavar Sandhai ),Safeda,4200.0,5000.0,4600.0,2026,7,25,206,5,30,4600.0,4500.0,4600.0,0.0,100.0,4566.666666666667,4571.428571428572,48.795003647426554
2026-07-26,Tamil Nadu,Thiruvannamalai,Polur(Uzhavar Sandhai ),Safeda,4200.0,5000.0,4600.0,2026,7,26,207,6,30,4600.0,4600.0,4600.0,0.0,0.0,4600.0,4571.428571428572,48.795003647426554
2026-07-27,Tamil Nadu,Thiruvannamalai,Polur(Uzhavar Sandhai ),Safeda,4200.0,5000.0,4600.0,2026,7,27,208,0,31,4600.0,4600.0,4600.0,0.0,0.0,4600.0,4571.428571428572,48.795003647426554
2026-07-28,Tamil Nadu,Thiruvannamalai,Polur(Uzhavar Sandhai ),Safeda,4200.0,5000.0,4600.0,2026,7,28,209,1,31,4600.0,4600.0,4500.0,0.0,0.0,4600.0,4571.428571428572,48.795003647426554
2026-07-29,Tamil Nadu,Thiruvannamalai,Polur(Uzhavar Sandhai ),Safeda,4000.0,5000.0,4500.0,2026,7,29,210,2,31,4600.0,4600.0,4500.0,-100.0,-100.0,4600.0,4585.714285714285,37.79644730092243
2026-07-12,Tamil Nadu,Thiruvannamalai,Tamarainagar(Uzhavar Sandhai ),Safeda,5000.0,6000.0,5500.0,2026,7,12,193,6,28,5500.0,5500.0,5500.0,0.0,0.0,5500.0,5357.142857142857,377.9644730092272
2026-07-13,Tamil Nadu,Thiruvannamalai,Tamarainagar(Uzhavar Sandhai ),Safeda,5000.0,6000.0,5500.0,2026,7,13,194,0,29,5500.0,5500.0,5500.0,0.0,0.0,5500.0,5357.142857142857,377.9644730092272
2026-07-14,Tamil Nadu,Thiruvannamalai,Tamarainagar(Uzhavar Sandhai ),Safeda,6000.0,7000.0,6500.0,2026,7,14,195,1,29,5500.0,5500.0,5500.0,1000.0,1000.0,5500.0,5357.142857142857,377.9644730092272
2026-07-15,Tamil Nadu,Thiruvannamalai,Tamarainagar(Uzhavar Sandhai ),Safeda,6000.0,7000.0,6500.0,2026,7,15,196,2,29,6500.0,5500.0,4500.0,0.0,1000.0,5833.333333333333,5500.0,577.3502691896258
2026-07-16,Tamil Nadu,Thiruvannamalai,Tamarainagar(Uzhavar Sandhai ),Safeda,5000.0,6000.0,5500.0,2026,7,16,197,3,29,6500.0,5500.0,5500.0,-1000.0,0.0,6166.666666666667,5785.714285714285,487.9500364742665
2026-07-17,Tamil Nadu,Thiruvannamalai,Tamarainagar(Uzhavar Sandhai ),Safeda,5000.0,6000.0,5500.0,2026,7,17,198,4,29,5500.0,6500.0,5500.0,0.0,-1000.0,6166.666666666667,5785.714285714285,487.9500364742665
2026-07-18,Tamil Nadu,Thiruvannamalai,Tamarainagar(Uzhavar Sandhai ),Safeda,5000.0,6000.0,5500.0,2026,7,18,199,5,29,5500.0,6500.0,5500.0,0.0,-1000.0,5833.333333333333,5785.714285714285,487.9500364742665
2026-07-19,Tamil Nadu,Thiruvannamalai,Tamarainagar(Uzhavar Sandhai ),Safeda,5000.0,6000.0,5500.0,2026,7,19,200,6,29,5500.0,5500.0,5500.0,0.0,0.0,5500.0,5785.714285714285,487.9500364742665
2026-07-20,Tamil Nadu,Thiruvannamalai,Tamarainagar(Uzhavar Sandhai ),Safeda,5000.0,6000.0,5500.0,2026,7,20,201,0,30,5500.0,5500.0,5500.0,0.0,0.0,5500.0,5785.714285714285,487.9500364742665
2026-07-21,Tamil Nadu,Thiruvannamalai,Tamarainagar(Uzhavar Sandhai ),Safeda,6000.0,7000.0,6500.0,2026,7,21,202,1,30,5500.0,5500.0,6500.0,1000.0,1000.0,5500.0,5785.714285714285,487.9500364742665
2026-07-22,Tamil Nadu,Thiruvannamalai,Tamarainagar(Uzhavar Sandhai ),Safeda,6000.0,7000.0,6500.0,2026,7,22,203,2,30,6500.0,5500.0,6500.0,0.0,1000.0,5833.333333333333,5785.714285714285,487.9500364742665
2026-07-23,Tamil Nadu,Thiruvannamalai,Tamarainagar(Uzhavar Sandhai ),Safeda,5000.0,6000.0,5500.0,2026,7,23,204,3,30,6500.0,5500.0,5500.0,-1000.0,0.0,6166.666666666667,5785.714285714285,487.9500364742665
2026-07-24,Tamil Nadu,Thiruvannamalai,Tamarainagar(Uzhavar Sandhai ),Safeda,5000.0,6000.0,5500.0,2026,7,24,205,4,30,5500.0,6500.0,5500.0,0.0,-1000.0,6166.666666666667,5785.714285714285,487.9500364742665
2026-07-25,Tamil Nadu,Thiruvannamalai,Tamarainagar(Uzhavar Sandhai ),Safeda,5000.0,6000.0,5500.0,2026,7,25,206,5,30,5500.0,6500.0,5500.0,0.0,-1000.0,5833.333333333333,5785.714285714285,487.9500364742665
2026-07-26,Tamil Nadu,Thiruvannamalai,Tamarainagar(Uzhavar Sandhai ),Safeda,5000.0,6000.0,5500.0,2026,7,26,207,6,30,5500.0,5500.0,5500.0,0.0,0.0,5500.0,5785.714285714285,487.9500364742665
2026-07-27,Tamil Nadu,Thiruvannamalai,Tamarainagar(Uzhavar Sandhai ),Safeda,5000.0,6000.0,5500.0,2026,7,27,208,0,31,5500.0,5500.0,5500.0,0.0,0.0,5500.0,5785.714285714285,487.9500364742665
2026-07-28,Tamil Nadu,Thiruvannamalai,Tamarainagar(Uzhavar Sandhai ),Safeda,6000.0,7000.0,6500.0,2026,7,28,209,1,31,5500.0,5500.0,6500.0,1000.0,1000.0,5500.0,5785.714285714285,487.9500364742665
2026-07-29,Tamil Nadu,Thiruvannamalai,Tamarainagar(Uzhavar Sandhai ),Safeda,6000.0,7000.0,6500.0,2026,7,29,210,2,31,6500.0,5500.0,6500.0,0.0,1000.0,5833.333333333333,5785.714285714285,487.9500364742665
2026-07-13,Tamil Nadu,Thiruvannamalai,Tiruvannamalai(Uzhavar Sandhai ),Safeda,5000.0,6000.0,5500.0,2026,7,13,194,0,29,5500.0,5500.0,5500.0,0.0,0.0,5500.0,5500.0,0.0
2026-07-14,Tamil Nadu,Thiruvannamalai,Tiruvannamalai(Uzhavar Sandhai ),Safeda,5000.0,6000.0,5500.0,2026,7,14,195,1,29,5500.0,5500.0,5500.0,0.0,0.0,5500.0,5500.0,0.0
2026-07-15,Tamil Nadu,Thiruvannamalai,Tiruvannamalai(Uzhavar Sandhai ),Safeda,5000.0,6000.0,5500.0,2026,7,15,196,2,29,5500.0,5500.0,5500.0,0.0,0.0,5500.0,5500.0,0.0
2026-07-16,Tamil Nadu,Thiruvannamalai,Tiruvannamalai(Uzhavar Sandhai ),Safeda,5000.0,6000.0,5500.0,2026,7,16,197,3,29,5500.0,5500.0,5500.0,0.0,0.0,5500.0,5500.0,0.0
2026-07-18,Tamil Nadu,Thiruvannamalai,Tiruvannamalai(Uzhavar Sandhai ),Safeda,5000.0,6000.0,5500.0,2026,7,18,199,5,29,5500.0,5500.0,5500.0,0.0,0.0,5500.0,5500.0,0.0
2026-07-19,Tamil Nadu,Thiruvannamalai,Tiruvannamalai(Uzhavar Sandhai ),Safeda,5000.0,6000.0,5500.0,2026,7,19,200,6,29,5500.0,5500.0,5500.0,0.0,0.0,5500.0,5500.0,0.0
2026-07-20,Tamil Nadu,Thiruvannamalai,Tiruvannamalai(Uzhavar Sandhai ),Safeda,5000.0,6000.0,5500.0,2026,7,20,201,0,30,5500.0,5500.0,5500.0,0.0,0.0,5500.0,5500.0,0.0
2026-07-21,Tamil Nadu,Thiruvannamalai,Tiruvannamalai(Uzhavar Sandhai ),Safeda,5000.0,6000.0,5500.0,2026,7,21,202,1,30,5500.0,5500.0,5500.0,0.0,0.0,5500.0,5500.0,0.0
2026-07-22,Tamil Nadu,Thiruvannamalai,Tiruvannamalai(Uzhavar Sandhai ),Safeda,5000.0,6000.0,5500.0,2026,7,22,203,2,30,5500.0,5500.0,5500.0,0.0,0.0,5500.0,5500.0,0.0
2026-07-23,Tamil Nadu,Thiruvannamalai,Tiruvannamalai(Uzhavar Sandhai ),Safeda,5000.0,6000.0,5500.0,2026,7,23,204,3,30,5500.0,5500.0,5500.0,0.0,0.0,5500.0,5500.0,0.0
2026-07-24,Tamil Nadu,Thiruvannamalai,Tiruvannamalai(Uzhavar Sandhai ),Safeda,5000.0,6000.0,5500.0,2026,7,24,205,4,30,5500.0,5500.0,5500.0,0.0,0.0,5500.0,5500.0,0.0
2026-07-25,Tamil Nadu,Thiruvannamalai,Tiruvannamalai(Uzhavar Sandhai ),Safeda,5000.0,6000.0,5500.0,2026,7,25,206,5,30,5500.0,5500.0,5500.0,0.0,0.0,5500.0,5500.0,0.0
2026-07-26,Tamil Nadu,Thiruvannamalai,Tiruvannamalai(Uzhavar Sandhai ),Safeda,5000.0,6000.0,5500.0,2026,7,26,207,6,30,5500.0,5500.0,5500.0,0.0,0.0,5500.0,5500.0,0.0
2026-07-27,Tamil Nadu,Thiruvannamalai,Tiruvannamalai(Uzhavar Sandhai ),Safeda,5000.0,6000.0,5500.0,2026,7,27,208,0,31,5500.0,5500.0,5500.0,0.0,0.0,5500.0,5500.0,0.0
2026-07-28,Tamil Nadu,Thiruvannamalai,Tiruvannamalai(Uzhavar Sandhai ),Safeda,5000.0,6000.0,5500.0,2026,7,28,209,1,31,5500.0,5500.0,5500.0,0.0,0.0,5500.0,5500.0,0.0
2026-07-29,Tamil Nadu,Thiruvannamalai,Tiruvannamalai(Uzhavar Sandhai ),Safeda,5000.0,6000.0,5500.0,2026,7,29,210,2,31,5500.0,5500.0,5500.0,0.0,0.0,5500.0,5500.0,0.0
2026-07-13,Tamil Nadu,Thiruvarur,Mannargudi I(Uzhavar Sandhai ),Safeda,4000.0,4000.0,4000.0,2026,7,13,194,0,29,4500.0,4500.0,4000.0,-500.0,-500.0,4500.0,4428.571428571428,188.98223650461367
2026-07-14,Tamil Nadu,Thiruvarur,Mannargudi I(Uzhavar Sandhai ),Safeda,4000.0,4000.0,4000.0,2026,7,14,195,1,29,4000.0,4500.0,4500.0,0.0,-500.0,4333.333333333333,4428.571428571428,188.98223650461358
2026-07-15,Tamil Nadu,Thiruvarur,Mannargudi I(Uzhavar Sandhai ),Safeda,4000.0,5000.0,4500.0,2026,7,15,196,2,29,4000.0,4500.0,4500.0,500.0,0.0,4166.666666666667,4357.142857142857,243.97501823713313
2026-07-16,Tamil Nadu,Thiruvarur,Mannargudi I(Uzhavar Sandhai ),Safeda,4000.0,4000.0,4000.0,2026,7,16,197,3,29,4500.0,4000.0,4500.0,-500.0,0.0,4166.666666666667,4357.142857142857,243.97501823713313
2026-07-17,Tamil Nadu,Thiruvarur,Mannargudi I(Uzhavar Sandhai ),Safeda,4000.0,5000.0,4500.0,2026,7,17,198,4,29,4000.0,4000.0,4500.0,500.0,500.0,4166.666666666667,4285.714285714285,267.26124191242417
2026-07-18,Tamil Nadu,Thiruvarur,Mannargudi I(Uzhavar Sandhai ),Safeda,4000.0,6000.0,5000.0,2026,7,18,199,5,29,4500.0,4500.0,4500.0,500.0,500.0,4333.333333333333,4285.714285714285,267.26124191242417
2026-07-19,Tamil Nadu,Thiruvarur,Mannargudi I(Uzhavar Sandhai ),Safeda,4000.0,5000.0,4500.0,2026,7,19,200,6,29,5000.0,4000.0,4500.0,-500.0,500.0,4500.0,4357.142857142857,377.9644730092271
2026-07-20,Tamil Nadu,Thiruvarur,Mannargudi I(Uzhavar Sandhai ),Safeda,4000.0,4000.0,4000.0,2026,7,20,201,0,30,4500.0,4500.0,4000.0,-500.0,-500.0,4666.666666666667,4357.142857142857,377.9644730092271
2026-07-21,Tamil Nadu,Thiruvarur,Mannargudi I(Uzhavar Sandhai ),Safeda,4000.0,5000.0,4500.0,2026,7,21,202,1,30,4000.0,5000.0,4000.0,500.0,-500.0,4500.0,4357.142857142857,377.9644730092271
2026-07-22,Tamil Nadu,Thiruvarur,Mannargudi I(Uzhavar Sandhai ),Safeda,4000.0,5000.0,4500.0,2026,7,22,203,2,30,4500.0,4500.0,4500.0,0.0,0.0,4333.333333333333,4428.571428571428,345.0327796711771
2026-07-23,Tamil Nadu,Thiruvarur,Mannargudi I(Uzhavar Sandhai ),Safeda,4000.0,6000.0,5000.0,2026,7,23,204,3,30,4500.0,4000.0,4000.0,500.0,1000.0,4333.333333333333,4428.571428571428,345.0327796711771
2026-07-24,Tamil Nadu,Thiruvarur,Mannargudi I(Uzhavar Sandhai ),Safeda,5000.0,5000.0,5000.0,2026,7,24,205,4,30,5000.0,4500.0,4500.0,0.0,500.0,4666.666666666667,4571.428571428572,345.0327796711771
2026-07-25,Tamil Nadu,Thiruvarur,Mannargudi I(Uzhavar Sandhai ),Safeda,5000.0,5000.0,5000.0,2026,7,25,206,5,30,5000.0,4500.0,5000.0,0.0,500.0,4833.333333333333,4642.857142857143,377.9644730092271
2026-07-26,Tamil Nadu,Thiruvarur,Mannargudi I(Uzhavar Sandhai ),Safeda,5000.0,5000.0,5000.0,2026,7,26,207,6,30,5000.0,5000.0,4500.0,0.0,0.0,5000.0,4642.857142857143,377.9644730092271
2026-07-27,Tamil Nadu,Thiruvarur,Mannargudi I(Uzhavar Sandhai ),Safeda,5000.0,5000.0,5000.0,2026,7,27,208,0,31,5000.0,5000.0,4000.0,0.0,0.0,5000.0,4714.285714285715,393.3978962347214
2026-07-28,Tamil Nadu,Thiruvarur,Mannargudi I(Uzhavar Sandhai ),Safeda,5000.0,6000.0,5500.0,2026,7,28,209,1,31,5000.0,5000.0,4500.0,500.0,500.0,5000.0,4857.142857142857,243.97501823713262
2026-07-29,Tamil Nadu,Thiruvarur,Mannargudi I(Uzhavar Sandhai ),Safeda,5000.0,6000.0,5500.0,2026,7,29,210,2,31,5500.0,5000.0,4500.0,0.0,500.0,5166.666666666667,5000.0,288.67513459481177
2026-07-13,Tamil Nadu,Thiruvarur,Mannargudi II(Uzhavar Sandhai ),Safeda,4000.0,5000.0,4500.0,2026,7,13,194,0,29,4500.0,4500.0,4000.0,0.0,0.0,4500.0,4357.142857142857,243.97501823713327
2026-07-14,Tamil Nadu,Thiruvarur,Mannargudi II(Uzhavar Sandhai ),Safeda,4000.0,5000.0,4500.0,2026,7,14,195,1,29,4500.0,4500.0,4000.0,0.0,0.0,4500.0,4428.571428571428,188.98223650461372
2026-07-15,Tamil Nadu,Thiruvarur,Mannargudi II(Uzhavar Sandhai ),Safeda,4000.0,5000.0,4500.0,2026,7,15,196,2,29,4500.0,4500.0,4500.0,0.0,0.0,4500.0,4500.0,0.0
2026-07-16,Tamil Nadu,Thiruvarur,Mannargudi II(Uzhavar Sandhai ),Safeda,4000.0,5000.0,4500.0,2026,7,16,197,3,29,4500.0,4500.0,4500.0,0.0,0.0,4500.0,4500.0,0.0
2026-07-17,Tamil Nadu,Thiruvarur,Mannargudi II(Uzhavar Sandhai ),Safeda,4000.0,5000.0,4500.0,2026,7,17,198,4,29,4500.0,4500.0,4500.0,0.0,0.0,4500.0,4500.0,0.0
2026-07-18,Tamil Nadu,Thiruvarur,Mannargudi II(Uzhavar Sandhai ),Safeda,4000.0,6000.0,5000.0,2026,7,18,199,5,29,4500.0,4500.0,4500.0,500.0,500.0,4500.0,4500.0,0.0
2026-07-19,Tamil Nadu,Thiruvarur,Mannargudi II(Uzhavar Sandhai ),Safeda,4000.0,5000.0,4500.0,2026,7,19,200,6,29,5000.0,4500.0,4500.0,-500.0,0.0,4666.666666666667,4571.428571428572,188.98223650461358
2026-07-20,Tamil Nadu,Thiruvarur,Mannargudi II(Uzhavar Sandhai ),Safeda,4000.0,4000.0,4000.0,2026,7,20,201,0,30,4500.0,4500.0,4500.0,-500.0,-500.0,4666.666666666667,4571.428571428572,188.98223650461358
2026-07-21,Tamil Nadu,Thiruvarur,Mannargudi II(Uzhavar Sandhai ),Safeda,4000.0,4000.0,4000.0,2026,7,21,202,1,30,4000.0,5000.0,4500.0,0.0,-1000.0,4500.0,4500.0,288.6751345948131
2026-07-22,Tamil Nadu,Thiruvarur,Mannargudi II(Uzhavar Sandhai ),Safeda,4000.0,5000.0,4500.0,2026,7,22,203,2,30,4000.0,4500.0,4500.0,500.0,0.0,4166.666666666667,4428.571428571428,345.0327796711775
2026-07-23,Tamil Nadu,Thiruvarur,Mannargudi II(Uzhavar Sandhai ),Safeda,4000.0,6000.0,5000.0,2026,7,23,204,3,30,4500.0,4000.0,4500.0,500.0,1000.0,4166.666666666667,4428.571428571428,345.0327796711775
2026-07-24,Tamil Nadu,Thiruvarur,Mannargudi II(Uzhavar Sandhai ),Safeda,4000.0,4000.0,4000.0,2026,7,24,205,4,30,5000.0,4000.0,4500.0,-1000.0,0.0,4500.0,4500.0,408.2482904638631
2026-07-25,Tamil Nadu,Thiruvarur,Mannargudi II(Uzhavar Sandhai ),Safeda,4000.0,4000.0,4000.0,2026,7,25,206,5,30,4000.0,4500.0,5000.0,0.0,-500.0,4500.0,4428.571428571428,449.8677054212189
2026-07-26,Tamil Nadu,Thiruvarur,Mannargudi II(Uzhavar Sandhai ),Safeda,5000.0,5000.0,5000.0,2026,7,26,207,6,30,4000.0,5000.0,4500.0,1000.0,0.0,4333.333333333333,4285.714285714285,393.3978962347221
2026-07-27,Tamil Nadu,Thiruvarur,Mannargudi II(Uzhavar Sandhai ),Safeda,5000.0,6000.0,5500.0,2026,7,27,208,0,31,5000.0,4000.0,4000.0,500.0,1500.0,4333.333333333333,4357.142857142857,475.5948656056712
2026-07-28,Tamil Nadu,Thiruvarur,Mannargudi II(Uzhavar Sandhai ),Safeda,5000.0,5000.0,5000.0,2026,7,28,209,1,31,5500.0,4000.0,4000.0,-500.0,1000.0,4833.333333333333,4571.428571428572,607.4928962939557
2026-07-29,Tamil Nadu,Thiruvarur,Mannargudi II(Uzhavar Sandhai ),Safeda,5000.0,6000.0,5500.0,2026,7,29,210,2,31,5000.0,5000.0,4500.0,500.0,500.0,5166.666666666667,4714.285714285715,566.9467095138403
2026-07-13,Tamil Nadu,Thiruvarur,Tiruthuraipoondi(Uzhavar Sandhai ),Safeda,3000.0,3000.0,3000.0,2026,7,13,194,0,29,3000.0,3000.0,3000.0,0.0,0.0,3000.0,3000.0,0.0
2026-07-14,Tamil Nadu,Thiruvarur,Tiruthuraipoondi(Uzhavar Sandhai ),Safeda,3000.0,3000.0,3000.0,2026,7,14,195,1,29,3000.0,3000.0,3000.0,0.0,0.0,3000.0,3000.0,0.0
2026-07-15,Tamil Nadu,Thiruvarur,Tiruthuraipoondi(Uzhavar Sandhai ),Safeda,3000.0,3000.0,3000.0,2026,7,15,196,2,29,3000.0,3000.0,3000.0,0.0,0.0,3000.0,3000.0,0.0
2026-07-16,Tamil Nadu,Thiruvarur,Tiruthuraipoondi(Uzhavar Sandhai ),Safeda,3000.0,3000.0,3000.0,2026,7,16,197,3,29,3000.0,3000.0,3000.0,0.0,0.0,3000.0,3000.0,0.0
2026-07-17,Tamil Nadu,Thiruvarur,Tiruthuraipoondi(Uzhavar Sandhai ),Safeda,3000.0,3000.0,3000.0,2026,7,17,198,4,29,3000.0,3000.0,3000.0,0.0,0.0,3000.0,3000.0,0.0
2026-07-18,Tamil Nadu,Thiruvarur,Tiruthuraipoondi(Uzhavar Sandhai ),Safeda,3000.0,3000.0,3000.0,2026,7,18,199,5,29,3000.0,3000.0,3000.0,0.0,0.0,3000.0,3000.0,0.0
2026-07-19,Tamil Nadu,Thiruvarur,Tiruthuraipoondi(Uzhavar Sandhai ),Safeda,3000.0,3000.0,3000.0,2026,7,19,200,6,29,3000.0,3000.0,3000.0,0.0,0.0,3000.0,3000.0,0.0
2026-07-20,Tamil Nadu,Thiruvarur,Tiruthuraipoondi(Uzhavar Sandhai ),Safeda,3000.0,3000.0,3000.0,2026,7,20,201,0,30,3000.0,3000.0,3000.0,0.0,0.0,3000.0,3000.0,0.0
2026-07-21,Tamil Nadu,Thiruvarur,Tiruthuraipoondi(Uzhavar Sandhai ),Safeda,3000.0,3000.0,3000.0,2026,7,21,202,1,30,3000.0,3000.0,3000.0,0.0,0.0,3000.0,3000.0,0.0
2026-07-22,Tamil Nadu,Thiruvarur,Tiruthuraipoondi(Uzhavar Sandhai ),Safeda,3000.0,3000.0,3000.0,2026,7,22,203,2,30,3000.0,3000.0,3000.0,0.0,0.0,3000.0,3000.0,0.0
2026-07-23,Tamil Nadu,Thiruvarur,Tiruthuraipoondi(Uzhavar Sandhai ),Safeda,3000.0,3000.0,3000.0,2026,7,23,204,3,30,3000.0,3000.0,3000.0,0.0,0.0,3000.0,3000.0,0.0
2026-07-24,Tamil Nadu,Thiruvarur,Tiruthuraipoondi(Uzhavar Sandhai ),Safeda,3000.0,3000.0,3000.0,2026,7,24,205,4,30,3000.0,3000.0,3000.0,0.0,0.0,3000.0,3000.0,0.0
2026-07-25,Tamil Nadu,Thiruvarur,Tiruthuraipoondi(Uzhavar Sandhai ),Safeda,4000.0,4000.0,4000.0,2026,7,25,206,5,30,3000.0,3000.0,3000.0,1000.0,1000.0,3000.0,3000.0,0.0
2026-07-26,Tamil Nadu,Thiruvarur,Tiruthuraipoondi(Uzhavar Sandhai ),Safeda,4000.0,4000.0,4000.0,2026,7,26,207,6,30,4000.0,3000.0,3000.0,0.0,1000.0,3333.3333333333335,3142.8571428571427,377.9644730092273
2026-07-27,Tamil Nadu,Thiruvarur,Tiruthuraipoondi(Uzhavar Sandhai ),Safeda,4000.0,4000.0,4000.0,2026,7,27,208,0,31,4000.0,3000.0,3000.0,0.0,1000.0,3666.6666666666665,3285.714285714286,487.95003647426665
2026-07-28,Tamil Nadu,Thiruvarur,Tiruthuraipoondi(Uzhavar Sandhai ),Safeda,4000.0,4000.0,4000.0,2026,7,28,209,1,31,4000.0,4000.0,3000.0,0.0,0.0,4000.0,3428.5714285714284,534.5224838248488
2026-07-29,Tamil Nadu,Thiruvarur,Tiruthuraipoondi(Uzhavar Sandhai ),Safeda,4000.0,4000.0,4000.0,2026,7,29,210,2,31,4000.0,4000.0,3000.0,0.0,0.0,4000.0,3571.4285714285716,534.5224838248487
2026-07-14,Tamil Nadu,Tuticorin,Tuticorin(Uzhavar Sandhai ),Safeda,4500.0,5000.0,4750.0,2026,7,14,195,1,29,4750.0,4750.0,4500.0,0.0,0.0,4750.0,4678.571428571428,121.9875091185667
2026-07-15,Tamil Nadu,Tuticorin,Tuticorin(Uzhavar Sandhai ),Safeda,4500.0,5000.0,4750.0,2026,7,15,196,2,29,4750.0,4750.0,4500.0,0.0,0.0,4750.0,4714.285714285715,94.49111825230698
2026-07-16,Tamil Nadu,Tuticorin,Tuticorin(Uzhavar Sandhai ),Safeda,4000.0,5000.0,4500.0,2026,7,16,197,3,29,4750.0,4750.0,4750.0,-250.0,-250.0,4750.0,4750.0,0.0
2026-07-17,Tamil Nadu,Tuticorin,Tuticorin(Uzhavar Sandhai ),Safeda,4000.0,5000.0,4500.0,2026,7,17,198,4,29,4500.0,4750.0,4750.0,0.0,-250.0,4666.666666666667,4714.285714285715,94.49111825230689
2026-07-18,Tamil Nadu,Tuticorin,Tuticorin(Uzhavar Sandhai ),Safeda,4500.0,5000.0,4750.0,2026,7,18,199,5,29,4500.0,4750.0,4750.0,250.0,0.0,4583.333333333333,4678.571428571428,121.98750911856692
2026-07-19,Tamil Nadu,Tuticorin,Tuticorin(Uzhavar Sandhai ),Safeda,4500.0,5000.0,4750.0,2026,7,19,200,6,29,4750.0,4500.0,4750.0,0.0,250.0,4583.333333333333,4678.571428571428,121.98750911856692
2026-07-20,Tamil Nadu,Tuticorin,Tuticorin(Uzhavar Sandhai ),Safeda,4000.0,5000.0,4500.0,2026,7,20,201,0,30,4750.0,4500.0,4750.0,-250.0,0.0,4666.666666666667,4678.571428571428,121.98750911856692
2026-07-21,Tamil Nadu,Tuticorin,Tuticorin(Uzhavar Sandhai ),Safeda,4500.0,5000.0,4750.0,2026,7,21,202,1,30,4500.0,4750.0,4750.0,250.0,0.0,4666.666666666667,4642.857142857143,133.63062095621277
2026-07-22,Tamil Nadu,Tuticorin,Tuticorin(Uzhavar Sandhai ),Safeda,4000.0,5000.0,4500.0,2026,7,22,203,2,30,4750.0,4750.0,4750.0,-250.0,-250.0,4666.666666666667,4642.857142857143,133.63062095621277
2026-07-23,Tamil Nadu,Tuticorin,Tuticorin(Uzhavar Sandhai ),Safeda,4500.0,5000.0,4750.0,2026,7,23,204,3,30,4500.0,4500.0,4500.0,250.0,250.0,4583.333333333333,4607.142857142857,133.63062095621322
2026-07-24,Tamil Nadu,Tuticorin,Tuticorin(Uzhavar Sandhai ),Safeda,4000.0,5000.0,4500.0,2026,7,24,205,4,30,4750.0,4750.0,4500.0,-250.0,-250.0,4666.666666666667,4642.857142857143,133.63062095621277
2026-07-25,Tamil Nadu,Tuticorin,Tuticorin(Uzhavar Sandhai ),Safeda,4500.0,5000.0,4750.0,2026,7,25,206,5,30,4500.0,4500.0,4750.0,250.0,250.0,4583.333333333333,4642.857142857143,133.63062095621277
2026-07-26,Tamil Nadu,Tuticorin,Tuticorin(Uzhavar Sandhai ),Safeda,4000.0,5000.0,4500.0,2026,7,26,207,6,30,4750.0,4750.0,4750.0,-250.0,-250.0,4666.666666666667,4642.857142857143,133.63062095621277
2026-07-27,Tamil Nadu,Tuticorin,Tuticorin(Uzhavar Sandhai ),Safeda,4500.0,5000.0,4750.0,2026,7,27,208,0,31,4500.0,4500.0,4500.0,250.0,250.0,4583.333333333333,4607.142857142857,133.63062095621322
2026-07-28,Tamil Nadu,Tuticorin,Tuticorin(Uzhavar Sandhai ),Safeda,4500.0,5000.0,4750.0,2026,7,28,209,1,31,4750.0,4750.0,4750.0,0.0,0.0,4666.666666666667,4642.857142857143,133.63062095621277
2026-07-15,Tamil Nadu,Vellore,Gudiyatham(Uzhavar Sandhai ),Neelam,3000.0,4000.0,3500.0,2026,7,15,196,2,29,2000.0,4000.0,4000.0,1500.0,-500.0,3333.3333333333335,3714.285714285714,755.9289460184544
2026-07-16,Tamil Nadu,Vellore,Gudiyatham(Uzhavar Sandhai ),Neelam,3500.0,4000.0,3750.0,2026,7,16,197,3,29,3500.0,4000.0,4000.0,250.0,-250.0,3166.6666666666665,3642.8571428571427,748.0132415430957
2026-07-17,Tamil Nadu,Vellore,Gudiyatham(Uzhavar Sandhai ),Neelam,3000.0,3000.0,3000.0,2026,7,17,198,4,29,3750.0,2000.0,4000.0,-750.0,1000.0,3083.3333333333335,3607.1428571428573,733.9553638951596
2026-07-18,Tamil Nadu,Vellore,Gudiyatham(Uzhavar Sandhai ),Neelam,3500.0,3500.0,3500.0,2026,7,18,199,5,29,3000.0,3500.0,4000.0,500.0,0.0,3416.6666666666665,3464.285714285714,742.0210496308296
2026-07-19,Tamil Nadu,Vellore,Gudiyatham(Uzhavar Sandhai ),Neelam,4000.0,4000.0,4000.0,2026,7,19,200,6,29,3500.0,3750.0,4000.0,500.0,250.0,3416.6666666666665,3392.8571428571427,704.9991556901394
2026-07-20,Tamil Nadu,Vellore,Gudiyatham(Uzhavar Sandhai ),Neelam,4000.0,4000.0,4000.0,2026,7,20,201,0,30,4000.0,3000.0,4000.0,0.0,1000.0,3500.0,3392.8571428571427,704.9991556901394
2026-07-21,Tamil Nadu,Vellore,Gudiyatham(Uzhavar Sandhai ),Neelam,3500.0,4000.0,3750.0,2026,7,21,202,1,30,4000.0,3500.0,2000.0,-250.0,250.0,3833.3333333333335,3392.8571428571427,704.9991556901394
2026-07-22,Tamil Nadu,Vellore,Gudiyatham(Uzhavar Sandhai ),Neelam,4000.0,4000.0,4000.0,2026,7,22,203,2,30,3750.0,4000.0,3500.0,250.0,0.0,3916.6666666666665,3642.8571428571427,349.3190655028861
2026-07-23,Tamil Nadu,Vellore,Gudiyatham(Uzhavar Sandhai ),Neelam,4000.0,4000.0,4000.0,2026,7,23,204,3,30,4000.0,4000.0,3750.0,0.0,0.0,3916.6666666666665,3714.285714285714,365.96252735570005
2026-07-24,Tamil Nadu,Vellore,Gudiyatham(Uzhavar Sandhai ),Neelam,3000.0,4000.0,3500.0,2026,7,24,205,4,30,4000.0,3750.0,3000.0,-500.0,-250.0,3916.6666666666665,3750.0,381.8813079129868
2026-07-25,Tamil Nadu,Vellore,Gudiyatham(Uzhavar Sandhai ),Neelam,3000.0,4000.0,3500.0,2026,7,25,206,5,30,3500.0,4000.0,3500.0,0.0,-500.0,3833.3333333333335,3821.4285714285716,237.79743280283586
2026-07-26,Tamil Nadu,Vellore,Gudiyatham(Uzhavar Sandhai ),Neelam,3000.0,4000.0,3500.0,2026,7,26,207,6,30,3500.0,4000.0,4000.0,0.0,-500.0,3666.6666666666665,3821.4285714285716,237.79743280283586
2026-07-27,Tamil Nadu,Vellore,Gudiyatham(Uzhavar Sandhai ),Neelam,3500.0,4000.0,3750.0,2026,7,27,208,0,31,3500.0,3500.0,4000.0,250.0,250.0,3500.0,3750.0,250.00000000000023
2026-07-28,Tamil Nadu,Vellore,Gudiyatham(Uzhavar Sandhai ),Neelam,3500.0,4000.0,3750.0,2026,7,28,209,1,31,3750.0,3500.0,3750.0,0.0,250.0,3583.3333333333335,3714.285714285714,224.93385271060953
2026-07-29,Tamil Nadu,Vellore,Gudiyatham(Uzhavar Sandhai ),Neelam,4000.0,4000.0,4000.0,2026,7,29,210,2,31,3750.0,3500.0,4000.0,250.0,500.0,3666.6666666666665,3714.285714285714,224.93385271060953
2026-07-15,Tamil Nadu,Vellore,Kahithapattarai(Uzhavar Sandhai ),Safeda,5000.0,6000.0,5500.0,2026,7,15,196,2,29,5500.0,5500.0,5500.0,0.0,0.0,5500.0,5500.0,0.0
2026-07-17,Tamil Nadu,Vellore,Kahithapattarai(Uzhavar Sandhai ),Safeda,5000.0,6000.0,5500.0,2026,7,17,198,4,29,5500.0,5500.0,5500.0,0.0,0.0,5500.0,5500.0,0.0
2026-07-18,Tamil Nadu,Vellore,Kahithapattarai(Uzhavar Sandhai ),Safeda,5000.0,6000.0,5500.0,2026,7,18,199,5,29,5500.0,5500.0,5500.0,0.0,0.0,5500.0,5500.0,0.0
2026-07-19,Tamil Nadu,Vellore,Kahithapattarai(Uzhavar Sandhai ),Safeda,5000.0,6000.0,5500.0,2026,7,19,200,6,29,5500.0,5500.0,5500.0,0.0,0.0,5500.0,5500.0,0.0
2026-07-20,Tamil Nadu,Vellore,Kahithapattarai(Uzhavar Sandhai ),Safeda,4000.0,5000.0,4500.0,2026,7,20,201,0,30,5500.0,5500.0,5500.0,-1000.0,-1000.0,5500.0,5500.0,0.0
2026-07-21,Tamil Nadu,Vellore,Kahithapattarai(Uzhavar Sandhai ),Safeda,5000.0,6000.0,5500.0,2026,7,21,202,1,30,4500.0,5500.0,5500.0,1000.0,0.0,5166.666666666667,5357.142857142857,377.96447300922716
2026-07-22,Tamil Nadu,Vellore,Kahithapattarai(Uzhavar Sandhai ),Safeda,5000.0,6000.0,5500.0,2026,7,22,203,2,30,5500.0,5500.0,5500.0,0.0,0.0,5166.666666666667,5357.142857142857,377.96447300922716
2026-07-23,Tamil Nadu,Vellore,Kahithapattarai(Uzhavar Sandhai ),Safeda,5000.0,6000.0,5500.0,2026,7,23,204,3,30,5500.0,4500.0,5500.0,0.0,1000.0,5166.666666666667,5357.142857142857,377.96447300922716
2026-07-14,Tamil Nadu,Vellore,Katpadi (Uzhavar Sandhai ),Safeda,7000.0,8000.0,7500.0,2026,7,14,195,1,29,7500.0,6500.0,5000.0,0.0,1000.0,6833.333333333333,6428.571428571428,731.9250547114
2026-07-15,Tamil Nadu,Vellore,Katpadi (Uzhavar Sandhai ),Safeda,7000.0,8000.0,7500.0,2026,7,15,196,2,29,7500.0,6500.0,6500.0,0.0,1000.0,7166.666666666667,6785.714285714285,487.95003647426694
2026-07-16,Tamil Nadu,Vellore,Katpadi (Uzhavar Sandhai ),Safeda,4000.0,5000.0,4500.0,2026,7,16,197,3,29,7500.0,7500.0,6500.0,-3000.0,-3000.0,7500.0,6928.571428571428,534.5224838248492
2026-07-17,Tamil Nadu,Vellore,Katpadi (Uzhavar Sandhai ),Safeda,4000.0,6000.0,5000.0,2026,7,17,198,4,29,4500.0,7500.0,6500.0,500.0,-2500.0,6500.0,6642.857142857143,1069.0449676496978
2026-07-18,Tamil Nadu,Vellore,Katpadi (Uzhavar Sandhai ),Safeda,7000.0,8000.0,7500.0,2026,7,18,199,5,29,5000.0,7500.0,6500.0,2500.0,0.0,5666.666666666667,6428.571428571428,1239.2393980641054
2026-07-19,Tamil Nadu,Vellore,Katpadi (Uzhavar Sandhai ),Safeda,7000.0,8000.0,7500.0,2026,7,19,200,6,29,7500.0,4500.0,6500.0,0.0,3000.0,5666.666666666667,6571.428571428572,1304.7532151257392
2026-07-20,Tamil Nadu,Vellore,Katpadi (Uzhavar Sandhai ),Safeda,7000.0,8000.0,7500.0,2026,7,20,201,0,30,7500.0,5000.0,7500.0,0.0,2500.0,6666.666666666667,6714.285714285715,1349.6031162636566
2026-07-21,Tamil Nadu,Vellore,Katpadi (Uzhavar Sandhai ),Safeda,7000.0,8000.0,7500.0,2026,7,21,202,1,30,7500.0,7500.0,7500.0,0.0,0.0,7500.0,6714.285714285715,1349.6031162636566
2026-07-22,Tamil Nadu,Vellore,Katpadi (Uzhavar Sandhai ),Safeda,7000.0,8000.0,7500.0,2026,7,22,203,2,30,7500.0,7500.0,7500.0,0.0,0.0,7500.0,6714.285714285715,1349.6031162636566
2026-07-23,Tamil Nadu,Vellore,Katpadi (Uzhavar Sandhai ),Safeda,4000.0,5000.0,4500.0,2026,7,23,204,3,30,7500.0,7500.0,4500.0,-3000.0,-3000.0,7500.0,6714.285714285715,1349.6031162636566
2026-07-24,Tamil Nadu,Vellore,Katpadi (Uzhavar Sandhai ),Safeda,4000.0,4000.0,4000.0,2026,7,24,205,4,30,4500.0,7500.0,5000.0,-500.0,-3500.0,6500.0,6714.285714285715,1349.6031162636566
2026-07-25,Tamil Nadu,Vellore,Katpadi (Uzhavar Sandhai ),Safeda,7000.0,8000.0,7500.0,2026,7,25,206,5,30,4000.0,7500.0,7500.0,3500.0,0.0,5333.333333333333,6571.428571428572,1592.3926292577112
2026-07-26,Tamil Nadu,Vellore,Katpadi (Uzhavar Sandhai ),Safeda,7000.0,8000.0,7500.0,2026,7,26,207,6,30,7500.0,4500.0,7500.0,0.0,3000.0,5333.333333333333,6571.428571428572,1592.3926292577112
2026-07-27,Tamil Nadu,Vellore,Katpadi (Uzhavar Sandhai ),Safeda,7000.0,8000.0,7500.0,2026,7,27,208,0,31,7500.0,4000.0,7500.0,0.0,3500.0,6333.333333333333,6571.428571428572,1592.3926292577112
2026-07-28,Tamil Nadu,Vellore,Katpadi (Uzhavar Sandhai ),Safeda,7000.0,8000.0,7500.0,2026,7,28,209,1,31,7500.0,7500.0,7500.0,0.0,0.0,7500.0,6571.428571428572,1592.3926292577112
2026-07-29,Tamil Nadu,Vellore,Katpadi (Uzhavar Sandhai ),Safeda,7000.0,8000.0,7500.0,2026,7,29,210,2,31,7500.0,7500.0,7500.0,0.0,0.0,7500.0,6571.428571428572,1592.3926292577112
2026-07-29,Tamil Nadu,Vellore,Pallikonda(Uzhavar Sandhai),Other,7000.0,8000.0,7500.0,2026,7,29,210,2,31,5000.0,4500.0,4500.0,2500.0,3000.0,4833.333333333333,4642.857142857143,243.97501823713347
2026-07-24,Tamil Nadu,Vellore,Pallikonda(Uzhavar Sandhai),Safeda,4000.0,4000.0,4000.0,2026,7,24,205,4,30,5000.0,5000.0,4500.0,-1000.0,-1000.0,4833.333333333333,5000.0,408.248290463863
2026-07-25,Tamil Nadu,Vellore,Pallikonda(Uzhavar Sandhai),Safeda,4000.0,4000.0,4000.0,2026,7,25,206,5,30,4000.0,4500.0,5000.0,0.0,-500.0,4500.0,4928.571428571428,534.5224838248488
2026-07-26,Tamil Nadu,Vellore,Pallikonda(Uzhavar Sandhai),Safeda,4000.0,4000.0,4000.0,2026,7,26,207,6,30,4000.0,5000.0,5500.0,0.0,-1000.0,4333.333333333333,4785.714285714285,636.2090102803517
2026-07-27,Tamil Nadu,Vellore,Pallikonda(Uzhavar Sandhai),Safeda,4000.0,4000.0,4000.0,2026,7,27,208,0,31,4000.0,4000.0,5500.0,0.0,0.0,4000.0,4571.428571428572,607.4928962939555
2026-07-28,Tamil Nadu,Vellore,Pallikonda(Uzhavar Sandhai),Safeda,4000.0,4000.0,4000.0,2026,7,28,209,1,31,4000.0,4000.0,5000.0,0.0,0.0,4000.0,4357.142857142857,475.59486560567007
2026-07-18,Tamil Nadu,Vellore,Perampet(Uzhavar Sandhai),Neelam,3500.0,3500.0,3500.0,2026,7,18,199,5,29,3500.0,3500.0,4000.0,0.0,0.0,3500.0,3571.4285714285716,188.9822365046136
2026-07-19,Tamil Nadu,Vellore,Perampet(Uzhavar Sandhai),Neelam,3000.0,3800.0,3400.0,2026,7,19,200,6,29,3500.0,3500.0,3500.0,-100.0,-100.0,3500.0,3500.0,0.0
2026-07-20,Tamil Nadu,Vellore,Perampet(Uzhavar Sandhai),Neelam,3000.0,3500.0,3250.0,2026,7,20,201,0,30,3400.0,3500.0,3500.0,-150.0,-250.0,3466.6666666666665,3485.714285714286,37.796447300922736
2026-07-21,Tamil Nadu,Vellore,Perampet(Uzhavar Sandhai),Neelam,3000.0,3500.0,3250.0,2026,7,21,202,1,30,3250.0,3500.0,3500.0,0.0,-250.0,3383.3333333333335,3450.0,95.74271077563385
2026-07-22,Tamil Nadu,Vellore,Perampet(Uzhavar Sandhai),Neelam,3000.0,3500.0,3250.0,2026,7,22,203,2,30,3250.0,3400.0,3500.0,0.0,-150.0,3300.0,3414.285714285714,118.01936887041647
2026-07-23,Tamil Nadu,Vellore,Perampet(Uzhavar Sandhai),Neelam,1500.0,2000.0,1750.0,2026,7,23,204,3,30,3250.0,3250.0,3500.0,-1500.0,-1500.0,3250.0,3378.5714285714284,125.35663410560173
2026-07-24,Tamil Nadu,Vellore,Perampet(Uzhavar Sandhai),Neelam,4000.0,4000.0,4000.0,2026,7,24,205,4,30,1750.0,3250.0,3500.0,2250.0,750.0,2750.0,3128.5714285714284,618.3695920571712
2026-07-25,Tamil Nadu,Vellore,Perampet(Uzhavar Sandhai),Neelam,3500.0,4000.0,3750.0,2026,7,25,206,5,30,4000.0,3250.0,3500.0,-250.0,500.0,3000.0,3200.0,692.8203230275509
2026-07-26,Tamil Nadu,Vellore,Perampet(Uzhavar Sandhai),Neelam,3500.0,4000.0,3750.0,2026,7,26,207,6,30,3750.0,1750.0,3400.0,0.0,2000.0,3166.6666666666665,3235.714285714286,716.8881163951397
2026-07-27,Tamil Nadu,Vellore,Perampet(Uzhavar Sandhai),Neelam,3500.0,4000.0,3750.0,2026,7,27,208,0,31,3750.0,4000.0,3250.0,0.0,-250.0,3833.3333333333335,3285.714285714286,742.0210496308296
2026-07-28,Tamil Nadu,Vellore,Perampet(Uzhavar Sandhai),Neelam,3500.0,4000.0,3750.0,2026,7,28,209,1,31,3750.0,3750.0,3250.0,0.0,0.0,3750.0,3357.1428571428573,761.811750275055
2026-07-29,Tamil Nadu,Vellore,Perampet(Uzhavar Sandhai),Neelam,3500.0,4000.0,3750.0,2026,7,29,210,2,31,3750.0,3750.0,3250.0,0.0,0.0,3750.0,3428.5714285714284,773.4431367038469
2026-07-13,Tamil Nadu,Vellore,Thirupathur APMC,Safeda,4000.0,4000.0,4000.0,2026,7,13,194,0,29,4000.0,4000.0,4000.0,0.0,0.0,4000.0,4000.0,0.0
2026-07-14,Tamil Nadu,Vellore,Thirupathur APMC,Safeda,4000.0,4000.0,4000.0,2026,7,14,195,1,29,4000.0,4000.0,4000.0,0.0,0.0,4000.0,4000.0,0.0
2026-07-15,Tamil Nadu,Vellore,Thirupathur APMC,Safeda,4000.0,4000.0,4000.0,2026,7,15,196,2,29,4000.0,4000.0,4000.0,0.0,0.0,4000.0,4000.0,0.0
2026-07-16,Tamil Nadu,Vellore,Thirupathur APMC,Safeda,4000.0,4000.0,4000.0,2026,7,16,197,3,29,4000.0,4000.0,4000.0,0.0,0.0,4000.0,4000.0,0.0
2026-07-17,Tamil Nadu,Vellore,Thirupathur APMC,Safeda,4000.0,4000.0,4000.0,2026,7,17,198,4,29,4000.0,4000.0,4000.0,0.0,0.0,4000.0,4000.0,0.0
2026-07-18,Tamil Nadu,Vellore,Thirupathur APMC,Safeda,4000.0,4000.0,4000.0,2026,7,18,199,5,29,4000.0,4000.0,4000.0,0.0,0.0,4000.0,4000.0,0.0
2026-07-19,Tamil Nadu,Vellore,Thirupathur APMC,Safeda,4000.0,4000.0,4000.0,2026,7,19,200,6,29,4000.0,4000.0,4000.0,0.0,0.0,4000.0,4000.0,0.0
2026-07-20,Tamil Nadu,Vellore,Thirupathur APMC,Safeda,4000.0,4000.0,4000.0,2026,7,20,201,0,30,4000.0,4000.0,4000.0,0.0,0.0,4000.0,4000.0,0.0
2026-07-21,Tamil Nadu,Vellore,Thirupathur APMC,Safeda,4000.0,4000.0,4000.0,2026,7,21,202,1,30,4000.0,4000.0,4000.0,0.0,0.0,4000.0,4000.0,0.0
2026-07-22,Tamil Nadu,Vellore,Thirupathur APMC,Safeda,4000.0,4000.0,4000.0,2026,7,22,203,2,30,4000.0,4000.0,4000.0,0.0,0.0,4000.0,4000.0,0.0
2026-07-23,Tamil Nadu,Vellore,Thirupathur APMC,Safeda,4000.0,4000.0,4000.0,2026,7,23,204,3,30,4000.0,4000.0,4000.0,0.0,0.0,4000.0,4000.0,0.0
2026-07-24,Tamil Nadu,Vellore,Thirupathur APMC,Safeda,4000.0,4000.0,4000.0,2026,7,24,205,4,30,4000.0,4000.0,4000.0,0.0,0.0,4000.0,4000.0,0.0
2026-07-25,Tamil Nadu,Vellore,Thirupathur APMC,Safeda,4000.0,4000.0,4000.0,2026,7,25,206,5,30,4000.0,4000.0,4000.0,0.0,0.0,4000.0,4000.0,0.0
2026-07-26,Tamil Nadu,Vellore,Thirupathur APMC,Safeda,4000.0,4000.0,4000.0,2026,7,26,207,6,30,4000.0,4000.0,4000.0,0.0,0.0,4000.0,4000.0,0.0
2026-07-27,Tamil Nadu,Vellore,Thirupathur APMC,Safeda,4000.0,4000.0,4000.0,2026,7,27,208,0,31,4000.0,4000.0,4000.0,0.0,0.0,4000.0,4000.0,0.0
2026-07-28,Tamil Nadu,Vellore,Thirupathur APMC,Safeda,4000.0,4000.0,4000.0,2026,7,28,209,1,31,4000.0,4000.0,4000.0,0.0,0.0,4000.0,4000.0,0.0
2026-07-29,Tamil Nadu,Vellore,Thirupathur APMC,Safeda,4000.0,4000.0,4000.0,2026,7,29,210,2,31,4000.0,4000.0,4000.0,0.0,0.0,4000.0,4000.0,0.0
2026-07-21,Tamil Nadu,Vellore,Vellore APMC,Neelam,4000.0,4000.0,4000.0,2026,7,21,202,1,30,3500.0,3500.0,5500.0,500.0,500.0,3500.0,4214.285714285715,951.1897312113417
2026-07-22,Tamil Nadu,Vellore,Vellore APMC,Neelam,3000.0,4000.0,3500.0,2026,7,22,203,2,30,4000.0,3500.0,4500.0,-500.0,0.0,3666.6666666666665,4000.0,763.7626158259731
2026-07-23,Tamil Nadu,Vellore,Vellore APMC,Neelam,2500.0,4000.0,3250.0,2026,7,23,204,3,30,3500.0,3500.0,5500.0,-250.0,-250.0,3666.6666666666665,3857.1428571428573,748.0132415430952
2026-07-24,Tamil Nadu,Vellore,Vellore APMC,Neelam,4000.0,5000.0,4500.0,2026,7,24,205,4,30,3250.0,4000.0,3500.0,1250.0,500.0,3583.3333333333335,3535.714285714286,224.93385271060666
2026-07-25,Tamil Nadu,Vellore,Vellore APMC,Neelam,4000.0,5000.0,4500.0,2026,7,25,206,5,30,4500.0,3500.0,3500.0,0.0,1000.0,3750.0,3678.5714285714284,426.0840516231723
2026-07-26,Tamil Nadu,Vellore,Vellore APMC,Neelam,3000.0,4000.0,3500.0,2026,7,26,207,6,30,4500.0,3250.0,3500.0,-1000.0,250.0,4083.3333333333335,3821.4285714285716,514.6658647908872
2026-07-28,Tamil Nadu,Vellore,Vellore APMC,Neelam,3000.0,4000.0,3500.0,2026,7,28,209,1,31,3500.0,4500.0,3500.0,0.0,-1000.0,4166.666666666667,3821.4285714285716,514.6658647908872
2026-07-21,Tamil Nadu,Villupuram,Tindivanam APMC,Safeda,5000.0,5000.0,5000.0,2026,7,21,202,1,30,5000.0,5000.0,5000.0,0.0,0.0,5000.0,5000.0,0.0
2026-07-23,Tamil Nadu,Villupuram,Tindivanam APMC,Safeda,5000.0,5000.0,5000.0,2026,7,23,204,3,30,5000.0,5000.0,5000.0,0.0,0.0,5000.0,5000.0,0.0
2026-07-24,Tamil Nadu,Villupuram,Tindivanam APMC,Safeda,5000.0,5000.0,5000.0,2026,7,24,205,4,30,5000.0,5000.0,5000.0,0.0,0.0,5000.0,5000.0,0.0
2026-07-25,Tamil Nadu,Villupuram,Tindivanam APMC,Safeda,5000.0,5000.0,5000.0,2026,7,25,206,5,30,5000.0,5000.0,5000.0,0.0,0.0,5000.0,5000.0,0.0
2026-07-26,Tamil Nadu,Villupuram,Tindivanam APMC,Safeda,5000.0,5000.0,5000.0,2026,7,26,207,6,30,5000.0,5000.0,5000.0,0.0,0.0,5000.0,5000.0,0.0
2026-07-28,Tamil Nadu,Villupuram,Tindivanam APMC,Safeda,5000.0,5000.0,5000.0,2026,7,28,209,1,31,5000.0,5000.0,5000.0,0.0,0.0,5000.0,5000.0,0.0
2026-07-29,Tamil Nadu,Villupuram,Tindivanam APMC,Safeda,5000.0,5000.0,5000.0,2026,7,29,210,2,31,5000.0,5000.0,5000.0,0.0,0.0,5000.0,5000.0,0.0
2026-07-13,Tamil Nadu,Villupuram,Villupuram(Uzhavar Sandhai ),Safeda,5000.0,6000.0,5500.0,2026,7,13,194,0,29,8500.0,5000.0,6000.0,-3000.0,500.0,7333.333333333333,6285.714285714285,1577.3697214335127
2026-07-14,Tamil Nadu,Villupuram,Villupuram(Uzhavar Sandhai ),Safeda,5000.0,6000.0,5500.0,2026,7,14,195,1,29,5500.0,8500.0,6000.0,0.0,-3000.0,7500.0,6214.285714285715,1603.567451474546
2026-07-15,Tamil Nadu,Villupuram,Villupuram(Uzhavar Sandhai ),Safeda,7000.0,7000.0,7000.0,2026,7,15,196,2,29,5500.0,8500.0,5000.0,1500.0,-1500.0,6500.0,6142.857142857143,1625.686668105863
2026-07-16,Tamil Nadu,Villupuram,Villupuram(Uzhavar Sandhai ),Safeda,7000.0,7000.0,7000.0,2026,7,16,197,3,29,7000.0,5500.0,5000.0,0.0,1500.0,6000.0,6428.571428571428,1566.0079668957474
2026-07-17,Tamil Nadu,Villupuram,Villupuram(Uzhavar Sandhai ),Safeda,7000.0,7000.0,7000.0,2026,7,17,198,4,29,7000.0,5500.0,5000.0,0.0,1500.0,6500.0,6714.285714285715,1439.2458342578484
2026-07-18,Tamil Nadu,Villupuram,Villupuram(Uzhavar Sandhai ),Safeda,7000.0,10000.0,8500.0,2026,7,18,199,5,29,7000.0,7000.0,8500.0,1500.0,1500.0,7000.0,7000.0,1224.7448713915883
2026-07-19,Tamil Nadu,Villupuram,Villupuram(Uzhavar Sandhai ),Safeda,7000.0,10000.0,8500.0,2026,7,19,200,6,29,8500.0,7000.0,8500.0,0.0,1500.0,7500.0,7000.0,1224.7448713915883
2026-07-20,Tamil Nadu,Villupuram,Villupuram(Uzhavar Sandhai ),Safeda,7000.0,10000.0,8500.0,2026,7,20,201,0,30,8500.0,7000.0,5500.0,0.0,1500.0,8000.0,7000.0,1224.7448713915883
2026-07-21,Tamil Nadu,Villupuram,Villupuram(Uzhavar Sandhai ),Safeda,7000.0,10000.0,8500.0,2026,7,21,202,1,30,8500.0,8500.0,5500.0,0.0,0.0,8500.0,7428.571428571428,1133.89341902768
2026-07-22,Tamil Nadu,Villupuram,Villupuram(Uzhavar Sandhai ),Safeda,7000.0,7000.0,7000.0,2026,7,22,203,2,30,8500.0,8500.0,7000.0,-1500.0,-1500.0,8500.0,7857.142857142857,801.7837257372698
2026-07-23,Tamil Nadu,Villupuram,Villupuram(Uzhavar Sandhai ),Safeda,7000.0,7000.0,7000.0,2026,7,23,204,3,30,7000.0,8500.0,7000.0,0.0,-1500.0,8000.0,7857.142857142857,801.7837257372698
2026-07-24,Tamil Nadu,Villupuram,Villupuram(Uzhavar Sandhai ),Safeda,7000.0,7000.0,7000.0,2026,7,24,205,4,30,7000.0,8500.0,7000.0,0.0,-1500.0,7500.0,7857.142857142857,801.7837257372698
2026-07-25,Tamil Nadu,Villupuram,Villupuram(Uzhavar Sandhai ),Safeda,7000.0,7000.0,7000.0,2026,7,25,206,5,30,7000.0,7000.0,8500.0,0.0,0.0,7000.0,7857.142857142857,801.7837257372698
2026-07-26,Tamil Nadu,Villupuram,Villupuram(Uzhavar Sandhai ),Safeda,7000.0,7000.0,7000.0,2026,7,26,207,6,30,7000.0,7000.0,8500.0,0.0,0.0,7000.0,7642.857142857143,801.7837257372703
2026-07-27,Tamil Nadu,Villupuram,Villupuram(Uzhavar Sandhai ),Safeda,7000.0,10000.0,8500.0,2026,7,27,208,0,31,7000.0,7000.0,8500.0,1500.0,1500.0,7000.0,7428.571428571428,731.9250547113971
2026-07-28,Tamil Nadu,Villupuram,Villupuram(Uzhavar Sandhai ),Safeda,7000.0,7000.0,7000.0,2026,7,28,209,1,31,8500.0,7000.0,8500.0,-1500.0,0.0,7500.0,7428.571428571428,731.9250547113971
2026-07-29,Tamil Nadu,Villupuram,Villupuram(Uzhavar Sandhai ),Safeda,7000.0,10000.0,8500.0,2026,7,29,210,2,31,7000.0,7000.0,7000.0,1500.0,1500.0,7500.0,7214.285714285715,566.9467095138381
2026-07-13,Tamil Nadu,Virudhunagar,Aruppukottai(Uzhavar Sandhai ),Safeda,5000.0,6000.0,5500.0,2026,7,13,194,0,29,5750.0,5750.0,5500.0,-250.0,-250.0,5750.0,5642.857142857143,133.63062095621214
2026-07-14,Tamil Nadu,Virudhunagar,Aruppukottai(Uzhavar Sandhai ),Safeda,5500.0,6000.0,5750.0,2026,7,14,195,1,29,5500.0,5750.0,5750.0,250.0,0.0,5666.666666666667,5642.857142857143,133.63062095621214
2026-07-15,Tamil Nadu,Virudhunagar,Aruppukottai(Uzhavar Sandhai ),Safeda,5000.0,6000.0,5500.0,2026,7,15,196,2,29,5750.0,5750.0,5500.0,-250.0,-250.0,5666.666666666667,5642.857142857143,133.63062095621214
2026-07-16,Tamil Nadu,Virudhunagar,Aruppukottai(Uzhavar Sandhai ),Safeda,5000.0,6000.0,5500.0,2026,7,16,197,3,29,5500.0,5500.0,5500.0,0.0,0.0,5583.333333333333,5642.857142857143,133.63062095621214
2026-07-17,Tamil Nadu,Virudhunagar,Aruppukottai(Uzhavar Sandhai ),Safeda,5500.0,6000.0,5750.0,2026,7,17,198,4,29,5500.0,5750.0,5750.0,250.0,0.0,5583.333333333333,5642.857142857143,133.63062095621214
2026-07-18,Tamil Nadu,Virudhunagar,Aruppukottai(Uzhavar Sandhai ),Safeda,5500.0,6000.0,5750.0,2026,7,18,199,5,29,5750.0,5500.0,5750.0,0.0,250.0,5583.333333333333,5642.857142857143,133.63062095621214
2026-07-19,Tamil Nadu,Virudhunagar,Aruppukottai(Uzhavar Sandhai ),Safeda,5500.0,6000.0,5750.0,2026,7,19,200,6,29,5750.0,5500.0,5750.0,0.0,250.0,5666.666666666667,5642.857142857143,133.63062095621214
2026-07-20,Tamil Nadu,Virudhunagar,Aruppukottai(Uzhavar Sandhai ),Safeda,5000.0,6000.0,5500.0,2026,7,20,201,0,30,5750.0,5750.0,5500.0,-250.0,-250.0,5750.0,5642.857142857143,133.63062095621214
2026-07-21,Tamil Nadu,Virudhunagar,Aruppukottai(Uzhavar Sandhai ),Safeda,5000.0,6000.0,5500.0,2026,7,21,202,1,30,5500.0,5750.0,5750.0,0.0,-250.0,5666.666666666667,5642.857142857143,133.63062095621214
2026-07-22,Tamil Nadu,Virudhunagar,Aruppukottai(Uzhavar Sandhai ),Safeda,5000.0,6000.0,5500.0,2026,7,22,203,2,30,5500.0,5750.0,5500.0,0.0,-250.0,5583.333333333333,5607.142857142857,133.63062095621214
2026-07-23,Tamil Nadu,Virudhunagar,Aruppukottai(Uzhavar Sandhai ),Safeda,5000.0,6000.0,5500.0,2026,7,23,204,3,30,5500.0,5500.0,5500.0,0.0,0.0,5500.0,5607.142857142857,133.63062095621214
2026-07-24,Tamil Nadu,Virudhunagar,Aruppukottai(Uzhavar Sandhai ),Safeda,5500.0,6000.0,5750.0,2026,7,24,205,4,30,5500.0,5500.0,5750.0,250.0,250.0,5500.0,5607.142857142857,133.63062095621214
2026-07-25,Tamil Nadu,Virudhunagar,Aruppukottai(Uzhavar Sandhai ),Safeda,5500.0,6000.0,5750.0,2026,7,25,206,5,30,5750.0,5500.0,5750.0,0.0,250.0,5583.333333333333,5607.142857142857,133.63062095621214
2026-07-26,Tamil Nadu,Virudhunagar,Aruppukottai(Uzhavar Sandhai ),Safeda,5500.0,6000.0,5750.0,2026,7,26,207,6,30,5750.0,5500.0,5750.0,0.0,250.0,5666.666666666667,5607.142857142857,133.63062095621214
2026-07-27,Tamil Nadu,Virudhunagar,Aruppukottai(Uzhavar Sandhai ),Safeda,5500.0,6000.0,5750.0,2026,7,27,208,0,31,5750.0,5750.0,5500.0,0.0,0.0,5750.0,5607.142857142857,133.63062095621214
2026-07-28,Tamil Nadu,Virudhunagar,Aruppukottai(Uzhavar Sandhai ),Safeda,5000.0,6000.0,5500.0,2026,7,28,209,1,31,5750.0,5750.0,5500.0,-250.0,-250.0,5750.0,5642.857142857143,133.63062095621214
2026-07-29,Tamil Nadu,Virudhunagar,Aruppukottai(Uzhavar Sandhai ),Safeda,5000.0,6000.0,5500.0,2026,7,29,210,2,31,5500.0,5750.0,5500.0,0.0,-250.0,5666.666666666667,5642.857142857143,133.63062095621214
2026-07-14,Tamil Nadu,Virudhunagar,Srivilliputhur(Uzhavar Sandhai ),Safeda,3500.0,4000.0,3750.0,2026,7,14,195,1,29,3750.0,3750.0,3750.0,0.0,0.0,3750.0,3750.0,0.0
2026-07-15,Tamil Nadu,Virudhunagar,Srivilliputhur(Uzhavar Sandhai ),Safeda,3500.0,4000.0,3750.0,2026,7,15,196,2,29,3750.0,3750.0,3750.0,0.0,0.0,3750.0,3750.0,0.0
2026-07-16,Tamil Nadu,Virudhunagar,Srivilliputhur(Uzhavar Sandhai ),Safeda,3500.0,4000.0,3750.0,2026,7,16,197,3,29,3750.0,3750.0,3750.0,0.0,0.0,3750.0,3750.0,0.0
2026-07-17,Tamil Nadu,Virudhunagar,Srivilliputhur(Uzhavar Sandhai ),Safeda,3500.0,4000.0,3750.0,2026,7,17,198,4,29,3750.0,3750.0,3750.0,0.0,0.0,3750.0,3750.0,0.0
2026-07-18,Tamil Nadu,Virudhunagar,Srivilliputhur(Uzhavar Sandhai ),Safeda,3500.0,4000.0,3750.0,2026,7,18,199,5,29,3750.0,3750.0,3750.0,0.0,0.0,3750.0,3750.0,0.0
2026-07-19,Tamil Nadu,Virudhunagar,Srivilliputhur(Uzhavar Sandhai ),Safeda,3500.0,4000.0,3750.0,2026,7,19,200,6,29,3750.0,3750.0,3750.0,0.0,0.0,3750.0,3750.0,0.0
2026-07-22,Tamil Nadu,Virudhunagar,Srivilliputhur(Uzhavar Sandhai ),Safeda,3500.0,4000.0,3750.0,2026,7,22,203,2,30,3750.0,3750.0,3750.0,0.0,0.0,3750.0,3750.0,0.0
2026-07-23,Tamil Nadu,Virudhunagar,Srivilliputhur(Uzhavar Sandhai ),Safeda,3500.0,4000.0,3750.0,2026,7,23,204,3,30,3750.0,3750.0,3750.0,0.0,0.0,3750.0,3750.0,0.0
2026-07-17,Telangana,Ranga Reddy,Gaddiannaram APMC,Badami,2222.24,11666.76,3333.36,2026,7,17,198,4,29,3611.14,3333.36,3333.36,-277.77999999999975,0.0,3518.5466666666666,3650.8228571428567,406.6282833954652
2026-07-18,Telangana,Ranga Reddy,Gaddiannaram APMC,Badami,2777.8,10277.86,3333.36,2026,7,18,199,5,29,3333.36,3611.14,3333.36,0.0,-277.77999999999975,3518.5466666666666,3650.8228571428567,406.6282833954652
2026-07-20,Telangana,Ranga Reddy,Gaddiannaram APMC,Badami,2777.8,12222.32,5555.6,2026,7,20,201,0,30,3333.36,3611.14,4444.48,2222.2400000000002,1944.4600000000005,3425.9533333333334,3650.8228571428567,406.6282833954652
2026-07-21,Telangana,Ranga Reddy,Gaddiannaram APMC,Badami,2777.8,14444.56,8888.96,2026,7,21,202,1,30,5555.6,3333.36,3888.92,3333.3599999999988,5555.5999999999985,4074.106666666667,3809.5542857142855,797.2864399293633
2026-07-22,Telangana,Ranga Reddy,Gaddiannaram APMC,Badami,2777.8,4722.26,2777.8,2026,7,22,203,2,30,8888.96,3333.36,3333.36,-6111.159999999999,-555.56,5925.973333333332,4523.845714285714,2083.129528016738
2026-07-23,Telangana,Ranga Reddy,Gaddiannaram APMC,Badami,6666.72,13333.44,9444.52,2026,7,23,204,3,30,2777.8,5555.6,3611.14,6666.72,3888.92,5740.786666666667,4444.4800000000005,2145.6894294996805
2026-07-20,Telangana,Ranga Reddy,Gaddiannaram APMC,Langra,2000.0,6000.0,3000.0,2026,7,20,201,0,30,3000.0,3000.0,3600.0,0.0,0.0,3000.0,3342.8571428571427,320.71349029490926
2026-07-21,Telangana,Ranga Reddy,Gaddiannaram APMC,Langra,2000.0,6000.0,3000.0,2026,7,21,202,1,30,3000.0,3000.0,3600.0,0.0,0.0,3000.0,3257.1428571428573,320.71349029490926
2026-07-22,Telangana,Ranga Reddy,Gaddiannaram APMC,Langra,2000.0,6000.0,3000.0,2026,7,22,203,2,30,3000.0,3000.0,3600.0,0.0,0.0,3000.0,3171.4285714285716,292.77002188456
2026-07-23,Telangana,Ranga Reddy,Gaddiannaram APMC,Langra,2000.0,6000.0,2800.0,2026,7,23,204,3,30,3000.0,3000.0,3600.0,-200.0,-200.0,3000.0,3085.714285714286,226.7786838055364
2026-07-24,Telangana,Ranga Reddy,Gaddiannaram APMC,Langra,1111.12,5000.04,2777.8,2026,7,24,205,4,30,2800.0,3000.0,3000.0,-22.199999999999818,-222.19999999999982,2933.3333333333335,2971.4285714285716,75.59289460184547
2026-07-27,Telangana,Ranga Reddy,Gaddiannaram APMC,Langra,2000.0,6000.0,2800.0,2026,7,27,208,0,31,2777.8,3000.0,3000.0,22.199999999999818,-200.0,2859.2666666666664,2939.6857142857143,103.20541698592237
2026-07-28,Telangana,Ranga Reddy,Gaddiannaram APMC,Langra,2000.0,6000.0,2800.0,2026,7,28,209,1,31,2800.0,2800.0,3000.0,0.0,0.0,2792.6,2911.1142857142854,111.10666689524751
2026-07-29,Telangana,Ranga Reddy,Gaddiannaram APMC,Langra,2000.0,6000.0,3000.0,2026,7,29,210,2,31,2800.0,2777.8,3000.0,200.0,222.19999999999982,2792.6,2882.542857142857,110.1510910392764
2026-07-17,Telangana,Ranga Reddy,Gaddiannaram APMC,Neelam,1666.68,5000.04,3333.36,2026,7,17,198,4,29,1388.9,2777.8,2222.24,1944.46,555.56,1851.8666666666668,1944.4599999999998,555.56
2026-07-18,Telangana,Ranga Reddy,Gaddiannaram APMC,Neelam,1666.68,4444.48,2777.8,2026,7,18,199,5,29,3333.36,1388.9,1388.9,-555.56,1388.9,2037.0533333333333,2103.191428571429,766.7456442964766
2026-07-20,Telangana,Ranga Reddy,Gaddiannaram APMC,Neelam,1388.9,4444.48,2222.24,2026,7,20,201,0,30,2777.8,1388.9,2222.24,-555.5600000000004,833.3399999999997,2500.0200000000004,2301.6057142857144,729.9201071089253
2026-07-21,Telangana,Ranga Reddy,Gaddiannaram APMC,Neelam,1111.12,4444.48,2777.8,2026,7,21,202,1,30,2222.24,3333.36,2222.24,555.5600000000004,-555.56,2777.7999999999997,2301.6057142857144,729.9201071089253
2026-07-22,Telangana,Ranga Reddy,Gaddiannaram APMC,Neelam,1111.12,3888.92,2777.8,2026,7,22,203,2,30,2777.8,2777.8,2777.8,0.0,0.0,2592.6133333333332,2380.971428571429,749.7855072714368
2026-07-23,Telangana,Ranga Reddy,Gaddiannaram APMC,Neelam,1388.9,5000.04,3888.92,2026,7,23,204,3,30,2777.8,2222.24,1388.9,1111.12,1666.6800000000003,2592.6133333333332,2380.9714285714285,749.7855072714368
2026-07-27,Telangana,Ranga Reddy,Gaddiannaram APMC,Neelam,1388.9,5000.04,3055.58,2026,7,27,208,0,31,3888.92,2777.8,1388.9,-833.3400000000001,277.77999999999975,3148.1733333333336,2738.117142857143,792.6644506076598
2026-07-28,Telangana,Ranga Reddy,Gaddiannaram APMC,Neelam,1666.68,6666.72,3333.36,2026,7,28,209,1,31,3055.58,2777.8,3333.36,277.7800000000002,555.56,3240.7666666666664,2976.214285714286,524.954856562516
2026-07-29,Telangana,Ranga Reddy,Gaddiannaram APMC,Neelam,1666.68,6111.16,4444.48,2026,7,29,210,2,31,3333.36,3888.92,2777.8,1111.1199999999994,555.5599999999995,3425.9533333333334,2976.214285714286,524.954856562516
2026-07-18,Telangana,Ranga Reddy,Gaddiannaram APMC,Other,1400.0,1400.0,1400.0,2026,7,18,199,5,29,918.0,1300.0,1400.0,482.0,100.0,1072.6666666666667,1202.5714285714287,195.56657616854093
2026-07-20,Telangana,Ranga Reddy,Gaddiannaram APMC,Other,950.0,1980.0,1500.0,2026,7,20,201,0,30,1400.0,1000.0,1300.0,100.0,500.0,1106.0,1202.5714285714287,195.56657616854093
2026-07-21,Telangana,Ranga Reddy,Gaddiannaram APMC,Other,2400.0,2400.0,2400.0,2026,7,21,202,1,30,1500.0,918.0,1400.0,900.0,1482.0,1272.6666666666667,1231.142857142857,224.6237065044772
2026-07-22,Telangana,Ranga Reddy,Gaddiannaram APMC,Other,1111.12,2222.24,1666.68,2026,7,22,203,2,30,2400.0,1400.0,1100.0,-733.3199999999999,266.68000000000006,1766.6666666666667,1374.0,499.598505468808
2026-07-23,Telangana,Ranga Reddy,Gaddiannaram APMC,Other,2700.0,2700.0,2700.0,2026,7,23,204,3,30,1666.68,1500.0,1300.0,1033.32,1200.0,1855.5600000000002,1454.9542857142858,493.67708875529627
2026-07-27,Telangana,Ranga Reddy,Gaddiannaram APMC,Other,2000.0,2000.0,2000.0,2026,7,27,208,0,31,2700.0,2400.0,1000.0,-700.0,-400.0,2255.56,1654.9542857142858,671.8668528524863
2026-07-20,Telangana,Ranga Reddy,Gaddiannaram APMC,Raspuri,555.56,1666.68,1111.12,2026,7,20,201,0,30,1111.12,555.56,4444.48,0.0,555.56,925.9333333333333,5079.405714285714,5075.8909119052105
2026-07-21,Telangana,Ranga Reddy,Gaddiannaram APMC,Raspuri,555.56,1944.46,1111.12,2026,7,21,202,1,30,1111.12,1111.12,4444.48,0.0,0.0,1111.12,4603.211428571429,5296.930638912277
2026-07-23,Telangana,Ranga Reddy,Gaddiannaram APMC,Raspuri,555.56,1666.68,1111.12,2026,7,23,204,3,30,1111.12,1111.12,13889.0,0.0,0.0,1111.12,4127.017142857143,5460.876380453094
2026-07-17,Telangana,Ranga Reddy,Gaddiannaram APMC,Totapuri,1111.12,3333.36,2222.24,2026,7,17,198,4,29,1666.68,2777.8,2222.24,555.5599999999997,-555.5600000000004,2037.0533333333333,2023.8257142857142,473.43051143954034
2026-07-20,Telangana,Ranga Reddy,Gaddiannaram APMC,Totapuri,1111.12,3888.92,2222.24,2026,7,20,201,0,30,2222.24,1666.68,1388.9,0.0,555.5599999999997,1851.8666666666668,2023.8257142857142,473.43051143954034
2026-07-21,Telangana,Ranga Reddy,Gaddiannaram APMC,Totapuri,1111.12,3888.92,2777.8,2026,7,21,202,1,30,2222.24,1666.68,2222.24,555.5600000000004,1111.1200000000001,2037.0533333333333,2142.8742857142856,383.37282214823836
2026-07-22,Telangana,Ranga Reddy,Gaddiannaram APMC,Totapuri,1111.12,3333.36,2222.24,2026,7,22,203,2,30,2777.8,2222.24,2222.24,-555.5600000000004,0.0,2407.4266666666663,2222.2400000000002,453.6128405002076
2026-07-23,Telangana,Ranga Reddy,Gaddiannaram APMC,Totapuri,1111.12,4444.48,2777.8,2026,7,23,204,3,30,2222.24,2222.24,2777.8,555.5600000000004,555.5600000000004,2407.4266666666663,2222.2400000000002,453.6128405002076
2026-07-24,Telangana,Ranga Reddy,Gaddiannaram APMC,Totapuri,694.45,3888.92,2222.24,2026,7,24,205,4,30,2777.8,2777.8,1666.68,-555.5600000000004,-555.5600000000004,2592.6133333333332,2222.2400000000002,453.6128405002076
2026-07-27,Telangana,Ranga Reddy,Gaddiannaram APMC,Totapuri,1111.12,3888.92,2500.02,2026,7,27,208,0,31,2222.24,2222.24,1666.68,277.7800000000002,277.7800000000002,2407.4266666666667,2301.605714285714,383.3728221482385
2026-07-28,Telangana,Ranga Reddy,Gaddiannaram APMC,Totapuri,1111.12,3333.36,2222.24,2026,7,28,209,1,31,2500.02,2777.8,2222.24,-277.7800000000002,-555.5600000000004,2500.02,2420.6542857142854,264.22148353588705
2026-07-29,Telangana,Ranga Reddy,Gaddiannaram APMC,Totapuri,1666.68,4444.48,2777.8,2026,7,29,210,2,31,2222.24,2222.24,2222.24,555.5600000000004,555.5600000000004,2314.8333333333335,2420.654285714286,264.22148353588705
2026-07-18,Uttar Pradesh,Aligarh,Atrauli APMC,Dusheri,1800.0,1900.0,1850.0,2026,7,18,199,5,29,1850.0,1950.0,1950.0,0.0,-100.0,1900.0,1928.5714285714287,39.33978962347219
2026-07-19,Uttar Pradesh,Aligarh,Atrauli APMC,Dusheri,1800.0,1900.0,1850.0,2026,7,19,200,6,29,1850.0,1900.0,1950.0,0.0,-50.0,1866.6666666666667,1914.2857142857142,47.55948656056712
2026-07-20,Uttar Pradesh,Aligarh,Atrauli APMC,Dusheri,1800.0,1900.0,1850.0,2026,7,20,201,0,30,1850.0,1850.0,1950.0,0.0,0.0,1850.0,1900.0,50.000000000000014
2026-07-16,Uttar Pradesh,Badaun,Shahaswan APMC,Other,2500.0,3000.0,2900.0,2026,7,16,197,3,29,2600.0,2600.0,2500.0,300.0,300.0,2600.0,2700.0,208.16659994661327
2026-07-17,Uttar Pradesh,Badaun,Shahaswan APMC,Other,2000.0,2500.0,2200.0,2026,7,17,198,4,29,2900.0,2600.0,2600.0,-700.0,-400.0,2700.0,2757.1428571428573,198.80595947760094
2026-07-18,Uttar Pradesh,Badaun,Shahaswan APMC,Other,2200.0,2600.0,2500.0,2026,7,18,199,5,29,2200.0,2600.0,3000.0,300.0,-100.0,2566.6666666666665,2700.0,288.67513459481285
2026-07-20,Uttar Pradesh,Badaun,Shahaswan APMC,Other,2500.0,3200.0,3000.0,2026,7,20,201,0,30,2500.0,2900.0,3000.0,500.0,100.0,2533.3333333333335,2628.5714285714284,262.7691364061218
2026-07-21,Uttar Pradesh,Badaun,Shahaswan APMC,Other,2500.0,3000.0,2600.0,2026,7,21,202,1,30,3000.0,2200.0,2600.0,-400.0,400.0,2566.6666666666665,2628.5714285714284,262.7691364061218
2026-07-22,Uttar Pradesh,Badaun,Shahaswan APMC,Other,2500.0,2800.0,2600.0,2026,7,22,203,2,30,2600.0,2500.0,2600.0,0.0,100.0,2700.0,2628.5714285714284,262.7691364061218
2026-07-23,Uttar Pradesh,Badaun,Shahaswan APMC,Other,2500.0,2600.0,2550.0,2026,7,23,204,3,30,2600.0,3000.0,2600.0,-50.0,-450.0,2733.3333333333335,2628.5714285714284,262.7691364061218
2026-07-24,Uttar Pradesh,Badaun,Shahaswan APMC,Other,2500.0,2800.0,2600.0,2026,7,24,205,4,30,2550.0,2600.0,2900.0,50.0,0.0,2583.3333333333335,2621.4285714285716,264.3500565177779
2026-07-25,Uttar Pradesh,Badaun,Shahaswan APMC,Other,2500.0,2800.0,2600.0,2026,7,25,206,5,30,2600.0,2600.0,2200.0,0.0,0.0,2583.3333333333335,2578.5714285714284,234.26684012243882
2026-07-27,Uttar Pradesh,Badaun,Shahaswan APMC,Other,2500.0,2600.0,2550.0,2026,7,27,208,0,31,2600.0,2550.0,2500.0,-50.0,0.0,2583.3333333333335,2635.714285714286,165.11179473891252
2026-07-28,Uttar Pradesh,Badaun,Shahaswan APMC,Other,2500.0,3200.0,3000.0,2026,7,28,209,1,31,2550.0,2600.0,3000.0,450.0,400.0,2583.3333333333335,2642.8571428571427,159.23926292577116
2026-07-29,Uttar Pradesh,Badaun,Shahaswan APMC,Other,2500.0,3050.0,3000.0,2026,7,29,210,2,31,3000.0,2600.0,2600.0,0.0,400.0,2716.6666666666665,2642.8571428571427,159.23926292577116
2026-07-18,Uttar Pradesh,Mau(Maunathbhanjan),Kopaganj APMC,Dusheri,3200.0,3360.0,3300.0,2026,7,18,199,5,29,3260.0,3330.0,3795.0,40.0,-30.0,3303.3333333333335,3323.5714285714284,265.96858031407714
2026-07-20,Uttar Pradesh,Mau(Maunathbhanjan),Kopaganj APMC,Dusheri,3250.0,3380.0,3260.0,2026,7,20,201,0,30,3300.0,3320.0,2880.0,-40.0,-60.0,3293.3333333333335,3252.8571428571427,167.20389605850352
2026-07-21,Uttar Pradesh,Mau(Maunathbhanjan),Kopaganj APMC,Dusheri,3310.0,3390.0,3330.0,2026,7,21,202,1,30,3260.0,3260.0,3360.0,70.0,70.0,3273.3333333333335,3307.1428571428573,36.83941988065042
2026-07-22,Uttar Pradesh,Mau(Maunathbhanjan),Kopaganj APMC,Dusheri,3300.0,3340.0,3320.0,2026,7,22,203,2,30,3330.0,3300.0,3320.0,-10.0,20.0,3296.6666666666665,3302.8571428571427,30.93772546815397
2026-07-23,Uttar Pradesh,Mau(Maunathbhanjan),Kopaganj APMC,Dusheri,3300.0,3390.0,3380.0,2026,7,23,204,3,30,3320.0,3260.0,3330.0,60.0,120.0,3303.3333333333335,3302.8571428571427,30.93772546815397
2026-07-24,Uttar Pradesh,Mau(Maunathbhanjan),Kopaganj APMC,Dusheri,3310.0,3340.0,3320.0,2026,7,24,205,4,30,3380.0,3330.0,3320.0,-60.0,-10.0,3343.3333333333335,3310.0,42.03173404306171
2026-07-25,Uttar Pradesh,Mau(Maunathbhanjan),Kopaganj APMC,Dusheri,3310.0,3330.0,3320.0,2026,7,25,206,5,30,3320.0,3320.0,3260.0,0.0,0.0,3340.0,3310.0,42.03173404306171
2026-07-27,Uttar Pradesh,Mau(Maunathbhanjan),Kopaganj APMC,Dusheri,3320.0,3380.0,3340.0,2026,7,27,208,0,31,3320.0,3380.0,3300.0,20.0,-40.0,3340.0,3318.5714285714284,35.790395093549684
2026-07-28,Uttar Pradesh,Mau(Maunathbhanjan),Kopaganj APMC,Dusheri,3325.0,3390.0,3350.0,2026,7,28,209,1,31,3340.0,3320.0,3260.0,10.0,30.0,3326.6666666666665,3324.285714285714,35.523298860110984
2026-07-29,Uttar Pradesh,Mau(Maunathbhanjan),Kopaganj APMC,Dusheri,3330.0,3400.0,3340.0,2026,7,29,210,2,31,3350.0,3320.0,3330.0,-10.0,20.0,3336.6666666666665,3337.1428571428573,22.146697055682587
2026-07-17,Uttar Pradesh,Rampur,Bilaspur APMC,Dusheri,2300.0,2700.0,2500.0,2026,7,17,198,4,29,2500.0,2400.0,2850.0,0.0,100.0,2466.6666666666665,2428.5714285714284,217.67166186932187
2026-07-18,Uttar Pradesh,Rampur,Bilaspur APMC,Dusheri,2400.0,2800.0,2600.0,2026,7,18,199,5,29,2500.0,2500.0,2250.0,100.0,100.0,2500.0,2378.5714285714284,125.35663410560167
2026-07-21,Uttar Pradesh,Rampur,Bilaspur APMC,Dusheri,2500.0,3000.0,2750.0,2026,7,21,202,1,30,2600.0,2500.0,2250.0,150.0,250.0,2533.3333333333335,2428.5714285714284,134.96031162636558
2026-07-22,Uttar Pradesh,Rampur,Bilaspur APMC,Dusheri,2500.0,3000.0,2750.0,2026,7,22,203,2,30,2750.0,2500.0,2250.0,0.0,250.0,2616.6666666666665,2500.0,155.45631755148037
2026-07-25,Uttar Pradesh,Rampur,Bilaspur APMC,Dusheri,2500.0,3100.0,2800.0,2026,7,25,206,5,30,2750.0,2600.0,2400.0,50.0,200.0,2700.0,2571.4285714285716,134.96031162636604
2026-07-27,Uttar Pradesh,Rampur,Bilaspur APMC,Dusheri,2800.0,3200.0,3000.0,2026,7,27,208,0,31,2800.0,2750.0,2500.0,200.0,250.0,2766.6666666666665,2628.5714285714284,134.96031162636623
2026-07-29,Uttar Pradesh,Rampur,Bilaspur APMC,Dusheri,2700.0,3100.0,2900.0,2026,7,29,210,2,31,3000.0,2750.0,2500.0,-100.0,150.0,2850.0,2700.0,180.2775637732003
2026-07-17,Uttar Pradesh,Shamli,Kairana APMC,Dusheri,2300.0,2400.0,2350.0,2026,7,17,198,4,29,2350.0,2350.0,2350.0,0.0,0.0,2350.0,2378.5714285714284,48.795003647426654
2026-07-18,Uttar Pradesh,Shamli,Kairana APMC,Dusheri,2300.0,2400.0,2350.0,2026,7,18,199,5,29,2350.0,2350.0,2350.0,0.0,0.0,2350.0,2378.5714285714284,48.795003647426654
2026-07-20,Uttar Pradesh,Shamli,Kairana APMC,Dusheri,2300.0,2400.0,2350.0,2026,7,20,201,0,30,2350.0,2350.0,2450.0,0.0,0.0,2350.0,2378.5714285714284,48.795003647426654
2026-07-22,Uttar Pradesh,Shamli,Kairana APMC,Dusheri,2300.0,2400.0,2350.0,2026,7,22,203,2,30,2350.0,2350.0,2450.0,0.0,0.0,2350.0,2364.285714285714,37.79644730092285
2026-07-23,Uttar Pradesh,Shamli,Kairana APMC,Dusheri,2300.0,2400.0,2350.0,2026,7,23,204,3,30,2350.0,2350.0,2350.0,0.0,0.0,2350.0,2350.0,0.0
2026-07-24,Uttar Pradesh,Shamli,Kairana APMC,Dusheri,2300.0,2400.0,2350.0,2026,7,24,205,4,30,2350.0,2350.0,2350.0,0.0,0.0,2350.0,2350.0,0.0
2026-07-25,Uttar Pradesh,Shamli,Kairana APMC,Dusheri,2300.0,2400.0,2350.0,2026,7,25,206,5,30,2350.0,2350.0,2350.0,0.0,0.0,2350.0,2350.0,0.0
2026-07-27,Uttar Pradesh,Shamli,Kairana APMC,Dusheri,2300.0,2400.0,2350.0,2026,7,27,208,0,31,2350.0,2350.0,2350.0,0.0,0.0,2350.0,2350.0,0.0
2026-07-28,Uttar Pradesh,Shamli,Kairana APMC,Dusheri,2300.0,2400.0,2350.0,2026,7,28,209,1,31,2350.0,2350.0,2350.0,0.0,0.0,2350.0,2350.0,0.0
2026-07-21,Uttar Pradesh,Shamli,Khandhla APMC,Dusheri,4900.0,4940.0,4920.0,2026,7,21,202,1,30,4920.0,4940.0,5110.0,0.0,-20.0,4926.666666666667,4972.857142857143,69.2132660006462
2026-07-22,Uttar Pradesh,Shamli,Khandhla APMC,Dusheri,4900.0,4940.0,4920.0,2026,7,22,203,2,30,4920.0,4920.0,5020.0,0.0,0.0,4920.0,4945.714285714285,35.523298860111304
2026-07-29,Uttar Pradesh,Shamli,Khandhla APMC,Dusheri,4800.0,4900.0,4850.0,2026,7,29,210,2,31,4920.0,4920.0,4950.0,-70.0,-70.0,4920.0,4931.428571428572,14.63850109422845
2026-07-17,Uttarakhand,Dehradoon,Dehradoon APMC,Other,2200.0,3500.0,3000.0,2026,7,17,198,4,29,3500.0,1500.0,2500.0,-500.0,1500.0,2666.6666666666665,2750.0,1008.7120500916008
2026-07-18,Uttarakhand,Dehradoon,Dehradoon APMC,Other,1850.0,3500.0,2050.0,2026,7,18,199,5,29,3000.0,3000.0,2050.0,-950.0,-950.0,3166.6666666666665,2821.4285714285716,1005.7572366369625
2026-07-20,Uttarakhand,Dehradoon,Dehradoon APMC,Other,2000.0,3500.0,2500.0,2026,7,20,201,0,30,2050.0,3500.0,4500.0,450.0,-1000.0,2850.0,2821.4285714285716,1005.7572366369625
2026-07-21,Uttarakhand,Dehradoon,Dehradoon APMC,Other,1800.0,3500.0,2500.0,2026,7,21,202,1,30,2500.0,3000.0,2200.0,0.0,-500.0,2516.6666666666665,2535.714285714286,681.1230222423634
2026-07-23,Uttarakhand,Dehradoon,Dehradoon APMC,Other,1850.0,2200.0,2050.0,2026,7,23,204,3,30,2500.0,2050.0,1500.0,-450.0,0.0,2350.0,2578.5714285714284,665.7434083145589
2026-07-24,Uttarakhand,Dehradoon,Dehradoon APMC,Other,1525.0,3275.0,2125.0,2026,7,24,205,4,30,2050.0,2500.0,3000.0,75.0,-375.0,2350.0,2657.1428571428573,537.2992426855598
2026-07-25,Uttarakhand,Dehradoon,Dehradoon APMC,Other,1975.0,3350.0,2650.0,2026,7,25,206,5,30,2125.0,2500.0,3500.0,525.0,150.0,2225.0,2532.1428571428573,545.9537308146871
2026-07-27,Uttarakhand,Dehradoon,Dehradoon APMC,Other,2025.0,3125.0,2750.0,2026,7,27,208,0,31,2650.0,2050.0,3000.0,100.0,700.0,2275.0,2410.714285714286,356.44574822624946
2026-07-28,Uttarakhand,Dehradoon,Dehradoon APMC,Other,1850.0,3500.0,2050.0,2026,7,28,209,1,31,2750.0,2125.0,2050.0,-700.0,-75.0,2508.3333333333335,2375.0,294.7456530637888
2026-07-29,Uttarakhand,Dehradoon,Dehradoon APMC,Other,1850.0,2500.0,2000.0,2026,7,29,210,2,31,2050.0,2650.0,2500.0,-50.0,-650.0,2483.3333333333335,2375.0,294.7456530637888
2026-07-22,Uttarakhand,Dehradoon,Rishikesh APMC,Chausa,4000.0,4850.0,4500.0,2026,7,22,203,2,30,4500.0,4200.0,4500.0,0.0,300.0,4400.0,4357.142857142857,151.18578920369103
2026-07-23,Uttarakhand,Dehradoon,Rishikesh APMC,Chausa,4000.0,4800.0,4500.0,2026,7,23,204,3,30,4500.0,4500.0,4400.0,0.0,0.0,4500.0,4357.142857142857,151.18578920369103
2026-07-24,Uttarakhand,Dehradoon,Rishikesh APMC,Chausa,4000.0,4800.0,4600.0,2026,7,24,205,4,30,4500.0,4500.0,4200.0,100.0,100.0,4500.0,4371.428571428572,160.35674514745475
2026-07-25,Uttarakhand,Dehradoon,Rishikesh APMC,Chausa,4500.0,5500.0,5000.0,2026,7,25,206,5,30,4600.0,4500.0,4200.0,400.0,500.0,4533.333333333333,4428.571428571428,160.35674514745475
2026-07-27,Uttarakhand,Dehradoon,Rishikesh APMC,Chausa,4800.0,5600.0,5000.0,2026,7,27,208,0,31,5000.0,4500.0,4200.0,0.0,500.0,4700.0,4542.857142857143,237.0453040886412
2026-07-28,Uttarakhand,Dehradoon,Rishikesh APMC,Chausa,4800.0,6000.0,5000.0,2026,7,28,209,1,31,5000.0,4600.0,4500.0,0.0,400.0,4866.666666666667,4657.142857142857,237.04530408864164
2026-07-29,Uttarakhand,Dehradoon,Rishikesh APMC,Chausa,4800.0,6000.0,5050.0,2026,7,29,210,2,31,5000.0,5000.0,4500.0,50.0,50.0,5000.0,4728.571428571428,256.34797778466344
2026-07-17,Uttarakhand,Dehradoon,Rishikesh APMC,Dusheri,2000.0,3800.0,3000.0,2026,7,17,198,4,29,2800.0,1500.0,2000.0,200.0,1500.0,2366.6666666666665,2392.8571428571427,549.5669290667057
2026-07-18,Uttarakhand,Dehradoon,Rishikesh APMC,Dusheri,2000.0,3850.0,3000.0,2026,7,18,199,5,29,3000.0,2800.0,2000.0,0.0,200.0,2866.6666666666665,2535.714285714286,560.2932905439538
2026-07-19,Uttarakhand,Dehradoon,Rishikesh APMC,Dusheri,2000.0,3800.0,3050.0,2026,7,19,200,6,29,3000.0,2800.0,2850.0,50.0,250.0,2933.3333333333335,2678.5714285714284,527.4602219260576
2026-07-20,Uttarakhand,Dehradoon,Rishikesh APMC,Dusheri,2500.0,4200.0,3500.0,2026,7,20,201,0,30,3050.0,3000.0,2800.0,450.0,500.0,3016.6666666666665,2707.1428571428573,543.467701760779
2026-07-21,Uttarakhand,Dehradoon,Rishikesh APMC,Dusheri,2500.0,4000.0,3500.0,2026,7,21,202,1,30,3500.0,3000.0,1500.0,0.0,500.0,3183.3333333333335,2807.1428571428573,622.1123769254314
2026-07-22,Uttarakhand,Dehradoon,Rishikesh APMC,Dusheri,2600.0,4100.0,3500.0,2026,7,22,203,2,30,3500.0,3050.0,2800.0,0.0,450.0,3350.0,3092.8571428571427,294.9979822368458
2026-07-23,Uttarakhand,Dehradoon,Rishikesh APMC,Dusheri,2600.0,4000.0,3550.0,2026,7,23,204,3,30,3500.0,3500.0,2800.0,50.0,50.0,3500.0,3192.8571428571427,297.8094628961229
2026-07-24,Uttarakhand,Dehradoon,Rishikesh APMC,Dusheri,2650.0,4000.0,3500.0,2026,7,24,205,4,30,3550.0,3500.0,3000.0,-50.0,0.0,3516.6666666666665,3300.0,266.14532371119077
2026-07-25,Uttarakhand,Dehradoon,Rishikesh APMC,Dusheri,2800.0,4500.0,3800.0,2026,7,25,206,5,30,3500.0,3500.0,3000.0,300.0,300.0,3516.6666666666665,3371.4285714285716,237.7974328028381
2026-07-17,Uttarakhand,Dehradoon,Rishikesh APMC,Langra,2000.0,3650.0,2800.0,2026,7,17,198,4,29,2800.0,2800.0,2100.0,0.0,0.0,2800.0,2585.714285714286,367.0993118515816
2026-07-18,Uttarakhand,Dehradoon,Rishikesh APMC,Langra,2000.0,3600.0,2800.0,2026,7,18,199,5,29,2800.0,2800.0,2000.0,0.0,0.0,2800.0,2685.714285714286,302.3715784073817
2026-07-19,Uttarakhand,Dehradoon,Rishikesh APMC,Langra,2000.0,3700.0,2800.0,2026,7,19,200,6,29,2800.0,2800.0,2800.0,0.0,0.0,2800.0,2800.0,0.0
2026-07-20,Uttarakhand,Dehradoon,Rishikesh APMC,Langra,2200.0,3800.0,3200.0,2026,7,20,201,0,30,2800.0,2800.0,2800.0,400.0,400.0,2800.0,2800.0,0.0
2026-07-21,Uttarakhand,Dehradoon,Rishikesh APMC,Langra,2200.0,3850.0,3200.0,2026,7,21,202,1,30,3200.0,2800.0,2800.0,0.0,400.0,2933.3333333333335,2857.1428571428573,151.18578920369086
2026-07-22,Uttarakhand,Dehradoon,Rishikesh APMC,Langra,2200.0,3800.0,3250.0,2026,7,22,203,2,30,3200.0,2800.0,2800.0,50.0,450.0,3066.6666666666665,2914.285714285714,195.1800145897065
2026-07-23,Uttarakhand,Dehradoon,Rishikesh APMC,Langra,2200.0,3850.0,3250.0,2026,7,23,204,3,30,3250.0,3200.0,2800.0,0.0,50.0,3216.6666666666665,2978.5714285714284,223.34044054078578
2026-07-24,Uttarakhand,Dehradoon,Rishikesh APMC,Langra,2200.0,3800.0,3200.0,2026,7,24,205,4,30,3250.0,3200.0,2800.0,-50.0,0.0,3233.3333333333335,3042.8571428571427,228.08728487973488
2026-07-25,Uttarakhand,Dehradoon,Rishikesh APMC,Langra,2400.0,4000.0,3500.0,2026,7,25,206,5,30,3200.0,3250.0,2800.0,300.0,250.0,3233.3333333333335,3100.0,206.15528128088238
2026-07-27,Uttarakhand,Dehradoon,Rishikesh APMC,Langra,2500.0,4500.0,3600.0,2026,7,27,208,0,31,3500.0,3250.0,2800.0,100.0,350.0,3316.6666666666665,3200.0,206.15528128088212
2026-07-28,Uttarakhand,Dehradoon,Rishikesh APMC,Langra,2500.0,4600.0,3650.0,2026,7,28,209,1,31,3600.0,3200.0,3200.0,50.0,450.0,3433.3333333333335,3314.285714285714,165.11179473891107
2026-07-29,Uttarakhand,Dehradoon,Rishikesh APMC,Langra,2500.0,4700.0,3600.0,2026,7,29,210,2,31,3650.0,3500.0,3200.0,-50.0,100.0,3583.3333333333335,3378.5714285714284,197.60470401186942
2026-07-18,Uttarakhand,Dehradoon,Rishikesh APMC,Other,1200.0,2300.0,1650.0,2026,7,18,199,5,29,1600.0,1600.0,1000.0,50.0,50.0,1566.6666666666667,1307.142857142857,262.08868001208333
2026-07-19,Uttarakhand,Dehradoon,Rishikesh APMC,Other,1200.0,2300.0,1600.0,2026,7,19,200,6,29,1650.0,1500.0,1000.0,-50.0,100.0,1583.3333333333333,1400.0,250.00000000000003
2026-07-20,Uttarakhand,Dehradoon,Rishikesh APMC,Other,1500.0,2000.0,1800.0,2026,7,20,201,0,30,1600.0,1600.0,1200.0,200.0,200.0,1616.6666666666667,1485.7142857142858,184.1970994032518
2026-07-22,Uttarakhand,Dehradoon,Rishikesh APMC,Other,1600.0,2000.0,1850.0,2026,7,22,203,2,30,1800.0,1650.0,1250.0,50.0,200.0,1683.3333333333333,1571.4285714285713,167.97108594721203
2026-07-23,Uttarakhand,Dehradoon,Rishikesh APMC,Other,1650.0,2000.0,1825.0,2026,7,23,204,3,30,1850.0,1600.0,1600.0,-25.0,225.0,1750.0,1657.142857142857,123.92393980641027
2026-07-24,Uttarakhand,Dehradoon,Rishikesh APMC,Other,1600.0,2000.0,1850.0,2026,7,24,205,4,30,1825.0,1800.0,1500.0,25.0,50.0,1825.0,1689.2857142857142,135.29069232054124
2026-07-25,Uttarakhand,Dehradoon,Rishikesh APMC,Other,2000.0,2800.0,2500.0,2026,7,25,206,5,30,1850.0,1850.0,1600.0,650.0,650.0,1841.6666666666667,1739.2857142857142,117.1334200612191
2026-07-21,Uttarakhand,Dehradoon,Vikasnagar APMC,Other,300.0,800.0,800.0,2026,7,21,202,1,30,1200.0,1200.0,1200.0,-400.0,-400.0,1433.3333333333333,1300.0,264.575131106459
2026-07-22,Uttarakhand,Dehradoon,Vikasnagar APMC,Other,400.0,900.0,900.0,2026,7,22,203,2,30,800.0,1900.0,1200.0,100.0,-1000.0,1300.0,1242.857142857143,325.86880211286905
2026-07-26,Uttarakhand,Dehradoon,Vikasnagar APMC,Other,400.0,1000.0,1000.0,2026,7,26,207,6,30,900.0,1200.0,1200.0,100.0,-200.0,966.6666666666666,1200.0,351.1884584284246
2026-07-27,Uttarakhand,Dehradoon,Vikasnagar APMC,Other,400.0,1000.0,1000.0,2026,7,27,208,0,31,1000.0,800.0,1200.0,0.0,200.0,900.0,1171.4285714285713,359.23198500080565
2026-07-28,Uttarakhand,Dehradoon,Vikasnagar APMC,Other,400.0,800.0,800.0,2026,7,28,209,1,31,1000.0,900.0,1200.0,-200.0,-100.0,966.6666666666666,1142.857142857143,364.4957377763736
2026-07-29,Uttarakhand,Dehradoon,Vikasnagar APMC,Other,500.0,900.0,900.0,2026,7,29,210,2,31,800.0,1000.0,1900.0,100.0,-100.0,933.3333333333334,1085.7142857142858,384.83144114694954
2026-07-14,Uttarakhand,Garhwal (Pauri),Kotadwara APMC,Other,2000.0,2000.0,2000.0,2026,7,14,195,1,29,2100.0,1800.0,2500.0,-100.0,200.0,1866.6666666666667,2042.857142857143,335.9421718944242
2026-07-15,Uttarakhand,Garhwal (Pauri),Kotadwara APMC,Other,1500.0,1500.0,1500.0,2026,7,15,196,2,29,2000.0,1700.0,2500.0,-500.0,-200.0,1933.3333333333333,1971.4285714285713,269.03708365381965
2026-07-16,Uttarakhand,Garhwal (Pauri),Kotadwara APMC,Other,2100.0,2100.0,2100.0,2026,7,16,197,3,29,1500.0,2100.0,1800.0,600.0,0.0,1866.6666666666667,1828.5714285714287,197.6047040118708
2026-07-17,Uttarakhand,Garhwal (Pauri),Kotadwara APMC,Other,2000.0,2000.0,2000.0,2026,7,17,198,4,29,2100.0,2000.0,1900.0,-100.0,0.0,1866.6666666666667,1871.4285714285713,221.4669705568283
2026-07-18,Uttarakhand,Garhwal (Pauri),Kotadwara APMC,Other,2100.0,2100.0,2100.0,2026,7,18,199,5,29,2000.0,1500.0,1800.0,100.0,600.0,1866.6666666666667,1885.7142857142858,226.77868380553633
2026-07-20,Uttarakhand,Garhwal (Pauri),Kotadwara APMC,Other,1800.0,1800.0,1800.0,2026,7,20,201,0,30,2100.0,2100.0,1700.0,-300.0,-300.0,2066.6666666666665,1928.5714285714287,236.03873774083294
2026-07-21,Uttarakhand,Garhwal (Pauri),Kotadwara APMC,Other,1900.0,1900.0,1900.0,2026,7,21,202,1,30,1800.0,2000.0,2100.0,100.0,-100.0,1966.6666666666667,1942.857142857143,222.5394561056747
2026-07-22,Uttarakhand,Garhwal (Pauri),Kotadwara APMC,Other,2000.0,2000.0,2000.0,2026,7,22,203,2,30,1900.0,2100.0,2000.0,100.0,-100.0,1933.3333333333333,1914.2857142857142,211.57009420498153
2026-07-23,Uttarakhand,Garhwal (Pauri),Kotadwara APMC,Other,2100.0,2100.0,2100.0,2026,7,23,204,3,30,2000.0,1800.0,1500.0,100.0,300.0,1900.0,1914.2857142857142,211.57009420498153
2026-07-24,Uttarakhand,Garhwal (Pauri),Kotadwara APMC,Other,2500.0,2500.0,2500.0,2026,7,24,205,4,30,2100.0,1900.0,2100.0,400.0,600.0,2000.0,2000.0,115.47005383792504
2026-07-25,Uttarakhand,Garhwal (Pauri),Kotadwara APMC,Other,2500.0,2500.0,2500.0,2026,7,25,206,5,30,2500.0,2000.0,2000.0,0.0,500.0,2200.0,2057.1428571428573,222.5394561056746
2026-07-27,Uttarakhand,Garhwal (Pauri),Kotadwara APMC,Other,2800.0,2800.0,2800.0,2026,7,27,208,0,31,2500.0,2100.0,2100.0,300.0,700.0,2366.6666666666665,2128.5714285714284,275.1622897751173
2026-07-28,Uttarakhand,Garhwal (Pauri),Kotadwara APMC,Other,2800.0,2800.0,2800.0,2026,7,28,209,1,31,2800.0,2500.0,1800.0,0.0,300.0,2600.0,2228.5714285714284,372.8908942943215
2026-07-29,Uttarakhand,Garhwal (Pauri),Kotadwara APMC,Other,2800.0,2800.0,2800.0,2026,7,29,210,2,31,2800.0,2500.0,1900.0,0.0,300.0,2700.0,2371.4285714285716,372.8908942943213
2026-07-18,Uttarakhand,Haridwar,Bhagwanpur(Naveen Mandi Sthal) APMC,Other,1200.0,1500.0,1300.0,2026,7,18,199,5,29,700.0,1150.0,600.0,600.0,150.0,950.0,992.8571428571429,300.59464875001163
2026-07-20,Uttarakhand,Haridwar,Bhagwanpur(Naveen Mandi Sthal) APMC,Other,800.0,1200.0,1001.0,2026,7,20,201,0,30,1300.0,1000.0,900.0,-299.0,1.0,1000.0,1092.857142857143,262.0886800120833
2026-07-21,Uttarakhand,Haridwar,Bhagwanpur(Naveen Mandi Sthal) APMC,Other,1000.0,1300.0,1200.0,2026,7,21,202,1,30,1001.0,700.0,1500.0,199.0,500.0,1000.3333333333334,1107.2857142857142,252.29923654641672
2026-07-23,Uttarakhand,Haridwar,Bhagwanpur(Naveen Mandi Sthal) APMC,Other,1500.0,2500.0,1650.0,2026,7,23,204,3,30,1200.0,1300.0,1100.0,450.0,350.0,1167.0,1064.4285714285713,192.97828646668782
2026-07-24,Uttarakhand,Haridwar,Bhagwanpur(Naveen Mandi Sthal) APMC,Other,600.0,800.0,750.0,2026,7,24,205,4,30,1650.0,1001.0,1150.0,-900.0,-251.0,1283.6666666666667,1143.0,294.91750258900083
2026-07-26,Uttarakhand,Haridwar,Bhagwanpur(Naveen Mandi Sthal) APMC,Other,1200.0,1600.0,1500.0,2026,7,26,207,6,30,750.0,1200.0,1000.0,750.0,300.0,1200.0,1085.857142857143,330.00021645014544
2026-07-27,Uttarakhand,Haridwar,Bhagwanpur(Naveen Mandi Sthal) APMC,Other,600.0,1400.0,800.0,2026,7,27,208,0,31,1500.0,1650.0,700.0,-700.0,-850.0,1300.0,1157.2857142857142,360.9777067381097
2026-07-17,Uttarakhand,Haridwar,Haridwar Union APMC,Dusheri,1000.0,2500.0,1500.0,2026,7,17,198,4,29,1200.0,1600.0,2000.0,300.0,-100.0,1433.3333333333333,1542.857142857143,237.04530408864082
2026-07-18,Uttarakhand,Haridwar,Haridwar Union APMC,Dusheri,1000.0,2200.0,1500.0,2026,7,18,199,5,29,1500.0,1500.0,1500.0,0.0,0.0,1400.0,1471.4285714285713,125.35663410560178
2026-07-21,Uttarakhand,Haridwar,Haridwar Union APMC,Dusheri,1000.0,2000.0,1300.0,2026,7,21,202,1,30,1500.0,1200.0,1500.0,-200.0,100.0,1400.0,1471.4285714285713,125.35663410560178
2026-07-21,Uttarakhand,Haridwar,Haridwar Union APMC,Other,2000.0,3500.0,2500.0,2026,7,21,202,1,30,2200.0,2500.0,2000.0,300.0,0.0,2400.0,2385.714285714286,203.54009783964293
2026-07-22,Uttarakhand,Haridwar,Haridwar Union APMC,Other,2000.0,3500.0,2500.0,2026,7,22,203,2,30,2500.0,2500.0,2500.0,0.0,0.0,2400.0,2457.1428571428573,113.38934190276811
2026-07-23,Uttarakhand,Haridwar,Haridwar Union APMC,Other,1500.0,2500.0,2000.0,2026,7,23,204,3,30,2500.0,2200.0,2500.0,-500.0,-200.0,2400.0,2457.1428571428573,113.38934190276811
2026-07-24,Uttarakhand,Haridwar,Haridwar Union APMC,Other,2000.0,3000.0,2500.0,2026,7,24,205,4,30,2000.0,2500.0,2500.0,500.0,0.0,2333.3333333333335,2385.714285714286,203.54009783964293
2026-07-25,Uttarakhand,Haridwar,Haridwar Union APMC,Other,2000.0,3500.0,2500.0,2026,7,25,206,5,30,2500.0,2500.0,2500.0,0.0,0.0,2333.3333333333335,2385.714285714286,203.54009783964293
2026-07-27,Uttarakhand,Haridwar,Haridwar Union APMC,Other,1500.0,2500.0,2000.0,2026,7,27,208,0,31,2500.0,2000.0,2500.0,-500.0,0.0,2333.3333333333335,2385.714285714286,203.54009783964293
2026-07-28,Uttarakhand,Haridwar,Haridwar Union APMC,Other,2000.0,3000.0,2500.0,2026,7,28,209,1,31,2000.0,2500.0,2200.0,500.0,0.0,2333.3333333333335,2314.285714285714,241.02953780654798
2026-07-29,Uttarakhand,Haridwar,Haridwar Union APMC,Other,1500.0,2500.0,2000.0,2026,7,29,210,2,31,2500.0,2500.0,2500.0,-500.0,-500.0,2333.3333333333335,2357.1428571428573,243.97501823713327
2026-07-14,Uttarakhand,Haridwar,Manglaur APMC,Other,800.0,1200.0,900.0,2026,7,14,195,1,29,800.0,900.0,1200.0,100.0,0.0,900.0,1057.142857142857,161.8347187425374
2026-07-15,Uttarakhand,Haridwar,Manglaur APMC,Other,800.0,1100.0,900.0,2026,7,15,196,2,29,900.0,1000.0,1200.0,0.0,-100.0,900.0,1014.2857142857143,157.3591584938886
2026-07-16,Uttarakhand,Haridwar,Manglaur APMC,Other,800.0,1000.0,900.0,2026,7,16,197,3,29,900.0,800.0,1200.0,0.0,100.0,866.6666666666666,971.4285714285714,138.0131118684708
2026-07-17,Uttarakhand,Haridwar,Manglaur APMC,Other,800.0,1200.0,900.0,2026,7,17,198,4,29,900.0,900.0,1100.0,0.0,0.0,900.0,928.5714285714286,95.11897312113405
2026-07-18,Uttarakhand,Haridwar,Manglaur APMC,Other,800.0,1200.0,1000.0,2026,7,18,199,5,29,900.0,900.0,900.0,100.0,100.0,900.0,900.0,57.735026918962355
2026-07-21,Uttarakhand,Haridwar,Manglaur APMC,Other,800.0,1500.0,1200.0,2026,7,21,202,1,30,1000.0,900.0,1000.0,200.0,300.0,933.3333333333334,914.2857142857143,69.00655593423522
2026-07-22,Uttarakhand,Haridwar,Manglaur APMC,Other,900.0,1400.0,1200.0,2026,7,22,203,2,30,1200.0,900.0,800.0,0.0,300.0,1033.3333333333333,942.8571428571429,127.24180205607026
2026-07-23,Uttarakhand,Haridwar,Manglaur APMC,Other,1000.0,1500.0,1200.0,2026,7,23,204,3,30,1200.0,1000.0,900.0,0.0,200.0,1133.3333333333333,1000.0,141.42135623730937
2026-07-27,Uttarakhand,Haridwar,Manglaur APMC,Other,1000.0,2000.0,1500.0,2026,7,27,208,0,31,1200.0,1200.0,900.0,300.0,300.0,1200.0,1042.857142857143,151.18578920369075
2026-07-28,Uttarakhand,Haridwar,Manglaur APMC,Other,1000.0,1500.0,1200.0,2026,7,28,209,1,31,1500.0,1200.0,900.0,-300.0,0.0,1300.0,1128.5714285714287,213.80899352993939
2026-07-29,Uttarakhand,Haridwar,Manglaur APMC,Other,1000.0,1800.0,1500.0,2026,7,29,210,2,31,1200.0,1200.0,900.0,300.0,300.0,1300.0,1171.4285714285713,188.98223650461344
2026-07-12,Uttarakhand,Haridwar,Roorkee APMC,Other,1100.0,1600.0,1400.0,2026,7,12,193,6,28,1300.0,1300.0,1200.0,100.0,100.0,1300.0,1271.4285714285713,48.79500364742664
2026-07-13,Uttarakhand,Haridwar,Roorkee APMC,Other,1100.0,1600.0,1400.0,2026,7,13,194,0,29,1400.0,1300.0,1300.0,0.0,100.0,1333.3333333333333,1300.0,57.73502691896247
2026-07-14,Uttarakhand,Haridwar,Roorkee APMC,Other,1100.0,1800.0,1350.0,2026,7,14,195,1,29,1400.0,1300.0,1300.0,-50.0,50.0,1366.6666666666667,1314.2857142857142,69.0065559342353
2026-07-16,Uttarakhand,Haridwar,Roorkee APMC,Other,1200.0,1600.0,1400.0,2026,7,16,197,3,29,1350.0,1400.0,1200.0,50.0,0.0,1383.3333333333333,1321.4285714285713,69.86381310057703
2026-07-17,Uttarakhand,Haridwar,Roorkee APMC,Other,1200.0,1600.0,1400.0,2026,7,17,198,4,29,1400.0,1400.0,1300.0,0.0,0.0,1383.3333333333333,1350.0,49.99999999999959
2026-07-18,Uttarakhand,Haridwar,Roorkee APMC,Other,1200.0,2000.0,1500.0,2026,7,18,199,5,29,1400.0,1350.0,1300.0,100.0,150.0,1383.3333333333333,1364.2857142857142,47.5594865605666
2026-07-19,Uttarakhand,Haridwar,Roorkee APMC,Other,1200.0,1800.0,1500.0,2026,7,19,200,6,29,1500.0,1400.0,1300.0,0.0,100.0,1433.3333333333333,1392.857142857143,60.749289629395086
2026-07-20,Uttarakhand,Haridwar,Roorkee APMC,Other,1200.0,1800.0,1500.0,2026,7,20,201,0,30,1500.0,1400.0,1400.0,0.0,100.0,1466.6666666666667,1421.4285714285713,56.69467095138336
2026-07-21,Uttarakhand,Haridwar,Roorkee APMC,Other,1200.0,1800.0,1500.0,2026,7,21,202,1,30,1500.0,1500.0,1400.0,0.0,0.0,1500.0,1435.7142857142858,62.678317052800125
2026-07-22,Uttarakhand,Haridwar,Roorkee APMC,Other,1200.0,2000.0,1500.0,2026,7,22,203,2,30,1500.0,1500.0,1350.0,0.0,0.0,1500.0,1450.0,64.5497224367895
2026-07-23,Uttarakhand,Haridwar,Roorkee APMC,Other,1200.0,2000.0,1500.0,2026,7,23,204,3,30,1500.0,1500.0,1400.0,0.0,0.0,1500.0,1471.4285714285713,48.79500364742548
2026-07-24,Uttarakhand,Haridwar,Roorkee APMC,Other,1200.0,1800.0,1500.0,2026,7,24,205,4,30,1500.0,1500.0,1400.0,0.0,0.0,1500.0,1485.7142857142858,37.79644730092106
2026-07-25,Uttarakhand,Haridwar,Roorkee APMC,Other,1200.0,2000.0,1500.0,2026,7,25,206,5,30,1500.0,1500.0,1500.0,0.0,0.0,1500.0,1500.0,0.0
2026-07-26,Uttarakhand,Haridwar,Roorkee APMC,Other,1200.0,1800.0,1500.0,2026,7,26,207,6,30,1500.0,1500.0,1500.0,0.0,0.0,1500.0,1500.0,0.0
2026-07-27,Uttarakhand,Haridwar,Roorkee APMC,Other,1300.0,2000.0,1600.0,2026,7,27,208,0,31,1500.0,1500.0,1500.0,100.0,100.0,1500.0,1500.0,0.0
2026-07-28,Uttarakhand,Haridwar,Roorkee APMC,Other,1300.0,2000.0,1600.0,2026,7,28,209,1,31,1600.0,1500.0,1500.0,0.0,100.0,1533.3333333333333,1514.2857142857142,37.796447300922736
2026-07-29,Uttarakhand,Haridwar,Roorkee APMC,Other,1200.0,2000.0,1500.0,2026,7,29,210,2,31,1600.0,1500.0,1500.0,-100.0,0.0,1566.6666666666667,1528.5714285714287,48.79500364742671
2026-07-21,Uttarakhand,Nanital,Haldwani APMC,Other,1500.0,3000.0,2200.0,2026,7,21,202,1,30,2250.0,3000.0,1900.0,-50.0,-800.0,2150.0,2021.4285714285713,641.5197729202266
2026-07-22,Uttarakhand,Nanital,Haldwani APMC,Other,1500.0,3000.0,2000.0,2026,7,22,203,2,30,2200.0,1200.0,1400.0,-200.0,800.0,1883.3333333333333,2064.285714285714,642.0762452870413
2026-07-23,Uttarakhand,Nanital,Haldwani APMC,Other,1600.0,2200.0,1800.0,2026,7,23,204,3,30,2000.0,2250.0,1800.0,-200.0,-450.0,2150.0,2150.0,575.1811308912467
2026-07-24,Uttarakhand,Nanital,Haldwani APMC,Other,1500.0,3000.0,2500.0,2026,7,24,205,4,30,1800.0,2200.0,2600.0,700.0,300.0,2000.0,2150.0,575.1811308912467
2026-07-27,Uttarakhand,Nanital,Haldwani APMC,Other,2000.0,2500.0,2200.0,2026,7,27,208,0,31,2500.0,2000.0,3000.0,-300.0,200.0,2100.0,2135.714285714286,563.2600684958102
2026-07-28,Uttarakhand,Nanital,Haldwani APMC,Other,700.0,2500.0,1500.0,2026,7,28,209,1,31,2200.0,1800.0,1200.0,-700.0,-300.0,2166.6666666666665,2021.4285714285713,422.1543387367774
2026-07-29,Uttarakhand,Nanital,Haldwani APMC,Other,800.0,2500.0,1500.0,2026,7,29,210,2,31,1500.0,2500.0,2250.0,0.0,-1000.0,2066.6666666666665,2064.285714285714,330.0432872042263
2026-07-23,Uttarakhand,Nanital,Ramnagar APMC,Other,2000.0,3000.0,2500.0,2026,7,23,204,3,30,2500.0,2500.0,2000.0,0.0,0.0,2500.0,2428.5714285714284,188.9822365046136
2026-07-25,Uttarakhand,Nanital,Ramnagar APMC,Other,2000.0,3000.0,2500.0,2026,7,25,206,5,30,2500.0,2500.0,2500.0,0.0,0.0,2500.0,2500.0,0.0
2026-07-27,Uttarakhand,Udhamsinghnagar,Jaspur(UC) APMC,Other,3000.0,3500.0,3265.0,2026,7,27,208,0,31,2631.0,2339.0,2000.0,634.0,926.0,2590.0,2234.8571428571427,367.9793601872388
2026-07-28,Uttarakhand,Udhamsinghnagar,Jaspur(UC) APMC,Other,3200.0,3500.0,3425.0,2026,7,28,209,1,31,3265.0,2800.0,2000.0,160.0,625.0,2898.6666666666665,2415.5714285714284,514.7630060337985
2026-07-29,Uttarakhand,Udhamsinghnagar,Jaspur(UC) APMC,Other,2800.0,2800.0,2800.0,2026,7,29,210,2,31,3425.0,2631.0,1800.0,-625.0,169.0,3107.0,2619.1428571428573,598.0583663187145
2026-07-18,Uttarakhand,Udhamsinghnagar,Kashipur APMC,Other,2400.0,2500.0,2450.0,2026,7,18,199,5,29,2250.0,2300.0,1450.0,200.0,150.0,2350.0,2142.8571428571427,334.69958100333724
2026-07-20,Uttarakhand,Udhamsinghnagar,Kashipur APMC,Other,2200.0,2400.0,2300.0,2026,7,20,201,0,30,2450.0,2500.0,2100.0,-150.0,-200.0,2400.0,2285.714285714286,154.68862734076967
2026-07-21,Uttarakhand,Udhamsinghnagar,Kashipur APMC,Other,2000.0,2000.0,2000.0,2026,7,21,202,1,30,2300.0,2250.0,2100.0,-300.0,-250.0,2333.3333333333335,2314.285714285714,131.38456820306135
2026-07-22,Uttarakhand,Udhamsinghnagar,Kashipur APMC,Other,2500.0,2500.0,2500.0,2026,7,22,203,2,30,2000.0,2450.0,2300.0,500.0,50.0,2250.0,2300.0,160.72751268321622
2026-07-23,Uttarakhand,Udhamsinghnagar,Kashipur APMC,Other,2200.0,2200.0,2200.0,2026,7,23,204,3,30,2500.0,2300.0,2300.0,-300.0,-100.0,2266.6666666666665,2328.5714285714284,177.61649430055527
2026-07-24,Uttarakhand,Udhamsinghnagar,Kicchha APMC,Chausa,3000.0,4000.0,3500.0,2026,7,24,205,4,30,3500.0,3600.0,4500.0,0.0,-100.0,3533.3333333333335,3657.1428571428573,373.5288603626359
2026-07-25,Uttarakhand,Udhamsinghnagar,Kicchha APMC,Chausa,3000.0,4000.0,3500.0,2026,7,25,206,5,30,3500.0,3500.0,3500.0,0.0,0.0,3500.0,3514.285714285714,37.796447300924285
2026-07-27,Uttarakhand,Udhamsinghnagar,Kicchha APMC,Chausa,3000.0,4000.0,3500.0,2026,7,27,208,0,31,3500.0,3500.0,3500.0,0.0,0.0,3500.0,3514.285714285714,37.796447300924285
2026-07-29,Uttarakhand,Udhamsinghnagar,Kicchha APMC,Chausa,3000.0,4000.0,3500.0,2026,7,29,210,2,31,3500.0,3500.0,3500.0,0.0,0.0,3500.0,3514.285714285714,37.796447300924285
2026-07-17,Uttarakhand,Udhamsinghnagar,Rudrapur APMC,Other,2000.0,4000.0,3000.0,2026,7,17,198,4,29,3000.0,3000.0,2000.0,0.0,0.0,3000.0,2857.1428571428573,377.9644730092272
2026-07-18,Uttarakhand,Udhamsinghnagar,Rudrapur APMC,Other,2000.0,5000.0,3000.0,2026,7,18,199,5,29,3000.0,3000.0,3000.0,0.0,0.0,3000.0,3000.0,0.0
2026-07-21,Uttarakhand,Udhamsinghnagar,Rudrapur APMC,Other,3000.0,6000.0,5000.0,2026,7,21,202,1,30,3000.0,3000.0,3000.0,2000.0,2000.0,3000.0,3000.0,0.0
2026-07-22,Uttarakhand,Udhamsinghnagar,Rudrapur APMC,Other,2000.0,5000.0,4000.0,2026,7,22,203,2,30,5000.0,3000.0,3000.0,-1000.0,1000.0,3666.6666666666665,3285.714285714286,755.9289460184544
2026-07-25,Uttarakhand,Udhamsinghnagar,Rudrapur APMC,Other,4000.0,6500.0,5000.0,2026,7,25,206,5,30,4000.0,3000.0,3000.0,1000.0,2000.0,4000.0,3428.5714285714284,786.7957924694432
2026-07-28,Uttarakhand,Udhamsinghnagar,Rudrapur APMC,Other,4000.0,6000.0,5000.0,2026,7,28,209,1,31,5000.0,5000.0,3000.0,0.0,0.0,4666.666666666667,3714.285714285714,951.1897312113417
2026-07-29,Uttarakhand,Udhamsinghnagar,Rudrapur APMC,Other,4000.0,8000.0,6000.0,2026,7,29,210,2,31,5000.0,4000.0,3000.0,1000.0,2000.0,4666.666666666667,4000.0,999.9999999999997
2026-07-15,Uttarakhand,Udhamsinghnagar,Sitarganj APMC,Dusheri,1500.0,3500.0,2000.0,2026,7,15,196,2,29,2000.0,2000.0,2500.0,0.0,0.0,2000.0,2000.0,288.67513459481285
2026-07-17,Uttarakhand,Udhamsinghnagar,Sitarganj APMC,Dusheri,1500.0,3500.0,2000.0,2026,7,17,198,4,29,2000.0,2000.0,1500.0,0.0,0.0,2000.0,1928.5714285714287,188.9822365046136
2026-07-18,Uttarakhand,Udhamsinghnagar,Sitarganj APMC,Dusheri,2500.0,5000.0,3000.0,2026,7,18,199,5,29,2000.0,2000.0,2000.0,1000.0,1000.0,2000.0,2000.0,0.0
2026-07-21,West Bengal,Kolkata,Mechua APMC,Other,5600.0,6000.0,5800.0,2026,7,21,202,1,30,5600.0,5400.0,4500.0,200.0,400.0,5533.333333333333,5242.857142857143,390.9694909544003
2026-07-22,West Bengal,Kolkata,Mechua APMC,Other,5600.0,6000.0,5800.0,2026,7,22,203,2,30,5800.0,5600.0,5000.0,0.0,200.0,5666.666666666667,5428.571428571428,269.0370836538202
2026-07-23,West Bengal,Kolkata,Mechua APMC,Other,5800.0,6200.0,6000.0,2026,7,23,204,3,30,5800.0,5600.0,5200.0,200.0,400.0,5733.333333333333,5542.857142857143,222.53945610567538
2026-07-25,West Bengal,Kolkata,Mechua APMC,Other,6000.0,6400.0,6200.0,2026,7,25,206,5,30,6000.0,5800.0,5400.0,200.0,400.0,5866.666666666667,5657.142857142857,222.53945610567538
2026-07-26,West Bengal,Kolkata,Mechua APMC,Other,6000.0,6400.0,6200.0,2026,7,26,207,6,30,6200.0,5800.0,5400.0,0.0,400.0,6000.0,5771.428571428572,269.0370836538202
2026-07-28,West Bengal,Kolkata,Mechua APMC,Other,6300.0,6700.0,6500.0,2026,7,28,209,1,31,6200.0,6000.0,5600.0,300.0,500.0,6133.333333333333,5885.714285714285,254.48360411214108
2026-07-29,West Bengal,Kolkata,Mechua APMC,Other,6300.0,6700.0,6500.0,2026,7,29,210,2,31,6500.0,6200.0,5600.0,0.0,300.0,6300.0,6014.285714285715,307.8342163598855
