date,state,district,market,variety,min_price,max_price,modal_price,year,month,day,day_of_year,day_of_week,week_of_year,lag_1_price,lag_3_price,lag_7_price,price_change_1,price_change_3,rolling_mean_3,rolling_mean_7,rolling_std_7,predicted_next_price,predicted_change,predicted_change_percent
2026-07-13,Andhra Pradesh,Chittor,Bangarupalyam APMC,Badami,3000.0,4000.0,3500.0,2026,7,13,194,0,29,3500.0,3500.0,3000.0,0.0,0.0,3500.0,3250.0,381.8813079129867,3439.9612,-60.038818359375,-1.7153948102678573
2026-07-15,Andhra Pradesh,Chittor,Bangarupalyam APMC,Badami,3000.0,5000.0,4000.0,2026,7,15,196,2,29,3500.0,3500.0,2500.0,500.0,500.0,3500.0,3321.4285714285716,374.00662077154783,3642.006,-357.993896484375,-8.949847412109376
2026-07-16,Andhra Pradesh,Chittor,Bangarupalyam APMC,Badami,4000.0,6000.0,5000.0,2026,7,16,197,3,29,4000.0,3500.0,3250.0,1000.0,1500.0,3666.6666666666665,3535.714285714286,224.93385271060973,4537.7715,-462.228515625,-9.2445703125
2026-07-17,Andhra Pradesh,Chittor,Bangarupalyam APMC,Badami,4500.0,6000.0,5000.0,2026,7,17,198,4,29,5000.0,3500.0,3500.0,0.0,1500.0,4166.666666666667,3785.714285714286,566.9467095138411,4585.8228,-414.17724609375,-8.283544921875
2026-07-18,Andhra Pradesh,Chittor,Bangarupalyam APMC,Badami,4000.0,6000.0,5000.0,2026,7,18,199,5,29,5000.0,4000.0,3500.0,0.0,1000.0,4666.666666666667,4000.0,707.1067811865479,4626.6147,-373.38525390625,-7.467705078125
2026-07-19,Andhra Pradesh,Chittor,Bangarupalyam APMC,Badami,3000.0,5000.0,4000.0,2026,7,19,200,6,29,5000.0,5000.0,3500.0,-1000.0,-1000.0,5000.0,4214.285714285715,755.9289460184549,4269.609,269.60888671875,6.74022216796875
2026-07-20,Andhra Pradesh,Chittor,Bangarupalyam APMC,Badami,3000.0,5000.0,4000.0,2026,7,20,201,0,30,4000.0,5000.0,3500.0,0.0,-1000.0,4666.666666666667,4285.714285714285,698.6381310057725,4169.1597,169.15966796875,4.22899169921875
2026-07-29,Andhra Pradesh,Chittor,Bangarupalyam APMC,Neelam,2500.0,3500.0,3000.0,2026,7,29,210,2,31,3000.0,3500.0,3000.0,0.0,-500.0,3333.3333333333335,3214.285714285714,267.2612419124244,3134.053,134.052978515625,4.468432617187499
2026-07-14,Andhra Pradesh,Chittor,Chittoor APMC,Neelam,1200.0,1800.0,1500.0,2026,7,14,195,1,29,1500.0,1500.0,1000.0,0.0,0.0,1500.0,1357.142857142857,243.9750182371333,1530.6915,30.6915283203125,2.0461018880208335
2026-07-15,Andhra Pradesh,Chittor,Chittoor APMC,Neelam,1200.0,1800.0,1500.0,2026,7,15,196,2,29,1500.0,1500.0,1000.0,0.0,0.0,1500.0,1428.571428571429,188.98223650461367,1528.3225,28.322509765625,1.8881673177083331
2026-07-16,Andhra Pradesh,Chittor,Chittoor APMC,Neelam,1200.0,1800.0,1500.0,2026,7,16,197,3,29,1500.0,1500.0,1500.0,0.0,0.0,1500.0,1500.0,0.0,1523.0894,23.08935546875,1.5392903645833333
2026-07-17,Andhra Pradesh,Chittor,Chittoor APMC,Neelam,1200.0,1800.0,1500.0,2026,7,17,198,4,29,1500.0,1500.0,1500.0,0.0,0.0,1500.0,1500.0,0.0,1514.0869,14.0869140625,0.9391276041666667
2026-07-18,Andhra Pradesh,Chittor,Chittoor APMC,Neelam,2000.0,2500.0,2300.0,2026,7,18,199,5,29,1500.0,1500.0,1500.0,800.0,800.0,1500.0,1500.0,0.0,2283.418,-16.58203125,-0.7209578804347826
2026-07-20,Andhra Pradesh,Chittor,Chittoor APMC,Neelam,2000.0,2500.0,2300.0,2026,7,20,201,0,30,2300.0,1500.0,1500.0,0.0,800.0,1766.6666666666667,1614.2857142857142,302.3715784073818,2275.0112,-24.98876953125,-1.0864682404891306
2026-07-21,Andhra Pradesh,Chittor,Chittoor APMC,Neelam,2000.0,2500.0,2300.0,2026,7,21,202,1,30,2300.0,1500.0,1500.0,0.0,800.0,2033.3333333333333,1728.571428571429,390.3600291794133,2328.8867,28.88671875,1.255944293478261
2026-07-22,Andhra Pradesh,Chittor,Chittoor APMC,Neelam,2000.0,2500.0,2300.0,2026,7,22,203,2,30,2300.0,2300.0,1500.0,0.0,0.0,2300.0,1842.857142857143,427.6179870598791,2335.6187,35.61865234375,1.548637058423913
2026-07-23,Andhra Pradesh,Chittor,Chittoor APMC,Neelam,2000.0,2500.0,2300.0,2026,7,23,204,3,30,2300.0,2300.0,1500.0,0.0,0.0,2300.0,1957.142857142857,427.6179870598791,2337.693,37.693115234375,1.6388310971467392
2026-07-24,Andhra Pradesh,Chittor,Chittoor APMC,Neelam,2000.0,2500.0,2300.0,2026,7,24,205,4,30,2300.0,2300.0,1500.0,0.0,0.0,2300.0,2071.4285714285716,390.36002917941346,2311.8123,11.812255859375,0.5135763417119565
2026-07-13,Andhra Pradesh,Chittor,Chittoor APMC,Totapuri,300.0,500.0,400.0,2026,7,13,194,0,29,400.0,400.0,400.0,0.0,0.0,400.0,400.0,0.0,469.4877,69.48770141601562,17.371925354003906
2026-07-14,Andhra Pradesh,Chittor,Chittoor APMC,Totapuri,300.0,500.0,400.0,2026,7,14,195,1,29,400.0,400.0,400.0,0.0,0.0,400.0,400.0,0.0,462.95636,62.95635986328125,15.739089965820312
2026-07-15,Andhra Pradesh,Chittor,Chittoor APMC,Totapuri,300.0,500.0,400.0,2026,7,15,196,2,29,400.0,400.0,400.0,0.0,0.0,400.0,400.0,0.0,459.04102,59.041015625,14.760253906250002
2026-07-16,Andhra Pradesh,Chittor,Chittoor APMC,Totapuri,300.0,500.0,400.0,2026,7,16,197,3,29,400.0,400.0,400.0,0.0,0.0,400.0,400.0,0.0,459.336,59.33599853515625,14.833999633789062
2026-07-17,Andhra Pradesh,Chittor,Chittoor APMC,Totapuri,600.0,800.0,600.0,2026,7,17,198,4,29,400.0,400.0,400.0,200.0,200.0,400.0,400.0,0.0,876.3367,276.336669921875,46.05611165364583
2026-07-18,Andhra Pradesh,Chittor,Chittoor APMC,Totapuri,600.0,800.0,600.0,2026,7,18,199,5,29,600.0,400.0,400.0,0.0,200.0,466.6666666666667,428.57142857142856,75.59289460184544,834.5894,234.58941650390625,39.098236083984375
2026-07-14,Andhra Pradesh,Tirupathi,Thiruchanur APMC,Other,800.0,2400.0,1600.0,2026,7,14,195,1,29,1500.0,1450.0,1350.0,100.0,150.0,1500.0,1600.0,202.07259421636903,1646.4031,46.403076171875,2.9001922607421875
2026-07-22,Andhra Pradesh,Tirupathi,Thiruchanur APMC,Other,1000.0,2000.0,1600.0,2026,7,22,203,2,30,1600.0,1550.0,1950.0,0.0,50.0,1550.0,1635.7142857142858,170.08401285415226,1619.5999,19.599853515625,1.2249908447265625
2026-07-14,Andhra Pradesh,Tirupathi,Thiruchanur APMC,Totapuri,600.0,1800.0,1200.0,2026,7,14,195,1,29,1250.0,1300.0,1200.0,-50.0,-100.0,1316.6666666666667,1328.571428571429,199.70215917949503,1344.2465,144.2464599609375,12.020538330078125
2026-07-21,Bihar,East Champaran/ Motihari,Motihari APMC,Other,7000.0,8000.0,7500.0,2026,7,21,202,1,30,6200.0,6200.0,6200.0,1300.0,1300.0,6200.0,6085.714285714285,195.18001458970656,7102.3286,-397.67138671875,-5.30228515625
2026-07-22,Bihar,East Champaran/ Motihari,Motihari APMC,Other,7200.0,8000.0,7500.0,2026,7,22,203,2,30,7500.0,6200.0,5800.0,0.0,1300.0,6633.333333333333,6271.428571428572,573.626724488686,6924.187,-575.81298828125,-7.677506510416666
2026-07-24,Bihar,East Champaran/ Motihari,Motihari APMC,Other,7500.0,8500.0,8000.0,2026,7,24,205,4,30,7500.0,6200.0,5800.0,500.0,1800.0,7066.666666666667,6514.285714285715,689.0296835129127,7138.2505,-861.74951171875,-10.771868896484376
2026-07-26,Bihar,East Champaran/ Motihari,Motihari APMC,Other,8000.0,8500.0,8200.0,2026,7,26,207,6,30,8000.0,7500.0,6200.0,200.0,700.0,7666.666666666667,6828.571428571428,801.4867137894125,7461.152,-738.84814453125,-9.010343225990853
2026-07-28,Bihar,East Champaran/ Motihari,Motihari APMC,Other,8000.0,8500.0,8200.0,2026,7,28,209,1,31,8200.0,7500.0,6200.0,0.0,700.0,7900.0,7114.285714285715,891.4941978285129,7820.082,-379.91796875,-4.633145960365854
2026-07-12,Chandigarh,Chandigarh,Chandigarh (Grain/F&V) APMC,Other,2000.0,6000.0,5000.0,2026,7,12,193,6,28,6000.0,6000.0,6000.0,-1000.0,-1000.0,5666.666666666667,5857.142857142857,377.9644730092272,5202.569,202.56884765625,4.051376953125
2026-07-14,Chandigarh,Chandigarh,Chandigarh (Grain/F&V) APMC,Other,1000.0,8000.0,6000.0,2026,7,14,195,1,29,5000.0,5000.0,6000.0,1000.0,1000.0,5333.333333333333,5714.285714285715,487.9500364742664,5556.0073,-443.99267578125,-7.3998779296874995
2026-07-15,Chandigarh,Chandigarh,Chandigarh (Grain/F&V) APMC,Other,2000.0,6000.0,5000.0,2026,7,15,196,2,29,6000.0,6000.0,6000.0,-1000.0,-1000.0,5666.666666666667,5714.285714285715,487.9500364742664,5108.0674,108.0673828125,2.1613476562500002
2026-07-16,Chandigarh,Chandigarh,Chandigarh (Grain/F&V) APMC,Other,2000.0,8000.0,6000.0,2026,7,16,197,3,29,5000.0,5000.0,6000.0,1000.0,1000.0,5333.333333333333,5571.428571428572,534.5224838248485,5519.122,-480.8779296875,-8.014632161458334
2026-07-17,Chandigarh,Chandigarh,Chandigarh (Grain/F&V) APMC,Other,2000.0,8000.0,6000.0,2026,7,17,198,4,29,6000.0,6000.0,6000.0,0.0,0.0,5666.666666666667,5571.428571428572,534.5224838248485,5735.0615,-264.9384765625,-4.415641276041667
2026-07-18,Chandigarh,Chandigarh,Chandigarh (Grain/F&V) APMC,Other,2000.0,8000.0,6000.0,2026,7,18,199,5,29,6000.0,5000.0,5000.0,0.0,1000.0,5666.666666666667,5571.428571428572,534.5224838248485,5684.08,-315.919921875,-5.26533203125
2026-07-21,Chandigarh,Chandigarh,Chandigarh (Grain/F&V) APMC,Other,1000.0,6000.0,5000.0,2026,7,21,202,1,30,6000.0,6000.0,6000.0,-1000.0,-1000.0,6000.0,5714.285714285715,487.9500364742664,5154.3315,154.33154296875,3.086630859375
2026-07-22,Chandigarh,Chandigarh,Chandigarh (Grain/F&V) APMC,Other,1000.0,6000.0,5000.0,2026,7,22,203,2,30,5000.0,6000.0,5000.0,0.0,-1000.0,5666.666666666667,5571.428571428572,534.5224838248485,4931.9404,-68.0595703125,-1.36119140625
2026-07-23,Chandigarh,Chandigarh,Chandigarh (Grain/F&V) APMC,Other,1000.0,7000.0,5500.0,2026,7,23,204,3,30,5000.0,6000.0,6000.0,500.0,-500.0,5333.333333333333,5571.428571428572,534.5224838248485,5210.0156,-289.984375,-5.272443181818182
2026-07-24,Chandigarh,Chandigarh,Chandigarh (Grain/F&V) APMC,Other,1000.0,6000.0,5500.0,2026,7,24,205,4,30,5500.0,5000.0,5000.0,0.0,500.0,5166.666666666667,5500.0,499.99999999999955,5217.289,-282.7109375,-5.140198863636364
2026-07-25,Chandigarh,Chandigarh,Chandigarh (Grain/F&V) APMC,Other,1000.0,6000.0,5500.0,2026,7,25,206,5,30,5500.0,5000.0,6000.0,0.0,500.0,5333.333333333333,5571.428571428572,449.8677054212183,5251.4316,-248.568359375,-4.519424715909091
2026-07-26,Chandigarh,Chandigarh,Chandigarh (Grain/F&V) APMC,Other,1000.0,6000.0,5500.0,2026,7,26,207,6,30,5500.0,5500.0,6000.0,0.0,0.0,5500.0,5500.0,408.2482904638626,5412.646,-87.35400390625,-1.5882546164772728
2026-07-28,Chattisgarh,Bilaspur,Tiphra APMC,Dusheri,3000.0,3500.0,3200.0,2026,7,28,209,1,31,3100.0,4400.0,4800.0,100.0,-1200.0,3633.3333333333335,3985.714285714286,589.9959644736886,3223.813,23.81298828125,0.7441558837890625
2026-07-29,Chattisgarh,Bilaspur,Tiphra APMC,Dusheri,3000.0,3200.0,3100.0,2026,7,29,210,2,31,3200.0,3400.0,4200.0,-100.0,-300.0,3233.3333333333335,3757.142857142858,528.7001130355555,3041.2212,-58.77880859375,-1.896090599798387
2026-07-15,Chattisgarh,Durg,Durg APMC,Dusheri,5000.0,6000.0,6000.0,2026,7,15,196,2,29,6000.0,6000.0,6000.0,0.0,0.0,6000.0,6285.714285714285,487.95003647426654,5893.0034,-106.99658203125,-1.7832763671875003
2026-07-16,Chattisgarh,Durg,Durg APMC,Dusheri,4000.0,6000.0,6000.0,2026,7,16,197,3,29,6000.0,6000.0,7000.0,0.0,0.0,6000.0,6285.714285714285,487.95003647426654,5898.2183,-101.78173828125,-1.6963623046875
2026-07-17,Chattisgarh,Durg,Durg APMC,Dusheri,5000.0,6000.0,6000.0,2026,7,17,198,4,29,6000.0,6000.0,7000.0,0.0,0.0,6000.0,6142.857142857143,377.96447300922694,5946.3823,-53.61767578125,-0.8936279296875
2026-07-18,Chattisgarh,Durg,Durg APMC,Dusheri,6000.0,7000.0,6000.0,2026,7,18,199,5,29,6000.0,6000.0,6000.0,0.0,0.0,6000.0,6000.0,0.0,5933.914,-66.0859375,-1.1014322916666666
2026-07-21,Chattisgarh,Durg,Durg APMC,Dusheri,4000.0,6000.0,6000.0,2026,7,21,202,1,30,6000.0,6000.0,6000.0,0.0,0.0,6000.0,6000.0,0.0,5681.0317,-318.96826171875,-5.3161376953124995
2026-07-22,Chattisgarh,Durg,Durg APMC,Dusheri,5000.0,6000.0,6000.0,2026,7,22,203,2,30,6000.0,6000.0,6000.0,0.0,0.0,6000.0,6000.0,0.0,5868.483,-131.51708984375,-2.1919514973958334
2026-07-24,Chattisgarh,Durg,Durg APMC,Dusheri,5000.0,6000.0,5000.0,2026,7,24,205,4,30,6000.0,6000.0,6000.0,-1000.0,-1000.0,6000.0,6000.0,0.0,5305.539,305.5390625,6.11078125
2026-07-25,Chattisgarh,Durg,Durg APMC,Dusheri,4000.0,6000.0,6000.0,2026,7,25,206,5,30,5000.0,6000.0,6000.0,1000.0,0.0,5666.666666666667,5857.142857142857,377.9644730092272,5325.2007,-674.79931640625,-11.2466552734375
2026-07-29,Chattisgarh,Durg,Durg APMC,Dusheri,5000.0,6000.0,6000.0,2026,7,29,210,2,31,6000.0,6000.0,6000.0,0.0,0.0,5666.666666666667,5857.142857142857,377.9644730092272,5790.3706,-209.62939453125,-3.4938232421875
2026-07-17,Goa,North Goa,Mapusa APMC,Neelam,5000.0,6000.0,5500.0,2026,7,17,198,4,29,5000.0,5000.0,5500.0,500.0,500.0,5000.0,5071.428571428572,188.98223650461367,5359.0146,-140.9853515625,-2.563370028409091
2026-07-18,Goa,North Goa,Mapusa APMC,Neelam,5000.0,6000.0,5500.0,2026,7,18,199,5,29,5500.0,5000.0,5000.0,0.0,500.0,5166.666666666667,5071.428571428572,188.9822365046136,5372.464,-127.5361328125,-2.318838778409091
2026-07-20,Goa,North Goa,Mapusa APMC,Neelam,4000.0,6000.0,5000.0,2026,7,20,201,0,30,5500.0,5000.0,5000.0,-500.0,0.0,5333.333333333333,5142.857142857143,243.97501823713313,4933.461,-66.5390625,-1.33078125
2026-07-21,Goa,North Goa,Mapusa APMC,Neelam,4000.0,6000.0,5000.0,2026,7,21,202,1,30,5000.0,5500.0,5000.0,0.0,-500.0,5333.333333333333,5142.857142857143,243.97501823713313,4909.813,-90.18701171875,-1.8037402343750002
2026-07-22,Goa,North Goa,Mapusa APMC,Neelam,4000.0,6000.0,5000.0,2026,7,22,203,2,30,5000.0,5500.0,5000.0,0.0,-500.0,5166.666666666667,5142.857142857143,243.97501823713313,4922.6167,-77.38330078125,-1.547666015625
2026-07-23,Goa,North Goa,Mapusa APMC,Neelam,4000.0,6000.0,5000.0,2026,7,23,204,3,30,5000.0,5000.0,5000.0,0.0,0.0,5000.0,5142.857142857143,243.97501823713313,4937.8706,-62.12939453125,-1.242587890625
2026-07-24,Goa,North Goa,Mapusa APMC,Neelam,4000.0,6000.0,5000.0,2026,7,24,205,4,30,5000.0,5000.0,5000.0,0.0,0.0,5000.0,5142.857142857143,243.97501823713313,4950.0796,-49.92041015625,-0.9984082031249999
2026-07-18,Gujarat,Bharuch,Bharuch APMC,Langra,2500.0,3500.0,3000.0,2026,7,18,199,5,29,2500.0,2500.0,3000.0,500.0,500.0,2666.6666666666665,2828.5714285714284,236.038737740833,2915.2332,-84.766845703125,-2.8255615234375
2026-07-21,Gujarat,Bharuch,Bharuch APMC,Langra,2000.0,3500.0,2500.0,2026,7,21,202,1,30,3000.0,3000.0,2800.0,-500.0,-500.0,2833.3333333333335,2828.5714285714284,236.038737740833,2641.3923,141.392333984375,5.655693359374999
2026-07-24,Gujarat,Bharuch,Bharuch APMC,Langra,2000.0,3500.0,2500.0,2026,7,24,205,4,30,2500.0,2500.0,3000.0,0.0,0.0,2666.6666666666665,2785.714285714286,267.2612419124245,2606.1042,106.104248046875,4.244169921875
2026-07-27,Gujarat,Bharuch,Bharuch APMC,Langra,2500.0,3500.0,3000.0,2026,7,27,208,0,31,2500.0,3000.0,3000.0,500.0,0.0,2666.6666666666665,2714.285714285714,267.2612419124246,2916.981,-83.01904296875,-2.7673014322916667
2026-07-24,Gujarat,Bharuch,Bharuch APMC,Totapuri,1500.0,2500.0,2000.0,2026,7,24,205,4,30,2000.0,1500.0,2200.0,0.0,500.0,1833.3333333333333,1957.142857142857,214.91969707422396,2022.8949,22.8948974609375,1.144744873046875
2026-07-27,Gujarat,Bharuch,Bharuch APMC,Totapuri,1500.0,2500.0,1800.0,2026,7,27,208,0,31,2000.0,2000.0,2000.0,-200.0,-200.0,2000.0,1928.571428571429,188.9822365046136,1916.0206,116.0206298828125,6.445590549045139
2026-07-17,Gujarat,Mehsana,Mehsana(Mehsana Veg) APMC,Badami,1500.0,6000.0,4500.0,2026,7,17,198,4,29,5000.0,3500.0,5000.0,-500.0,1000.0,4333.333333333333,4500.0,577.3502691896257,4374.135,-125.865234375,-2.797005208333333
2026-07-18,Gujarat,Mehsana,Mehsana(Mehsana Veg) APMC,Badami,1500.0,6000.0,4000.0,2026,7,18,199,5,29,4500.0,4500.0,4500.0,-500.0,-500.0,4666.666666666667,4428.571428571428,534.5224838248488,4097.092,97.091796875,2.4272949218749997
2026-07-20,Gujarat,Mehsana,Mehsana(Mehsana Veg) APMC,Badami,1500.0,6000.0,4500.0,2026,7,20,201,0,30,4000.0,5000.0,4000.0,500.0,-500.0,4500.0,4357.142857142857,556.3486402641867,4152.4346,-347.5654296875,-7.723676215277778
2026-07-21,Gujarat,Mehsana,Mehsana(Mehsana Veg) APMC,Badami,1750.0,5000.0,4000.0,2026,7,21,202,1,30,4500.0,4500.0,5000.0,-500.0,-500.0,4333.333333333333,4428.571428571428,534.5224838248488,3995.634,-4.365966796875,-0.109149169921875
2026-07-22,Gujarat,Mehsana,Mehsana(Mehsana Veg) APMC,Badami,2000.0,5000.0,4000.0,2026,7,22,203,2,30,4000.0,4000.0,3500.0,0.0,0.0,4166.666666666667,4285.714285714285,487.9500364742664,3973.0808,-26.919189453125,-0.672979736328125
2026-07-23,Gujarat,Mehsana,Mehsana(Mehsana Veg) APMC,Badami,1500.0,4500.0,3500.0,2026,7,23,204,3,30,4000.0,4500.0,4500.0,-500.0,-1000.0,4166.666666666667,4357.142857142857,377.9644730092271,3690.214,190.214111328125,5.434688895089286
2026-07-24,Gujarat,Mehsana,Mehsana(Mehsana Veg) APMC,Badami,2000.0,4500.0,3500.0,2026,7,24,205,4,30,3500.0,4000.0,5000.0,0.0,-500.0,3833.3333333333335,4214.285714285715,487.9500364742664,3760.0344,260.034423828125,7.429554966517856
2026-07-27,Gujarat,Mehsana,Mehsana(Mehsana Veg) APMC,Badami,1750.0,4250.0,3500.0,2026,7,27,208,0,31,3500.0,4000.0,4500.0,0.0,-500.0,3666.6666666666665,4000.0,408.2482904638624,3701.0686,201.068603515625,5.744817243303571
2026-07-28,Gujarat,Mehsana,Mehsana(Mehsana Veg) APMC,Badami,1500.0,3500.0,3000.0,2026,7,28,209,1,31,3500.0,3500.0,4000.0,-500.0,-500.0,3500.0,3857.142857142858,377.9644730092264,3082.2153,82.21533203125,2.7405110677083333
2026-07-29,Gujarat,Mehsana,Mehsana(Mehsana Veg) APMC,Badami,4000.0,6000.0,5000.0,2026,7,29,210,2,31,3000.0,3500.0,4500.0,2000.0,1500.0,3333.3333333333335,3714.285714285714,487.95003647426574,4494.566,-505.43408203125,-10.108681640625
2026-07-15,Haryana,Ambala,Naraingarh APMC,Mango,1500.0,4000.0,2200.0,2026,7,15,196,2,29,2500.0,2200.0,2000.0,-300.0,0.0,2233.3333333333335,2242.8571428571427,382.3486317361109,2346.1482,146.148193359375,6.64309969815341
2026-07-16,Haryana,Ambala,Naraingarh APMC,Mango,1700.0,4000.0,2200.0,2026,7,16,197,3,29,2200.0,2000.0,2000.0,0.0,200.0,2233.3333333333335,2271.4285714285716,368.3941988065036,2314.038,114.0380859375,5.183549360795454
2026-07-18,Haryana,Ambala,Naraingarh APMC,Mango,1000.0,4000.0,2500.0,2026,7,18,199,5,29,2200.0,2500.0,3000.0,300.0,0.0,2300.0,2300.0,351.18845842842467,2468.8325,-31.16748046875,-1.24669921875
2026-07-20,Haryana,Ambala,Naraingarh APMC,Mango,1500.0,3000.0,2000.0,2026,7,20,201,0,30,2500.0,2200.0,2000.0,-500.0,-200.0,2300.0,2228.5714285714284,205.86634591635496,2256.466,256.466064453125,12.823303222656248
2026-07-21,Haryana,Ambala,Naraingarh APMC,Mango,1500.0,2000.0,1850.0,2026,7,21,202,1,30,2000.0,2200.0,2200.0,-150.0,-350.0,2233.3333333333335,2228.5714285714284,205.86634591635496,1917.9412,67.941162109375,3.6724952491554053
2026-07-22,Haryana,Ambala,Naraingarh APMC,Mango,1500.0,6000.0,2500.0,2026,7,22,203,2,30,1850.0,2500.0,2000.0,650.0,0.0,2116.6666666666665,2178.5714285714284,251.42451295425755,2746.0332,246.033203125,9.841328125
2026-07-23,Haryana,Ambala,Naraingarh APMC,Mango,1800.0,5000.0,2500.0,2026,7,23,204,3,30,2500.0,2000.0,2500.0,0.0,500.0,2116.6666666666665,2250.0,262.99556396765826,2686.217,186.217041015625,7.448681640625001
2026-07-24,Haryana,Ambala,Naraingarh APMC,Mango,2000.0,4000.0,2500.0,2026,7,24,205,4,30,2500.0,1850.0,2200.0,0.0,650.0,2283.3333333333335,2250.0,262.99556396765826,2551.7092,51.709228515625,2.0683691406249998
2026-07-25,Haryana,Ambala,Naraingarh APMC,Mango,1500.0,4000.0,2200.0,2026,7,25,206,5,30,2500.0,2500.0,2200.0,-300.0,-300.0,2500.0,2292.8571428571427,277.5316369782182,2383.6445,183.64453125,8.347478693181818
2026-07-27,Haryana,Ambala,Naraingarh APMC,Mango,1100.0,5000.0,2500.0,2026,7,27,208,0,31,2200.0,2500.0,2500.0,300.0,0.0,2400.0,2292.8571428571427,277.5316369782182,2645.2666,145.2666015625,5.8106640625
2026-07-28,Haryana,Ambala,Naraingarh APMC,Mango,2000.0,4000.0,2500.0,2026,7,28,209,1,31,2500.0,2500.0,2000.0,0.0,0.0,2400.0,2292.8571428571427,277.5316369782182,2590.0857,90.085693359375,3.603427734375
2026-07-29,Haryana,Ambala,Naraingarh APMC,Mango,2200.0,3500.0,2600.0,2026,7,29,210,2,31,2500.0,2200.0,1850.0,100.0,400.0,2400.0,2364.285714285714,252.84100029182656,2644.6711,44.671142578125,1.718120868389423
2026-07-18,Haryana,Ambala,Shahzadpur APMC,Langra,2500.0,2500.0,2500.0,2026,7,18,199,5,29,1300.0,2000.0,2200.0,1200.0,500.0,1766.6666666666667,2128.5714285714284,534.5224838248488,2239.8228,-260.17724609375,-10.40708984375
2026-07-20,Haryana,Ambala,Shahzadpur APMC,Langra,2400.0,2400.0,2400.0,2026,7,20,201,0,30,2500.0,2000.0,2300.0,-100.0,400.0,1933.3333333333333,2171.4285714285716,552.9143565818179,2342.6611,-57.3388671875,-2.3891194661458335
2026-07-21,Haryana,Ambala,Shahzadpur APMC,Langra,2300.0,2300.0,2300.0,2026,7,21,202,1,30,2400.0,1300.0,2000.0,-100.0,1000.0,2066.6666666666665,2185.714285714286,558.0578567035603,2291.6853,-8.314697265625,-0.3615085767663043
2026-07-22,Haryana,Ambala,Shahzadpur APMC,Langra,3000.0,3000.0,3000.0,2026,7,22,203,2,30,2300.0,2500.0,3100.0,700.0,500.0,2400.0,2228.5714285714284,552.914356581818,2786.243,-213.757080078125,-7.125236002604167
2026-07-22,Haryana,Faridabad,Ballabhgarh APMC,Other,5000.0,6000.0,5500.0,2026,7,22,203,2,30,4500.0,4500.0,5500.0,1000.0,1000.0,4500.0,4785.714285714285,487.9500364742666,5225.6494,-274.3505859375,-4.988192471590909
2026-07-23,Haryana,Faridabad,Ballabhgarh APMC,Other,4000.0,5000.0,4500.0,2026,7,23,204,3,30,5500.0,4500.0,5500.0,-1000.0,0.0,4833.333333333333,4785.714285714285,487.9500364742666,4681.3164,181.31640625,4.029253472222223
2026-07-24,Haryana,Faridabad,Ballabhgarh APMC,Other,4000.0,5000.0,4500.0,2026,7,24,205,4,30,4500.0,4500.0,4500.0,0.0,0.0,4833.333333333333,4642.857142857143,377.96447300922705,4636.079,136.0791015625,3.0239800347222223
2026-07-25,Haryana,Faridabad,Ballabhgarh APMC,Other,3000.0,4500.0,4000.0,2026,7,25,206,5,30,4500.0,5500.0,4500.0,-500.0,-1500.0,4833.333333333333,4642.857142857143,377.96447300922705,4205.437,205.43701171875,5.13592529296875
2026-07-27,Haryana,Faridabad,Ballabhgarh APMC,Other,4000.0,5000.0,4500.0,2026,7,27,208,0,31,4000.0,4500.0,4500.0,500.0,0.0,4333.333333333333,4571.428571428572,449.8677054212184,4235.6787,-264.3212890625,-5.873806423611111
2026-07-29,Haryana,Faridabad,Ballabhgarh APMC,Other,4000.0,5000.0,4500.0,2026,7,29,210,2,31,4500.0,4500.0,4500.0,0.0,0.0,4333.333333333333,4571.428571428572,449.8677054212184,4557.578,57.578125,1.2795138888888888
2026-07-20,Haryana,Faridabad,Faridabad APMC,Other,5500.0,5500.0,5500.0,2026,7,20,201,0,30,5500.0,5500.0,6000.0,0.0,0.0,5500.0,4857.142857142857,1029.3317295817756,5434.2686,-65.7314453125,-1.1951171875
2026-07-23,Haryana,Faridabad,Faridabad APMC,Other,4500.0,4500.0,4500.0,2026,7,23,204,3,30,5500.0,5500.0,4500.0,-1000.0,-1000.0,5500.0,4785.714285714285,951.1897312113418,4633.9756,133.9755859375,2.9772352430555555
2026-07-26,Haryana,Faridabad,Faridabad APMC,Other,5500.0,5500.0,5500.0,2026,7,26,207,6,30,4500.0,5500.0,3500.0,1000.0,0.0,5166.666666666667,4785.714285714285,951.1897312113418,5315.0215,-184.978515625,-3.3632457386363632
2026-07-27,Haryana,Faridabad,Faridabad APMC,Other,6000.0,6000.0,6000.0,2026,7,27,208,0,31,5500.0,5500.0,3500.0,500.0,500.0,5166.666666666667,5071.428571428572,786.7957924694432,5723.4976,-276.50244140625,-4.6083740234374995
2026-07-28,Haryana,Faridabad,Faridabad APMC,Other,7000.0,7000.0,7000.0,2026,7,28,209,1,31,6000.0,4500.0,5500.0,1000.0,2500.0,5333.333333333333,5428.571428571428,449.86770542121826,6536.682,-463.31787109375,-6.6188267299107135
2026-07-29,Haryana,Faridabad,Faridabad APMC,Other,6500.0,6500.0,6500.0,2026,7,29,210,2,31,7000.0,5500.0,5500.0,-500.0,1000.0,6166.666666666667,5642.857142857143,748.0132415430951,6748.227,248.22705078125,3.8188777043269226
2026-07-21,Haryana,Fatehabad,Fatehabad APMC,Other,12000.0,12000.0,12000.0,2026,7,21,202,1,30,8000.0,8000.0,8000.0,4000.0,4000.0,7666.666666666667,8000.0,577.3502691896257,11663.925,-336.0751953125,-2.8006266276041667
2026-07-23,Haryana,Fatehabad,Fatehabad APMC,Other,12000.0,12000.0,12000.0,2026,7,23,204,3,30,12000.0,7000.0,8000.0,0.0,5000.0,9000.0,8571.42857142857,1618.3471874253742,11853.27,-146.73046875,-1.2227539062500001
2026-07-27,Haryana,Fatehabad,Fatehabad APMC,Other,10000.0,10000.0,10000.0,2026,7,27,208,0,31,12000.0,8000.0,9000.0,-2000.0,2000.0,10666.666666666666,9142.857142857143,2035.4009783964295,10250.377,250.376953125,2.50376953125
2026-07-28,Haryana,Fatehabad,Fatehabad APMC,Other,8000.0,8000.0,8000.0,2026,7,28,209,1,31,10000.0,12000.0,8000.0,-2000.0,-4000.0,11333.333333333334,9285.714285714286,2058.663459163551,8429.134,429.1337890625,5.36417236328125
2026-07-29,Haryana,Fatehabad,Fatehabad APMC,Other,8000.0,8000.0,8000.0,2026,7,29,210,2,31,8000.0,12000.0,8000.0,0.0,-4000.0,10000.0,9285.714285714286,2058.663459163551,8018.329,18.3291015625,0.22911376953124998
2026-07-17,Haryana,Gurgaon,Gurgaon APMC,Other,2000.0,6000.0,4000.0,2026,7,17,198,4,29,4000.0,4000.0,4000.0,0.0,0.0,4000.0,3571.4285714285716,534.5224838248488,3924.4954,-75.504638671875,-1.887615966796875
2026-07-19,Haryana,Gurgaon,Gurgaon APMC,Other,3000.0,5000.0,4000.0,2026,7,19,200,6,29,4000.0,4000.0,3000.0,0.0,0.0,4000.0,3571.4285714285716,534.5224838248488,4021.979,21.97900390625,0.54947509765625
2026-07-20,Haryana,Gurgaon,Gurgaon APMC,Other,3000.0,5000.0,4000.0,2026,7,20,201,0,30,4000.0,4000.0,3000.0,0.0,0.0,4000.0,3714.285714285714,487.9500364742665,3970.9097,-29.09033203125,-0.72725830078125
2026-07-22,Haryana,Gurgaon,Gurgaon APMC,Other,3000.0,5000.0,4000.0,2026,7,22,203,2,30,4000.0,4000.0,3000.0,0.0,0.0,4000.0,3857.142857142858,377.9644730092269,3970.9414,-29.05859375,-0.72646484375
2026-07-23,Haryana,Gurgaon,Gurgaon APMC,Other,3000.0,5000.0,4000.0,2026,7,23,204,3,30,4000.0,4000.0,4000.0,0.0,0.0,4000.0,4000.0,0.0,4003.029,3.029052734375,0.075726318359375
2026-07-24,Haryana,Gurgaon,Gurgaon APMC,Other,3000.0,5000.0,4000.0,2026,7,24,205,4,30,4000.0,4000.0,4000.0,0.0,0.0,4000.0,4000.0,0.0,3997.391,-2.60888671875,-0.06522216796875
2026-07-25,Haryana,Gurgaon,Gurgaon APMC,Other,3000.0,5000.0,4000.0,2026,7,25,206,5,30,4000.0,4000.0,4000.0,0.0,0.0,4000.0,4000.0,0.0,3975.7915,-24.20849609375,-0.60521240234375
2026-07-27,Haryana,Gurgaon,Gurgaon APMC,Other,3000.0,5000.0,4000.0,2026,7,27,208,0,31,4000.0,4000.0,4000.0,0.0,0.0,4000.0,4000.0,0.0,3975.1377,-24.8623046875,-0.6215576171875
2026-07-28,Haryana,Gurgaon,Gurgaon APMC,Other,3000.0,5000.0,4000.0,2026,7,28,209,1,31,4000.0,4000.0,4000.0,0.0,0.0,4000.0,4000.0,0.0,4006.51,6.510009765625,0.162750244140625
2026-07-29,Haryana,Gurgaon,Gurgaon APMC,Other,5000.0,7000.0,6000.0,2026,7,29,210,2,31,4000.0,4000.0,4000.0,2000.0,2000.0,4000.0,4000.0,0.0,5468.849,-531.15087890625,-8.8525146484375
2026-07-29,Haryana,Gurgaon,Pataudi APMC,Other,4000.0,4500.0,4200.0,2026,7,29,210,2,31,3200.0,3200.0,2800.0,1000.0,1000.0,4133.333333333333,3600.0,1161.8950038622252,4001.6167,-198.38330078125,-4.723411923363095
2026-07-15,Haryana,Hissar,Barwala(Hisar) APMC,Other,2000.0,10000.0,4500.0,2026,7,15,196,2,29,5000.0,5000.0,5500.0,-500.0,-500.0,4833.333333333333,4785.714285714285,393.39789623472154,4620.3125,120.3125,2.673611111111111
2026-07-16,Haryana,Hissar,Barwala(Hisar) APMC,Other,2600.0,10000.0,5000.0,2026,7,16,197,3,29,4500.0,4500.0,4500.0,500.0,500.0,4666.666666666667,4642.857142857143,243.9750182371329,4865.5493,-134.45068359375,-2.6890136718749997
2026-07-17,Haryana,Hissar,Barwala(Hisar) APMC,Other,2000.0,6000.0,4500.0,2026,7,17,198,4,29,5000.0,5000.0,4500.0,-500.0,-500.0,4833.333333333333,4714.285714285715,267.26124191242417,4519.419,19.4189453125,0.4315321180555555
2026-07-18,Haryana,Hissar,Barwala(Hisar) APMC,Other,2000.0,8000.0,5500.0,2026,7,18,199,5,29,4500.0,4500.0,4500.0,1000.0,1000.0,4666.666666666667,4714.285714285715,267.26124191242417,5031.0493,-468.95068359375,-8.526376065340909
2026-07-20,Haryana,Hissar,Barwala(Hisar) APMC,Other,2000.0,13000.0,4500.0,2026,7,20,201,0,30,5500.0,5000.0,5000.0,-1000.0,-500.0,5000.0,4857.142857142857,377.96447300922745,4578.391,78.39111328125,1.7420247395833335
2026-07-21,Haryana,Hissar,Barwala(Hisar) APMC,Other,2000.0,10000.0,4500.0,2026,7,21,202,1,30,4500.0,4500.0,4500.0,0.0,0.0,4833.333333333333,4785.714285714285,393.3978962347216,4614.258,114.2578125,2.5390625
2026-07-22,Haryana,Hissar,Barwala(Hisar) APMC,Other,3000.0,5000.0,4000.0,2026,7,22,203,2,30,4500.0,5500.0,5000.0,-500.0,-1500.0,4833.333333333333,4785.714285714285,393.3978962347216,4266.9985,266.99853515625,6.6749633789062495
2026-07-23,Haryana,Hissar,Barwala(Hisar) APMC,Other,5000.0,6000.0,5500.0,2026,7,23,204,3,30,4000.0,4500.0,4500.0,1500.0,1000.0,4333.333333333333,4642.857142857143,475.5948656056703,4978.391,-521.60888671875,-9.483797940340908
2026-07-24,Haryana,Hissar,Barwala(Hisar) APMC,Other,2000.0,7000.0,5000.0,2026,7,24,205,4,30,5500.0,4500.0,5000.0,-500.0,500.0,4666.666666666667,4785.714285714285,566.9467095138408,4935.4272,-64.57275390625,-1.291455078125
2026-07-27,Haryana,Hissar,Barwala(Hisar) APMC,Other,4000.0,10000.0,7000.0,2026,7,27,208,0,31,5000.0,4000.0,4500.0,2000.0,3000.0,4833.333333333333,4785.714285714285,566.9467095138408,6294.9365,-705.0634765625,-10.072335379464285
2026-07-28,Haryana,Hissar,Barwala(Hisar) APMC,Other,8000.0,10000.0,9000.0,2026,7,28,209,1,31,7000.0,5500.0,5500.0,2000.0,3500.0,5833.333333333333,5142.857142857143,988.023520059354,8198.337,-801.6630859375,-8.907367621527778
2026-07-29,Haryana,Hissar,Barwala(Hisar) APMC,Other,4000.0,8000.0,6000.0,2026,7,29,210,2,31,9000.0,5000.0,4500.0,-3000.0,1000.0,7000.0,5642.857142857143,1772.810520855837,5876.4106,-123.58935546875,-2.059822591145833
2026-07-14,Haryana,Hissar,Hansi APMC,Other,3500.0,5000.0,4000.0,2026,7,14,195,1,29,4000.0,3000.0,3000.0,0.0,1000.0,3333.3333333333335,3142.8571428571427,377.9644730092273,3801.9353,-198.064697265625,-4.951617431640625
2026-07-15,Haryana,Hissar,Hansi APMC,Other,3000.0,5000.0,4000.0,2026,7,15,196,2,29,4000.0,3000.0,3000.0,0.0,1000.0,3666.6666666666665,3285.714285714286,487.95003647426665,3825.7334,-174.2666015625,-4.3566650390625
2026-07-16,Haryana,Hissar,Hansi APMC,Other,3000.0,5000.0,4000.0,2026,7,16,197,3,29,4000.0,4000.0,3000.0,0.0,0.0,4000.0,3428.5714285714284,534.5224838248488,3820.6555,-179.344482421875,-4.483612060546875
2026-07-18,Haryana,Hissar,Hansi APMC,Other,3000.0,5000.0,4000.0,2026,7,18,199,5,29,4000.0,4000.0,3000.0,0.0,0.0,4000.0,3571.4285714285716,534.5224838248487,3949.3525,-50.6474609375,-1.2661865234375
2026-07-19,Haryana,Hissar,Hansi APMC,Other,3000.0,5000.0,4000.0,2026,7,19,200,6,29,4000.0,4000.0,3000.0,0.0,0.0,4000.0,3714.285714285714,487.9500364742662,4038.291,38.291015625,0.957275390625
2026-07-20,Haryana,Hissar,Hansi APMC,Other,3000.0,5000.0,4000.0,2026,7,20,201,0,30,4000.0,4000.0,3000.0,0.0,0.0,4000.0,3857.142857142858,377.9644730092263,3942.917,-57.0830078125,-1.4270751953125
2026-07-21,Haryana,Hissar,Hansi APMC,Other,3000.0,5000.0,4000.0,2026,7,21,202,1,30,4000.0,4000.0,4000.0,0.0,0.0,4000.0,4000.0,0.0,3984.9749,-15.025146484375,-0.375628662109375
2026-07-22,Haryana,Hissar,Hansi APMC,Other,3000.0,5000.0,4000.0,2026,7,22,203,2,30,4000.0,4000.0,4000.0,0.0,0.0,4000.0,4000.0,0.0,4000.9546,0.95458984375,0.02386474609375
2026-07-23,Haryana,Hissar,Hansi APMC,Other,3000.0,5000.0,4000.0,2026,7,23,204,3,30,4000.0,4000.0,4000.0,0.0,0.0,4000.0,4000.0,0.0,4003.029,3.029052734375,0.075726318359375
2026-07-24,Haryana,Hissar,Hansi APMC,Other,3000.0,5000.0,4000.0,2026,7,24,205,4,30,4000.0,4000.0,4000.0,0.0,0.0,4000.0,4000.0,0.0,3997.391,-2.60888671875,-0.06522216796875
2026-07-26,Haryana,Hissar,Hansi APMC,Other,3000.0,5000.0,4000.0,2026,7,26,207,6,30,4000.0,4000.0,4000.0,0.0,0.0,4000.0,4000.0,0.0,4046.7332,46.733154296875,1.168328857421875
2026-07-27,Haryana,Hissar,Hansi APMC,Other,4000.0,8000.0,6000.0,2026,7,27,208,0,31,4000.0,4000.0,4000.0,2000.0,2000.0,4000.0,4000.0,0.0,5260.1416,-739.8583984375,-12.330973307291666
2026-07-28,Haryana,Hissar,Hansi APMC,Other,4000.0,8000.0,6000.0,2026,7,28,209,1,31,6000.0,4000.0,4000.0,0.0,2000.0,4666.666666666667,4285.714285714285,755.9289460184546,5390.874,-609.1259765625,-10.152099609375
2026-07-29,Haryana,Hissar,Hansi APMC,Other,4000.0,8000.0,6000.0,2026,7,29,210,2,31,6000.0,4000.0,4000.0,0.0,2000.0,5333.333333333333,4571.428571428572,975.9000729485332,5238.903,-761.09716796875,-12.684952799479166
2026-07-16,Haryana,Hissar,Uklana APMC,Other,3000.0,4000.0,4000.0,2026,7,16,197,3,29,4000.0,4000.0,4000.0,0.0,0.0,4000.0,4000.0,0.0,3857.659,-142.341064453125,-3.558526611328125
2026-07-18,Haryana,Hissar,Uklana APMC,Other,3000.0,4000.0,4000.0,2026,7,18,199,5,29,4000.0,4000.0,4000.0,0.0,0.0,4000.0,4000.0,0.0,3847.192,-152.80810546875,-3.8202026367187503
2026-07-21,Haryana,Hissar,Uklana APMC,Other,3500.0,4000.0,4000.0,2026,7,21,202,1,30,4000.0,4000.0,4000.0,0.0,0.0,4000.0,4000.0,0.0,3930.3518,-69.648193359375,-1.741204833984375
2026-07-23,Haryana,Hissar,Uklana APMC,Other,3500.0,4000.0,4000.0,2026,7,23,204,3,30,4000.0,4000.0,4000.0,0.0,0.0,4000.0,4000.0,0.0,3950.3545,-49.6455078125,-1.2411376953125002
2026-07-24,Haryana,Hissar,Uklana APMC,Other,4000.0,4000.0,4000.0,2026,7,24,205,4,30,4000.0,4000.0,4000.0,0.0,0.0,4000.0,4000.0,0.0,3951.3018,-48.6982421875,-1.2174560546875
2026-07-25,Haryana,Hissar,Uklana APMC,Other,3500.0,4000.0,4000.0,2026,7,25,206,5,30,4000.0,4000.0,4000.0,0.0,0.0,4000.0,4000.0,0.0,3923.117,-76.883056640625,-1.9220764160156252
2026-07-27,Haryana,Hissar,Uklana APMC,Other,4000.0,5000.0,5000.0,2026,7,27,208,0,31,4000.0,4000.0,4000.0,1000.0,1000.0,4000.0,4000.0,0.0,4531.8125,-468.1875,-9.36375
2026-07-28,Haryana,Hissar,Uklana APMC,Other,4500.0,5000.0,5000.0,2026,7,28,209,1,31,5000.0,4000.0,4000.0,0.0,1000.0,4333.333333333333,4142.857142857143,377.9644730092272,4622.438,-377.56201171875,-7.551240234375001
2026-07-29,Haryana,Hissar,Uklana APMC,Other,4000.0,4500.0,4500.0,2026,7,29,210,2,31,5000.0,4000.0,4000.0,-500.0,500.0,4666.666666666667,4285.714285714285,487.9500364742664,4559.508,59.5078125,1.3223958333333334
2026-07-17,Haryana,Jhajar,Jhajjar APMC,Other,4000.0,4000.0,4000.0,2026,7,17,198,4,29,4000.0,7200.0,3000.0,0.0,-3200.0,5400.0,4385.714285714285,1381.3382055438988,4228.11,228.10986328125,5.70274658203125
2026-07-20,Haryana,Jhajar,Jhajjar APMC,Other,6000.0,6000.0,6000.0,2026,7,20,201,0,30,4000.0,5000.0,3500.0,2000.0,1000.0,4333.333333333333,4528.571428571428,1260.5743211122538,4905.986,-1094.01416015625,-18.2335693359375
2026-07-22,Haryana,Jhajar,Jhajjar APMC,Other,5000.0,5000.0,5000.0,2026,7,22,203,2,30,6000.0,4000.0,4000.0,-1000.0,1000.0,4666.666666666667,4885.714285714285,1274.6614863413365,5053.8604,53.8603515625,1.07720703125
2026-07-24,Haryana,Jhajar,Jhajjar APMC,Other,3000.0,3000.0,3000.0,2026,7,24,205,4,30,5000.0,4000.0,4000.0,-2000.0,-1000.0,5000.0,5028.571428571428,1213.4170562428042,3508.813,508.81298828125,16.960432942708334
2026-07-29,Haryana,Jhajar,Jhajjar APMC,Other,8000.0,8000.0,8000.0,2026,7,29,210,2,31,3000.0,6000.0,7200.0,5000.0,2000.0,4666.666666666667,4885.714285714285,1399.3195625357484,6865.205,-1134.794921875,-14.1849365234375
2026-07-14,Haryana,Jind,Narwana APMC,Other,4000.0,9000.0,6000.0,2026,7,14,195,1,29,5000.0,5500.0,6500.0,1000.0,500.0,5500.0,5928.571428571428,534.5224838248487,5701.2603,-298.73974609375,-4.978995768229167
2026-07-17,Haryana,Jind,Narwana APMC,Other,4000.0,9000.0,6000.0,2026,7,17,198,4,29,6000.0,6000.0,6000.0,0.0,0.0,5666.666666666667,5857.142857142857,475.5948656056708,5817.0635,-182.9365234375,-3.0489420572916663
2026-07-18,Haryana,Jind,Narwana APMC,Other,4000.0,8000.0,6000.0,2026,7,18,199,5,29,6000.0,5000.0,6500.0,0.0,1000.0,5666.666666666667,5857.142857142857,475.5948656056708,5828.014,-171.98583984375,-2.8664306640625004
2026-07-19,Haryana,Jind,Narwana APMC,Other,3000.0,10000.0,6000.0,2026,7,19,200,6,29,6000.0,6000.0,6000.0,0.0,0.0,6000.0,5785.714285714285,393.3978962347214,6002.89,2.89013671875,0.0481689453125
2026-07-22,Haryana,Jind,Narwana APMC,Other,4000.0,7000.0,5000.0,2026,7,22,203,2,30,6000.0,6000.0,5500.0,-1000.0,-1000.0,6000.0,5785.714285714285,393.3978962347214,5246.2627,246.2626953125,4.92525390625
2026-07-23,Haryana,Jind,Narwana APMC,Other,4000.0,8000.0,6000.0,2026,7,23,204,3,30,5000.0,6000.0,6000.0,1000.0,0.0,5666.666666666667,5714.285714285715,487.9500364742664,5619.7026,-380.29736328125,-6.338289388020833
2026-07-24,Haryana,Jind,Narwana APMC,Other,4000.0,9000.0,6000.0,2026,7,24,205,4,30,6000.0,6000.0,5000.0,0.0,0.0,5666.666666666667,5714.285714285715,487.9500364742664,5874.6865,-125.3134765625,-2.0885579427083334
2026-07-25,Haryana,Jind,Narwana APMC,Other,4000.0,9000.0,6000.0,2026,7,25,206,5,30,6000.0,5000.0,6000.0,0.0,1000.0,5666.666666666667,5857.142857142857,377.9644730092271,5725.8076,-274.1923828125,-4.569873046874999
2026-07-27,Haryana,Jind,Narwana APMC,Other,3000.0,10000.0,5000.0,2026,7,27,208,0,31,6000.0,6000.0,6000.0,-1000.0,-1000.0,6000.0,5857.142857142857,377.9644730092271,5261.553,261.55322265625,5.231064453125
2026-07-29,Haryana,Jind,Narwana APMC,Other,4000.0,9000.0,6500.0,2026,7,29,210,2,31,5000.0,6000.0,6000.0,1500.0,500.0,5666.666666666667,5714.285714285715,487.9500364742664,5513.058,-986.94189453125,-15.183721454326923
2026-07-18,Haryana,Jind,Safidon APMC,Other,2500.0,6000.0,4000.0,2026,7,18,199,5,29,4000.0,2500.0,3000.0,0.0,1500.0,3000.0,3071.4285714285716,672.5927091345493,3800.1978,-199.80224609375,-4.99505615234375
2026-07-20,Haryana,Jind,Safidon APMC,Other,2500.0,4500.0,3500.0,2026,7,20,201,0,30,4000.0,2500.0,2500.0,-500.0,1000.0,3500.0,3214.285714285714,755.9289460184544,3626.568,126.568115234375,3.616231863839286
2026-07-21,Haryana,Jind,Safidon APMC,Other,2500.0,6000.0,4000.0,2026,7,21,202,1,30,3500.0,4000.0,3000.0,500.0,0.0,3833.3333333333335,3357.1428571428573,690.0655593423543,3713.6938,-286.30615234375,-7.15765380859375
2026-07-22,Haryana,Jind,Safidon APMC,Other,2500.0,6000.0,4000.0,2026,7,22,203,2,30,4000.0,4000.0,4000.0,0.0,0.0,3833.3333333333335,3500.0,707.1067811865476,3975.2341,-24.765869140625,-0.619146728515625
2026-07-23,Haryana,Jind,Safidon APMC,Other,3500.0,3500.0,3500.0,2026,7,23,204,3,30,4000.0,3500.0,2500.0,-500.0,0.0,3833.3333333333335,3500.0,707.1067811865476,3712.153,212.153076171875,6.0615164620535715
2026-07-24,Haryana,Jind,Safidon APMC,Other,3000.0,6000.0,4500.0,2026,7,24,205,4,30,3500.0,4000.0,2500.0,1000.0,500.0,3833.3333333333335,3642.857142857142,556.3486402641869,4089.2688,-410.731201171875,-9.127360026041668
2026-07-25,Haryana,Jind,Safidon APMC,Other,3500.0,6000.0,4500.0,2026,7,25,206,5,30,4500.0,4000.0,4000.0,0.0,500.0,4000.0,3928.571428571429,345.0327796711775,4492.1226,-7.87744140625,-0.1750542534722222
2026-07-28,Haryana,Jind,Safidon APMC,Other,3500.0,6000.0,4500.0,2026,7,28,209,1,31,4500.0,3500.0,4000.0,0.0,1000.0,4166.666666666667,4000.0,408.2482904638633,4460.836,-39.1640625,-0.8703125
2026-07-20,Haryana,Karnal,Tarori APMC,Chausa,2000.0,3000.0,2500.0,2026,7,20,201,0,30,3500.0,3500.0,3000.0,-1000.0,-1000.0,3333.3333333333335,3214.285714285714,267.2612419124244,2722.1868,222.186767578125,8.887470703125
2026-07-21,Haryana,Karnal,Tarori APMC,Chausa,2000.0,3000.0,2500.0,2026,7,21,202,1,30,2500.0,3000.0,3000.0,0.0,-500.0,3000.0,3142.8571428571427,377.9644730092272,2625.1528,125.15283203125,5.00611328125
2026-07-22,Haryana,Karnal,Tarori APMC,Chausa,2000.0,4000.0,3000.0,2026,7,22,203,2,30,2500.0,3500.0,3500.0,500.0,-500.0,2833.3333333333335,3071.4285714285716,449.8677054212186,2871.9834,-128.0166015625,-4.267220052083333
2026-07-23,Haryana,Karnal,Tarori APMC,Chausa,3000.0,4000.0,3500.0,2026,7,23,204,3,30,3000.0,2500.0,3000.0,500.0,1000.0,2666.6666666666665,3000.0,408.2482904638629,3290.585,-209.4150390625,-5.983286830357143
2026-07-24,Haryana,Karnal,Tarori APMC,Chausa,2000.0,4000.0,3000.0,2026,7,24,205,4,30,3500.0,2500.0,3500.0,-500.0,500.0,3000.0,3071.4285714285716,449.8677054212186,3036.0823,36.082275390625,1.2027425130208333
2026-07-25,Haryana,Karnal,Tarori APMC,Chausa,2000.0,4000.0,3000.0,2026,7,25,206,5,30,3000.0,3000.0,3000.0,0.0,0.0,3166.6666666666665,3000.0,408.2482904638629,3131.4124,131.412353515625,4.380411783854166
2026-07-27,Haryana,Karnal,Tarori APMC,Chausa,3000.0,5000.0,4000.0,2026,7,27,208,0,31,3000.0,3500.0,3500.0,1000.0,500.0,3166.6666666666665,3000.0,408.2482904638629,3554.38,-445.6201171875,-11.1405029296875
2026-07-29,Haryana,Karnal,Tarori APMC,Chausa,3500.0,4000.0,3800.0,2026,7,29,210,2,31,4000.0,3000.0,2500.0,-200.0,800.0,3333.3333333333335,3071.4285714285716,534.5224838248488,3812.6477,12.647705078125,0.33283434416118424
2026-07-16,Haryana,Kurukshetra,Ladwa APMC,Dusheri,3000.0,4500.0,4000.0,2026,7,16,197,3,29,4000.0,4000.0,5000.0,0.0,0.0,4166.666666666667,4142.857142857143,748.0132415430955,3938.8694,-61.130615234375,-1.528265380859375
2026-07-17,Haryana,Kurukshetra,Ladwa APMC,Dusheri,2500.0,5000.0,4000.0,2026,7,17,198,4,29,4000.0,4500.0,5000.0,0.0,-500.0,4166.666666666667,4000.0,645.4972243679027,3957.7102,-42.289794921875,-1.0572448730468749
2026-07-18,Haryana,Kurukshetra,Ladwa APMC,Dusheri,2000.0,4000.0,3000.0,2026,7,18,199,5,29,4000.0,4000.0,3000.0,-1000.0,-1000.0,4000.0,3857.142857142858,475.594865605671,3173.274,173.27392578125,5.775797526041666
2026-07-20,Haryana,Kurukshetra,Ladwa APMC,Dusheri,2500.0,3000.0,2800.0,2026,7,20,201,0,30,3000.0,4000.0,3500.0,-200.0,-1200.0,3666.6666666666665,3857.142857142858,475.594865605671,2943.0374,143.037353515625,5.108476911272321
2026-07-27,Haryana,Kurukshetra,Ladwa APMC,Dusheri,3500.0,5000.0,4000.0,2026,7,27,208,0,31,2800.0,4000.0,4000.0,1200.0,0.0,3266.6666666666665,3757.142857142858,616.0550377391696,3931.3428,-68.6572265625,-1.7164306640625002
2026-07-28,Haryana,Kurukshetra,Ladwa APMC,Dusheri,4000.0,6000.0,5000.0,2026,7,28,209,1,31,4000.0,3000.0,4500.0,1000.0,2000.0,3266.6666666666665,3757.142857142858,616.0550377391696,4517.819,-482.18115234375,-9.643623046875
2026-07-29,Haryana,Kurukshetra,Ladwa APMC,Dusheri,4000.0,6000.0,5000.0,2026,7,29,210,2,31,5000.0,2800.0,4000.0,0.0,2200.0,3933.3333333333335,3828.571428571429,734.1986237031633,4424.9756,-575.0244140625,-11.50048828125
2026-07-15,Haryana,Kurukshetra,Shahabad APMC,Other,2000.0,9000.0,4500.0,2026,7,15,196,2,29,5300.0,5326.0,4000.0,-800.0,-826.0,4993.666666666667,4568.714285714285,620.5171806070897,4529.207,29.20703125,0.6490451388888888
2026-07-16,Haryana,Kurukshetra,Shahabad APMC,Other,2200.0,9000.0,5000.0,2026,7,16,197,3,29,4500.0,4355.0,4000.0,500.0,645.0,4718.333333333333,4640.142857142857,570.9379500936533,4850.192,-149.80810546875,-2.996162109375
2026-07-17,Haryana,Kurukshetra,Shahabad APMC,Other,2000.0,9000.0,3000.0,2026,7,17,198,4,29,5000.0,5300.0,4000.0,-2000.0,-2300.0,4933.333333333333,4783.0,505.4169895574678,3900.3242,900.32421875,30.01080729166667
2026-07-18,Haryana,Kurukshetra,Shahabad APMC,Other,2000.0,7500.0,4000.0,2026,7,18,199,5,29,3000.0,4500.0,5000.0,1000.0,-500.0,4166.666666666667,4640.142857142857,811.975046531897,3634.3865,-365.613525390625,-9.140338134765626
2026-07-20,Haryana,Kurukshetra,Shahabad APMC,Other,2000.0,4000.0,3100.0,2026,7,20,201,0,30,4000.0,5000.0,5326.0,-900.0,-1900.0,4000.0,4497.285714285715,825.9589808793401,3276.8027,176.802734375,5.703314012096774
2026-07-21,Haryana,Kurukshetra,Shahabad APMC,Other,2500.0,5000.0,4500.0,2026,7,21,202,1,30,3100.0,3000.0,4355.0,1400.0,1500.0,3366.6666666666665,4179.285714285715,880.4375265146516,3927.0015,-572.99853515625,-12.733300781250001
2026-07-22,Haryana,Kurukshetra,Shahabad APMC,Other,2500.0,5000.0,3000.0,2026,7,22,203,2,30,4500.0,4000.0,5300.0,-1500.0,-1000.0,3866.6666666666665,4200.0,886.9423130433379,3348.5686,348.568603515625,11.618953450520833
2026-07-23,Haryana,Kurukshetra,Shahabad APMC,Other,2800.0,6000.0,3600.0,2026,7,23,204,3,30,3000.0,3100.0,4500.0,600.0,500.0,3533.3333333333335,3871.428571428571,836.0906763309935,3630.8481,30.84814453125,0.8568929036458334
2026-07-24,Haryana,Kurukshetra,Shahabad APMC,Other,2500.0,5000.0,3000.0,2026,7,24,205,4,30,3600.0,4500.0,5000.0,-600.0,-1500.0,3700.0,3742.857142857142,791.3219801006888,3328.2822,328.2822265625,10.942740885416667
2026-07-25,Haryana,Kurukshetra,Shahabad APMC,Other,3000.0,3500.0,3200.0,2026,7,25,206,5,30,3000.0,3000.0,3000.0,200.0,200.0,3200.0,3457.1428571428573,599.6030432909823,3226.2585,26.258544921875,0.8205795288085938
2026-07-27,Haryana,Kurukshetra,Shahabad APMC,Other,1000.0,4000.0,1900.0,2026,7,27,208,0,31,3200.0,3600.0,4000.0,-1300.0,-1700.0,3266.6666666666665,3485.714285714286,578.586125621677,2407.8013,507.80126953125,26.726382606907894
2026-07-28,Haryana,Kurukshetra,Shahabad APMC,Other,2500.0,4000.0,3000.0,2026,7,28,209,1,31,1900.0,3000.0,3100.0,1100.0,0.0,2700.0,3185.714285714286,777.6643908280116,2760.7588,-239.2412109375,-7.97470703125
2026-07-29,Haryana,Kurukshetra,Shahabad APMC,Other,3000.0,7000.0,4500.0,2026,7,29,210,2,31,3000.0,3200.0,4500.0,1500.0,1300.0,2700.0,3171.4285714285716,780.4150299985365,3746.2214,-753.778564453125,-16.750634765625
2026-07-15,Haryana,Kurukshetra,Thanesar APMC,Other,1500.0,6000.0,3750.0,2026,7,15,196,2,29,5000.0,6000.0,3500.0,-1250.0,-2250.0,5666.666666666667,4464.285714285715,1193.982930403629,4386.8,636.7998046875,16.981328125
2026-07-16,Haryana,Kurukshetra,Thanesar APMC,Other,1500.0,6000.0,3750.0,2026,7,16,197,3,29,3750.0,6000.0,3250.0,0.0,-2250.0,4916.666666666667,4500.0,1163.6866703140784,3962.6467,212.646728515625,5.670579427083333
2026-07-18,Haryana,Kurukshetra,Thanesar APMC,Other,1000.0,8000.0,4500.0,2026,7,18,199,5,29,3750.0,5000.0,3500.0,750.0,-500.0,4166.666666666667,4571.428571428572,1086.9901651108069,3977.2473,-522.752685546875,-11.61672634548611
2026-07-21,Haryana,Kurukshetra,Thanesar APMC,Other,2000.0,6000.0,4000.0,2026,7,21,202,1,30,4500.0,3750.0,4000.0,-500.0,250.0,4000.0,4714.285714285715,983.494740586804,4105.172,105.171875,2.629296875
2026-07-22,Haryana,Kurukshetra,Thanesar APMC,Other,2000.0,6000.0,4000.0,2026,7,22,203,2,30,4000.0,3750.0,6000.0,0.0,250.0,4083.3333333333335,4714.285714285715,983.494740586804,3965.0796,-34.92041015625,-0.87301025390625
2026-07-27,Haryana,Kurukshetra,Thanesar APMC,Other,2000.0,8000.0,5000.0,2026,7,27,208,0,31,4000.0,4500.0,6000.0,1000.0,500.0,4166.666666666667,4428.571428571428,825.5589736945624,4362.4033,-637.5966796875,-12.751933593750001
2026-07-29,Haryana,Kurukshetra,Thanesar APMC,Other,2000.0,7000.0,4500.0,2026,7,29,210,2,31,5000.0,4000.0,5000.0,-500.0,500.0,4333.333333333333,4285.714285714285,548.2656637937836,4373.3057,-126.6943359375,-2.8154296875
2026-07-29,Haryana,Mahendragarh-Narnaul,Mohindergarh APMC,Other,3500.0,4000.0,4000.0,2026,7,29,210,2,31,4000.0,3500.0,3500.0,0.0,500.0,3500.0,3571.4285714285716,345.0327796711771,3914.3574,-85.642578125,-2.141064453125
2026-07-14,Haryana,Mahendragarh-Narnaul,Narnaul APMC,Mango,4000.0,6000.0,5000.0,2026,7,14,195,1,29,5000.0,5000.0,4000.0,0.0,0.0,5000.0,4714.285714285715,487.9500364742666,4920.1206,-79.87939453125,-1.597587890625
2026-07-15,Haryana,Mahendragarh-Narnaul,Narnaul APMC,Mango,4000.0,6000.0,5000.0,2026,7,15,196,2,29,5000.0,5000.0,4000.0,0.0,0.0,5000.0,4857.142857142857,377.96447300922705,4920.688,-79.31201171875,-1.586240234375
2026-07-16,Haryana,Mahendragarh-Narnaul,Narnaul APMC,Mango,4000.0,6000.0,5000.0,2026,7,16,197,3,29,5000.0,5000.0,5000.0,0.0,0.0,5000.0,5000.0,0.0,4919.654,-80.34619140625,-1.6069238281249998
2026-07-17,Haryana,Mahendragarh-Narnaul,Narnaul APMC,Mango,5000.0,7000.0,6000.0,2026,7,17,198,4,29,5000.0,5000.0,5000.0,1000.0,1000.0,5000.0,5000.0,0.0,5702.14,-297.85986328125,-4.9643310546875
2026-07-18,Haryana,Mahendragarh-Narnaul,Narnaul APMC,Mango,4000.0,6500.0,5000.0,2026,7,18,199,5,29,6000.0,5000.0,5000.0,-1000.0,0.0,5333.333333333333,5142.857142857143,377.9644730092272,5003.1133,3.11328125,0.06226562499999999
2026-07-20,Haryana,Mahendragarh-Narnaul,Narnaul APMC,Mango,4000.0,7000.0,5000.0,2026,7,20,201,0,30,5000.0,5000.0,5000.0,0.0,0.0,5333.333333333333,5142.857142857143,377.9644730092272,4915.755,-84.2451171875,-1.68490234375
2026-07-21,Haryana,Mahendragarh-Narnaul,Narnaul APMC,Mango,4000.0,6500.0,5000.0,2026,7,21,202,1,30,5000.0,6000.0,5000.0,0.0,-1000.0,5333.333333333333,5142.857142857143,377.9644730092272,4940.3086,-59.69140625,-1.193828125
2026-07-22,Haryana,Mahendragarh-Narnaul,Narnaul APMC,Mango,4000.0,7000.0,5000.0,2026,7,22,203,2,30,5000.0,5000.0,5000.0,0.0,0.0,5000.0,5142.857142857143,377.9644730092272,4921.1562,-78.84375,-1.5768750000000002
2026-07-23,Haryana,Mahendragarh-Narnaul,Narnaul APMC,Mango,4000.0,7000.0,6000.0,2026,7,23,204,3,30,5000.0,5000.0,5000.0,1000.0,1000.0,5000.0,5142.857142857143,377.9644730092272,5433.923,-566.0771484375,-9.434619140625
2026-07-24,Haryana,Mahendragarh-Narnaul,Narnaul APMC,Mango,4000.0,7000.0,5000.0,2026,7,24,205,4,30,6000.0,5000.0,5000.0,-1000.0,0.0,5333.333333333333,5285.714285714285,487.9500364742664,5048.5044,48.50439453125,0.970087890625
2026-07-25,Haryana,Mahendragarh-Narnaul,Narnaul APMC,Mango,4000.0,6000.0,5000.0,2026,7,25,206,5,30,5000.0,5000.0,6000.0,0.0,0.0,5333.333333333333,5285.714285714285,487.9500364742664,4933.1396,-66.8603515625,-1.33720703125
2026-07-27,Haryana,Mahendragarh-Narnaul,Narnaul APMC,Mango,4000.0,7000.0,6000.0,2026,7,27,208,0,31,5000.0,6000.0,5000.0,1000.0,0.0,5333.333333333333,5142.857142857143,377.9644730092272,5591.8784,-408.12158203125,-6.8020263671875
2026-07-28,Haryana,Mahendragarh-Narnaul,Narnaul APMC,Mango,5000.0,7000.0,6000.0,2026,7,28,209,1,31,6000.0,5000.0,5000.0,0.0,1000.0,5333.333333333333,5285.714285714285,487.9500364742664,5826.278,-173.72216796875,-2.8953694661458336
2026-07-24,Haryana,Mewat,Punhana APMC,Other,3000.0,3000.0,3000.0,2026,7,24,205,4,30,3000.0,3000.0,4000.0,0.0,0.0,3000.0,3642.857142857142,852.1681032463467,3021.204,21.2041015625,0.7068033854166667
2026-07-29,Haryana,Mewat,Punhana APMC,Other,5000.0,5000.0,5000.0,2026,7,29,210,2,31,3000.0,3000.0,5000.0,2000.0,2000.0,3000.0,3500.0,866.0254037844386,4356.355,-643.64501953125,-12.872900390625
2026-07-29,Haryana,Mewat,Tauru APMC,Other,5000.0,5000.0,5000.0,2026,7,29,210,2,31,5000.0,5000.0,4000.0,0.0,0.0,5000.0,4542.857142857143,772.1337165222589,5007.479,7.47900390625,0.14958007812500002
2026-07-15,Haryana,Panipat,Panipat APMC,Other,2000.0,8000.0,5000.0,2026,7,15,196,2,29,5000.0,5000.0,5000.0,0.0,0.0,5000.0,5000.0,0.0,4824.793,-175.20703125,-3.504140625
2026-07-16,Haryana,Panipat,Panipat APMC,Other,2000.0,8000.0,5000.0,2026,7,16,197,3,29,5000.0,5000.0,5000.0,0.0,0.0,5000.0,5000.0,0.0,4825.087,-174.9130859375,-3.4982617187500002
2026-07-17,Haryana,Panipat,Panipat APMC,Other,3000.0,5000.0,4000.0,2026,7,17,198,4,29,5000.0,5000.0,5000.0,-1000.0,-1000.0,5000.0,5000.0,0.0,4239.39,239.39013671875,5.98475341796875
2026-07-18,Haryana,Panipat,Panipat APMC,Other,3000.0,7000.0,5000.0,2026,7,18,199,5,29,4000.0,5000.0,5000.0,1000.0,0.0,4666.666666666667,4857.142857142857,377.9644730092272,4782.0205,-217.9794921875,-4.35958984375
2026-07-20,Haryana,Panipat,Panipat APMC,Other,2000.0,8000.0,5000.0,2026,7,20,201,0,30,5000.0,5000.0,5000.0,0.0,0.0,4666.666666666667,4857.142857142857,377.9644730092272,4804.2876,-195.71240234375,-3.9142480468749996
2026-07-21,Haryana,Panipat,Panipat APMC,Other,2000.0,8000.0,5000.0,2026,7,21,202,1,30,5000.0,4000.0,5000.0,0.0,1000.0,4666.666666666667,4857.142857142857,377.9644730092272,4693.7046,-306.29541015625,-6.125908203125
2026-07-23,Haryana,Panipat,Panipat APMC,Other,2000.0,8000.0,5000.0,2026,7,23,204,3,30,5000.0,5000.0,5000.0,0.0,0.0,5000.0,4857.142857142857,377.9644730092272,4844.284,-155.7158203125,-3.11431640625
2026-07-24,Haryana,Panipat,Panipat APMC,Other,3000.0,5000.0,4000.0,2026,7,24,205,4,30,5000.0,5000.0,5000.0,-1000.0,-1000.0,5000.0,4857.142857142857,377.9644730092272,4301.194,301.19384765625,7.52984619140625
2026-07-27,Haryana,Panipat,Panipat APMC,Other,3000.0,7000.0,5000.0,2026,7,27,208,0,31,4000.0,5000.0,5000.0,1000.0,0.0,4666.666666666667,4714.285714285715,487.9500364742664,4821.257,-178.7431640625,-3.57486328125
2026-07-28,Haryana,Panipat,Panipat APMC,Other,3000.0,7000.0,5000.0,2026,7,28,209,1,31,5000.0,5000.0,4000.0,0.0,0.0,4666.666666666667,4714.285714285715,487.9500364742664,4878.3105,-121.689453125,-2.4337890625000003
2026-07-29,Haryana,Panipat,Panipat APMC,Other,3000.0,7000.0,5000.0,2026,7,29,210,2,31,5000.0,4000.0,5000.0,0.0,1000.0,4666.666666666667,4857.142857142857,377.9644730092272,4736.112,-263.88818359375,-5.277763671875
2026-07-16,Haryana,Panipat,Samalkha APMC,Other,2000.0,6000.0,4000.0,2026,7,16,197,3,29,4500.0,4000.0,3000.0,-500.0,0.0,4500.0,3900.0,732.575365861197,4110.61,110.60986328125,2.76524658203125
2026-07-17,Haryana,Panipat,Samalkha APMC,Other,3000.0,6000.0,4500.0,2026,7,17,198,4,29,4000.0,5000.0,3000.0,500.0,-500.0,4500.0,4042.857142857142,616.0550377391695,4265.6113,-234.388671875,-5.2086371527777775
2026-07-18,Haryana,Panipat,Samalkha APMC,Other,2500.0,5000.0,4000.0,2026,7,18,199,5,29,4500.0,4500.0,4000.0,-500.0,-500.0,4333.333333333333,4257.142857142857,423.70250120079504,4090.489,90.489013671875,2.2622253417968747
2026-07-19,Haryana,Panipat,Samalkha APMC,Other,2000.0,6000.0,4000.0,2026,7,19,200,6,29,4000.0,4000.0,3800.0,0.0,0.0,4166.666666666667,4257.142857142857,423.70250120079504,4036.6743,36.67431640625,0.91685791015625
2026-07-20,Haryana,Panipat,Samalkha APMC,Other,4000.0,5500.0,5000.0,2026,7,20,201,0,30,4000.0,4500.0,4000.0,1000.0,500.0,4166.666666666667,4285.714285714285,393.3978962347219,4685.3164,-314.68359375,-6.293671874999999
2026-07-21,Haryana,Panipat,Samalkha APMC,Other,4500.0,4500.0,4500.0,2026,7,21,202,1,30,5000.0,4000.0,5000.0,-500.0,500.0,4333.333333333333,4428.571428571428,449.867705421219,4432.1636,-67.83642578125,-1.5074761284722222
2026-07-22,Haryana,Panipat,Samalkha APMC,Other,4000.0,5000.0,4500.0,2026,7,22,203,2,30,4500.0,4000.0,4500.0,0.0,500.0,4500.0,4357.142857142857,377.9644730092276,4433.6396,-66.3603515625,-1.4746744791666666
2026-07-23,Haryana,Panipat,Samalkha APMC,Other,4000.0,5000.0,4500.0,2026,7,23,204,3,30,4500.0,5000.0,4000.0,0.0,-500.0,4666.666666666667,4357.142857142857,377.9644730092276,4498.7627,-1.2373046875,-0.02749565972222222
2026-07-24,Haryana,Panipat,Samalkha APMC,Other,6000.0,6000.0,6000.0,2026,7,24,205,4,30,4500.0,4500.0,4500.0,1500.0,1500.0,4500.0,4428.571428571428,345.03277967117765,4752.918,-1247.08203125,-20.784700520833333
2026-07-27,Haryana,Panipat,Samalkha APMC,Other,5500.0,5500.0,5500.0,2026,7,27,208,0,31,6000.0,4500.0,4000.0,-500.0,1000.0,5000.0,4642.857142857143,690.0655593423547,5346.506,-153.494140625,-2.7908025568181816
2026-07-28,Haryana,Panipat,Samalkha APMC,Other,5500.0,5500.0,5500.0,2026,7,28,209,1,31,5500.0,4500.0,4000.0,0.0,1000.0,5333.333333333333,4857.142857142857,690.0655593423551,5331.039,-168.9609375,-3.0720170454545457
2026-07-20,Haryana,Rewari,Kosli APMC,Other,4000.0,4000.0,4000.0,2026,7,20,201,0,30,4000.0,3500.0,3000.0,0.0,500.0,3833.3333333333335,3642.857142857142,475.5948656056708,3956.7632,-43.23681640625,-1.0809204101562502
2026-07-22,Haryana,Rewari,Kosli APMC,Other,4000.0,4000.0,4000.0,2026,7,22,203,2,30,4000.0,4000.0,3000.0,0.0,0.0,4000.0,3785.714285714286,393.39789623472126,3988.2195,-11.780517578125,-0.294512939453125
2026-07-24,Haryana,Rewari,Kosli APMC,Other,4000.0,4000.0,4000.0,2026,7,24,205,4,30,4000.0,4000.0,4000.0,0.0,0.0,4000.0,3928.571428571429,188.9822365046125,3972.5898,-27.41015625,-0.68525390625
2026-07-25,Haryana,Rewari,Kosli APMC,Other,4000.0,4000.0,4000.0,2026,7,25,206,5,30,4000.0,4000.0,4000.0,0.0,0.0,4000.0,3928.571428571429,188.9822365046125,3952.1318,-47.8681640625,-1.1967041015625002
2026-07-26,Haryana,Rewari,Kosli APMC,Other,4000.0,4000.0,4000.0,2026,7,26,207,6,30,4000.0,4000.0,3500.0,0.0,0.0,4000.0,3928.571428571429,188.9822365046125,4019.1396,19.1396484375,0.4784912109375
2026-07-27,Haryana,Rewari,Kosli APMC,Other,4000.0,4000.0,4000.0,2026,7,27,208,0,31,4000.0,4000.0,4000.0,0.0,0.0,4000.0,4000.0,0.0,3929.0483,-70.95166015625,-1.77379150390625
2026-07-29,Haryana,Rewari,Kosli APMC,Other,4000.0,4000.0,4000.0,2026,7,29,210,2,31,4000.0,4000.0,4000.0,0.0,0.0,4000.0,4000.0,0.0,3962.5764,-37.423583984375,-0.935589599609375
2026-07-18,Haryana,Rohtak,Meham APMC,Other,2200.0,4000.0,3000.0,2026,7,18,199,5,29,3500.0,3000.0,3000.0,-500.0,0.0,3166.6666666666665,2857.1428571428573,475.5948656056709,3139.308,139.30810546875,4.643603515625
2026-07-20,Haryana,Rohtak,Meham APMC,Other,2100.0,4000.0,3500.0,2026,7,20,201,0,30,3000.0,3000.0,2500.0,500.0,500.0,3166.6666666666665,2857.1428571428573,475.5948656056709,3336.0005,-163.99951171875,-4.685700334821428
2026-07-21,Haryana,Rohtak,Meham APMC,Other,2000.0,3500.0,3000.0,2026,7,21,202,1,30,3500.0,3500.0,2000.0,-500.0,-500.0,3333.3333333333335,3000.0,499.9999999999999,3055.3054,55.305419921875,1.8435139973958334
2026-07-22,Haryana,Rohtak,Meham APMC,Other,2000.0,4000.0,3000.0,2026,7,22,203,2,30,3000.0,3000.0,3000.0,0.0,0.0,3166.6666666666665,3142.8571428571427,243.9750182371328,3108.1497,108.149658203125,3.6049886067708337
2026-07-23,Haryana,Rohtak,Meham APMC,Other,2200.0,4000.0,3500.0,2026,7,23,204,3,30,3000.0,3500.0,3000.0,500.0,0.0,3166.6666666666665,3142.8571428571427,243.9750182371328,3379.19,-120.81005859375,-3.451715959821428
2026-07-24,Haryana,Rohtak,Meham APMC,Other,2500.0,5000.0,4000.0,2026,7,24,205,4,30,3500.0,3000.0,3000.0,500.0,1000.0,3166.6666666666665,3214.285714285714,267.2612419124238,3664.5056,-335.494384765625,-8.387359619140625
2026-07-25,Haryana,Rohtak,Meham APMC,Other,2000.0,5000.0,4000.0,2026,7,25,206,5,30,4000.0,3000.0,3500.0,0.0,1000.0,3500.0,3357.1428571428573,377.9644730092267,3774.4766,-225.5234375,-5.6380859375000005
2026-07-27,Haryana,Rohtak,Meham APMC,Other,2500.0,4000.0,3000.0,2026,7,27,208,0,31,4000.0,3500.0,3000.0,-1000.0,-500.0,3833.3333333333335,3428.5714285714284,449.8677054212182,3200.5479,200.5478515625,6.684928385416667
2026-07-28,Haryana,Rohtak,Meham APMC,Other,2000.0,3000.0,2500.0,2026,7,28,209,1,31,3000.0,4000.0,3500.0,-500.0,-1500.0,3666.6666666666665,3428.5714285714284,449.8677054212182,2770.136,270.135986328125,10.805439453125
2026-07-29,Haryana,Rohtak,Meham APMC,Other,2500.0,5000.0,4000.0,2026,7,29,210,2,31,2500.0,4000.0,3000.0,1500.0,0.0,3166.6666666666665,3285.714285714286,566.9467095138406,3409.852,-590.14794921875,-14.75369873046875
2026-07-20,Haryana,Rohtak,Rohtak APMC,Other,4000.0,7000.0,5000.0,2026,7,20,201,0,30,5000.0,5000.0,5000.0,0.0,0.0,4666.666666666667,5142.857142857143,899.7354108424374,4890.6787,-109.3212890625,-2.18642578125
2026-07-21,Haryana,Rohtak,Rohtak APMC,Other,5000.0,9000.0,7000.0,2026,7,21,202,1,30,5000.0,4000.0,7000.0,2000.0,3000.0,4666.666666666667,5142.857142857143,899.7354108424374,7022.3833,22.38330078125,0.3197614397321428
2026-07-22,Haryana,Rohtak,Rohtak APMC,Other,4000.0,8000.0,5000.0,2026,7,22,203,2,30,7000.0,5000.0,5000.0,-2000.0,0.0,5666.666666666667,5142.857142857143,899.7354108424374,4959.9385,-40.0615234375,-0.8012304687499999
2026-07-23,Haryana,Rohtak,Rohtak APMC,Other,3000.0,7000.0,5000.0,2026,7,23,204,3,30,5000.0,5000.0,5000.0,0.0,0.0,5666.666666666667,5142.857142857143,899.7354108424374,4898.1147,-101.88525390625,-2.037705078125
2026-07-24,Haryana,Rohtak,Rohtak APMC,Other,4000.0,6000.0,5000.0,2026,7,24,205,4,30,5000.0,7000.0,5000.0,0.0,-2000.0,5666.666666666667,5142.857142857143,899.7354108424374,4872.0483,-127.95166015625,-2.559033203125
2026-07-25,Haryana,Rohtak,Rohtak APMC,Other,4000.0,7000.0,6000.0,2026,7,25,206,5,30,5000.0,5000.0,4000.0,1000.0,1000.0,5000.0,5142.857142857143,899.7354108424374,5438.651,-561.34912109375,-9.355818684895834
2026-07-27,Haryana,Rohtak,Rohtak APMC,Other,4000.0,8000.0,5000.0,2026,7,27,208,0,31,6000.0,5000.0,5000.0,-1000.0,0.0,5333.333333333333,5428.571428571428,786.7957924694431,5095.3345,95.33447265625,1.906689453125
2026-07-28,Haryana,Rohtak,Rohtak APMC,Other,4000.0,7000.0,5000.0,2026,7,28,209,1,31,5000.0,5000.0,5000.0,0.0,0.0,5333.333333333333,5428.571428571428,786.7957924694431,4990.8916,-9.1083984375,-0.18216796875
2026-07-29,Haryana,Rohtak,Rohtak APMC,Other,4000.0,7000.0,5000.0,2026,7,29,210,2,31,5000.0,6000.0,7000.0,0.0,-1000.0,5333.333333333333,5428.571428571428,786.7957924694431,5216.444,216.44384765625,4.328876953125
2026-07-17,Haryana,Rohtak,Sampla APMC,Other,3000.0,6000.0,5000.0,2026,7,17,198,4,29,3000.0,5000.0,3000.0,2000.0,0.0,3666.6666666666665,3257.1428571428573,772.133716522259,3942.3967,-1057.603271484375,-21.1520654296875
2026-07-18,Haryana,Rohtak,Sampla APMC,Other,3000.0,6000.0,5000.0,2026,7,18,199,5,29,5000.0,3000.0,3000.0,0.0,2000.0,3666.6666666666665,3542.8571428571427,998.0934205726818,4286.3193,-713.6806640625,-14.27361328125
2026-07-20,Haryana,Rohtak,Sampla APMC,Other,3000.0,6000.0,4000.0,2026,7,20,201,0,30,5000.0,3000.0,3000.0,-1000.0,1000.0,4333.333333333333,3828.571428571429,1098.0502200328935,4098.601,98.60107421875,2.46502685546875
2026-07-27,Haryana,Rohtak,Sampla APMC,Other,8000.0,8000.0,8000.0,2026,7,27,208,0,31,4000.0,5000.0,2800.0,4000.0,3000.0,4666.666666666667,3971.428571428571,1035.5582805332365,6771.764,-1228.23583984375,-15.352947998046876
2026-07-28,Haryana,Rohtak,Sampla APMC,Other,6000.0,6000.0,6000.0,2026,7,28,209,1,31,8000.0,5000.0,5000.0,-2000.0,1000.0,5666.666666666667,4714.285714285715,1704.336206492694,5951.968,-48.0322265625,-0.800537109375
2026-07-29,Haryana,Rohtak,Sampla APMC,Other,5000.0,5000.0,5000.0,2026,7,29,210,2,31,6000.0,4000.0,3000.0,-1000.0,1000.0,6000.0,4857.142857142857,1772.810520855837,4906.398,-93.60205078125,-1.8720410156249998
2026-07-27,Haryana,Sirsa,Sirsa APMC,Other,2500.0,8000.0,5000.0,2026,7,27,208,0,31,4800.0,4000.0,5000.0,200.0,1000.0,4933.333333333333,4471.428571428572,1027.4795792200864,4600.769,-399.23095703125,-7.984619140625
2026-07-28,Haryana,Sirsa,Sirsa APMC,Other,3000.0,10000.0,5000.0,2026,7,28,209,1,31,5000.0,6000.0,3500.0,0.0,-1000.0,5266.666666666667,4471.428571428572,1027.4795792200864,4971.6255,-28.37451171875,-0.567490234375
2026-07-29,Haryana,Sirsa,Sirsa APMC,Other,4000.0,10000.0,5500.0,2026,7,29,210,2,31,5000.0,4800.0,3000.0,500.0,700.0,4933.333333333333,4685.714285714285,944.1549509633315,5252.226,-247.77392578125,-4.50498046875
2026-07-14,Haryana,Sonipat,Ganaur APMC,Other,3000.0,6000.0,4500.0,2026,7,14,195,1,29,5000.0,7000.0,7000.0,-500.0,-2500.0,5500.0,5285.714285714285,1185.226520443204,4835.591,335.5908203125,7.457573784722222
2026-07-15,Haryana,Sonipat,Ganaur APMC,Other,8000.0,10000.0,9000.0,2026,7,15,196,2,29,4500.0,4500.0,4500.0,4500.0,4500.0,4666.666666666667,4928.571428571428,932.2272357358042,7538.0776,-1461.92236328125,-16.243581814236112
2026-07-16,Haryana,Sonipat,Ganaur APMC,Other,3000.0,6000.0,4500.0,2026,7,16,197,3,29,9000.0,5000.0,4500.0,-4500.0,-500.0,6166.666666666667,5571.428571428572,1766.0825629193043,3993.2664,-506.733642578125,-11.260747612847222
2026-07-17,Haryana,Sonipat,Ganaur APMC,Other,3000.0,6000.0,4500.0,2026,7,17,198,4,29,4500.0,4500.0,4500.0,0.0,0.0,6000.0,5571.428571428572,1766.0825629193043,4447.6636,-52.33642578125,-1.1630316840277777
2026-07-20,Haryana,Sonipat,Ganaur APMC,Other,3000.0,6000.0,4000.0,2026,7,20,201,0,30,4500.0,9000.0,7000.0,-500.0,-5000.0,6000.0,5571.428571428572,1766.0825629193043,4486.7544,486.75439453125,12.16885986328125
2026-07-22,Haryana,Sonipat,Ganaur APMC,Other,6000.0,8000.0,7000.0,2026,7,22,203,2,30,4000.0,4500.0,4500.0,3000.0,2500.0,4333.333333333333,5142.857142857143,1725.1638983558855,6551.4473,-448.552734375,-6.407896205357143
2026-07-23,Haryana,Sonipat,Ganaur APMC,Other,8000.0,9000.0,8500.0,2026,7,23,204,3,30,7000.0,4500.0,5000.0,1500.0,4000.0,5166.666666666667,5500.0,1825.7418583505537,7976.1577,-523.84228515625,-6.162850413602941
2026-07-27,Haryana,Sonipat,Ganaur APMC,Other,8000.0,10000.0,9000.0,2026,7,27,208,0,31,8500.0,4000.0,4500.0,500.0,5000.0,6500.0,6000.0,2121.3203435596424,8083.567,-916.43310546875,-10.18259006076389
2026-07-29,Haryana,Sonipat,Ganaur APMC,Other,6000.0,8000.0,7000.0,2026,7,29,210,2,31,9000.0,7000.0,9000.0,-2000.0,0.0,8166.666666666667,6642.857142857143,2267.786838055363,7851.562,851.56201171875,12.165171595982143
2026-07-17,Haryana,Sonipat,Gohana APMC,Other,4000.0,7000.0,5000.0,2026,7,17,198,4,29,4000.0,4000.0,4000.0,1000.0,1000.0,4333.333333333333,4285.714285714285,487.9500364742666,4315.7666,-684.2333984375,-13.68466796875
2026-07-18,Haryana,Sonipat,Gohana APMC,Other,4000.0,6000.0,5000.0,2026,7,18,199,5,29,5000.0,5000.0,4000.0,0.0,0.0,4666.666666666667,4428.571428571428,534.5224838248488,4736.3433,-263.65673828125,-5.273134765625
2026-07-20,Haryana,Sonipat,Gohana APMC,Other,4000.0,6000.0,5000.0,2026,7,20,201,0,30,5000.0,4000.0,4000.0,0.0,1000.0,4666.666666666667,4571.428571428572,534.5224838248488,4659.807,-340.19287109375,-6.803857421875
2026-07-21,Haryana,Sonipat,Gohana APMC,Other,4000.0,6000.0,5000.0,2026,7,21,202,1,30,5000.0,5000.0,5000.0,0.0,0.0,5000.0,4714.285714285715,487.9500364742666,4918.4893,-81.5107421875,-1.6302148437500001
2026-07-23,Haryana,Sonipat,Gohana APMC,Other,4000.0,6000.0,5000.0,2026,7,23,204,3,30,5000.0,5000.0,4000.0,0.0,0.0,5000.0,4714.285714285715,487.9500364742666,4924.9336,-75.06640625,-1.501328125
2026-07-24,Haryana,Sonipat,Gohana APMC,Other,4000.0,6000.0,5000.0,2026,7,24,205,4,30,5000.0,5000.0,5000.0,0.0,0.0,5000.0,4857.142857142857,377.964473009227,4934.6963,-65.3037109375,-1.30607421875
2026-07-25,Haryana,Sonipat,Gohana APMC,Other,4000.0,6000.0,5000.0,2026,7,25,206,5,30,5000.0,5000.0,4000.0,0.0,0.0,5000.0,4857.142857142857,377.964473009227,4927.328,-72.671875,-1.4534375
2026-07-27,Haryana,Sonipat,Gohana APMC,Other,4000.0,6000.0,5000.0,2026,7,27,208,0,31,5000.0,5000.0,5000.0,0.0,0.0,5000.0,5000.0,0.0,4925.518,-74.48193359375,-1.4896386718749999
2026-07-28,Haryana,Sonipat,Gohana APMC,Other,4000.0,6000.0,5000.0,2026,7,28,209,1,31,5000.0,5000.0,5000.0,0.0,0.0,5000.0,5000.0,0.0,4974.008,-25.9921875,-0.5198437499999999
2026-07-29,Haryana,Sonipat,Gohana APMC,Other,4000.0,6000.0,5000.0,2026,7,29,210,2,31,5000.0,5000.0,5000.0,0.0,0.0,5000.0,5000.0,0.0,4957.3735,-42.62646484375,-0.852529296875
2026-07-27,Haryana,Sonipat,Sonepat APMC,Dusheri,1000.0,6000.0,4000.0,2026,7,27,208,0,31,2500.0,5000.0,2000.0,1500.0,-1000.0,4166.666666666667,3528.5714285714284,1451.1079510891966,3717.8298,-282.170166015625,-7.054254150390625
2026-07-28,Haryana,Sonipat,Sonepat APMC,Dusheri,1000.0,7000.0,4000.0,2026,7,28,209,1,31,4000.0,5000.0,2500.0,0.0,-1000.0,3833.3333333333335,3814.285714285714,1287.6704695283022,3929.8596,-70.140380859375,-1.753509521484375
2026-07-24,Haryana,Sonipat,Sonepat APMC,Other,1000.0,7000.0,4000.0,2026,7,24,205,4,30,4000.0,4000.0,4000.0,0.0,0.0,4000.0,3785.714285714286,393.3978962347216,3919.4014,-80.5986328125,-2.0149658203125
2026-07-25,Haryana,Sonipat,Sonepat APMC,Other,4000.0,8000.0,6000.0,2026,7,25,206,5,30,4000.0,4000.0,3500.0,2000.0,2000.0,4000.0,3785.714285714286,393.3978962347216,4986.417,-1013.5830078125,-16.893050130208334
2026-07-29,Haryana,Sonipat,Sonepat APMC,Other,6000.0,8000.0,7000.0,2026,7,29,210,2,31,6000.0,4000.0,4000.0,1000.0,3000.0,4666.666666666667,4142.857142857143,899.7354108424372,6999.0996,-0.900390625,-0.012862723214285714
2026-07-20,Haryana,Sonipat,Sonepat(Kharkhoda) APMC,Other,2000.0,5200.0,4500.0,2026,7,20,201,0,30,4600.0,4200.0,5500.0,-100.0,300.0,4333.333333333333,4871.428571428572,568.5193802451116,4474.1025,-25.8974609375,-0.5754991319444445
2026-07-21,Haryana,Sonipat,Sonepat(Kharkhoda) APMC,Other,2000.0,5000.0,4200.0,2026,7,21,202,1,30,4500.0,4200.0,5550.0,-300.0,0.0,4433.333333333333,4728.571428571428,506.505300117994,4240.5586,40.55859375,0.9656808035714285
2026-07-23,Haryana,Sonipat,Sonepat(Kharkhoda) APMC,Other,2500.0,5000.0,4200.0,2026,7,23,204,3,30,4200.0,4600.0,5200.0,0.0,-400.0,4433.333333333333,4535.714285714285,383.7471886045613,4213.807,13.80712890625,0.32874116443452384
2026-07-24,Haryana,Sonipat,Sonepat(Kharkhoda) APMC,Other,3500.0,5000.0,4400.0,2026,7,24,205,4,30,4200.0,4500.0,4850.0,200.0,-100.0,4300.0,4392.857142857143,262.0886800120833,4290.7583,-109.24169921875,-2.482765891335227
2026-07-25,Haryana,Sonipat,Sonepat(Kharkhoda) APMC,Other,1500.0,5000.0,4200.0,2026,7,25,206,5,30,4400.0,4200.0,4200.0,-200.0,0.0,4266.666666666667,4328.571428571428,170.4336206492694,4031.9988,-168.001220703125,-4.000029064360119
2026-07-27,Haryana,Sonipat,Sonepat(Kharkhoda) APMC,Other,2000.0,5000.0,4200.0,2026,7,27,208,0,31,4200.0,4200.0,4200.0,0.0,0.0,4266.666666666667,4328.571428571428,170.4336206492694,4049.5583,-150.441650390625,-3.581944056919643
2026-07-28,Haryana,Sonipat,Sonepat(Kharkhoda) APMC,Other,2000.0,5000.0,4200.0,2026,7,28,209,1,31,4200.0,4400.0,4600.0,0.0,-200.0,4266.666666666667,4328.571428571428,170.4336206492694,4088.245,-111.7548828125,-2.660830543154762
2026-07-29,Haryana,Sonipat,Sonepat(Kharkhoda) APMC,Other,2500.0,5000.0,4200.0,2026,7,29,210,2,31,4200.0,4200.0,4500.0,0.0,0.0,4200.0,4271.428571428572,125.35663410560171,4170.645,-29.35498046875,-0.6989281063988095
2026-07-29,Haryana,Yamuna Nagar,Chhachrauli APMC,Other,2000.0,2000.0,2000.0,2026,7,29,210,2,31,2000.0,1900.0,1800.0,0.0,100.0,2000.0,2028.571428571429,275.1622897751175,2084.8413,84.84130859375,4.2420654296875
2026-07-16,Haryana,Yamuna Nagar,Jagadhri APMC,Other,2000.0,10000.0,8000.0,2026,7,16,197,3,29,6200.0,5000.0,4500.0,1800.0,3000.0,5400.0,5171.428571428572,788.9112449325035,7144.676,-855.32421875,-10.691552734375
2026-07-17,Haryana,Yamuna Nagar,Jagadhri APMC,Other,2500.0,9569.0,8000.0,2026,7,17,198,4,29,8000.0,5000.0,4000.0,0.0,3000.0,6400.0,5671.428571428572,1260.5743211122535,7301.8477,-698.15234375,-8.726904296875
2026-07-18,Haryana,Yamuna Nagar,Jagadhri APMC,Other,2500.0,6500.0,6100.0,2026,7,18,199,5,29,8000.0,6200.0,6000.0,-1900.0,-100.0,7400.0,6242.857142857143,1283.039545840453,6504.7686,404.7685546875,6.635550076844263
2026-07-20,Haryana,Yamuna Nagar,Jagadhri APMC,Other,2200.0,6200.0,6000.0,2026,7,20,201,0,30,6100.0,8000.0,5500.0,-100.0,-2000.0,7366.666666666667,6257.142857142857,1280.4389128434862,6015.326,15.326171875,0.25543619791666666
2026-07-21,Haryana,Yamuna Nagar,Jagadhri APMC,Other,2500.0,6000.0,5000.0,2026,7,21,202,1,30,6000.0,8000.0,5000.0,-1000.0,-3000.0,6700.0,6328.571428571428,1244.6074156325835,5083.191,83.19091796875,1.6638183593750002
2026-07-22,Haryana,Yamuna Nagar,Jagadhri APMC,Other,2500.0,6000.0,5000.0,2026,7,22,203,2,30,5000.0,6100.0,5000.0,0.0,-1100.0,5700.0,6328.571428571428,1244.6074156325835,4998.6616,-1.33837890625,-0.026767578125
2026-07-23,Haryana,Yamuna Nagar,Jagadhri APMC,Other,2500.0,8000.0,6000.0,2026,7,23,204,3,30,5000.0,6000.0,6200.0,1000.0,0.0,5333.333333333333,6328.571428571428,1244.6074156325835,5593.8184,-406.181640625,-6.769694010416667
2026-07-24,Haryana,Yamuna Nagar,Jagadhri APMC,Other,2000.0,7000.0,6000.0,2026,7,24,205,4,30,6000.0,5000.0,8000.0,0.0,1000.0,5333.333333333333,6300.0,1250.3332889007363,5709.891,-290.10888671875,-4.835148111979167
2026-07-25,Haryana,Yamuna Nagar,Jagadhri APMC,Other,4000.0,7000.0,6100.0,2026,7,25,206,5,30,6000.0,5000.0,8000.0,100.0,1100.0,5666.666666666667,6014.285714285715,1000.714030794298,5925.8887,-174.111328125,-2.854284067622951
2026-07-27,Haryana,Yamuna Nagar,Jagadhri APMC,Other,3000.0,8000.0,7000.0,2026,7,27,208,0,31,6100.0,6000.0,6100.0,900.0,1000.0,6033.333333333333,5742.857142857143,509.4347941825433,6462.807,-537.19287109375,-7.674183872767857
2026-07-28,Haryana,Yamuna Nagar,Jagadhri APMC,Other,2000.0,8000.0,7000.0,2026,7,28,209,1,31,7000.0,6000.0,6000.0,0.0,1000.0,6366.666666666667,5871.428571428572,694.5365018348228,6851.99,-148.009765625,-2.1144252232142855
2026-07-29,Haryana,Yamuna Nagar,Jagadhri APMC,Other,3500.0,7000.0,6000.0,2026,7,29,210,2,31,7000.0,6100.0,5000.0,-1000.0,-100.0,6700.0,6014.285714285715,817.3709305420876,6315.678,315.67822265625,5.2613037109375
2026-07-25,Haryana,Yamuna Nagar,Radaur APMC,Other,2500.0,3000.0,2800.0,2026,7,25,206,5,30,2800.0,1800.0,2500.0,0.0,1000.0,2200.0,2128.5714285714284,377.3340063934768,2708.7595,-91.240478515625,-3.258588518415179
2026-07-27,Haryana,Yamuna Nagar,Radaur APMC,Other,2100.0,2800.0,2500.0,2026,7,27,208,0,31,2800.0,2000.0,2000.0,-300.0,500.0,2533.3333333333335,2171.4285714285716,438.6125310350269,2504.2307,4.230712890625,0.16922851562500002
2026-07-29,Haryana,Yamuna Nagar,Radaur APMC,Other,2300.0,2500.0,2400.0,2026,7,29,210,2,31,2500.0,2800.0,2000.0,-100.0,-400.0,2700.0,2242.8571428571427,446.6808810815721,2440.473,40.472900390625,1.686370849609375
2026-07-18,Himachal Pradesh,Bilaspur,PMY Bilaspur,Other,6500.0,10000.0,8000.0,2026,7,18,199,5,29,7200.0,7400.0,7500.0,800.0,600.0,7866.666666666667,7585.714285714285,769.0439333539869,7990.673,-9.3271484375,-0.11658935546875
2026-07-20,Himachal Pradesh,Bilaspur,PMY Bilaspur,Other,5000.0,14000.0,7000.0,2026,7,20,201,0,30,8000.0,9000.0,7500.0,-1000.0,-2000.0,8066.666666666667,7657.142857142857,782.8519290754433,7766.165,766.1650390625,10.94521484375
2026-07-21,Himachal Pradesh,Bilaspur,PMY Bilaspur,Other,5000.0,14000.0,7000.0,2026,7,21,202,1,30,7000.0,7200.0,8000.0,0.0,-200.0,7400.0,7585.714285714285,821.4389233302161,7107.7563,107.75634765625,1.5393763950892858
2026-07-22,Himachal Pradesh,Bilaspur,PMY Bilaspur,Other,5000.0,14000.0,7000.0,2026,7,22,203,2,30,7000.0,8000.0,6500.0,0.0,-1000.0,7333.333333333333,7442.857142857143,824.3323416704026,7097.767,97.76708984375,1.3966727120535716
2026-07-23,Himachal Pradesh,Bilaspur,PMY Bilaspur,Other,5000.0,9500.0,7000.0,2026,7,23,204,3,30,7000.0,7000.0,7400.0,0.0,0.0,7000.0,7514.285714285715,747.0577207252717,7096.6997,96.69970703125,1.3814243861607143
2026-07-24,Himachal Pradesh,Bilaspur,PMY Bilaspur,Other,4000.0,10000.0,6500.0,2026,7,24,205,4,30,7000.0,7000.0,9000.0,-500.0,-500.0,7000.0,7457.142857142857,772.1337165222589,6902.4854,402.4853515625,6.192082331730769
2026-07-25,Himachal Pradesh,Bilaspur,PMY Bilaspur,Other,6800.0,12000.0,7800.0,2026,7,25,206,5,30,6500.0,7000.0,7200.0,1300.0,800.0,6833.333333333333,7100.0,450.9249752822891,7812.687,12.68701171875,0.16265399639423078
2026-07-27,Himachal Pradesh,Bilaspur,PMY Bilaspur,Other,8000.0,12000.0,8400.0,2026,7,27,208,0,31,7800.0,7000.0,8000.0,600.0,1400.0,7100.0,7185.714285714285,524.1773600241663,7888.5664,-511.43359375,-6.088495163690476
2026-07-28,Himachal Pradesh,Bilaspur,PMY Bilaspur,Other,6000.0,12000.0,9000.0,2026,7,28,209,1,31,8400.0,6500.0,7000.0,600.0,2500.0,7566.666666666667,7242.857142857143,637.3307431706679,8694.952,-305.0478515625,-3.389420572916667
2026-07-29,Himachal Pradesh,Bilaspur,PMY Bilaspur,Other,8000.0,12000.0,8900.0,2026,7,29,210,2,31,9000.0,7800.0,7000.0,-100.0,1100.0,8400.0,7528.571428571428,903.1690238899278,8690.827,-209.1728515625,-2.3502567591292136
2026-07-15,Himachal Pradesh,Chamba,PMY Chamba,Dusheri,5500.0,6000.0,5750.0,2026,7,15,196,2,29,5750.0,4250.0,4250.0,0.0,1500.0,4750.0,4464.285714285715,566.9467095138407,5077.9507,-672.04931640625,-11.687814198369566
2026-07-16,Himachal Pradesh,Chamba,PMY Chamba,Dusheri,5500.0,6000.0,5750.0,2026,7,16,197,3,29,5750.0,4250.0,4250.0,0.0,1500.0,5250.0,4678.571428571428,731.9250547113998,5363.2056,-386.79443359375,-6.726859714673913
2026-07-17,Himachal Pradesh,Chamba,PMY Chamba,Dusheri,5500.0,6000.0,5750.0,2026,7,17,198,4,29,5750.0,5750.0,4250.0,0.0,0.0,5750.0,4892.857142857143,801.783725737273,5582.134,-167.8662109375,-2.919412364130435
2026-07-18,Himachal Pradesh,Chamba,PMY Chamba,Dusheri,5500.0,6000.0,5750.0,2026,7,18,199,5,29,5750.0,5750.0,4250.0,0.0,0.0,5750.0,5107.142857142857,801.783725737273,5554.282,-195.7177734375,-3.4037873641304346
2026-07-20,Himachal Pradesh,Chamba,PMY Chamba,Dusheri,5500.0,6000.0,5750.0,2026,7,20,201,0,30,5750.0,5750.0,4250.0,0.0,0.0,5750.0,5321.428571428572,731.9250547113998,5617.5527,-132.447265625,-2.303430706521739
2026-07-21,Himachal Pradesh,Chamba,PMY Chamba,Dusheri,5500.0,6000.0,5750.0,2026,7,21,202,1,30,5750.0,5750.0,4250.0,0.0,0.0,5750.0,5535.714285714285,566.9467095138407,5560.026,-189.97412109375,-3.3038977581521736
2026-07-23,Himachal Pradesh,Chamba,PMY Chamba,Dusheri,5500.0,6000.0,5750.0,2026,7,23,204,3,30,5750.0,5750.0,5750.0,0.0,0.0,5750.0,5750.0,0.0,5664.9346,-85.0654296875,-1.479398777173913
2026-07-25,Himachal Pradesh,Chamba,PMY Chamba,Dusheri,5500.0,6000.0,5750.0,2026,7,25,206,5,30,5750.0,5750.0,5750.0,0.0,0.0,5750.0,5750.0,0.0,5644.3354,-105.66455078125,-1.8376443614130433
2026-07-27,Himachal Pradesh,Chamba,PMY Chamba,Dusheri,5500.0,6000.0,5750.0,2026,7,27,208,0,31,5750.0,5750.0,5750.0,0.0,0.0,5750.0,5750.0,0.0,5649.2476,-100.75244140625,-1.7522163722826087
2026-07-29,Himachal Pradesh,Chamba,PMY Chamba,Dusheri,5500.0,6000.0,5750.0,2026,7,29,210,2,31,5750.0,5750.0,5750.0,0.0,0.0,5750.0,5750.0,0.0,5675.7134,-74.28662109375,-1.2919412364130434
2026-07-14,Himachal Pradesh,Hamirpur,PMY Hamirpur,Other,5500.0,11000.0,8000.0,2026,7,14,195,1,29,8000.0,7500.0,7000.0,0.0,500.0,7666.666666666667,7642.857142857143,556.3486402641869,7499.0903,-500.90966796875,-6.261370849609375
2026-07-15,Himachal Pradesh,Hamirpur,PMY Hamirpur,Other,6000.0,11000.0,8500.0,2026,7,15,196,2,29,8000.0,7500.0,7000.0,500.0,1000.0,7833.333333333333,7785.714285714285,487.95003647426694,8245.209,-254.791015625,-2.9975413602941177
2026-07-16,Himachal Pradesh,Hamirpur,PMY Hamirpur,Other,6000.0,11000.0,8500.0,2026,7,16,197,3,29,8500.0,8000.0,8000.0,0.0,500.0,8166.666666666667,8000.0,408.2482904638638,8263.947,-236.052734375,-2.7770909926470586
2026-07-18,Himachal Pradesh,Hamirpur,PMY Hamirpur,Other,6000.0,10000.0,8000.0,2026,7,18,199,5,29,8500.0,8000.0,8500.0,-500.0,0.0,8333.333333333334,8071.428571428572,449.8677054212195,8113.4355,113.435546875,1.4179443359375
2026-07-20,Himachal Pradesh,Hamirpur,PMY Hamirpur,Other,6000.0,10000.0,8000.0,2026,7,20,201,0,30,8000.0,8500.0,7500.0,0.0,-500.0,8333.333333333334,8000.0,408.2482904638638,7975.6646,-24.33544921875,-0.304193115234375
2026-07-21,Himachal Pradesh,Hamirpur,PMY Hamirpur,Other,6500.0,9000.0,8000.0,2026,7,21,202,1,30,8000.0,8500.0,7500.0,0.0,-500.0,8166.666666666667,8071.428571428572,345.0327796711782,7967.5747,-32.42529296875,-0.405316162109375
2026-07-22,Himachal Pradesh,Hamirpur,PMY Hamirpur,Other,6500.0,9000.0,7700.0,2026,7,22,203,2,30,8000.0,8000.0,8000.0,-300.0,-300.0,8000.0,8142.857142857143,243.97501823713517,7853.8804,153.88037109375,1.9984463778409092
2026-07-24,Himachal Pradesh,Hamirpur,PMY Hamirpur,Other,6000.0,10000.0,8000.0,2026,7,24,205,4,30,7700.0,8000.0,8000.0,300.0,0.0,7900.0,8100.0,294.39202887759626,8065.8223,65.822265625,0.8227783203125
2026-07-25,Himachal Pradesh,Hamirpur,PMY Hamirpur,Other,6000.0,10000.0,8000.0,2026,7,25,206,5,30,8000.0,8000.0,8500.0,0.0,0.0,7900.0,8100.0,294.39202887759626,8068.852,68.85205078125,0.8606506347656249
2026-07-27,Himachal Pradesh,Hamirpur,PMY Hamirpur,Other,6000.0,8500.0,7200.0,2026,7,27,208,0,31,8000.0,7700.0,8500.0,-800.0,-500.0,7900.0,8028.571428571428,236.0387377408343,7822.2266,622.2265625,8.642035590277777
2026-07-28,Himachal Pradesh,Hamirpur,PMY Hamirpur,Other,7000.0,10000.0,8500.0,2026,7,28,209,1,31,7200.0,8000.0,8000.0,1300.0,500.0,7733.333333333333,7842.857142857143,304.7247001100225,7916.41,-583.58984375,-6.865762867647058
2026-07-29,Himachal Pradesh,Hamirpur,PMY Hamirpur,Other,7000.0,10000.0,8500.0,2026,7,29,210,2,31,8500.0,8000.0,8000.0,0.0,500.0,7900.0,7914.285714285715,393.3978962347221,8180.4097,-319.59033203125,-3.759886259191177
2026-07-15,Himachal Pradesh,Hamirpur,SMY Nadaun,Other,6000.0,11000.0,8500.0,2026,7,15,196,2,29,8500.0,8500.0,7000.0,0.0,0.0,8166.666666666667,7785.714285714285,566.9467095138408,8186.8623,-313.1376953125,-3.6839728860294114
2026-07-16,Himachal Pradesh,Hamirpur,SMY Nadaun,Other,7500.0,13000.0,9500.0,2026,7,16,197,3,29,8500.0,7500.0,7500.0,1000.0,2000.0,8166.666666666667,8000.0,499.9999999999998,9214.086,-285.9140625,-3.0096217105263157
2026-07-17,Himachal Pradesh,Hamirpur,SMY Nadaun,Other,8500.0,11000.0,9000.0,2026,7,17,198,4,29,9500.0,8500.0,8000.0,-500.0,500.0,8833.333333333334,8285.714285714286,698.6381310057717,9050.3545,50.3544921875,0.5594943576388889
2026-07-18,Himachal Pradesh,Hamirpur,SMY Nadaun,Other,6000.0,13000.0,9000.0,2026,7,18,199,5,29,9000.0,8500.0,7500.0,0.0,500.0,9000.0,8428.57142857143,731.9250547113996,8699.401,-300.5986328125,-3.339984809027778
2026-07-20,Himachal Pradesh,Hamirpur,SMY Nadaun,Other,9000.0,10000.0,9500.0,2026,7,20,201,0,30,9000.0,9500.0,8500.0,500.0,0.0,9166.666666666666,8642.857142857143,626.7831705280081,8893.523,-606.4765625,-6.383963815789475
2026-07-21,Himachal Pradesh,Hamirpur,SMY Nadaun,Other,6000.0,11000.0,9000.0,2026,7,21,202,1,30,9500.0,9000.0,7500.0,-500.0,0.0,9166.666666666666,8785.714285714286,698.6381310057711,9066.992,66.9921875,0.7443576388888888
2026-07-22,Himachal Pradesh,Hamirpur,SMY Nadaun,Other,9000.0,9200.0,9100.0,2026,7,22,203,2,30,9000.0,9000.0,8500.0,100.0,100.0,9166.666666666666,9000.0,408.2482904638616,8765.213,-334.787109375,-3.6789792239010985
2026-07-24,Himachal Pradesh,Hamirpur,SMY Nadaun,Other,9000.0,10000.0,9500.0,2026,7,24,205,4,30,9100.0,9500.0,8500.0,400.0,0.0,9200.0,9085.714285714286,343.649877193688,8860.724,-639.2763671875,-6.729224917763157
2026-07-25,Himachal Pradesh,Hamirpur,SMY Nadaun,Other,6000.0,10000.0,8000.0,2026,7,25,206,5,30,9500.0,9000.0,9500.0,-1500.0,-1000.0,9200.0,9228.57142857143,256.34797778465946,8417.196,417.1962890625,5.21495361328125
2026-07-27,Himachal Pradesh,Hamirpur,SMY Nadaun,Other,8000.0,15000.0,12000.0,2026,7,27,208,0,31,8000.0,9100.0,9000.0,4000.0,2900.0,8866.666666666666,9014.285714285714,501.426536422406,10655.429,-1344.5712890625,-11.2047607421875
2026-07-28,Himachal Pradesh,Hamirpur,SMY Nadaun,Other,8000.0,15000.0,12000.0,2026,7,28,209,1,31,12000.0,9500.0,9000.0,0.0,2500.0,9833.333333333334,9442.857142857143,1234.04098102824,10958.077,-1041.9228515625,-8.682690429687499
2026-07-29,Himachal Pradesh,Hamirpur,SMY Nadaun,Other,7000.0,10000.0,8500.0,2026,7,29,210,2,31,12000.0,8000.0,9500.0,-3500.0,500.0,10666.666666666666,9871.42857142857,1538.087866707973,9142.909,642.9091796875,7.563637408088235
2026-07-16,Himachal Pradesh,Kangra,PMY Kangra,Other,4000.0,6000.0,5000.0,2026,7,16,197,3,29,7000.0,6000.0,7000.0,-2000.0,-1000.0,7000.0,7000.0,577.3502691896257,5302.8125,302.8125,6.0562499999999995
2026-07-17,Himachal Pradesh,Kangra,PMY Kangra,Other,4000.0,6000.0,5000.0,2026,7,17,198,4,29,5000.0,8000.0,7000.0,0.0,-3000.0,6666.666666666667,6714.285714285715,951.189731211342,5036.294,36.2939453125,0.72587890625
2026-07-20,Himachal Pradesh,Kangra,PMY Kangra,Other,4000.0,6000.0,5000.0,2026,7,20,201,0,30,5000.0,7000.0,7000.0,0.0,-2000.0,5666.666666666667,6428.571428571428,1133.8934190276818,5078.4585,78.45849609375,1.5691699218750002
2026-07-22,Himachal Pradesh,Kangra,PMY Kangra,Other,4000.0,6000.0,5000.0,2026,7,22,203,2,30,5000.0,5000.0,7000.0,0.0,0.0,5000.0,6142.857142857143,1214.9857925879116,5189.736,189.73583984375,3.794716796875
2026-07-24,Himachal Pradesh,Kangra,PMY Kangra,Other,4000.0,6000.0,5000.0,2026,7,24,205,4,30,5000.0,5000.0,6000.0,0.0,0.0,5000.0,5857.142857142857,1214.9857925879114,5132.9526,132.95263671875,2.659052734375
2026-07-25,Himachal Pradesh,Kangra,PMY Kangra,Other,4000.0,6000.0,5000.0,2026,7,25,206,5,30,5000.0,5000.0,8000.0,0.0,0.0,5000.0,5714.285714285715,1253.5663410560169,5079.3687,79.36865234375,1.587373046875
2026-07-27,Himachal Pradesh,Kangra,PMY Kangra,Other,4000.0,6000.0,5000.0,2026,7,27,208,0,31,5000.0,5000.0,7000.0,0.0,0.0,5000.0,5285.714285714285,755.928946018453,5025.7144,25.71435546875,0.514287109375
2026-07-28,Himachal Pradesh,Kangra,PMY Kangra,Other,4000.0,6500.0,5000.0,2026,7,28,209,1,31,5000.0,5000.0,5000.0,0.0,0.0,5000.0,5000.0,0.0,4989.035,-10.96484375,-0.219296875
2026-07-29,Himachal Pradesh,Kangra,PMY Kangra,Other,4000.0,6500.0,5500.0,2026,7,29,210,2,31,5000.0,5000.0,5000.0,500.0,500.0,5000.0,5000.0,0.0,5266.2764,-233.7236328125,-4.249520596590909
2026-07-27,Himachal Pradesh,Kangra,SMY Baijnath,Dusheri,5000.0,8000.0,7000.0,2026,7,27,208,0,31,5000.0,5000.0,4000.0,2000.0,2000.0,5333.333333333333,4928.571428571428,607.4928962939558,6555.0444,-444.95556640625,-6.356508091517857
2026-07-28,Himachal Pradesh,Kangra,SMY Baijnath,Dusheri,6000.0,8000.0,8000.0,2026,7,28,209,1,31,7000.0,6000.0,5000.0,1000.0,2000.0,6000.0,5357.142857142857,852.1681032463467,7362.7544,-637.24560546875,-7.965570068359375
2026-07-18,Himachal Pradesh,Kangra,SMY Jaisinghpur,Other,4500.0,14500.0,10000.0,2026,7,18,199,5,29,7000.0,8000.0,9800.0,3000.0,2000.0,7666.666666666667,7800.0,1591.644851508443,8955.157,-1044.8427734375,-10.448427734375
2026-07-20,Himachal Pradesh,Kangra,SMY Jaisinghpur,Other,6000.0,14000.0,10000.0,2026,7,20,201,0,30,10000.0,8000.0,9800.0,0.0,2000.0,8333.333333333334,7828.571428571428,1634.7418610841753,9323.409,-676.5908203125,-6.765908203125
2026-07-21,Himachal Pradesh,Kangra,SMY Jaisinghpur,Other,5000.0,14000.0,10000.0,2026,7,21,202,1,30,10000.0,7000.0,6000.0,0.0,3000.0,9000.0,7857.142857142857,1676.1634196950515,9051.273,-948.7265625,-9.487265625000001
2026-07-22,Himachal Pradesh,Kangra,SMY Jaisinghpur,Other,5000.0,14000.0,9000.0,2026,7,22,203,2,30,10000.0,10000.0,6000.0,-1000.0,-1000.0,10000.0,8428.57142857143,1618.3471874253746,8690.338,-309.662109375,-3.440690104166667
2026-07-24,Himachal Pradesh,Kangra,SMY Jaisinghpur,Other,5000.0,14000.0,10000.0,2026,7,24,205,4,30,9000.0,10000.0,8000.0,1000.0,0.0,9666.666666666666,8857.142857142857,1214.9857925879128,9173.362,-826.6376953125,-8.266376953125
2026-07-25,Himachal Pradesh,Kangra,SMY Jaisinghpur,Other,5000.0,14000.0,10000.0,2026,7,25,206,5,30,10000.0,10000.0,8000.0,0.0,0.0,9666.666666666666,9142.857142857143,1214.9857925879128,9292.839,-707.1611328125,-7.071611328125001
2026-07-27,Himachal Pradesh,Kangra,SMY Jaisinghpur,Other,5000.0,14000.0,10000.0,2026,7,27,208,0,31,10000.0,9000.0,7000.0,0.0,1000.0,9666.666666666666,9428.57142857143,1133.8934190276827,9390.653,-609.3466796875,-6.093466796875
2026-07-28,Himachal Pradesh,Kangra,SMY Jaisinghpur,Other,5000.0,9500.0,7500.0,2026,7,28,209,1,31,10000.0,10000.0,10000.0,-2500.0,-2500.0,10000.0,9857.142857142857,377.9644730092293,8208.709,708.708984375,9.449453125
2026-07-29,Himachal Pradesh,Kangra,SMY Jaisinghpur,Other,7500.0,9500.0,8500.0,2026,7,29,210,2,31,7500.0,10000.0,10000.0,1000.0,-1500.0,9166.666666666666,9500.0,957.4271077563384,8416.099,-83.9013671875,-0.9870749080882353
2026-07-20,Himachal Pradesh,Kangra,SMY Nagrota Bagwan,Other,4000.0,6000.0,5000.0,2026,7,20,201,0,30,5000.0,6000.0,6500.0,0.0,-1000.0,5333.333333333333,5900.0,1126.9427669584643,5099.522,99.52197265625,1.990439453125
2026-07-21,Himachal Pradesh,Kangra,SMY Nagrota Bagwan,Other,4000.0,6000.0,5000.0,2026,7,21,202,1,30,5000.0,5000.0,6000.0,0.0,0.0,5000.0,5685.714285714285,1136.410388648648,5054.226,54.22607421875,1.084521484375
2026-07-22,Himachal Pradesh,Kangra,SMY Nagrota Bagwan,Other,4000.0,6000.0,5000.0,2026,7,22,203,2,30,5000.0,5000.0,8000.0,0.0,0.0,5000.0,5542.857142857143,1153.0497862294626,5248.8755,248.87548828125,4.977509765625
2026-07-23,Himachal Pradesh,Kangra,SMY Nagrota Bagwan,Other,4000.0,6000.0,5000.0,2026,7,23,204,3,30,5000.0,5000.0,4800.0,0.0,0.0,5000.0,5114.285714285715,397.6119189552007,4945.757,-54.2431640625,-1.08486328125
2026-07-24,Himachal Pradesh,Kangra,SMY Nagrota Bagwan,Other,4000.0,6000.0,5000.0,2026,7,24,205,4,30,5000.0,5000.0,6000.0,0.0,0.0,5000.0,5142.857142857143,377.964473009226,4901.528,-98.47216796875,-1.969443359375
2026-07-25,Himachal Pradesh,Kangra,SMY Nagrota Bagwan,Other,4000.0,6000.0,5000.0,2026,7,25,206,5,30,5000.0,5000.0,5000.0,0.0,0.0,5000.0,5000.0,0.0,4922.6035,-77.396484375,-1.5479296875
2026-07-27,Himachal Pradesh,Kangra,SMY Nagrota Bagwan,Other,4000.0,6000.0,5000.0,2026,7,27,208,0,31,5000.0,5000.0,5000.0,0.0,0.0,5000.0,5000.0,0.0,4925.518,-74.48193359375,-1.4896386718749999
2026-07-28,Himachal Pradesh,Kangra,SMY Nagrota Bagwan,Other,4000.0,6000.0,5000.0,2026,7,28,209,1,31,5000.0,5000.0,5000.0,0.0,0.0,5000.0,5000.0,0.0,4974.008,-25.9921875,-0.5198437499999999
2026-07-29,Himachal Pradesh,Kangra,SMY Nagrota Bagwan,Other,4000.0,6000.0,5000.0,2026,7,29,210,2,31,5000.0,5000.0,5000.0,0.0,0.0,5000.0,5000.0,0.0,4957.3735,-42.62646484375,-0.852529296875
2026-07-15,Himachal Pradesh,Kangra,SMY Palampur,Other,2000.0,12000.0,7000.0,2026,7,15,196,2,29,7000.0,8000.0,4600.0,0.0,-1000.0,7000.0,5885.714285714285,1279.8809468443687,7232.729,232.72900390625,3.3247000558035715
2026-07-16,Himachal Pradesh,Kangra,SMY Palampur,Other,2000.0,12000.0,6000.0,2026,7,16,197,3,29,7000.0,6000.0,4600.0,-1000.0,0.0,6666.666666666667,6228.571428571428,1196.821186468953,6678.547,678.546875,11.309114583333333
2026-07-17,Himachal Pradesh,Kangra,SMY Palampur,Other,2000.0,12000.0,7000.0,2026,7,17,198,4,29,6000.0,7000.0,6000.0,1000.0,0.0,6666.666666666667,6428.571428571428,975.9000729485332,6754.9795,-245.0205078125,-3.50029296875
2026-07-18,Himachal Pradesh,Kangra,SMY Palampur,Other,4000.0,14000.0,8000.0,2026,7,18,199,5,29,7000.0,7000.0,5000.0,1000.0,1000.0,6666.666666666667,6571.428571428572,975.9000729485332,7341.0615,-658.9384765625,-8.23673095703125
2026-07-20,Himachal Pradesh,Kangra,SMY Palampur,Other,5000.0,13000.0,9000.0,2026,7,20,201,0,30,8000.0,6000.0,8000.0,1000.0,3000.0,7000.0,7000.0,816.4965809277259,8410.833,-589.1669921875,-6.546299913194445
2026-07-21,Himachal Pradesh,Kangra,SMY Palampur,Other,10000.0,13000.0,11500.0,2026,7,21,202,1,30,9000.0,7000.0,6000.0,2500.0,4500.0,8000.0,7142.857142857143,1069.0449676496974,10305.214,-1194.7861328125,-10.389444633152173
2026-07-22,Himachal Pradesh,Kangra,SMY Palampur,Other,4000.0,13000.0,8000.0,2026,7,22,203,2,30,11500.0,8000.0,7000.0,-3500.0,0.0,9500.0,7928.571428571428,1835.4965592579076,8321.867,321.8671875,4.02333984375
2026-07-23,Himachal Pradesh,Kangra,SMY Palampur,Other,4000.0,13000.0,9000.0,2026,7,23,204,3,30,8000.0,9000.0,7000.0,1000.0,0.0,9500.0,8071.428571428572,1789.5197546774807,8825.965,-174.03515625,-1.9337239583333332
2026-07-24,Himachal Pradesh,Kangra,SMY Palampur,Other,4000.0,13000.0,9000.0,2026,7,24,205,4,30,9000.0,11500.0,6000.0,0.0,-2500.0,9500.0,8357.142857142857,1749.149453169685,8310.139,-689.861328125,-7.665125868055556
2026-07-25,Himachal Pradesh,Kangra,SMY Palampur,Other,4000.0,13000.0,9000.0,2026,7,25,206,5,30,9000.0,8000.0,7000.0,0.0,1000.0,8666.666666666666,8785.714285714286,1409.998311380279,8329.127,-670.873046875,-7.454144965277777
2026-07-27,Himachal Pradesh,Kangra,SMY Palampur,Other,4000.0,13000.0,9000.0,2026,7,27,208,0,31,9000.0,9000.0,8000.0,0.0,0.0,9000.0,9071.42857142857,1170.063083362439,8573.992,-426.0078125,-4.733420138888889
2026-07-28,Himachal Pradesh,Kangra,SMY Palampur,Other,4000.0,9000.0,6000.0,2026,7,28,209,1,31,9000.0,9000.0,9000.0,-3000.0,-3000.0,9000.0,9214.285714285714,1074.598485371119,7056.825,1056.8251953125,17.613753255208334
2026-07-29,Himachal Pradesh,Kangra,SMY Palampur,Other,7000.0,9000.0,8000.0,2026,7,29,210,2,31,6000.0,9000.0,11500.0,2000.0,-1000.0,8000.0,8785.714285714286,1629.3440105643454,8081.3784,81.37841796875,1.0172302246093752
2026-07-18,Himachal Pradesh,Kullu,PMY Kullu,Other,5500.0,15000.0,8000.0,2026,7,18,199,5,29,8000.0,8000.0,7000.0,0.0,0.0,8000.0,7000.0,1000.0,7990.4824,-9.517578125,-0.1189697265625
2026-07-20,Himachal Pradesh,Kullu,PMY Kullu,Other,5500.0,15000.0,8000.0,2026,7,20,201,0,30,8000.0,8000.0,6000.0,0.0,0.0,8000.0,7142.857142857143,1069.0449676496976,7705.734,-294.26611328125,-3.6783264160156253
2026-07-21,Himachal Pradesh,Kullu,PMY Kullu,Other,5500.0,15000.0,9000.0,2026,7,21,202,1,30,8000.0,8000.0,6000.0,1000.0,1000.0,8000.0,7428.571428571428,975.9000729485332,8458.08,-541.919921875,-6.021332465277777
2026-07-22,Himachal Pradesh,Kullu,PMY Kullu,Other,6000.0,8000.0,7000.0,2026,7,22,203,2,30,9000.0,8000.0,6000.0,-2000.0,-1000.0,8333.333333333334,7857.142857142857,899.7354108424367,7484.293,484.29296875,6.918470982142858
2026-07-23,Himachal Pradesh,Kullu,PMY Kullu,Other,6000.0,8000.0,7000.0,2026,7,23,204,3,30,7000.0,8000.0,8000.0,0.0,-1000.0,8000.0,8000.0,577.3502691896247,7612.13,612.1298828125,8.744712611607143
2026-07-24,Himachal Pradesh,Kullu,PMY Kullu,Other,6000.0,7500.0,7000.0,2026,7,24,205,4,30,7000.0,9000.0,8000.0,0.0,-2000.0,7666.666666666667,7857.142857142857,690.0655593423535,7317.105,317.10498046875,4.530071149553572
2026-07-25,Himachal Pradesh,Kullu,PMY Kullu,Other,6000.0,7500.0,6600.0,2026,7,25,206,5,30,7000.0,7000.0,8000.0,-400.0,-400.0,7000.0,7714.285714285715,755.9289460184539,7154.296,554.2958984375,8.398422703598484
2026-07-27,Himachal Pradesh,Kullu,PMY Kullu,Other,6000.0,7500.0,7000.0,2026,7,27,208,0,31,6600.0,7000.0,8000.0,400.0,0.0,6866.666666666667,7514.285714285715,847.4050024015892,7040.1,40.10009765625,0.5728585379464286
2026-07-29,Himachal Pradesh,Kullu,PMY Kullu,Other,7000.0,8000.0,7500.0,2026,7,29,210,2,31,7000.0,7000.0,8000.0,500.0,500.0,6866.666666666667,7371.428571428572,836.0906763309937,7061.044,-438.9560546875,-5.852747395833333
2026-07-19,Himachal Pradesh,Kullu,SMY Bhuntar,Other,4500.0,11000.0,6500.0,2026,7,19,200,6,29,9000.0,9000.0,6000.0,-2500.0,-2500.0,9000.0,7742.857142857143,1256.7910763224768,7027.96,527.9599609375,8.122460937500001
2026-07-20,Himachal Pradesh,Kullu,SMY Bhuntar,Other,4500.0,11000.0,8000.0,2026,7,20,201,0,30,6500.0,9000.0,7500.0,1500.0,-1000.0,8166.666666666667,7814.285714285715,1150.9830167130638,8068.4146,68.41455078125,0.855181884765625
2026-07-21,Himachal Pradesh,Kullu,SMY Bhuntar,Other,4000.0,11000.0,8000.0,2026,7,21,202,1,30,8000.0,9000.0,7000.0,0.0,-1000.0,7833.333333333333,7885.714285714285,1143.7199124327767,7676.2515,-323.74853515625,-4.046856689453125
2026-07-22,Himachal Pradesh,Kullu,SMY Bhuntar,Other,5000.0,10000.0,7000.0,2026,7,22,203,2,30,8000.0,6500.0,6700.0,-1000.0,500.0,7500.0,8028.571428571428,1075.0415274370969,7394.448,394.4482421875,5.634974888392858
2026-07-23,Himachal Pradesh,Kullu,SMY Bhuntar,Other,5000.0,10000.0,8000.0,2026,7,23,204,3,30,7000.0,8000.0,9000.0,1000.0,0.0,7666.666666666667,8071.428571428572,1017.7004891982152,7893.1714,-106.82861328125,-1.335357666015625
2026-07-24,Himachal Pradesh,Kullu,SMY Bhuntar,Other,5000.0,10000.0,8000.0,2026,7,24,205,4,30,8000.0,8000.0,9000.0,0.0,0.0,7666.666666666667,7928.571428571428,932.2272357358044,7676.885,-323.115234375,-4.0389404296875
2026-07-26,Himachal Pradesh,Kullu,SMY Bhuntar,Other,5000.0,10000.0,8000.0,2026,7,26,207,6,30,8000.0,7000.0,9000.0,0.0,1000.0,7666.666666666667,7785.714285714285,809.1735937126866,7774.8735,-225.12646484375,-2.814080810546875
2026-07-27,Himachal Pradesh,Kullu,SMY Bhuntar,Other,5000.0,10000.0,8000.0,2026,7,27,208,0,31,8000.0,8000.0,6500.0,0.0,0.0,8000.0,7642.857142857143,626.7831705280079,7863.6714,-136.32861328125,-1.7041076660156251
2026-07-28,Himachal Pradesh,Kullu,SMY Bhuntar,Other,5000.0,10000.0,8000.0,2026,7,28,209,1,31,8000.0,8000.0,8000.0,0.0,0.0,8000.0,7857.142857142857,377.96447300922625,7916.6016,-83.3984375,-1.04248046875
2026-07-29,Himachal Pradesh,Kullu,SMY Bhuntar,Other,5500.0,10000.0,8000.0,2026,7,29,210,2,31,8000.0,8000.0,8000.0,0.0,0.0,8000.0,7857.142857142857,377.96447300922625,7882.9043,-117.095703125,-1.4636962890625
2026-07-20,Himachal Pradesh,Mandi,PMY Kangni Mandi,Other,4500.0,10500.0,8000.0,2026,7,20,201,0,30,8000.0,8000.0,7500.0,0.0,0.0,8000.0,7500.0,1154.7005383792514,7917.4053,-82.5947265625,-1.03243408203125
2026-07-21,Himachal Pradesh,Mandi,PMY Kangni Mandi,Other,5000.0,14000.0,11000.0,2026,7,21,202,1,30,8000.0,8000.0,5000.0,3000.0,3000.0,8000.0,7571.428571428572,1170.0630833624396,9942.257,-1057.7431640625,-9.615846946022726
2026-07-27,Himachal Pradesh,Mandi,PMY Kangni Mandi,Other,3200.0,10000.0,8500.0,2026,7,27,208,0,31,11000.0,8000.0,7500.0,-2500.0,500.0,9000.0,8428.57142857143,1170.063083362439,8913.771,413.771484375,4.867899816176471
2026-07-28,Himachal Pradesh,Mandi,PMY Kangni Mandi,Other,6000.0,7000.0,6500.0,2026,7,28,209,1,31,8500.0,8000.0,8500.0,-2000.0,-1500.0,9166.666666666666,8571.42857142857,1096.5313275875667,7445.015,945.01513671875,14.538694411057692
2026-07-29,Himachal Pradesh,Mandi,PMY Kangni Mandi,Other,5000.0,10000.0,8000.0,2026,7,29,210,2,31,6500.0,11000.0,8000.0,1500.0,-3000.0,8666.666666666666,8285.714285714286,1349.603116263656,7649.6426,-350.357421875,-4.3794677734375
2026-07-18,Himachal Pradesh,Mandi,SMY Dhanotu,Other,8000.0,9000.0,8500.0,2026,7,18,199,5,29,7500.0,7500.0,6500.0,1000.0,1000.0,7666.666666666667,6714.285714285715,1380.1311186847086,8153.7085,-346.29150390625,-4.074017693014706
2026-07-20,Himachal Pradesh,Mandi,SMY Dhanotu,Other,4000.0,9000.0,6500.0,2026,7,20,201,0,30,8500.0,8000.0,4000.0,-2000.0,-1500.0,8000.0,7000.0,1527.5252316519468,6638.35,138.35009765625,2.1284630408653844
2026-07-21,Himachal Pradesh,Mandi,SMY Dhanotu,Other,3000.0,11000.0,7500.0,2026,7,21,202,1,30,6500.0,7500.0,6000.0,1000.0,0.0,7500.0,7357.142857142857,852.1681032463474,7004.906,-495.09423828125,-6.601256510416667
2026-07-23,Himachal Pradesh,Mandi,SMY Dhanotu,Other,3000.0,11000.0,7500.0,2026,7,23,204,3,30,7500.0,8500.0,7500.0,0.0,-1000.0,7500.0,7571.428571428572,607.4928962939573,7154.6074,-345.392578125,-4.605234375
2026-07-24,Himachal Pradesh,Mandi,SMY Dhanotu,Other,4000.0,8000.0,6000.0,2026,7,24,205,4,30,7500.0,6500.0,7500.0,-1500.0,-500.0,7166.666666666667,7571.428571428572,607.4928962939573,6686.6724,686.67236328125,11.444539388020832
2026-07-25,Himachal Pradesh,Mandi,SMY Dhanotu,Other,4000.0,8000.0,6000.0,2026,7,25,206,5,30,6000.0,7500.0,8000.0,0.0,-1500.0,7000.0,7357.142857142857,852.1681032463474,6054.6567,54.65673828125,0.9109456380208334
2026-07-27,Himachal Pradesh,Mandi,SMY Dhanotu,Other,5000.0,8000.0,6500.0,2026,7,27,208,0,31,6000.0,7500.0,7500.0,500.0,-1000.0,6500.0,7071.428571428572,932.2272357358046,6512.7812,12.78125,0.1966346153846154
2026-07-28,Himachal Pradesh,Mandi,SMY Dhanotu,Other,5000.0,8000.0,6500.0,2026,7,28,209,1,31,6500.0,6000.0,8500.0,0.0,500.0,6166.666666666667,6928.571428571428,932.2272357358042,6502.3115,2.3115234375,0.03556189903846154
2026-07-29,Himachal Pradesh,Mandi,SMY Dhanotu,Other,6500.0,7000.0,6750.0,2026,7,29,210,2,31,6500.0,6000.0,6500.0,250.0,750.0,6333.333333333333,6642.857142857143,626.7831705280073,6776.6055,26.60546875,0.39415509259259257
2026-07-27,Himachal Pradesh,Shimla,SMY Rampur,Other,5000.0,7000.0,6000.0,2026,7,27,208,0,31,4500.0,3200.0,4000.0,1500.0,2800.0,4566.666666666667,4814.285714285715,1207.5161440308937,5827.913,-172.0869140625,-2.868115234375
2026-07-16,Himachal Pradesh,Shimla,SMY Rohroo,Other,5000.0,8000.0,6500.0,2026,7,16,197,3,29,7000.0,6000.0,5000.0,-500.0,500.0,6666.666666666667,6642.857142857143,1180.1936887041647,6580.097,80.09716796875,1.232264122596154
2026-07-17,Himachal Pradesh,Shimla,SMY Rohroo,Other,5000.0,8000.0,6500.0,2026,7,17,198,4,29,6500.0,7000.0,5500.0,0.0,-500.0,6833.333333333333,6857.142857142857,944.9111825230682,6379.3203,-120.6796875,-1.856610576923077
2026-07-18,Himachal Pradesh,Shimla,SMY Rohroo,Other,4000.0,10000.0,6000.0,2026,7,18,199,5,29,6500.0,7000.0,8000.0,-500.0,-1000.0,6666.666666666667,7000.0,763.7626158259735,6394.8013,394.80126953125,6.5800211588541675
2026-07-20,Himachal Pradesh,Shimla,SMY Rohroo,Other,5000.0,8000.0,6500.0,2026,7,20,201,0,30,6000.0,6500.0,8000.0,500.0,0.0,6333.333333333333,6714.285714285715,698.638131005772,6387.5215,-112.478515625,-1.7304387019230771
2026-07-21,Himachal Pradesh,Shimla,SMY Rohroo,Other,5000.0,8000.0,6500.0,2026,7,21,202,1,30,6500.0,6500.0,6000.0,0.0,0.0,6333.333333333333,6500.0,408.2482904638628,6408.4116,-91.58837890625,-1.4090519831730768
2026-07-23,Himachal Pradesh,Shimla,SMY Rohroo,Other,5000.0,9000.0,7000.0,2026,7,23,204,3,30,6500.0,6000.0,7000.0,500.0,1000.0,6333.333333333333,6571.428571428572,345.03277967117714,6714.431,-285.56884765625,-4.079554966517858
2026-07-24,Himachal Pradesh,Shimla,SMY Rohroo,Other,6000.0,8000.0,7000.0,2026,7,24,205,4,30,7000.0,6500.0,7000.0,0.0,500.0,6666.666666666667,6571.428571428572,345.03277967117714,7152.111,152.11083984375,2.1730119977678575
2026-07-25,Himachal Pradesh,Shimla,SMY Rohroo,Other,8000.0,9000.0,8500.0,2026,7,25,206,5,30,7000.0,6500.0,6500.0,1500.0,2000.0,6833.333333333333,6571.428571428572,345.03277967117714,7454.1694,-1045.83056640625,-12.303889016544117
2026-07-27,Himachal Pradesh,Shimla,SMY Rohroo,Other,6000.0,8000.0,7000.0,2026,7,27,208,0,31,8500.0,7000.0,6500.0,-1500.0,0.0,7500.0,6857.142857142857,801.7837257372736,7159.5786,159.57861328125,2.2796944754464286
2026-07-28,Himachal Pradesh,Shimla,SMY Rohroo,Other,6000.0,8000.0,7000.0,2026,7,28,209,1,31,7000.0,7000.0,6000.0,0.0,0.0,7500.0,6928.571428571428,786.7957924694438,7288.775,288.77490234375,4.125355747767857
2026-07-29,Himachal Pradesh,Shimla,SMY Rohroo,Other,6000.0,9000.0,7500.0,2026,7,29,210,2,31,7000.0,8500.0,6500.0,500.0,-1000.0,7500.0,7071.428571428572,672.5927091345502,7447.683,-52.31689453125,-0.69755859375
2026-07-15,Himachal Pradesh,Solan,PMY Kather Solan,Other,3000.0,14000.0,8000.0,2026,7,15,196,2,29,8000.0,7500.0,6000.0,0.0,500.0,7500.0,6928.571428571428,731.9250547114,7327.491,-672.5087890625,-8.40635986328125
2026-07-16,Himachal Pradesh,Solan,PMY Kather Solan,Other,3500.0,14000.0,8000.0,2026,7,16,197,3,29,8000.0,7000.0,6000.0,0.0,1000.0,7666.666666666667,7214.285714285715,698.6381310057722,7585.0654,-414.9345703125,-5.1866821289062495
2026-07-17,Himachal Pradesh,Solan,PMY Kather Solan,Other,2000.0,14000.0,8000.0,2026,7,17,198,4,29,8000.0,8000.0,7000.0,0.0,0.0,8000.0,7500.0,500.0000000000007,8108.2314,108.2314453125,1.35289306640625
2026-07-18,Himachal Pradesh,Solan,PMY Kather Solan,Other,2000.0,15000.0,8000.0,2026,7,18,199,5,29,8000.0,8000.0,7000.0,0.0,0.0,8000.0,7642.857142857143,475.59486560567194,8108.814,108.81396484375,1.360174560546875
2026-07-20,Himachal Pradesh,Solan,PMY Kather Solan,Other,3000.0,14000.0,8000.0,2026,7,20,201,0,30,8000.0,8000.0,7500.0,0.0,0.0,8000.0,7785.714285714285,393.39789623472313,7811.067,-188.93310546875,-2.361663818359375
2026-07-22,Himachal Pradesh,Solan,PMY Kather Solan,Other,2000.0,11000.0,7000.0,2026,7,22,203,2,30,8000.0,8000.0,7000.0,-1000.0,-1000.0,8000.0,7857.142857142857,377.9644730092289,7860.2783,860.2783203125,12.289690290178571
2026-07-23,Himachal Pradesh,Solan,PMY Kather Solan,Other,2000.0,9000.0,7000.0,2026,7,23,204,3,30,7000.0,8000.0,8000.0,0.0,-1000.0,7666.666666666667,7857.142857142857,377.9644730092272,7184.3374,184.33740234375,2.6333914620535714
2026-07-25,Himachal Pradesh,Solan,PMY Kather Solan,Other,2000.0,14000.0,7000.0,2026,7,25,206,5,30,7000.0,8000.0,8000.0,0.0,-1000.0,7333.333333333333,7714.285714285715,487.9500364742664,7211.891,211.89111328125,3.027015904017857
2026-07-27,Himachal Pradesh,Solan,PMY Kather Solan,Other,3500.0,8000.0,6200.0,2026,7,27,208,0,31,7000.0,7000.0,8000.0,-800.0,-800.0,7000.0,7571.428571428572,534.5224838248485,6719.142,519.14208984375,8.37325951360887
2026-07-29,Himachal Pradesh,Solan,PMY Kather Solan,Other,2500.0,13000.0,8000.0,2026,7,29,210,2,31,6200.0,7000.0,8000.0,1800.0,1000.0,6733.333333333333,7314.285714285715,701.0196655077307,7234.068,-765.93212890625,-9.574151611328125
2026-07-16,Himachal Pradesh,Solan,SMY Nalagarh,Other,3000.0,4000.0,3500.0,2026,7,16,197,3,29,3500.0,3300.0,2500.0,0.0,200.0,3366.6666666666665,3028.5714285714284,457.2172558506722,3464.7104,-35.28955078125,-1.0082728794642857
2026-07-17,Himachal Pradesh,Solan,SMY Nalagarh,Other,2800.0,3000.0,2900.0,2026,7,17,198,4,29,3500.0,3300.0,2300.0,-600.0,-400.0,3433.3333333333335,3171.4285714285716,419.1828786034632,2971.9807,71.980712890625,2.4820935479525863
2026-07-18,Himachal Pradesh,Solan,SMY Nalagarh,Other,2400.0,3500.0,3000.0,2026,7,18,199,5,29,2900.0,3500.0,3000.0,100.0,-500.0,3300.0,3257.1428571428573,229.90681342044425,3081.013,81.012939453125,2.700431315104167
2026-07-20,Himachal Pradesh,Solan,SMY Nalagarh,Other,2000.0,3000.0,2500.0,2026,7,20,201,0,30,3000.0,3500.0,3300.0,-500.0,-1000.0,3133.3333333333335,3257.1428571428573,229.90681342044425,2658.5842,158.584228515625,6.343369140625001
2026-07-21,Himachal Pradesh,Solan,SMY Nalagarh,Other,3000.0,3500.0,3300.0,2026,7,21,202,1,30,2500.0,2900.0,3300.0,800.0,400.0,2800.0,3142.8571428571427,364.4957377763734,2940.155,-359.844970703125,-10.904393051609848
2026-07-22,Himachal Pradesh,Solan,SMY Nalagarh,Other,3000.0,4000.0,3500.0,2026,7,22,203,2,30,3300.0,3000.0,3300.0,200.0,500.0,2933.3333333333335,3142.8571428571427,364.4957377763734,3337.8455,-162.154541015625,-4.632986886160714
2026-07-23,Himachal Pradesh,Solan,SMY Nalagarh,Other,3000.0,4000.0,3500.0,2026,7,23,204,3,30,3500.0,2500.0,3500.0,0.0,1000.0,3100.0,3171.4285714285716,386.06685826112937,3355.6213,-144.378662109375,-4.125104631696429
2026-07-24,Himachal Pradesh,Solan,SMY Nalagarh,Other,3000.0,4000.0,3500.0,2026,7,24,205,4,30,3500.0,3300.0,3500.0,0.0,200.0,3433.3333333333335,3171.4285714285716,386.06685826112937,3453.724,-46.27587890625,-1.3221679687499999
2026-07-25,Himachal Pradesh,Solan,SMY Nalagarh,Other,4000.0,4500.0,4300.0,2026,7,25,206,5,30,3500.0,3500.0,2900.0,800.0,800.0,3500.0,3171.4285714285716,386.06685826112937,3897.0886,-402.911376953125,-9.370032022165697
2026-07-27,Himachal Pradesh,Solan,SMY Nalagarh,Other,3500.0,4000.0,3800.0,2026,7,27,208,0,31,4300.0,3500.0,3000.0,-500.0,300.0,3766.6666666666665,3371.4285714285716,549.8917642417938,3829.1458,29.145751953125,0.7669934724506579
2026-07-28,Himachal Pradesh,Solan,SMY Nalagarh,Other,4000.0,4500.0,4300.0,2026,7,28,209,1,31,3800.0,3500.0,2500.0,500.0,800.0,3866.6666666666665,3485.714285714286,542.9197958832455,4136.757,-163.2431640625,-3.796352652616279
2026-07-16,Himachal Pradesh,Una,PMY Una,Dusheri,4000.0,6000.0,5000.0,2026,7,16,197,3,29,5000.0,5000.0,4200.0,0.0,0.0,4833.333333333333,4742.857142857143,528.7001130355559,4906.425,-93.5751953125,-1.87150390625
2026-07-17,Himachal Pradesh,Una,PMY Una,Dusheri,5000.0,7000.0,6000.0,2026,7,17,198,4,29,5000.0,4500.0,4000.0,1000.0,1500.0,4833.333333333333,4857.142857142857,475.5948656056708,5479.275,-520.72509765625,-8.678751627604168
2026-07-18,Himachal Pradesh,Una,PMY Una,Dusheri,6000.0,8000.0,7000.0,2026,7,18,199,5,29,6000.0,5000.0,5000.0,1000.0,2000.0,5333.333333333333,5142.857142857143,475.59486560567024,6571.9717,-428.0283203125,-6.114690290178571
2026-07-20,Himachal Pradesh,Una,PMY Una,Dusheri,6000.0,7000.0,6500.0,2026,7,20,201,0,30,7000.0,5000.0,5500.0,-500.0,1500.0,6000.0,5428.571428571428,838.081709847525,6495.644,-4.35595703125,-0.06701472355769231
2026-07-21,Himachal Pradesh,Una,PMY Una,Dusheri,5500.0,7500.0,6500.0,2026,7,21,202,1,30,6500.0,6000.0,5000.0,0.0,500.0,6500.0,5571.428571428572,932.2272357358036,6218.077,-281.9228515625,-4.337274639423077
2026-07-22,Himachal Pradesh,Una,PMY Una,Dusheri,5000.0,7000.0,6000.0,2026,7,22,203,2,30,6500.0,7000.0,4500.0,-500.0,-1000.0,6666.666666666667,5785.714285714285,951.1897312113408,6081.5425,81.54248046875,1.3590413411458333
2026-07-23,Himachal Pradesh,Una,PMY Una,Dusheri,7000.0,8000.0,7500.0,2026,7,23,204,3,30,6000.0,6500.0,5000.0,1500.0,1000.0,6333.333333333333,6000.0,763.7626158259714,6789.3877,-710.6123046875,-9.474830729166667
2026-07-24,Himachal Pradesh,Una,PMY Una,Dusheri,6000.0,7000.0,6500.0,2026,7,24,205,4,30,7500.0,6500.0,5000.0,-1000.0,0.0,6666.666666666667,6357.142857142857,801.7837257372704,6476.8096,-23.1904296875,-0.3567758413461538
2026-07-25,Himachal Pradesh,Una,PMY Una,Dusheri,5000.0,6000.0,5500.0,2026,7,25,206,5,30,6500.0,6000.0,6000.0,-1000.0,-500.0,6666.666666666667,6571.428571428572,534.5224838248439,5730.9995,230.99951171875,4.199991122159091
2026-07-27,Himachal Pradesh,Una,PMY Una,Dusheri,4500.0,6500.0,5500.0,2026,7,27,208,0,31,5500.0,7500.0,7000.0,0.0,-2000.0,6500.0,6500.0,645.497224367899,5450.397,-49.60302734375,-0.9018732244318182
2026-07-28,Himachal Pradesh,Una,PMY Una,Dusheri,6000.0,7000.0,6500.0,2026,7,28,209,1,31,5500.0,6500.0,6500.0,1000.0,0.0,5833.333333333333,6285.714285714285,698.6381310057687,6105.474,-394.52587890625,-6.06962890625
2026-07-29,Himachal Pradesh,Una,PMY Una,Dusheri,6000.0,6500.0,6250.0,2026,7,29,210,2,31,6500.0,5500.0,6500.0,-250.0,750.0,5833.333333333333,6285.714285714285,698.6381310057687,6264.248,14.248046875,0.22796875
2026-07-22,Himachal Pradesh,Una,PMY Una,Other,6000.0,8000.0,7000.0,2026,7,22,203,2,30,8500.0,13500.0,9000.0,-1500.0,-6500.0,9750.0,10035.714285714286,2022.9339842817176,8344.357,1344.357421875,19.205106026785714
2026-07-23,Himachal Pradesh,Una,PMY Una,Other,7000.0,9000.0,8000.0,2026,7,23,204,3,30,7000.0,7250.0,11000.0,1000.0,750.0,7583.333333333333,9750.0,2313.9072294858033,8075.3794,75.37939453125,0.942242431640625
2026-07-24,Himachal Pradesh,Una,PMY Una,Other,7000.0,8000.0,7500.0,2026,7,24,205,4,30,8000.0,8500.0,10500.0,-500.0,-1000.0,7833.333333333333,9321.42857142857,2321.6117143874317,7663.2256,163.2255859375,2.1763411458333333
2026-07-25,Himachal Pradesh,Una,PMY Una,Other,7000.0,8000.0,7500.0,2026,7,25,206,5,30,7500.0,7000.0,10500.0,0.0,500.0,7500.0,8892.857142857143,2344.5732681073973,7289.4463,-210.5537109375,-2.8073828124999998
2026-07-27,Himachal Pradesh,Una,PMY Una,Other,7000.0,10000.0,8500.0,2026,7,27,208,0,31,7500.0,8000.0,13500.0,1000.0,500.0,7666.666666666667,8464.285714285714,2274.9934589126246,8432.581,-67.4189453125,-0.7931640625
2026-07-28,Himachal Pradesh,Una,PMY Una,Other,7000.0,8000.0,7500.0,2026,7,28,209,1,31,8500.0,7500.0,7250.0,-1000.0,0.0,7833.333333333333,7750.0,595.1190357118921,7664.6113,164.611328125,2.1948177083333333
2026-07-29,Himachal Pradesh,Una,PMY Una,Other,6000.0,7000.0,6500.0,2026,7,29,210,2,31,7500.0,7500.0,8500.0,-1000.0,-1000.0,7833.333333333333,7785.714285714285,566.9467095138284,7124.6235,624.62353515625,9.609592848557693
2026-07-15,Himachal Pradesh,Una,SMY Takarla,Other,4000.0,7000.0,5500.0,2026,7,15,196,2,29,5500.0,5500.0,6500.0,0.0,0.0,5333.333333333333,5757.142857142857,642.5396041156863,5386.593,-113.4072265625,-2.061949573863636
2026-07-16,Himachal Pradesh,Una,SMY Takarla,Other,4000.0,7000.0,5500.0,2026,7,16,197,3,29,5500.0,5000.0,5500.0,0.0,500.0,5333.333333333333,5614.285714285715,555.0632739564364,5205.725,-294.27490234375,-5.350452769886363
2026-07-17,Himachal Pradesh,Una,SMY Takarla,Other,4500.0,7000.0,5500.0,2026,7,17,198,4,29,5500.0,5500.0,5500.0,0.0,0.0,5500.0,5614.285714285715,555.0632739564364,5301.2227,-198.77734375,-3.6141335227272724
2026-07-18,Himachal Pradesh,Una,SMY Takarla,Other,4000.0,6000.0,5000.0,2026,7,18,199,5,29,5500.0,5500.0,6800.0,-500.0,-500.0,5500.0,5614.285714285715,555.0632739564364,5162.1177,162.11767578125,3.242353515625
2026-07-21,Himachal Pradesh,Una,SMY Takarla,Other,5000.0,7000.0,6000.0,2026,7,21,202,1,30,5000.0,5500.0,5500.0,1000.0,500.0,5333.333333333333,5357.142857142857,243.97501823713256,5698.2305,-301.76953125,-5.0294921875
2026-07-22,Himachal Pradesh,Una,SMY Takarla,Other,4000.0,7000.0,5500.0,2026,7,22,203,2,30,6000.0,5500.0,5000.0,-500.0,0.0,5500.0,5428.571428571428,345.0327796711766,5449.423,-50.5771484375,-0.9195845170454545
2026-07-25,Himachal Pradesh,Una,SMY Takarla,Other,4000.0,6000.0,5000.0,2026,7,25,206,5,30,5500.0,5000.0,5500.0,-500.0,0.0,5500.0,5500.0,288.67513459481233,5031.2393,31.2392578125,0.62478515625
2026-07-27,Himachal Pradesh,Una,SMY Takarla,Other,4000.0,6000.0,5000.0,2026,7,27,208,0,31,5000.0,6000.0,5500.0,0.0,-1000.0,5500.0,5428.571428571428,345.0327796711766,5005.9966,5.99658203125,0.119931640625
2026-07-28,Himachal Pradesh,Una,SMY Takarla,Other,4000.0,6000.0,5000.0,2026,7,28,209,1,31,5000.0,5500.0,5500.0,0.0,-500.0,5166.666666666667,5357.142857142857,377.9644730092267,5000.1694,0.16943359375,0.003388671875
2026-07-29,Himachal Pradesh,Una,SMY Takarla,Other,4000.0,7000.0,6000.0,2026,7,29,210,2,31,5000.0,5000.0,5500.0,1000.0,1000.0,5000.0,5285.714285714285,393.397896234721,5517.5684,-482.431640625,-8.04052734375
2026-07-22,Jammu and Kashmir,Jammu,Narwal Jammu (F&V),Chausa,7000.0,10000.0,8500.0,2026,7,22,203,2,30,9000.0,6750.0,7750.0,-500.0,1750.0,7750.0,7500.0,803.6375634160796,7902.5415,-597.45849609375,-7.028923483455881
2026-07-23,Jammu and Kashmir,Jammu,Narwal Jammu (F&V),Chausa,7000.0,10000.0,8500.0,2026,7,23,204,3,30,8500.0,7500.0,6500.0,0.0,1000.0,8333.333333333334,7607.142857142857,888.0824715027745,8151.561,-348.43896484375,-4.099281939338235
2026-07-21,Jammu and Kashmir,Jammu,Narwal Jammu (F&V),Dusheri,6000.0,8500.0,7250.0,2026,7,21,202,1,30,6750.0,6000.0,5500.0,500.0,1250.0,6133.333333333333,5735.714285714285,501.4265364224068,6766.3105,-483.689453125,-6.671578663793104
2026-07-22,Jammu and Kashmir,Jammu,Narwal Jammu (F&V),Dusheri,6000.0,9000.0,7500.0,2026,7,22,203,2,30,7250.0,5650.0,5500.0,250.0,1850.0,6550.0,5985.714285714285,742.5823667638297,6740.3965,-759.603515625,-10.128046875
2026-07-23,Jammu and Kashmir,Jammu,Narwal Jammu (F&V),Dusheri,6000.0,9000.0,7500.0,2026,7,23,204,3,30,7500.0,6750.0,5250.0,0.0,750.0,7166.666666666667,6271.428571428572,893.8946353165,6927.6714,-572.32861328125,-7.631048177083333
2026-07-22,Jammu and Kashmir,Jammu,Narwal Jammu (F&V),Langra,7000.0,10000.0,8500.0,2026,7,22,203,2,30,8500.0,7000.0,5250.0,0.0,1500.0,7666.666666666667,6821.428571428572,1419.4650233031289,7569.9414,-930.05859375,-10.941865808823529
2026-07-23,Jammu and Kashmir,Jammu,Narwal Jammu (F&V),Langra,7500.0,10000.0,8750.0,2026,7,23,204,3,30,8500.0,7500.0,4500.0,250.0,1250.0,8166.666666666667,7285.714285714285,1349.6031162636557,7622.712,-1127.2880859375,-12.883292410714287
2026-07-20,Jammu and Kashmir,Jammu,Narwal Jammu (F&V),Totapuri,3000.0,4500.0,3750.0,2026,7,20,201,0,30,3850.0,3750.0,4750.0,-100.0,0.0,3783.3333333333335,4271.428571428572,596.4178784328029,3964.0056,214.005615234375,5.706816406250001
2026-07-22,Jammu and Kashmir,Jammu,Narwal Jammu (F&V),Totapuri,3800.0,4500.0,4150.0,2026,7,22,203,2,30,3750.0,3750.0,5300.0,400.0,400.0,3783.3333333333335,4128.571428571428,582.2779568622009,4057.7124,-92.28759765625,-2.2237975338855422
2026-07-23,Jammu and Kashmir,Jammu,Narwal Jammu (F&V),Totapuri,3800.0,4500.0,4150.0,2026,7,23,204,3,30,4150.0,3850.0,4500.0,0.0,300.0,3916.6666666666665,3964.285714285714,280.9422919899591,4123.9756,-26.0244140625,-0.6270943147590361
2026-07-14,Jammu and Kashmir,Kathua,Kathua (F&V),Dusheri,4000.0,4500.0,4250.0,2026,7,14,195,1,29,4250.0,4000.0,4000.0,0.0,250.0,4166.666666666667,4107.142857142857,133.6306209562122,4192.051,-57.94921875,-1.3635110294117647
2026-07-16,Jammu and Kashmir,Kathua,Kathua (F&V),Dusheri,4000.0,4500.0,4250.0,2026,7,16,197,3,29,4250.0,4250.0,4250.0,0.0,0.0,4250.0,4142.857142857143,133.6306209562122,4223.404,-26.59619140625,-0.6257927389705882
2026-07-17,Jammu and Kashmir,Kathua,Kathua (F&V),Dusheri,3500.0,4500.0,4000.0,2026,7,17,198,4,29,4250.0,4250.0,4000.0,-250.0,-250.0,4250.0,4142.857142857143,133.6306209562122,4108.615,108.615234375,2.7153808593749997
2026-07-18,Jammu and Kashmir,Kathua,Kathua (F&V),Dusheri,3500.0,4500.0,4000.0,2026,7,18,199,5,29,4000.0,4250.0,4000.0,0.0,-250.0,4166.666666666667,4142.857142857143,133.6306209562122,4001.0403,1.040283203125,0.026007080078125
2026-07-20,Jammu and Kashmir,Kathua,Kathua (F&V),Dusheri,6000.0,7000.0,6500.0,2026,7,20,201,0,30,4000.0,4250.0,4000.0,2500.0,2250.0,4083.3333333333335,4142.857142857143,133.6306209562122,5218.8545,-1281.1455078125,-19.709930889423077
2026-07-21,Jammu and Kashmir,Kathua,Kathua (F&V),Dusheri,5000.0,6000.0,5500.0,2026,7,21,202,1,30,6500.0,4000.0,4250.0,-1000.0,1500.0,4833.333333333333,4500.0,889.7565210026091,4919.1875,-580.8125,-10.560227272727273
2026-07-23,Jammu and Kashmir,Kathua,Kathua (F&V),Dusheri,4000.0,6000.0,5000.0,2026,7,23,204,3,30,5500.0,4000.0,4250.0,-500.0,1000.0,5333.333333333333,4678.571428571428,954.3135154205276,4796.4146,-203.58544921875,-4.071708984375
2026-07-25,Jammu and Kashmir,Kathua,Kathua (F&V),Dusheri,4000.0,6000.0,5000.0,2026,7,25,206,5,30,5000.0,6500.0,4250.0,0.0,-1500.0,5666.666666666667,4785.714285714285,940.174755792013,4795.7075,-204.29248046875,-4.085849609375
2026-07-14,Jammu and Kashmir,Kathua,Kathua (F&V),Totapuri,4000.0,4500.0,4250.0,2026,7,14,195,1,29,4250.0,4000.0,4000.0,0.0,250.0,4166.666666666667,4071.428571428571,188.98223650461367,4205.115,-44.884765625,-1.0561121323529412
2026-07-16,Jammu and Kashmir,Kathua,Kathua (F&V),Totapuri,4000.0,4500.0,4250.0,2026,7,16,197,3,29,4250.0,4250.0,3750.0,0.0,0.0,4250.0,4107.142857142857,196.69894811736089,4267.4585,17.45849609375,0.4107881433823529
2026-07-17,Jammu and Kashmir,Kathua,Kathua (F&V),Totapuri,4000.0,4500.0,4250.0,2026,7,17,198,4,29,4250.0,4250.0,4250.0,0.0,0.0,4250.0,4178.571428571428,121.98750911856708,4238.2695,-11.73046875,-0.2760110294117647
2026-07-18,Jammu and Kashmir,Kathua,Kathua (F&V),Totapuri,4000.0,4500.0,4250.0,2026,7,18,199,5,29,4250.0,4250.0,4000.0,0.0,0.0,4250.0,4178.571428571428,121.98750911856708,4235.6484,-14.3515625,-0.33768382352941173
2026-07-28,Jammu and Kashmir,Rajouri,Rajouri (Phaliana) (F&V),Chausa,5500.0,5500.0,5500.0,2026,7,28,209,1,31,5500.0,5000.0,4500.0,0.0,500.0,5166.666666666667,5142.857142857143,475.5948656056709,5362.009,-137.9912109375,-2.5089311079545453
2026-07-29,Jammu and Kashmir,Rajouri,Rajouri (Phaliana) (F&V),Totapuri,8000.0,8000.0,8000.0,2026,7,29,210,2,31,5500.0,5500.0,5000.0,2500.0,2500.0,5500.0,5371.428571428572,256.3479777846623,6820.0977,-1179.90234375,-14.748779296875
2026-07-17,Karnataka,Bengaluru,"Binny Mill (F&V), Bengaluru APMC",Neelam,2000.0,4000.0,3000.0,2026,7,17,198,4,29,3500.0,2500.0,2000.0,-500.0,500.0,2833.3333333333335,2500.0,499.99999999999994,3038.5266,38.526611328125,1.2842203776041667
2026-07-18,Karnataka,Bengaluru,"Binny Mill (F&V), Bengaluru APMC",Neelam,1500.0,2500.0,2000.0,2026,7,18,199,5,29,3000.0,2500.0,2500.0,-1000.0,-500.0,3000.0,2642.8571428571427,475.5948656056708,2287.2832,287.283203125,14.36416015625
2026-07-20,Karnataka,Bengaluru,"Binny Mill (F&V), Bengaluru APMC",Neelam,2000.0,4000.0,3000.0,2026,7,20,201,0,30,2000.0,3500.0,2000.0,1000.0,-500.0,2833.3333333333335,2571.4285714285716,534.5224838248488,2765.8315,-234.16845703125,-7.805615234375001
2026-07-21,Karnataka,Bengaluru,"Binny Mill (F&V), Bengaluru APMC",Neelam,1500.0,3500.0,2500.0,2026,7,21,202,1,30,3000.0,3000.0,2500.0,-500.0,-500.0,2666.6666666666665,2714.285714285714,487.9500364742664,2630.9946,130.99462890625,5.23978515625
2026-07-20,Karnataka,Bengaluru,"Binny Mill (F&V), Bengaluru APMC",Totapuri,800.0,1200.0,1000.0,2026,7,20,201,0,30,1000.0,1000.0,1000.0,0.0,0.0,1066.6666666666667,1028.571428571429,75.59289460184546,1072.4612,72.461181640625,7.2461181640625
2026-07-21,Karnataka,Bengaluru,"Binny Mill (F&V), Bengaluru APMC",Totapuri,800.0,1200.0,1000.0,2026,7,21,202,1,30,1000.0,1200.0,1000.0,0.0,-200.0,1066.6666666666667,1028.571428571429,75.59289460184546,1065.7246,65.724609375,6.572460937500001
2026-07-18,Karnataka,Davangere,Davangere APMC,Mango,2000.0,4000.0,3000.0,2026,7,18,199,5,29,3500.0,3000.0,3000.0,-500.0,0.0,3166.6666666666665,3142.8571428571427,377.9644730092272,3108.4668,108.466796875,3.6155598958333335
2026-07-20,Karnataka,Davangere,Davangere APMC,Mango,3000.0,4000.0,3500.0,2026,7,20,201,0,30,3000.0,3000.0,3500.0,500.0,500.0,3166.6666666666665,3142.8571428571427,377.9644730092272,3330.56,-169.43994140625,-4.841141183035715
2026-07-21,Karnataka,Davangere,Davangere APMC,Mango,3000.0,4000.0,3500.0,2026,7,21,202,1,30,3500.0,3500.0,3500.0,0.0,0.0,3333.3333333333335,3142.8571428571427,377.9644730092272,3417.6619,-82.338134765625,-2.352518136160714
2026-07-22,Karnataka,Davangere,Davangere APMC,Mango,3000.0,4000.0,3500.0,2026,7,22,203,2,30,3500.0,3000.0,2500.0,0.0,500.0,3333.3333333333335,3142.8571428571427,377.9644730092272,3437.6377,-62.3623046875,-1.7817801339285715
2026-07-24,Karnataka,Davangere,Davangere APMC,Mango,3000.0,4000.0,3500.0,2026,7,24,205,4,30,3500.0,3500.0,3000.0,0.0,0.0,3500.0,3285.714285714286,267.2612419124241,3501.7483,1.748291015625,0.049951171875
2026-07-27,Karnataka,Davangere,Davangere APMC,Mango,3000.0,4000.0,3500.0,2026,7,27,208,0,31,3500.0,3500.0,3000.0,0.0,0.0,3500.0,3357.1428571428573,243.97501823713284,3479.1296,-20.870361328125,-0.5962960379464285
2026-07-29,Karnataka,Davangere,Davangere APMC,Mango,3000.0,4000.0,3500.0,2026,7,29,210,2,31,3500.0,3500.0,3500.0,0.0,0.0,3500.0,3428.5714285714284,188.98223650461273,3485.1313,-14.86865234375,-0.42481863839285716
2026-07-18,Keralam,Idukki,Kattappana Market,Other,7000.0,8500.0,8000.0,2026,7,18,199,5,29,5700.0,8500.0,5500.0,2300.0,-500.0,6700.0,6419.047619047618,1094.955967803533,7371.139,-628.86083984375,-7.860760498046875
2026-07-19,Keralam,Idukki,Kattappana Market,Other,5400.0,6350.0,5900.0,2026,7,19,200,6,29,8000.0,5900.0,7333.333333333333,-2100.0,0.0,6533.333333333333,6776.190476190475,1151.4828259304168,6504.929,604.92919921875,10.253037274894067
2026-07-21,Keralam,Idukki,Kattappana Market,Other,5000.0,6000.0,5650.0,2026,7,21,202,1,30,5900.0,5700.0,6150.0,-250.0,-50.0,6533.333333333333,6571.428571428572,1163.2773898405685,5697.7427,47.74267578125,0.8450031111725663
2026-07-22,Keralam,Idukki,Kattappana Market,Other,5400.0,6350.0,5600.0,2026,7,22,203,2,30,5650.0,8000.0,5850.0,-50.0,-2400.0,6516.666666666667,6500.0,1207.9597123524718,5710.852,110.85205078125,1.9795009068080356
2026-07-23,Keralam,Idukki,Kattappana Market,Other,5500.0,6200.0,5700.0,2026,7,23,204,3,30,5600.0,5900.0,8500.0,100.0,-200.0,5716.666666666667,6464.285714285715,1233.7997830936365,5944.89,244.89013671875,4.296318188048246
2026-07-25,Keralam,Idukki,Kattappana Market,Other,5250.0,5950.0,5700.0,2026,7,25,206,5,30,5700.0,5650.0,5900.0,0.0,50.0,5650.0,6064.285714285715,861.5462290335347,5758.7705,58.7705078125,1.0310615405701753
2026-07-27,Keralam,Idukki,Kattappana Market,Other,5250.0,6000.0,5600.0,2026,7,27,208,0,31,5700.0,5600.0,5700.0,-100.0,0.0,5666.666666666667,6035.714285714285,871.1650655464615,5622.4927,22.49267578125,0.4016549246651786
2026-07-23,Madhya Pradesh,Burhanpur,Burhanpur(F&V) APMC,Badami,2000.0,6000.0,5500.0,2026,7,23,204,3,30,6000.0,5000.0,6000.0,-500.0,500.0,5833.333333333333,5714.285714285715,698.6381310057719,5439.666,-60.333984375,-1.0969815340909093
2026-07-27,Madhya Pradesh,Harda,Harda(F&V) APMC,Neelam,3000.0,4000.0,3500.0,2026,7,27,208,0,31,3500.0,3000.0,3000.0,0.0,500.0,3166.6666666666665,3071.4285714285716,188.9822365046136,3432.098,-67.902099609375,-1.9400599888392858
2026-07-28,Madhya Pradesh,Harda,Harda(F&V) APMC,Neelam,3500.0,4500.0,4000.0,2026,7,28,209,1,31,3500.0,3000.0,3000.0,500.0,1000.0,3333.3333333333335,3142.8571428571427,243.9750182371332,3749.177,-250.822998046875,-6.270574951171875
2026-07-29,Madhya Pradesh,Harda,Harda(F&V) APMC,Neelam,3500.0,4500.0,4000.0,2026,7,29,210,2,31,4000.0,3500.0,3000.0,0.0,500.0,3666.6666666666665,3285.714285714286,393.39789623472143,3891.9604,-108.03955078125,-2.70098876953125
2026-07-17,Madhya Pradesh,Indore,Indore(F&V) APMC,Other,1500.0,8000.0,4500.0,2026,7,17,198,4,29,5000.0,6000.0,4500.0,-500.0,-1500.0,5166.666666666667,4785.714285714285,636.2090102803518,4433.7964,-66.20361328125,-1.47119140625
2026-07-18,Madhya Pradesh,Indore,Indore(F&V) APMC,Other,2000.0,9000.0,6000.0,2026,7,18,199,5,29,4500.0,4500.0,4000.0,1500.0,1500.0,4666.666666666667,4785.714285714285,636.2090102803518,5016.4834,-983.5166015625,-16.391943359375
2026-07-20,Madhya Pradesh,Indore,Indore(F&V) APMC,Other,2500.0,9000.0,6000.0,2026,7,20,201,0,30,6000.0,5000.0,4500.0,0.0,1000.0,5166.666666666667,5071.428571428572,672.5927091345495,5347.052,-652.9482421875,-10.882470703125
2026-07-21,Madhya Pradesh,Indore,Indore(F&V) APMC,Other,2500.0,9000.0,6000.0,2026,7,21,202,1,30,6000.0,4500.0,5000.0,0.0,1500.0,5500.0,5285.714285714285,698.6381310057724,5406.862,-593.13818359375,-9.885636393229166
2026-07-22,Madhya Pradesh,Indore,Indore(F&V) APMC,Other,3000.0,8000.0,5000.0,2026,7,22,203,2,30,6000.0,6000.0,6000.0,-1000.0,-1000.0,6000.0,5428.571428571428,731.9250547114003,5062.6284,62.62841796875,1.2525683593749999
2026-07-23,Madhya Pradesh,Indore,Indore(F&V) APMC,Other,3000.0,8000.0,5000.0,2026,7,23,204,3,30,5000.0,6000.0,4500.0,0.0,-1000.0,5666.666666666667,5285.714285714285,698.6381310057724,4720.693,-279.30712890625,-5.586142578125
2026-07-24,Madhya Pradesh,Indore,Indore(F&V) APMC,Other,2000.0,8000.0,4500.0,2026,7,24,205,4,30,5000.0,6000.0,5000.0,-500.0,-1500.0,5333.333333333333,5357.142857142857,626.7831705280094,4569.1143,69.1142578125,1.5358723958333333
2026-07-25,Madhya Pradesh,Indore,Indore(F&V) APMC,Other,1500.0,6000.0,4000.0,2026,7,25,206,5,30,4500.0,5000.0,4500.0,-500.0,-1000.0,4833.333333333333,5285.714285714285,698.6381310057724,4159.066,159.06591796875,3.97664794921875
2026-07-27,Madhya Pradesh,Indore,Indore(F&V) APMC,Other,1500.0,6000.0,4500.0,2026,7,27,208,0,31,4000.0,5000.0,6000.0,500.0,-500.0,4500.0,5214.285714285715,809.1735937126874,4132.3193,-367.6806640625,-8.17068142361111
2026-07-28,Madhya Pradesh,Indore,Indore(F&V) APMC,Other,1500.0,6000.0,4500.0,2026,7,28,209,1,31,4500.0,4500.0,6000.0,0.0,0.0,4333.333333333333,5000.0,763.7626158259736,4258.9824,-241.017578125,-5.355946180555556
2026-07-29,Madhya Pradesh,Indore,Indore(F&V) APMC,Other,1500.0,7000.0,4000.0,2026,7,29,210,2,31,4500.0,4000.0,6000.0,-500.0,0.0,4333.333333333333,4785.714285714285,636.209010280352,3867.7998,-132.2001953125,-3.3050048828125
2026-07-17,Madhya Pradesh,Morena,Morena APMC,Other,2000.0,2000.0,2000.0,2026,7,17,198,4,29,1500.0,1700.0,1500.0,500.0,300.0,1566.6666666666667,1564.2857142857142,232.22526010012655,1898.1104,-101.8896484375,-5.094482421875
2026-07-20,Madhya Pradesh,Morena,Morena APMC,Other,2000.0,2000.0,2000.0,2026,7,20,201,0,30,2000.0,1500.0,1500.0,0.0,500.0,1666.6666666666667,1635.7142857142858,280.9422919899591,1983.9138,-16.086181640625,-0.80430908203125
2026-07-28,Madhya Pradesh,Sagar,Sagar(F&V) APMC,Other,3000.0,5000.0,4000.0,2026,7,28,209,1,31,4000.0,4000.0,4000.0,0.0,0.0,4000.0,3928.571428571429,188.98223650461367,3851.069,-148.930908203125,-3.723272705078125
2026-07-17,Madhya Pradesh,Sehore,Sehore(F&V) APMC,Badami,3000.0,6000.0,4000.0,2026,7,17,198,4,29,4500.0,4500.0,3500.0,-500.0,-500.0,4333.333333333333,4000.0,408.2482904638631,4066.247,66.2470703125,1.6561767578125002
2026-07-18,Madhya Pradesh,Sehore,Sehore(F&V) APMC,Badami,3000.0,7000.0,4000.0,2026,7,18,199,5,29,4000.0,4000.0,3500.0,0.0,0.0,4166.666666666667,4071.428571428571,345.03277967117714,3754.8809,-245.119140625,-6.127978515625
2026-07-21,Madhya Pradesh,Sehore,Sehore(F&V) APMC,Badami,3000.0,6000.0,4500.0,2026,7,21,202,1,30,4000.0,4500.0,4000.0,500.0,0.0,4166.666666666667,4142.857142857143,243.9750182371333,4070.567,-429.43310546875,-9.542957899305556
2026-07-23,Madhya Pradesh,Sehore,Sehore(F&V) APMC,Badami,3000.0,5000.0,4000.0,2026,7,23,204,3,30,4500.0,4000.0,4000.0,-500.0,0.0,4166.666666666667,4214.285714285715,267.2612419124243,3841.4473,-158.552734375,-3.9638183593750003
2026-07-28,Madhya Pradesh,Sehore,Sehore(F&V) APMC,Badami,3000.0,5000.0,4500.0,2026,7,28,209,1,31,4000.0,4000.0,4500.0,500.0,500.0,4166.666666666667,4214.285714285715,267.2612419124243,4077.8757,-422.124267578125,-9.380539279513888
2026-07-24,Madhya Pradesh,Sheopur,Sheopurkalan(F&V) APMC,Other,3000.0,4000.0,3500.0,2026,7,24,205,4,30,3200.0,4200.0,3500.0,300.0,-700.0,3666.6666666666665,3814.285714285714,401.7817460121495,3542.7893,42.789306640625,1.2225516183035714
2026-07-15,Maharashtra,Ahilyanagar,Shrirampur APMC,Other,2500.0,3500.0,3000.0,2026,7,15,196,2,29,3500.0,4000.0,5000.0,-500.0,-1000.0,3833.3333333333335,4214.285714285715,636.2090102803517,3171.8787,171.878662109375,5.729288736979166
2026-07-16,Maharashtra,Ahilyanagar,Shrirampur APMC,Other,3000.0,5000.0,4000.0,2026,7,16,197,3,29,3000.0,4000.0,5000.0,1000.0,0.0,3500.0,3928.571428571429,672.5927091345488,3863.638,-136.362060546875,-3.409051513671875
2026-07-17,Maharashtra,Ahilyanagar,Shrirampur APMC,Other,2500.0,3500.0,3000.0,2026,7,17,198,4,29,4000.0,3500.0,3500.0,-1000.0,-500.0,3500.0,3785.714285714286,487.95003647426574,3145.928,145.927978515625,4.864265950520833
2026-07-18,Maharashtra,Ahilyanagar,Shrirampur APMC,Other,3000.0,4000.0,3500.0,2026,7,18,199,5,29,3000.0,3000.0,4500.0,500.0,500.0,3333.3333333333335,3714.285714285714,566.94670951384,3501.53,1.530029296875,0.04371512276785714
2026-07-20,Maharashtra,Ahilyanagar,Shrirampur APMC,Other,3500.0,4500.0,4000.0,2026,7,20,201,0,30,3500.0,4000.0,4000.0,500.0,0.0,3500.0,3571.4285714285716,449.8677054212172,3872.1536,-127.846435546875,-3.196160888671875
2026-07-22,Maharashtra,Ahilyanagar,Shrirampur APMC,Other,3000.0,5000.0,4000.0,2026,7,22,203,2,30,4000.0,3000.0,4000.0,0.0,1000.0,3500.0,3571.4285714285716,449.8677054212172,3979.9844,-20.015625,-0.500390625
2026-07-23,Maharashtra,Ahilyanagar,Shrirampur APMC,Other,3000.0,5000.0,4000.0,2026,7,23,204,3,30,4000.0,3500.0,3500.0,0.0,500.0,3833.3333333333335,3571.4285714285716,449.8677054212172,3963.3127,-36.687255859375,-0.9171813964843749
2026-07-24,Maharashtra,Ahilyanagar,Shrirampur APMC,Other,3000.0,5000.0,4000.0,2026,7,24,205,4,30,4000.0,4000.0,3000.0,0.0,0.0,4000.0,3642.857142857142,475.5948656056697,4012.524,12.52392578125,0.31309814453125
2026-07-27,Maharashtra,Ahilyanagar,Shrirampur APMC,Other,3500.0,4500.0,4000.0,2026,7,27,208,0,31,4000.0,4000.0,4000.0,0.0,0.0,4000.0,3785.714285714286,393.39789623472063,4020.534,20.533935546875,0.513348388671875
2026-07-29,Maharashtra,Ahilyanagar,Shrirampur APMC,Other,3000.0,5000.0,4000.0,2026,7,29,210,2,31,4000.0,4000.0,3000.0,0.0,0.0,4000.0,3785.714285714286,393.39789623472063,4014.766,14.76611328125,0.36915283203125
2026-07-16,Maharashtra,Amarawati,Amrawati(Frui & Veg. Market) APMC,Totapuri,1500.0,2500.0,2000.0,2026,7,16,197,3,29,2000.0,2250.0,1900.0,0.0,-250.0,2083.3333333333335,1985.7142857142856,149.20423841803142,2063.2354,63.2353515625,3.161767578125
2026-07-18,Maharashtra,Amarawati,Amrawati(Frui & Veg. Market) APMC,Totapuri,1800.0,2200.0,2000.0,2026,7,18,199,5,29,2000.0,2000.0,1750.0,0.0,0.0,2000.0,2000.0,144.33756729740648,2038.5824,38.5823974609375,1.929119873046875
2026-07-20,Maharashtra,Amarawati,Amrawati(Frui & Veg. Market) APMC,Totapuri,1500.0,2500.0,2000.0,2026,7,20,201,0,30,2000.0,2000.0,2000.0,0.0,0.0,2000.0,2035.7142857142856,94.49111825230696,2065.4824,65.482421875,3.2741210937500003
2026-07-21,Maharashtra,Amarawati,Amrawati(Frui & Veg. Market) APMC,Totapuri,1500.0,2000.0,1750.0,2026,7,21,202,1,30,2000.0,2000.0,2000.0,-250.0,-250.0,2000.0,2035.7142857142856,94.49111825230696,1860.1271,110.1270751953125,6.2929757254464285
2026-07-22,Maharashtra,Amarawati,Amrawati(Frui & Veg. Market) APMC,Totapuri,1600.0,2200.0,1900.0,2026,7,22,203,2,30,1750.0,2000.0,2250.0,150.0,-100.0,1916.6666666666667,2000.0,144.33756729740648,1884.2325,-15.7674560546875,-0.8298661081414473
2026-07-23,Maharashtra,Amarawati,Amrawati(Frui & Veg. Market) APMC,Totapuri,1500.0,2000.0,1750.0,2026,7,23,204,3,30,1900.0,2000.0,2000.0,-150.0,-250.0,1883.3333333333333,1950.0,95.74271077563373,1807.7637,57.763671875,3.3007812499999996
2026-07-25,Maharashtra,Amarawati,Amrawati(Frui & Veg. Market) APMC,Totapuri,3000.0,3500.0,3250.0,2026,7,25,206,5,30,1750.0,1750.0,2000.0,1500.0,1500.0,1800.0,1914.2857142857144,118.01936887041636,2740.0474,-509.95263671875,-15.690850360576922
2026-07-27,Maharashtra,Amarawati,Amrawati(Frui & Veg. Market) APMC,Totapuri,2000.0,3000.0,2500.0,2026,7,27,208,0,31,3250.0,1900.0,2000.0,-750.0,600.0,2300.0,2092.8571428571427,522.3572942509206,2471.3992,-28.600830078125,-1.144033203125
2026-07-28,Maharashtra,Amarawati,Amrawati(Frui & Veg. Market) APMC,Totapuri,2000.0,3000.0,2500.0,2026,7,28,209,1,31,2500.0,1750.0,2000.0,0.0,750.0,2500.0,2164.285714285714,541.3827094535234,2489.773,-10.22705078125,-0.40908203125
2026-07-21,Maharashtra,Chandrapur,Chandrapur(Ganjwad) APMC,Other,4000.0,6000.0,5000.0,2026,7,21,202,1,30,5000.0,5000.0,5000.0,0.0,0.0,5000.0,5000.0,0.0,4941.2793,-58.720703125,-1.1744140625
2026-07-22,Maharashtra,Chandrapur,Chandrapur(Ganjwad) APMC,Other,4000.0,6000.0,5000.0,2026,7,22,203,2,30,5000.0,5000.0,5000.0,0.0,0.0,5000.0,5000.0,0.0,4938.4688,-61.53125,-1.2306249999999999
2026-07-25,Maharashtra,Chandrapur,Chandrapur(Ganjwad) APMC,Other,4000.0,6000.0,5000.0,2026,7,25,206,5,30,5000.0,5000.0,5000.0,0.0,0.0,5000.0,5000.0,0.0,4922.6035,-77.396484375,-1.5479296875
2026-07-15,Maharashtra,Chattrapati Sambhajinagar,Chattrapati Sambhajinagar APMC,Other,1500.0,9500.0,5500.0,2026,7,15,196,2,29,5200.0,3300.0,2500.0,300.0,2200.0,4500.0,3771.428571428571,1596.5737123752283,4230.3384,-1269.66162109375,-23.08475674715909
2026-07-16,Maharashtra,Chattrapati Sambhajinagar,Chattrapati Sambhajinagar APMC,Other,2500.0,10000.0,6250.0,2026,7,16,197,3,29,5500.0,5000.0,2200.0,750.0,1250.0,5233.333333333333,4200.0,1601.0413278030435,5855.6504,-394.349609375,-6.30959375
2026-07-18,Maharashtra,Chattrapati Sambhajinagar,Chattrapati Sambhajinagar APMC,Other,2000.0,5500.0,3750.0,2026,7,18,199,5,29,6250.0,5200.0,2200.0,-2500.0,-1450.0,5650.0,4778.571428571428,1485.4452595257826,4503.394,753.39404296875,20.0905078125
2026-07-19,Maharashtra,Chattrapati Sambhajinagar,Chattrapati Sambhajinagar APMC,Other,2200.0,9000.0,5600.0,2026,7,19,200,6,29,3750.0,5500.0,6000.0,1850.0,100.0,5166.666666666667,5000.0,1103.4038245356958,5243.887,-356.11279296875,-6.359157017299107
2026-07-20,Maharashtra,Chattrapati Sambhajinagar,Chattrapati Sambhajinagar APMC,Other,2000.0,7000.0,4500.0,2026,7,20,201,0,30,5600.0,6250.0,3300.0,-1100.0,-1750.0,5200.0,4942.857142857143,1052.1519897447374,4488.8306,-11.16943359375,-0.24820963541666666
2026-07-21,Maharashtra,Chattrapati Sambhajinagar,Chattrapati Sambhajinagar APMC,Other,2400.0,7000.0,4700.0,2026,7,21,202,1,30,4500.0,3750.0,5000.0,200.0,950.0,4616.666666666667,5114.285714285715,809.6883586264773,4774.711,74.7109375,1.5895944148936172
2026-07-23,Maharashtra,Chattrapati Sambhajinagar,Chattrapati Sambhajinagar APMC,Other,2500.0,3500.0,3000.0,2026,7,23,204,3,30,4700.0,5600.0,5200.0,-1700.0,-2600.0,4933.333333333333,5071.428571428572,824.5489387422394,3520.774,520.77392578125,17.359130859375
2026-07-25,Maharashtra,Chattrapati Sambhajinagar,Chattrapati Sambhajinagar APMC,Other,3000.0,6500.0,4750.0,2026,7,25,206,5,30,3000.0,4500.0,5500.0,1750.0,250.0,4066.6666666666665,4757.142857142857,1130.0547816472483,4347.456,-402.5439453125,-8.474609375
2026-07-26,Maharashtra,Chattrapati Sambhajinagar,Chattrapati Sambhajinagar APMC,Other,5500.0,6500.0,6000.0,2026,7,26,207,6,30,4750.0,4700.0,6250.0,1250.0,1300.0,4150.0,4650.0,1082.435525408635,5418.3447,-581.6552734375,-9.694254557291666
2026-07-27,Maharashtra,Chattrapati Sambhajinagar,Chattrapati Sambhajinagar APMC,Other,2500.0,3500.0,3000.0,2026,7,27,208,0,31,6000.0,3000.0,3750.0,-3000.0,0.0,4583.333333333333,4614.285714285715,1023.35815077709,3507.3384,507.33837890625,16.911279296875
2026-07-28,Maharashtra,Chattrapati Sambhajinagar,Chattrapati Sambhajinagar APMC,Other,3500.0,5500.0,4500.0,2026,7,28,209,1,31,3000.0,4750.0,5600.0,1500.0,-250.0,4583.333333333333,4507.142857142857,1159.1766371828226,4224.5864,-275.41357421875,-6.1203016493055555
2026-07-20,Maharashtra,Mumbai,Mumbai- Fruit Market APMC,Other,3000.0,14000.0,10000.0,2026,7,20,201,0,30,10000.0,10500.0,9500.0,0.0,-500.0,10000.0,10000.0,577.3502691896257,9797.735,-202.2646484375,-2.022646484375
2026-07-21,Maharashtra,Mumbai,Mumbai- Fruit Market APMC,Other,6000.0,14000.0,10000.0,2026,7,21,202,1,30,10000.0,9500.0,11000.0,0.0,500.0,9833.333333333334,10071.42857142857,534.5224838248487,9539.549,-460.451171875,-4.6045117187499995
2026-07-22,Maharashtra,Mumbai,Mumbai- Fruit Market APMC,Other,6000.0,12000.0,9000.0,2026,7,22,203,2,30,10000.0,10000.0,10000.0,-1000.0,-1000.0,10000.0,9928.57142857143,345.0327796711775,9271.541,271.541015625,3.0171223958333333
2026-07-23,Maharashtra,Mumbai,Mumbai- Fruit Market APMC,Other,6000.0,14000.0,10000.0,2026,7,23,204,3,30,9000.0,10000.0,9500.0,1000.0,0.0,9666.666666666666,9785.714285714286,487.9500364742671,9353.721,-646.279296875,-6.4627929687500005
2026-07-24,Maharashtra,Mumbai,Mumbai- Fruit Market APMC,Other,7000.0,15000.0,11000.0,2026,7,24,205,4,30,10000.0,10000.0,10500.0,1000.0,1000.0,9666.666666666666,9857.142857142857,475.59486560567143,10198.489,-801.5107421875,-7.286461292613636
2026-07-27,Maharashtra,Mumbai,Mumbai- Fruit Market APMC,Other,6000.0,15000.0,10500.0,2026,7,27,208,0,31,11000.0,9000.0,9500.0,-500.0,1500.0,10000.0,9928.57142857143,607.4928962939562,10495.301,-4.69921875,-0.044754464285714286
2026-07-28,Maharashtra,Mumbai,Mumbai- Fruit Market APMC,Other,5000.0,14000.0,9500.0,2026,7,28,209,1,31,10500.0,10000.0,10000.0,-1000.0,-500.0,10500.0,10071.42857142857,607.4928962939562,9348.993,-151.0068359375,-1.5895456414473683
2026-07-29,Maharashtra,Mumbai,Mumbai- Fruit Market APMC,Other,5000.0,12000.0,8500.0,2026,7,29,210,2,31,9500.0,11000.0,10000.0,-1000.0,-2500.0,10333.333333333334,10000.0,645.4972243679028,8750.778,250.7783203125,2.9503331801470587
2026-07-14,Maharashtra,Nagpur,Nagpur APMC,Other,3000.0,4000.0,3750.0,2026,7,14,195,1,29,3750.0,3750.0,3750.0,0.0,0.0,3750.0,3785.714285714286,60.99375455928335,3749.6523,-0.34765625,-0.009270833333333332
2026-07-15,Maharashtra,Nagpur,Nagpur APMC,Other,2500.0,3500.0,3250.0,2026,7,15,196,2,29,3750.0,3750.0,3750.0,-500.0,-500.0,3750.0,3785.714285714286,60.99375455928335,3236.3555,-13.64453125,-0.41983173076923075
2026-07-16,Maharashtra,Nagpur,Nagpur APMC,Other,2500.0,3500.0,3250.0,2026,7,16,197,3,29,3250.0,3750.0,3875.0,0.0,-500.0,3583.3333333333335,3714.285714285714,213.04202581158685,3250.9976,0.99755859375,0.030694110576923075
2026-07-17,Maharashtra,Nagpur,Nagpur APMC,Other,2500.0,3500.0,3250.0,2026,7,17,198,4,29,3250.0,3750.0,3875.0,0.0,-500.0,3416.6666666666665,3625.0,260.20824993326687,3259.203,9.202880859375,0.28316556490384615
2026-07-18,Maharashtra,Nagpur,Nagpur APMC,Other,2500.0,3500.0,3250.0,2026,7,18,199,5,29,3250.0,3250.0,3750.0,0.0,0.0,3250.0,3535.714285714286,267.26124191242485,3276.1155,26.115478515625,0.8035531850961538
2026-07-20,Maharashtra,Nagpur,Nagpur APMC,Other,2500.0,3500.0,3250.0,2026,7,20,201,0,30,3250.0,3250.0,3750.0,0.0,0.0,3250.0,3464.285714285714,267.26124191242496,3245.44,-4.56005859375,-0.1403094951923077
2026-07-21,Maharashtra,Nagpur,Nagpur APMC,Other,2500.0,3500.0,3250.0,2026,7,21,202,1,30,3250.0,3250.0,3750.0,0.0,0.0,3250.0,3392.8571428571427,243.97501823713404,3248.421,-1.5791015625,-0.048587740384615385
2026-07-22,Maharashtra,Nagpur,Nagpur APMC,Other,2500.0,3500.0,3250.0,2026,7,22,203,2,30,3250.0,3250.0,3750.0,0.0,0.0,3250.0,3321.4285714285716,188.98223650461463,3260.9358,10.935791015625,0.33648587740384617
2026-07-23,Maharashtra,Nagpur,Nagpur APMC,Other,2500.0,3500.0,3250.0,2026,7,23,204,3,30,3250.0,3250.0,3250.0,0.0,0.0,3250.0,3250.0,0.0,3247.959,-2.041015625,-0.06280048076923077
2026-07-24,Maharashtra,Nagpur,Nagpur APMC,Other,2500.0,3500.0,3250.0,2026,7,24,205,4,30,3250.0,3250.0,3250.0,0.0,0.0,3250.0,3250.0,0.0,3242.321,-7.678955078125,-0.23627554086538463
2026-07-25,Maharashtra,Nagpur,Nagpur APMC,Other,2500.0,3500.0,3250.0,2026,7,25,206,5,30,3250.0,3250.0,3250.0,0.0,0.0,3250.0,3250.0,0.0,3254.6714,4.67138671875,0.14373497596153845
2026-07-27,Maharashtra,Nagpur,Nagpur APMC,Other,2500.0,3500.0,3250.0,2026,7,27,208,0,31,3250.0,3250.0,3250.0,0.0,0.0,3250.0,3250.0,0.0,3222.144,-27.85595703125,-0.8571063701923077
2026-07-28,Maharashtra,Nagpur,Nagpur APMC,Other,2500.0,3500.0,3250.0,2026,7,28,209,1,31,3250.0,3250.0,3250.0,0.0,0.0,3250.0,3250.0,0.0,3251.5679,1.56787109375,0.0482421875
2026-07-29,Maharashtra,Nagpur,Nagpur APMC,Other,2500.0,3500.0,3250.0,2026,7,29,210,2,31,3250.0,3250.0,3250.0,0.0,0.0,3250.0,3250.0,0.0,3253.5957,3.595703125,0.11063701923076923
2026-07-15,Maharashtra,Nagpur,Nagpur APMC,Totapuri,1500.0,2000.0,1875.0,2026,7,15,196,2,29,1725.0,1725.0,1725.0,150.0,150.0,1725.0,1725.0,0.0,1822.0303,-52.9697265625,-2.8250520833333335
2026-07-16,Maharashtra,Nagpur,Nagpur APMC,Totapuri,1500.0,2000.0,1875.0,2026,7,16,197,3,29,1875.0,1725.0,1725.0,0.0,150.0,1775.0,1746.428571428571,56.694670951384104,1839.836,-35.1639404296875,-1.87541015625
2026-07-17,Maharashtra,Nashik,Nasik APMC,Other,3000.0,6000.0,4000.0,2026,7,17,198,4,29,4000.0,2000.0,4500.0,0.0,2000.0,2666.6666666666665,3000.0,1258.3057392117917,3616.7458,-383.254150390625,-9.581353759765625
2026-07-18,Maharashtra,Nashik,Nasik APMC,Other,3000.0,6000.0,4000.0,2026,7,18,199,5,29,4000.0,2000.0,4500.0,0.0,2000.0,3333.3333333333335,2928.5714285714284,1170.0630833624396,3738.4893,-261.5107421875,-6.537768554687499
2026-07-22,Maharashtra,Nashik,Nasik APMC,Other,1700.0,3500.0,2000.0,2026,7,22,203,2,30,4000.0,4000.0,2000.0,-2000.0,-2000.0,4000.0,2857.1428571428573,1069.0449676496976,2627.2988,627.298828125,31.36494140625
2026-07-27,Maharashtra,Nashik,Nasik APMC,Other,1500.0,3000.0,1700.0,2026,7,27,208,0,31,2000.0,4000.0,2000.0,-300.0,-2300.0,3333.3333333333335,2857.1428571428573,1069.0449676496976,2209.6455,509.6455078125,29.979147518382355
2026-07-28,Maharashtra,Nashik,Nasik APMC,Other,1800.0,4000.0,2000.0,2026,7,28,209,1,31,1700.0,4000.0,2000.0,300.0,-2000.0,2566.6666666666665,2814.285714285714,1114.1941354308824,2378.4397,378.439697265625,18.92198486328125
2026-07-16,Maharashtra,Pune,Pune(Moshi) APMC,Other,5000.0,6000.0,5500.0,2026,7,16,197,3,29,6500.0,5500.0,6500.0,-1000.0,0.0,5500.0,6000.0,866.0254037844387,5734.222,234.22216796875,4.258584872159091
2026-07-17,Maharashtra,Pune,Pune(Moshi) APMC,Other,4000.0,10000.0,7000.0,2026,7,17,198,4,29,5500.0,4500.0,6500.0,1500.0,2500.0,5500.0,5857.142857142857,852.1681032463467,6527.1553,-472.8447265625,-6.754924665178572
2026-07-19,Maharashtra,Pune,Pune(Moshi) APMC,Other,3000.0,4000.0,3500.0,2026,7,19,200,6,29,7000.0,6500.0,7000.0,-3500.0,-3000.0,6333.333333333333,5928.571428571428,932.2272357358044,4765.855,1265.85498046875,36.16728515625
2026-07-20,Maharashtra,Pune,Pune(Moshi) APMC,Other,4000.0,4000.0,4000.0,2026,7,20,201,0,30,3500.0,5500.0,5500.0,500.0,-1500.0,5333.333333333333,5428.571428571428,1170.06308336244,4323.5767,323.57666015625,8.08941650390625
2026-07-21,Maharashtra,Pune,Pune(Moshi) APMC,Other,3000.0,7000.0,5000.0,2026,7,21,202,1,30,4000.0,7000.0,5500.0,1000.0,-2000.0,4833.333333333333,5214.285714285715,1286.3754913562009,4767.746,-232.25390625,-4.645078125
2026-07-23,Maharashtra,Pune,Pune(Moshi) APMC,Other,3000.0,10000.0,6500.0,2026,7,23,204,3,30,5000.0,3500.0,4500.0,1500.0,3000.0,4166.666666666667,5142.857142857143,1281.7398889233125,5658.4004,-841.599609375,-12.947686298076924
2026-07-24,Maharashtra,Pune,Pune(Moshi) APMC,Other,3000.0,7000.0,5000.0,2026,7,24,205,4,30,6500.0,4000.0,6500.0,-1500.0,1000.0,5166.666666666667,5428.571428571428,1336.306209562122,5017.951,17.951171875,0.3590234375
2026-07-25,Maharashtra,Pune,Pune(Moshi) APMC,Other,4000.0,6000.0,5000.0,2026,7,25,206,5,30,5000.0,5000.0,5500.0,0.0,0.0,5500.0,5214.285714285715,1253.566341056018,4900.5093,-99.49072265625,-1.989814453125
2026-07-26,Maharashtra,Pune,Pune(Moshi) APMC,Other,5000.0,10000.0,7500.0,2026,7,26,207,6,30,5000.0,6500.0,7000.0,2500.0,1000.0,5500.0,5142.857142857143,1248.8089563755582,7306.1753,-193.82470703125,-2.5843294270833335
2026-07-27,Maharashtra,Pune,Pune(Moshi) APMC,Other,4000.0,10000.0,7000.0,2026,7,27,208,0,31,7500.0,5000.0,3500.0,-500.0,2000.0,5833.333333333333,5214.285714285715,1380.1311186847088,6533.0205,-466.9794921875,-6.6711356026785715
2026-07-28,Maharashtra,Pune,Pune(Moshi) APMC,Other,4000.0,10000.0,7000.0,2026,7,28,209,1,31,7000.0,5000.0,4000.0,0.0,2000.0,6500.0,5714.285714285715,1286.3754913561995,6873.9424,-126.0576171875,-1.8008231026785715
2026-07-14,Maharashtra,Sangli,"Sangli(Phale, Bhajipala Market) APMC",Totapuri,1000.0,3000.0,2000.0,2026,7,14,195,1,29,2000.0,1750.0,2000.0,0.0,250.0,1916.6666666666667,2071.4285714285716,237.7974328028355,1938.3973,-61.6026611328125,-3.080133056640625
2026-07-15,Maharashtra,Sangli,"Sangli(Phale, Bhajipala Market) APMC",Totapuri,1000.0,3000.0,2000.0,2026,7,15,196,2,29,2000.0,2000.0,2500.0,0.0,0.0,2000.0,2071.4285714285716,237.7974328028355,1996.2814,-3.7186279296875,-0.185931396484375
2026-07-16,Maharashtra,Sangli,"Sangli(Phale, Bhajipala Market) APMC",Totapuri,1000.0,2500.0,1750.0,2026,7,16,197,3,29,2000.0,2000.0,2000.0,-250.0,-250.0,2000.0,2000.0,144.33756729740654,1811.87,61.8699951171875,3.5354282924107148
2026-07-18,Maharashtra,Sangli,"Sangli(Phale, Bhajipala Market) APMC",Totapuri,2000.0,4000.0,3000.0,2026,7,18,199,5,29,1750.0,2000.0,2250.0,1250.0,1000.0,1916.6666666666667,1964.2857142857144,172.51638983558868,2628.5837,-371.416259765625,-12.380541992187501
2026-07-20,Maharashtra,Sangli,"Sangli(Phale, Bhajipala Market) APMC",Totapuri,2000.0,3500.0,2750.0,2026,7,20,201,0,30,3000.0,2000.0,1750.0,-250.0,750.0,2250.0,2071.4285714285716,426.08405162317337,2729.377,-20.623046875,-0.7499289772727273
2026-07-21,Maharashtra,Sangli,"Sangli(Phale, Bhajipala Market) APMC",Totapuri,1000.0,4000.0,2500.0,2026,7,21,202,1,30,2750.0,1750.0,2000.0,-250.0,750.0,2500.0,2214.285714285714,466.11361786790224,2551.487,51.487060546875,2.059482421875
2026-07-22,Maharashtra,Sangli,"Sangli(Phale, Bhajipala Market) APMC",Totapuri,1000.0,3000.0,2000.0,2026,7,22,203,2,30,2500.0,3000.0,2000.0,-500.0,-1000.0,2750.0,2285.714285714286,466.11361786790224,2078.7942,78.794189453125,3.93970947265625
2026-07-23,Maharashtra,Sangli,"Sangli(Phale, Bhajipala Market) APMC",Totapuri,1000.0,3000.0,2000.0,2026,7,23,204,3,30,2000.0,2750.0,2000.0,0.0,-750.0,2416.6666666666665,2285.714285714286,466.11361786790224,2002.9867,2.9866943359375,0.149334716796875
2026-07-27,Maharashtra,Sangli,"Sangli(Phale, Bhajipala Market) APMC",Totapuri,1000.0,3000.0,2000.0,2026,7,27,208,0,31,2000.0,2500.0,2000.0,0.0,-500.0,2166.6666666666665,2285.714285714286,466.11361786790224,1985.2822,-14.7177734375,-0.735888671875
2026-07-28,Maharashtra,Sangli,"Sangli(Phale, Bhajipala Market) APMC",Totapuri,2000.0,3000.0,2500.0,2026,7,28,209,1,31,2000.0,2000.0,1750.0,500.0,500.0,2000.0,2285.714285714286,466.11361786790224,2329.3396,-170.660400390625,-6.826416015625
2026-07-29,Maharashtra,Sangli,"Sangli(Phale, Bhajipala Market) APMC",Totapuri,2000.0,3000.0,2500.0,2026,7,29,210,2,31,2500.0,2000.0,3000.0,0.0,500.0,2166.6666666666665,2392.8571428571427,404.58679685634354,2490.953,-9.047119140625,-0.36188476562500005
2026-07-16,Maharashtra,Solapur,Akluj APMC,Other,3500.0,4500.0,4000.0,2026,7,16,197,3,29,4500.0,5000.0,6000.0,-500.0,-1000.0,4833.333333333333,5357.142857142857,852.1681032463467,4204.7866,204.78662109375,5.11966552734375
2026-07-18,Maharashtra,Solapur,Akluj APMC,Other,3000.0,5000.0,4000.0,2026,7,18,199,5,29,4000.0,5000.0,7000.0,0.0,-1000.0,4500.0,5071.428571428572,932.2272357358044,4248.9336,248.93359375,6.22333984375
2026-07-20,Maharashtra,Solapur,Akluj APMC,Other,3000.0,4000.0,3500.0,2026,7,20,201,0,30,4000.0,4500.0,5000.0,-500.0,-1000.0,4166.666666666667,4642.857142857143,475.5948656056711,3692.9985,192.99853515625,5.514243861607143
2026-07-22,Maharashtra,Solapur,Akluj APMC,Other,4000.0,5000.0,4500.0,2026,7,22,203,2,30,3500.0,4000.0,5000.0,1000.0,500.0,3833.3333333333335,4428.571428571428,607.4928962939563,4245.024,-254.97607421875,-5.666134982638889
2026-07-24,Maharashtra,Solapur,Akluj APMC,Other,3000.0,5000.0,4500.0,2026,7,24,205,4,30,4500.0,4000.0,5000.0,0.0,500.0,4000.0,4357.142857142857,556.3486402641872,4397.1772,-102.82275390625,-2.2849500868055554
2026-07-25,Maharashtra,Solapur,Akluj APMC,Other,4000.0,5000.0,4500.0,2026,7,25,206,5,30,4500.0,3500.0,5000.0,0.0,1000.0,4166.666666666667,4285.714285714285,487.9500364742672,4468.9536,-31.04638671875,-0.6899197048611111
2026-07-16,Maharashtra,Solapur,SHRI.SIDDHESHWAR  APMC,Other,1000.0,4000.0,2500.0,2026,7,16,197,3,29,4000.0,2500.0,2000.0,-1500.0,0.0,3000.0,2714.285714285714,951.189731211342,2700.9585,200.95849609375,8.03833984375
2026-07-17,Maharashtra,Solapur,SHRI.SIDDHESHWAR  APMC,Other,1500.0,4000.0,2500.0,2026,7,17,198,4,29,2500.0,2500.0,2500.0,0.0,0.0,3000.0,2785.714285714286,906.3269671749656,2709.2136,209.213623046875,8.368544921875
2026-07-20,Maharashtra,Solapur,SHRI.SIDDHESHWAR  APMC,Other,1500.0,4000.0,2500.0,2026,7,20,201,0,30,2500.0,4000.0,1500.0,0.0,-1500.0,3000.0,2785.714285714286,906.3269671749656,2668.6208,168.620849609375,6.744833984375
2026-07-21,Maharashtra,Solapur,SHRI.SIDDHESHWAR  APMC,Other,1500.0,3500.0,2500.0,2026,7,21,202,1,30,2500.0,2500.0,4000.0,0.0,0.0,2500.0,2928.5714285714284,731.9250547114,2606.7407,106.74072265625,4.2696289062499995
2026-07-22,Maharashtra,Solapur,SHRI.SIDDHESHWAR  APMC,Other,1000.0,3500.0,2000.0,2026,7,22,203,2,30,2500.0,2500.0,2500.0,-500.0,-500.0,2500.0,2714.285714285714,566.9467095138407,2263.6826,263.6826171875,13.184130859375001
2026-07-24,Maharashtra,Solapur,SHRI.SIDDHESHWAR  APMC,Other,2500.0,2500.0,2500.0,2026,7,24,205,4,30,2000.0,2500.0,2500.0,500.0,0.0,2333.3333333333335,2642.8571428571427,626.7831705280084,2452.4863,-47.513671875,-1.900546875
2026-07-25,Maharashtra,Solapur,SHRI.SIDDHESHWAR  APMC,Other,2000.0,2500.0,2200.0,2026,7,25,206,5,30,2500.0,2500.0,4000.0,-300.0,-300.0,2333.3333333333335,2642.8571428571427,626.7831705280084,2324.7925,124.79248046875,5.6723854758522725
2026-07-27,Maharashtra,Solapur,SHRI.SIDDHESHWAR  APMC,Other,2500.0,2500.0,2500.0,2026,7,27,208,0,31,2200.0,2000.0,2500.0,300.0,500.0,2233.3333333333335,2385.714285714286,203.54009783964145,2443.3687,-56.63134765625,-2.26525390625
2026-07-28,Maharashtra,Solapur,SHRI.SIDDHESHWAR  APMC,Other,2500.0,2500.0,2500.0,2026,7,28,209,1,31,2500.0,2500.0,2500.0,0.0,0.0,2400.0,2385.714285714286,203.54009783964145,2542.363,42.363037109375,1.694521484375
2026-07-17,NCT of Delhi,Delhi,APMC Azadpur,Dinga,2000.0,3000.0,2400.0,2026,7,17,198,4,29,2400.0,2400.0,2500.0,0.0,0.0,2400.0,2414.285714285714,37.796447300922736,2476.8623,76.8623046875,3.2025960286458335
2026-07-18,NCT of Delhi,Delhi,APMC Azadpur,Dinga,2000.0,3000.0,2400.0,2026,7,18,199,5,29,2400.0,2400.0,2400.0,0.0,0.0,2400.0,2400.0,0.0,2616.997,216.9970703125,9.041544596354166
2026-07-20,NCT of Delhi,Delhi,APMC Azadpur,Dinga,2000.0,3000.0,2400.0,2026,7,20,201,0,30,2400.0,2400.0,2400.0,0.0,0.0,2400.0,2400.0,0.0,2609.9636,209.963623046875,8.748484293619791
2026-07-21,NCT of Delhi,Delhi,APMC Azadpur,Dinga,2000.0,3000.0,2400.0,2026,7,21,202,1,30,2400.0,2400.0,2400.0,0.0,0.0,2400.0,2400.0,0.0,2666.678,266.677978515625,11.111582438151043
2026-07-22,NCT of Delhi,Delhi,APMC Azadpur,Dinga,2000.0,3000.0,2400.0,2026,7,22,203,2,30,2400.0,2400.0,2400.0,0.0,0.0,2400.0,2400.0,0.0,2634.7554,234.75537109375,9.781473795572916
2026-07-23,NCT of Delhi,Delhi,APMC Azadpur,Dinga,2000.0,3000.0,2400.0,2026,7,23,204,3,30,2400.0,2400.0,2400.0,0.0,0.0,2400.0,2400.0,0.0,2636.8298,236.829833984375,9.867909749348959
2026-07-24,NCT of Delhi,Delhi,APMC Azadpur,Dinga,3000.0,4000.0,3400.0,2026,7,24,205,4,30,2400.0,2400.0,2400.0,1000.0,1000.0,2400.0,2400.0,0.0,3101.6345,-298.365478515625,-8.775455250459558
2026-07-25,NCT of Delhi,Delhi,APMC Azadpur,Dinga,3000.0,4000.0,3400.0,2026,7,25,206,5,30,3400.0,2400.0,2400.0,0.0,1000.0,2733.3333333333335,2542.8571428571427,377.9644730092273,3181.8303,-218.169677734375,-6.416755227481617
2026-07-27,NCT of Delhi,Delhi,APMC Azadpur,Dinga,3000.0,4000.0,3400.0,2026,7,27,208,0,31,3400.0,2400.0,2400.0,0.0,1000.0,3066.6666666666665,2685.714285714286,487.95003647426665,3202.0232,-197.976806640625,-5.822847254136029
2026-07-28,NCT of Delhi,Delhi,APMC Azadpur,Dinga,3000.0,4000.0,3400.0,2026,7,28,209,1,31,3400.0,3400.0,2400.0,0.0,0.0,3400.0,2828.5714285714284,534.5224838248488,3293.6997,-106.30029296875,-3.1264792049632355
2026-07-29,NCT of Delhi,Delhi,APMC Azadpur,Dinga,3000.0,4000.0,3400.0,2026,7,29,210,2,31,3400.0,3400.0,2400.0,0.0,0.0,3400.0,2971.4285714285716,534.5224838248487,3299.9114,-100.088623046875,-2.943783030790441
2026-07-17,NCT of Delhi,Delhi,APMC Azadpur,Dusheri,1429.0,3571.0,2393.0,2026,7,17,198,4,29,2393.0,2643.0,2643.0,0.0,-250.0,2559.6666666666665,2607.285714285714,94.4911182523068,2467.3213,74.3212890625,3.1057788993940663
2026-07-18,NCT of Delhi,Delhi,APMC Azadpur,Dusheri,1429.0,3571.0,2393.0,2026,7,18,199,5,29,2393.0,2643.0,2643.0,0.0,-250.0,2476.3333333333335,2571.5714285714284,121.98750911856656,2469.5833,76.583251953125,3.2003030486053072
2026-07-20,NCT of Delhi,Delhi,APMC Azadpur,Dusheri,1429.0,3571.0,2393.0,2026,7,20,201,0,30,2393.0,2393.0,2643.0,0.0,0.0,2393.0,2535.8571428571427,133.63062095621208,2483.0315,90.031494140625,3.7622855888267868
2026-07-21,NCT of Delhi,Delhi,APMC Azadpur,Dusheri,1429.0,3571.0,2393.0,2026,7,21,202,1,30,2393.0,2393.0,2643.0,0.0,0.0,2393.0,2500.1428571428573,133.63062095621208,2480.8345,87.83447265625,3.670475246813623
2026-07-22,NCT of Delhi,Delhi,APMC Azadpur,Dusheri,1429.0,3571.0,2393.0,2026,7,22,203,2,30,2393.0,2393.0,2643.0,0.0,0.0,2393.0,2464.4285714285716,121.98750911856656,2495.2012,102.201171875,4.270838774550773
2026-07-23,NCT of Delhi,Delhi,APMC Azadpur,Dusheri,1429.0,3571.0,2393.0,2026,7,23,204,3,30,2393.0,2393.0,2643.0,0.0,0.0,2393.0,2428.714285714286,94.4911182523068,2499.0508,106.05078125,4.431708368157125
2026-07-24,NCT of Delhi,Delhi,APMC Azadpur,Dusheri,1429.0,3571.0,2393.0,2026,7,24,205,4,30,2393.0,2393.0,2393.0,0.0,0.0,2393.0,2393.0,0.0,2644.6033,251.603271484375,10.514135874817175
2026-07-25,NCT of Delhi,Delhi,APMC Azadpur,Dusheri,1429.0,3571.0,2393.0,2026,7,25,206,5,30,2393.0,2393.0,2393.0,0.0,0.0,2393.0,2393.0,0.0,2642.1099,249.10986328125,10.409939961606769
2026-07-27,NCT of Delhi,Delhi,APMC Azadpur,Dusheri,1429.0,3571.0,2393.0,2026,7,27,208,0,31,2393.0,2393.0,2393.0,0.0,0.0,2393.0,2393.0,0.0,2629.1775,236.177490234375,9.86951484472942
2026-07-28,NCT of Delhi,Delhi,APMC Azadpur,Dusheri,1429.0,3571.0,2393.0,2026,7,28,209,1,31,2393.0,2393.0,2393.0,0.0,0.0,2393.0,2393.0,0.0,2706.3757,313.375732421875,13.095517443454868
2026-07-29,NCT of Delhi,Delhi,APMC Azadpur,Dusheri,1429.0,3571.0,2393.0,2026,7,29,210,2,31,2393.0,2393.0,2393.0,0.0,0.0,2393.0,2393.0,0.0,2660.6292,267.629150390625,11.183834115780401
2026-07-17,NCT of Delhi,Delhi,APMC Azadpur,Fazli,2857.0,5714.0,4464.0,2026,7,17,198,4,29,4464.0,4464.0,7857.0,0.0,0.0,4464.0,5127.285714285715,1290.6918963984283,4620.7837,156.78369140625,3.5121794669858866
2026-07-18,NCT of Delhi,Delhi,APMC Azadpur,Fazli,2857.0,5714.0,4464.0,2026,7,18,199,5,29,4464.0,4464.0,5714.0,0.0,0.0,4464.0,4642.571428571428,472.455591261535,4549.668,85.66796875,1.9190853214605734
2026-07-20,NCT of Delhi,Delhi,APMC Azadpur,Fazli,2857.0,5714.0,4464.0,2026,7,20,201,0,30,4464.0,4464.0,4464.0,0.0,0.0,4464.0,4464.0,0.0,4359.1973,-104.802734375,-2.3477315048163083
2026-07-21,NCT of Delhi,Delhi,APMC Azadpur,Fazli,2857.0,5714.0,4464.0,2026,7,21,202,1,30,4464.0,4464.0,4464.0,0.0,0.0,4464.0,4464.0,0.0,4361.584,-102.416015625,-2.2942655829973115
2026-07-22,NCT of Delhi,Delhi,APMC Azadpur,Fazli,2857.0,5714.0,4464.0,2026,7,22,203,2,30,4464.0,4464.0,4464.0,0.0,0.0,4464.0,4464.0,0.0,4383.9893,-80.0107421875,-1.7923553357414874
2026-07-23,NCT of Delhi,Delhi,APMC Azadpur,Fazli,2857.0,5714.0,4464.0,2026,7,23,204,3,30,4464.0,4464.0,4464.0,0.0,0.0,4464.0,4464.0,0.0,4386.0625,-77.9375,-1.7459117383512543
2026-07-24,NCT of Delhi,Delhi,APMC Azadpur,Fazli,2857.0,5714.0,4464.0,2026,7,24,205,4,30,4464.0,4464.0,4464.0,0.0,0.0,4464.0,4464.0,0.0,4380.4243,-83.57568359375,-1.872215134268593
2026-07-25,NCT of Delhi,Delhi,APMC Azadpur,Fazli,2857.0,5714.0,4464.0,2026,7,25,206,5,30,4464.0,4464.0,4464.0,0.0,0.0,4464.0,4464.0,0.0,4363.3286,-100.67138671875,-2.255183394237231
2026-07-27,NCT of Delhi,Delhi,APMC Azadpur,Fazli,2857.0,5714.0,4464.0,2026,7,27,208,0,31,4464.0,4464.0,4464.0,0.0,0.0,4464.0,4464.0,0.0,4364.7524,-99.24755859375,-2.223287602906586
2026-07-28,NCT of Delhi,Delhi,APMC Azadpur,Fazli,2857.0,5714.0,4464.0,2026,7,28,209,1,31,4464.0,4464.0,4464.0,0.0,0.0,4464.0,4464.0,0.0,4396.3804,-67.61962890625,-1.5147766332045252
2026-07-29,NCT of Delhi,Delhi,APMC Azadpur,Fazli,2857.0,5714.0,4464.0,2026,7,29,210,2,31,4464.0,4464.0,4464.0,0.0,0.0,4464.0,4464.0,0.0,4404.962,-59.0380859375,-1.3225377674171148
2026-07-18,NCT of Delhi,Delhi,APMC Azadpur,Hapus(Alphaso),10000.0,16667.0,13333.0,2026,7,18,199,5,29,13333.0,14167.0,14167.0,0.0,-834.0,13889.0,14047.857142857143,315.22237048969555,10910.997,-2422.0029296875,-18.16547610955899
2026-07-20,NCT of Delhi,Delhi,APMC Azadpur,Hapus(Alphaso),10000.0,16667.0,13333.0,2026,7,20,201,0,30,13333.0,14167.0,14167.0,0.0,-834.0,13611.0,13928.714285714286,406.9503304195385,13242.466,-90.5341796875,-0.679023323239331
2026-07-21,NCT of Delhi,Delhi,APMC Azadpur,Hapus(Alphaso),10000.0,16667.0,13333.0,2026,7,21,202,1,30,13333.0,13333.0,14167.0,0.0,0.0,13333.0,13809.57142857143,445.7917515099241,12610.137,-722.86328125,-5.421610149628741
2026-07-22,NCT of Delhi,Delhi,APMC Azadpur,Hapus(Alphaso),10000.0,16667.0,13333.0,2026,7,22,203,2,30,13333.0,13333.0,14167.0,0.0,0.0,13333.0,13690.42857142857,445.7917515099241,12537.433,-795.5673828125,-5.966904543707343
2026-07-23,NCT of Delhi,Delhi,APMC Azadpur,Hapus(Alphaso),10000.0,16667.0,13333.0,2026,7,23,204,3,30,13333.0,13333.0,14167.0,0.0,0.0,13333.0,13571.285714285714,406.9503304195385,13497.869,164.869140625,1.2365494684242107
2026-07-24,NCT of Delhi,Delhi,APMC Azadpur,Hapus(Alphaso),10000.0,16667.0,13333.0,2026,7,24,205,4,30,13333.0,13333.0,14167.0,0.0,0.0,13333.0,13452.142857142857,315.22237048969555,12162.663,-1170.3369140625,-8.777746299126228
2026-07-25,NCT of Delhi,Delhi,APMC Azadpur,Hapus(Alphaso),10000.0,16667.0,13333.0,2026,7,25,206,5,30,13333.0,13333.0,13333.0,0.0,0.0,13333.0,13333.0,0.0,11762.121,-1570.87890625,-11.781886344033602
2026-07-27,NCT of Delhi,Delhi,APMC Azadpur,Hapus(Alphaso),10000.0,16667.0,13333.0,2026,7,27,208,0,31,13333.0,13333.0,13333.0,0.0,0.0,13333.0,13333.0,0.0,13062.933,-270.0673828125,-2.0255560099939998
2026-07-28,NCT of Delhi,Delhi,APMC Azadpur,Hapus(Alphaso),10000.0,16667.0,13333.0,2026,7,28,209,1,31,13333.0,13333.0,13333.0,0.0,0.0,13333.0,13333.0,0.0,12403.505,-929.4951171875,-6.971387663597841
2026-07-29,NCT of Delhi,Delhi,APMC Azadpur,Hapus(Alphaso),10000.0,16667.0,13333.0,2026,7,29,210,2,31,13333.0,13333.0,13333.0,0.0,0.0,13333.0,13333.0,0.0,12278.15,-1054.849609375,-7.911569859558989
2026-07-18,NCT of Delhi,Delhi,APMC Azadpur,Keshar,2857.0,5000.0,3643.0,2026,7,18,199,5,29,3643.0,4286.0,4286.0,0.0,-643.0,3857.3333333333335,4102.285714285715,313.75187345295325,3623.1099,-19.89013671875,-0.5459823419914905
2026-07-20,NCT of Delhi,Delhi,APMC Azadpur,Keshar,2857.0,5000.0,3643.0,2026,7,20,201,0,30,3643.0,3643.0,4286.0,0.0,0.0,3643.0,4010.428571428571,343.69795709937745,3566.7817,-76.21826171875,-2.092183961535822
2026-07-21,NCT of Delhi,Delhi,APMC Azadpur,Keshar,2857.0,5714.0,3821.0,2026,7,21,202,1,30,3643.0,3643.0,4286.0,178.0,178.0,3643.0,3918.571428571429,343.69795709937733,3831.6838,10.683837890625,0.2796084242508506
2026-07-22,NCT of Delhi,Delhi,APMC Azadpur,Keshar,2857.0,5714.0,3821.0,2026,7,22,203,2,30,3821.0,3643.0,4286.0,0.0,178.0,3702.3333333333335,3852.142857142858,303.4240314430326,3850.9785,29.978515625,0.7845725104684638
2026-07-23,NCT of Delhi,Delhi,APMC Azadpur,Keshar,2857.0,5714.0,3821.0,2026,7,23,204,3,30,3821.0,3643.0,4286.0,0.0,178.0,3761.6666666666665,3785.714285714286,236.02451446527948,3888.1267,67.126708984375,1.7567837996434181
2026-07-24,NCT of Delhi,Delhi,APMC Azadpur,Keshar,4286.0,7143.0,5429.0,2026,7,24,205,4,30,3821.0,3821.0,3643.0,1608.0,1608.0,3821.0,3719.285714285714,95.14500212081968,4342.255,-1086.7451171875,-20.017408679084543
2026-07-25,NCT of Delhi,Delhi,APMC Azadpur,Keshar,4286.0,7143.0,5429.0,2026,7,25,206,5,30,5429.0,3821.0,3643.0,0.0,1608.0,4357.0,3974.428571428571,647.5509908217928,4267.112,-1161.88818359375,-21.40151378879628
2026-07-27,NCT of Delhi,Delhi,APMC Azadpur,Keshar,4286.0,7143.0,5429.0,2026,7,27,208,0,31,5429.0,3821.0,3643.0,0.0,1608.0,4893.0,4229.571428571428,823.2235130151183,4345.795,-1083.205078125,-19.952202581046233
2026-07-28,NCT of Delhi,Delhi,APMC Azadpur,Keshar,4286.0,7143.0,5429.0,2026,7,28,209,1,31,5429.0,5429.0,3643.0,0.0,0.0,5429.0,4484.714285714285,885.5374477844358,4926.5864,-502.41357421875,-9.25425629432216
2026-07-29,NCT of Delhi,Delhi,APMC Azadpur,Keshar,4286.0,7143.0,5429.0,2026,7,29,210,2,31,5429.0,5429.0,3821.0,0.0,0.0,5429.0,4739.857142857143,859.5121539903579,4986.5776,-442.42236328125,-8.14924227815896
2026-07-17,NCT of Delhi,Delhi,APMC Azadpur,Langra,2000.0,5000.0,3100.0,2026,7,17,198,4,29,3100.0,3600.0,3600.0,0.0,-500.0,3433.3333333333335,3528.5714285714284,188.9822365046136,3161.8406,61.840576171875,1.9948572958669353
2026-07-18,NCT of Delhi,Delhi,APMC Azadpur,Langra,2000.0,5000.0,3100.0,2026,7,18,199,5,29,3100.0,3600.0,3600.0,0.0,-500.0,3266.6666666666665,3457.1428571428573,243.9750182371332,3142.4236,42.423583984375,1.368502709173387
2026-07-20,NCT of Delhi,Delhi,APMC Azadpur,Langra,2000.0,5000.0,3100.0,2026,7,20,201,0,30,3100.0,3100.0,3600.0,0.0,0.0,3100.0,3385.714285714286,267.2612419124242,3050.566,-49.43408203125,-1.5946478074596773
2026-07-21,NCT of Delhi,Delhi,APMC Azadpur,Langra,2000.0,5000.0,3100.0,2026,7,21,202,1,30,3100.0,3100.0,3600.0,0.0,0.0,3100.0,3314.285714285714,267.2612419124241,3054.2402,-45.759765625,-1.4761214717741935
2026-07-22,NCT of Delhi,Delhi,APMC Azadpur,Langra,2000.0,5000.0,3100.0,2026,7,22,203,2,30,3100.0,3100.0,3600.0,0.0,0.0,3100.0,3242.8571428571427,243.9750182371328,3069.1987,-30.80126953125,-0.9935893397177419
2026-07-23,NCT of Delhi,Delhi,APMC Azadpur,Langra,2000.0,5000.0,3100.0,2026,7,23,204,3,30,3100.0,3100.0,3600.0,0.0,0.0,3100.0,3171.4285714285716,188.9822365046127,3058.582,-41.41796875,-1.3360635080645162
2026-07-24,NCT of Delhi,Delhi,APMC Azadpur,Langra,4000.0,7000.0,5100.0,2026,7,24,205,4,30,3100.0,3100.0,3100.0,2000.0,2000.0,3100.0,3100.0,0.0,4265.126,-834.8740234375,-16.37007889093137
2026-07-25,NCT of Delhi,Delhi,APMC Azadpur,Langra,4000.0,7000.0,5100.0,2026,7,25,206,5,30,5100.0,3100.0,3100.0,0.0,2000.0,3766.6666666666665,3385.714285714286,755.9289460184544,4455.2837,-644.71630859375,-12.641496246936274
2026-07-27,NCT of Delhi,Delhi,APMC Azadpur,Langra,5000.0,8000.0,6100.0,2026,7,27,208,0,31,5100.0,3100.0,3100.0,1000.0,3000.0,4433.333333333333,3671.428571428571,975.9000729485332,6003.32,-96.68017578125,-1.5849209144467211
2026-07-28,NCT of Delhi,Delhi,APMC Azadpur,Langra,5000.0,8000.0,6100.0,2026,7,28,209,1,31,6100.0,5100.0,3100.0,0.0,1000.0,5433.333333333333,4100.0,1290.9944487358057,5664.5283,-435.4716796875,-7.138879994877049
2026-07-29,NCT of Delhi,Delhi,APMC Azadpur,Langra,5000.0,8000.0,6100.0,2026,7,29,210,2,31,6100.0,5100.0,3100.0,0.0,1000.0,5766.666666666667,4528.571428571428,1397.2762620115436,5514.921,-585.0791015625,-9.591460681352459
2026-07-17,NCT of Delhi,Delhi,APMC Azadpur,Safeda,2143.0,3571.0,3129.0,2026,7,17,198,4,29,3129.0,3714.0,3714.0,0.0,-585.0,3519.0,3630.428571428571,221.10921671039796,3108.104,-20.89599609375,-0.6678170691514861
2026-07-18,NCT of Delhi,Delhi,APMC Azadpur,Safeda,2143.0,3571.0,3129.0,2026,7,18,199,5,29,3129.0,3714.0,3714.0,0.0,-585.0,3324.0,3546.8571428571427,285.45077133744593,3101.5564,-27.443603515625,-0.8770726594958453
2026-07-20,NCT of Delhi,Delhi,APMC Azadpur,Safeda,2143.0,3571.0,3129.0,2026,7,20,201,0,30,3129.0,3129.0,3714.0,0.0,0.0,3129.0,3463.285714285714,312.69565303753654,3029.518,-99.48193359375,-3.179352304050815
2026-07-21,NCT of Delhi,Delhi,APMC Azadpur,Safeda,2143.0,10000.0,4307.0,2026,7,21,202,1,30,3129.0,3129.0,3714.0,1178.0,1178.0,3129.0,3379.714285714286,312.69565303753654,3732.248,-574.751953125,-13.344600722660784
2026-07-22,NCT of Delhi,Delhi,APMC Azadpur,Safeda,3571.0,10000.0,4664.0,2026,7,22,203,2,30,4307.0,3129.0,3714.0,357.0,1535.0,3521.6666666666665,3464.4285714285716,462.699995368798,4424.587,-239.4130859375,-5.133213677905232
2026-07-23,NCT of Delhi,Delhi,APMC Azadpur,Safeda,3571.0,5714.0,3950.0,2026,7,23,204,3,30,4664.0,3129.0,3714.0,-714.0,821.0,4033.3333333333335,3600.1428571428573,649.6543769757958,4326.0205,376.0205078125,9.519506526898734
2026-07-24,NCT of Delhi,Delhi,APMC Azadpur,Safeda,3571.0,5714.0,4450.0,2026,7,24,205,4,30,3950.0,4307.0,3129.0,500.0,143.0,4307.0,3633.857142857142,662.5436912816715,4257.6113,-192.388671875,-4.323340941011236
2026-07-25,NCT of Delhi,Delhi,APMC Azadpur,Safeda,3571.0,5714.0,4450.0,2026,7,25,206,5,30,4450.0,4664.0,3129.0,0.0,-214.0,4354.666666666667,3822.571428571429,682.6055125138424,4486.7607,36.7607421875,0.8260840941011236
2026-07-27,NCT of Delhi,Delhi,APMC Azadpur,Safeda,3571.0,5714.0,4950.0,2026,7,27,208,0,31,4450.0,3950.0,3129.0,500.0,1000.0,4283.333333333333,4011.285714285714,640.1868774781608,4593.677,-356.3232421875,-7.198449337121213
2026-07-28,NCT of Delhi,Delhi,APMC Azadpur,Safeda,3571.0,5714.0,4950.0,2026,7,28,209,1,31,4950.0,4450.0,3129.0,0.0,500.0,4616.666666666667,4271.428571428572,589.9253786547513,4920.6226,-29.37744140625,-0.5934836647727273
2026-07-29,NCT of Delhi,Delhi,APMC Azadpur,Safeda,3571.0,5714.0,4950.0,2026,7,29,210,2,31,4950.0,4450.0,4307.0,0.0,500.0,4783.333333333333,4531.571428571428,358.15911600984197,4870.782,-79.2177734375,-1.6003590593434345
2026-07-17,NCT of Delhi,Delhi,APMC Azadpur,Saroli,1000.0,2000.0,1500.0,2026,7,17,198,4,29,1500.0,1500.0,1600.0,0.0,0.0,1500.0,1514.2857142857142,37.79644730092272,1594.6406,94.640625,6.309375
2026-07-18,NCT of Delhi,Delhi,APMC Azadpur,Saroli,1000.0,2000.0,1500.0,2026,7,18,199,5,29,1500.0,1500.0,1500.0,0.0,0.0,1500.0,1500.0,0.0,1558.0994,58.099365234375,3.873291015625
2026-07-20,NCT of Delhi,Delhi,APMC Azadpur,Saroli,1000.0,2000.0,1500.0,2026,7,20,201,0,30,1500.0,1500.0,1500.0,0.0,0.0,1500.0,1500.0,0.0,1551.0663,51.0662841796875,3.4044189453125
2026-07-21,NCT of Delhi,Delhi,APMC Azadpur,Saroli,1000.0,2000.0,1500.0,2026,7,21,202,1,30,1500.0,1500.0,1500.0,0.0,0.0,1500.0,1500.0,0.0,1560.0061,60.006103515625,4.000406901041666
2026-07-22,NCT of Delhi,Delhi,APMC Azadpur,Saroli,1000.0,2000.0,1500.0,2026,7,22,203,2,30,1500.0,1500.0,1500.0,0.0,0.0,1500.0,1500.0,0.0,1575.8582,75.858154296875,5.057210286458334
2026-07-23,NCT of Delhi,Delhi,APMC Azadpur,Saroli,1000.0,2000.0,1500.0,2026,7,23,204,3,30,1500.0,1500.0,1500.0,0.0,0.0,1500.0,1500.0,0.0,1577.9327,77.9327392578125,5.195515950520833
2026-07-24,NCT of Delhi,Delhi,APMC Azadpur,Saroli,1000.0,2000.0,1500.0,2026,7,24,205,4,30,1500.0,1500.0,1500.0,0.0,0.0,1500.0,1500.0,0.0,1567.5435,67.54345703125,4.502897135416667
2026-07-25,NCT of Delhi,Delhi,APMC Azadpur,Saroli,1000.0,2000.0,1500.0,2026,7,25,206,5,30,1500.0,1500.0,1500.0,0.0,0.0,1500.0,1500.0,0.0,1565.0499,65.0499267578125,4.336661783854167
2026-07-27,NCT of Delhi,Delhi,APMC Azadpur,Saroli,1000.0,2000.0,1500.0,2026,7,27,208,0,31,1500.0,1500.0,1500.0,0.0,0.0,1500.0,1500.0,0.0,1552.1178,52.1177978515625,3.4745198567708337
2026-07-28,NCT of Delhi,Delhi,APMC Azadpur,Saroli,1000.0,2000.0,1500.0,2026,7,28,209,1,31,1500.0,1500.0,1500.0,0.0,0.0,1500.0,1500.0,0.0,1577.1653,77.165283203125,5.144352213541667
2026-07-29,NCT of Delhi,Delhi,APMC Azadpur,Saroli,1000.0,2000.0,1500.0,2026,7,29,210,2,31,1500.0,1500.0,1500.0,0.0,0.0,1500.0,1500.0,0.0,1579.1931,79.193115234375,5.279541015625
2026-07-17,NCT of Delhi,Delhi,APMC Azadpur,Surkha,2500.0,6000.0,4000.0,2026,7,17,198,4,29,4000.0,4500.0,4500.0,0.0,-500.0,4333.333333333333,4428.571428571428,188.9822365046136,3959.6226,-40.37744140625,-1.00943603515625
2026-07-18,NCT of Delhi,Delhi,APMC Azadpur,Surkha,2500.0,6000.0,4000.0,2026,7,18,199,5,29,4000.0,4500.0,4500.0,0.0,-500.0,4166.666666666667,4357.142857142857,243.97501823713313,3929.0408,-70.959228515625,-1.773980712890625
2026-07-20,NCT of Delhi,Delhi,APMC Azadpur,Surkha,2500.0,6000.0,4000.0,2026,7,20,201,0,30,4000.0,4000.0,4500.0,0.0,0.0,4000.0,4285.714285714285,267.26124191242417,4062.631,62.631103515625,1.5657775878906248
2026-07-21,NCT of Delhi,Delhi,APMC Azadpur,Surkha,2500.0,6000.0,4000.0,2026,7,21,202,1,30,4000.0,4000.0,4500.0,0.0,0.0,4000.0,4214.285714285715,267.26124191242417,4044.1694,44.16943359375,1.10423583984375
2026-07-22,NCT of Delhi,Delhi,APMC Azadpur,Surkha,2500.0,6000.0,4000.0,2026,7,22,203,2,30,4000.0,4000.0,4500.0,0.0,0.0,4000.0,4142.857142857143,243.97501823713313,4049.4675,49.467529296875,1.236688232421875
2026-07-23,NCT of Delhi,Delhi,APMC Azadpur,Surkha,2500.0,6000.0,4000.0,2026,7,23,204,3,30,4000.0,4000.0,4500.0,0.0,0.0,4000.0,4071.428571428571,188.9822365046135,4054.3413,54.34130859375,1.35853271484375
2026-07-24,NCT of Delhi,Delhi,APMC Azadpur,Surkha,2500.0,6000.0,4000.0,2026,7,24,205,4,30,4000.0,4000.0,4000.0,0.0,0.0,4000.0,4000.0,0.0,4034.9856,34.985595703125,0.8746398925781249
2026-07-25,NCT of Delhi,Delhi,APMC Azadpur,Surkha,2500.0,6000.0,4000.0,2026,7,25,206,5,30,4000.0,4000.0,4000.0,0.0,0.0,4000.0,4000.0,0.0,4017.8906,17.890625,0.447265625
2026-07-27,NCT of Delhi,Delhi,APMC Azadpur,Surkha,2500.0,6000.0,4000.0,2026,7,27,208,0,31,4000.0,4000.0,4000.0,0.0,0.0,4000.0,4000.0,0.0,4019.3132,19.313232421875,0.482830810546875
2026-07-28,NCT of Delhi,Delhi,APMC Azadpur,Surkha,2500.0,6000.0,4000.0,2026,7,28,209,1,31,4000.0,4000.0,4000.0,0.0,0.0,4000.0,4000.0,0.0,4050.6855,50.685546875,1.267138671875
2026-07-29,NCT of Delhi,Delhi,APMC Azadpur,Surkha,2500.0,6000.0,4000.0,2026,7,29,210,2,31,4000.0,4000.0,4000.0,0.0,0.0,4000.0,4000.0,0.0,4050.765,50.764892578125,1.269122314453125
2026-07-17,NCT of Delhi,Delhi,APMC Azadpur,Totapuri,2143.0,3214.0,2643.0,2026,7,17,198,4,29,2643.0,2857.0,2857.0,0.0,-214.0,2785.6666666666665,2826.4285714285716,80.88439722397464,2581.502,-61.498046875,-2.3268273505486192
2026-07-18,NCT of Delhi,Delhi,APMC Azadpur,Totapuri,2143.0,3214.0,2643.0,2026,7,18,199,5,29,2643.0,2857.0,2857.0,0.0,-214.0,2714.3333333333335,2795.8571428571427,104.42130780549314,2575.875,-67.125,-2.539727582292849
2026-07-20,NCT of Delhi,Delhi,APMC Azadpur,Totapuri,2143.0,3214.0,2643.0,2026,7,20,201,0,30,2643.0,2643.0,2857.0,0.0,0.0,2643.0,2765.285714285714,114.3878115385178,2582.7434,-60.256591796875,-2.2798559136161556
2026-07-21,NCT of Delhi,Delhi,APMC Azadpur,Totapuri,2143.0,3214.0,2643.0,2026,7,21,202,1,30,2643.0,2643.0,2857.0,0.0,0.0,2643.0,2734.714285714286,114.38781153851794,2584.4692,-58.53076171875,-2.214557764614075
2026-07-22,NCT of Delhi,Delhi,APMC Azadpur,Totapuri,2143.0,3214.0,2643.0,2026,7,22,203,2,30,2643.0,2643.0,2857.0,0.0,0.0,2643.0,2704.1428571428573,104.42130780549356,2603.6338,-39.3662109375,-1.4894517948354142
2026-07-23,NCT of Delhi,Delhi,APMC Azadpur,Totapuri,2143.0,3214.0,2643.0,2026,7,23,204,3,30,2643.0,2643.0,2857.0,0.0,0.0,2643.0,2673.5714285714284,80.8843972239756,2615.3723,-27.627685546875,-1.045315382023269
2026-07-24,NCT of Delhi,Delhi,APMC Azadpur,Totapuri,2143.0,3214.0,2643.0,2026,7,24,205,4,30,2643.0,2643.0,2643.0,0.0,0.0,2643.0,2643.0,0.0,2758.4111,115.4111328125,4.366671691732879
2026-07-25,NCT of Delhi,Delhi,APMC Azadpur,Totapuri,2143.0,3214.0,2643.0,2026,7,25,206,5,30,2643.0,2643.0,2643.0,0.0,0.0,2643.0,2643.0,0.0,2755.9177,112.917724609375,4.272331615943057
2026-07-27,NCT of Delhi,Delhi,APMC Azadpur,Totapuri,2143.0,3214.0,2643.0,2026,7,27,208,0,31,2643.0,2643.0,2643.0,0.0,0.0,2643.0,2643.0,0.0,2738.1873,95.187255859375,3.601485276555997
2026-07-28,NCT of Delhi,Delhi,APMC Azadpur,Totapuri,2143.0,3214.0,2643.0,2026,7,28,209,1,31,2643.0,2643.0,2643.0,0.0,0.0,2643.0,2643.0,0.0,2815.3855,172.385498046875,6.522341961667613
2026-07-29,NCT of Delhi,Delhi,APMC Azadpur,Totapuri,2857.0,3929.0,3357.0,2026,7,29,210,2,31,2643.0,2643.0,2643.0,714.0,714.0,2643.0,2643.0,0.0,3068.912,-288.087890625,-8.581706601876675
2026-07-20,NCT of Delhi,Delhi,APMC Keshopur,Other,4000.0,6000.0,5200.0,2026,7,20,201,0,30,6000.0,6000.0,5000.0,-800.0,-800.0,6000.0,5942.857142857143,596.8169536721257,5538.551,338.55078125,6.510591947115385
2026-07-21,NCT of Delhi,Delhi,APMC Keshopur,Other,4000.0,6000.0,5100.0,2026,7,21,202,1,30,5200.0,6000.0,7000.0,-100.0,-900.0,5733.333333333333,5971.428571428572,546.8524655221179,5386.9097,286.90966796875,5.625679764093137
2026-07-23,NCT of Delhi,Delhi,APMC Keshopur,Other,4000.0,7000.0,5600.0,2026,7,23,204,3,30,5100.0,6000.0,6000.0,500.0,-400.0,5433.333333333333,5700.0,404.1451884327375,5319.948,-280.0517578125,-5.000924246651786
2026-07-24,NCT of Delhi,Delhi,APMC Keshopur,Other,4000.0,6000.0,5500.0,2026,7,24,205,4,30,5600.0,5200.0,5600.0,-100.0,300.0,5300.0,5642.857142857143,382.3486317361102,5364.578,-135.421875,-2.462215909090909
2026-07-25,NCT of Delhi,Delhi,APMC Keshopur,Other,4000.0,6000.0,5200.0,2026,7,25,206,5,30,5500.0,5100.0,6000.0,-300.0,100.0,5400.0,5628.571428571428,386.0668582611287,5294.333,94.3330078125,1.8140963040865383
2026-07-27,NCT of Delhi,Delhi,APMC Keshopur,Other,5000.0,8000.0,7000.0,2026,7,27,208,0,31,5200.0,5600.0,6000.0,1800.0,1400.0,5433.333333333333,5514.285714285715,376.069902316804,6656.0327,-343.96728515625,-4.913818359375
2026-07-28,NCT of Delhi,Delhi,APMC Keshopur,Other,5000.0,8000.0,6500.0,2026,7,28,209,1,31,7000.0,5500.0,6000.0,-500.0,1000.0,5900.0,5657.142857142857,667.9749068568935,6646.7905,146.79052734375,2.2583158052884618
2026-07-17,Odisha,Gajapati,Kasinagar APMC,Badami,1800.0,2000.0,1900.0,2026,7,17,198,4,29,1900.0,1900.0,2400.0,0.0,0.0,1900.0,2042.857142857143,243.9750182371333,1917.3188,17.31884765625,0.9115182976973684
2026-07-18,Odisha,Gajapati,Kasinagar APMC,Badami,1800.0,2000.0,1900.0,2026,7,18,199,5,29,1900.0,1900.0,2400.0,0.0,0.0,1900.0,1971.428571428571,188.98223650461352,1919.5808,19.580810546875,1.0305689761513157
2026-07-20,Odisha,Gajapati,Kasinagar APMC,Badami,1800.0,2000.0,1900.0,2026,7,20,201,0,30,1900.0,1900.0,1900.0,0.0,0.0,1900.0,1900.0,0.0,1877.9045,-22.095458984375,-1.1629188939144737
2026-07-21,Odisha,Gajapati,Kasinagar APMC,Badami,1800.0,2000.0,1900.0,2026,7,21,202,1,30,1900.0,1900.0,1900.0,0.0,0.0,1900.0,1900.0,0.0,1886.8444,-13.1556396484375,-0.6924020867598685
2026-07-22,Odisha,Gajapati,Kasinagar APMC,Badami,180.0,2000.0,1900.0,2026,7,22,203,2,30,1900.0,1900.0,1900.0,0.0,0.0,1900.0,1900.0,0.0,1702.4141,-197.5859375,-10.399259868421053
2026-07-25,Odisha,Gajapati,Kasinagar APMC,Badami,1800.0,2000.0,1900.0,2026,7,25,206,5,30,1900.0,1900.0,1900.0,0.0,0.0,1900.0,1900.0,0.0,1891.8882,-8.11181640625,-0.4269377055921053
2026-07-27,Odisha,Gajapati,Kasinagar APMC,Badami,1800.0,2000.0,1900.0,2026,7,27,208,0,31,1900.0,1900.0,1900.0,0.0,0.0,1900.0,1900.0,0.0,1878.956,-21.0439453125,-1.1075760690789473
2026-07-28,Odisha,Gajapati,Kasinagar APMC,Badami,1800.0,2000.0,1900.0,2026,7,28,209,1,31,1900.0,1900.0,1900.0,0.0,0.0,1900.0,1900.0,0.0,1904.0035,4.0035400390625,0.21071263363486842
2026-07-29,Odisha,Gajapati,Kasinagar APMC,Badami,1800.0,2000.0,1900.0,2026,7,29,210,2,31,1900.0,1900.0,1900.0,0.0,0.0,1900.0,1900.0,0.0,1906.0314,6.0313720703125,0.31744063527960525
2026-07-13,Odisha,Mayurbhanja,Narasinghpur APMC,Amrapali,3000.0,4000.0,3500.0,2026,7,13,194,0,29,3500.0,2500.0,2500.0,0.0,1000.0,3166.6666666666665,2857.1428571428573,475.5948656056709,3492.4553,-7.544677734375,-0.21556222098214287
2026-07-14,Odisha,Mayurbhanja,Narasinghpur APMC,Amrapali,3000.0,4000.0,3500.0,2026,7,14,195,1,29,3500.0,3500.0,2500.0,0.0,0.0,3500.0,3000.0,499.9999999999999,3493.0962,-6.90380859375,-0.19725167410714287
2026-07-15,Odisha,Mayurbhanja,Narasinghpur APMC,Amrapali,2500.0,3500.0,3000.0,2026,7,15,196,2,29,3500.0,3500.0,3000.0,-500.0,-500.0,3500.0,3142.8571428571427,475.59486560567063,3115.4473,115.447265625,3.8482421875
2026-07-17,Odisha,Mayurbhanja,Narasinghpur APMC,Amrapali,2500.0,3500.0,3000.0,2026,7,17,198,4,29,3000.0,3500.0,2500.0,0.0,-500.0,3333.3333333333335,3142.8571428571427,475.59486560567063,3138.505,138.5048828125,4.616829427083333
2026-07-18,Odisha,Mayurbhanja,Narasinghpur APMC,Amrapali,2500.0,3500.0,3000.0,2026,7,18,199,5,29,3000.0,3500.0,2500.0,0.0,-500.0,3166.6666666666665,3214.285714285714,393.39789623472103,3164.8042,164.80419921875,5.493473307291667
2026-07-20,Odisha,Mayurbhanja,Narasinghpur APMC,Amrapali,2500.0,3500.0,3000.0,2026,7,20,201,0,30,3000.0,3000.0,3500.0,0.0,0.0,3000.0,3285.714285714286,267.2612419124234,3067.5564,67.556396484375,2.2518798828124997
2026-07-21,Odisha,Mayurbhanja,Narasinghpur APMC,Amrapali,4000.0,5000.0,4500.0,2026,7,21,202,1,30,3000.0,3000.0,3500.0,1500.0,1500.0,3000.0,3214.285714285714,267.26124191242366,3842.066,-657.93408203125,-14.620757378472222
2026-07-22,Odisha,Mayurbhanja,Narasinghpur APMC,Amrapali,3000.0,5000.0,4000.0,2026,7,22,203,2,30,4500.0,3000.0,3500.0,-500.0,1000.0,3500.0,3357.1428571428573,556.3486402641861,3923.864,-76.135986328125,-1.903399658203125
2026-07-23,Odisha,Mayurbhanja,Narasinghpur APMC,Amrapali,3000.0,5000.0,4000.0,2026,7,23,204,3,30,4000.0,3000.0,3500.0,0.0,1000.0,3833.3333333333335,3428.5714285714284,607.492896293955,3896.2163,-103.78369140625,-2.59459228515625
2026-07-24,Odisha,Mayurbhanja,Narasinghpur APMC,Amrapali,3000.0,5000.0,4000.0,2026,7,24,205,4,30,4000.0,4500.0,3000.0,0.0,-500.0,4166.666666666667,3500.0,645.4972243679019,3973.331,-26.6689453125,-0.6667236328125
2026-07-25,Odisha,Mayurbhanja,Narasinghpur APMC,Amrapali,3000.0,5000.0,4000.0,2026,7,25,206,5,30,4000.0,4000.0,3000.0,0.0,0.0,4000.0,3642.857142857142,626.7831705280076,4005.5886,5.588623046875,0.139715576171875
2026-07-26,Odisha,Mayurbhanja,Narasinghpur APMC,Amrapali,3000.0,5000.0,4000.0,2026,7,26,207,6,30,4000.0,4000.0,3000.0,0.0,0.0,4000.0,3785.714285714286,566.9467095138394,4034.1653,34.165283203125,0.854132080078125
2026-07-27,Odisha,Mayurbhanja,Narasinghpur APMC,Amrapali,3000.0,5000.0,4000.0,2026,7,27,208,0,31,4000.0,4000.0,3000.0,0.0,0.0,4000.0,3928.571428571429,449.8677054212165,3994.9485,-5.051513671875,-0.126287841796875
2026-07-28,Odisha,Mayurbhanja,Narasinghpur APMC,Amrapali,3000.0,5000.0,4000.0,2026,7,28,209,1,31,4000.0,4000.0,4500.0,0.0,0.0,4000.0,4071.428571428571,188.9822365046074,4040.7905,40.79052734375,1.01976318359375
2026-07-29,Odisha,Mayurbhanja,Narasinghpur APMC,Amrapali,3000.0,5000.0,4000.0,2026,7,29,210,2,31,4000.0,4000.0,4000.0,0.0,0.0,4000.0,4000.0,0.0,4019.9304,19.930419921875,0.49826049804687506
2026-07-13,Odisha,Mayurbhanja,Narasinghpur APMC,Langra,3000.0,4000.0,3500.0,2026,7,13,194,0,29,3500.0,2500.0,2500.0,0.0,1000.0,3166.6666666666665,2785.714285714286,487.95003647426665,3560.0825,60.08251953125,1.7166434151785714
2026-07-14,Odisha,Mayurbhanja,Narasinghpur APMC,Langra,3000.0,4000.0,3500.0,2026,7,14,195,1,29,3500.0,3500.0,2500.0,0.0,0.0,3500.0,2928.5714285714284,534.5224838248488,3556.0432,56.043212890625,1.6012346540178573
2026-07-15,Odisha,Mayurbhanja,Narasinghpur APMC,Langra,2500.0,3500.0,3000.0,2026,7,15,196,2,29,3500.0,3500.0,2500.0,-500.0,-500.0,3500.0,3071.4285714285716,534.5224838248487,3078.6477,78.647705078125,2.6215901692708337
2026-07-17,Odisha,Mayurbhanja,Narasinghpur APMC,Langra,2500.0,3500.0,3000.0,2026,7,17,198,4,29,3000.0,3500.0,2500.0,0.0,-500.0,3333.3333333333335,3142.8571428571427,475.5948656056707,3097.783,97.782958984375,3.2594319661458337
2026-07-18,Odisha,Mayurbhanja,Narasinghpur APMC,Langra,2500.0,3500.0,3000.0,2026,7,18,199,5,29,3000.0,3500.0,2500.0,0.0,-500.0,3166.6666666666665,3214.285714285714,393.39789623472114,3124.0823,124.082275390625,4.136075846354167
2026-07-20,Odisha,Mayurbhanja,Narasinghpur APMC,Langra,2500.0,3500.0,3000.0,2026,7,20,201,0,30,3000.0,3000.0,3500.0,0.0,0.0,3000.0,3285.714285714286,267.26124191242343,3014.6729,14.6728515625,0.48909505208333337
2026-07-21,Odisha,Mayurbhanja,Narasinghpur APMC,Langra,4000.0,5000.0,4500.0,2026,7,21,202,1,30,3000.0,3000.0,3500.0,1500.0,1500.0,3000.0,3214.285714285714,267.2612419124237,3754.6748,-745.3251953125,-16.562782118055555
2026-07-22,Odisha,Mayurbhanja,Narasinghpur APMC,Langra,3000.0,5000.0,4000.0,2026,7,22,203,2,30,4500.0,3000.0,3500.0,-500.0,1000.0,3500.0,3357.1428571428573,556.3486402641862,3884.9172,-115.082763671875,-2.877069091796875
2026-07-23,Odisha,Mayurbhanja,Narasinghpur APMC,Langra,3000.0,5000.0,4000.0,2026,7,23,204,3,30,4000.0,3000.0,3500.0,0.0,1000.0,3833.3333333333335,3428.5714285714284,607.4928962939551,3855.4944,-144.505615234375,-3.612640380859375
2026-07-24,Odisha,Mayurbhanja,Narasinghpur APMC,Langra,3000.0,5000.0,4000.0,2026,7,24,205,4,30,4000.0,4500.0,3000.0,0.0,-500.0,4166.666666666667,3500.0,645.497224367902,3932.6091,-67.390869140625,-1.6847717285156252
2026-07-25,Odisha,Mayurbhanja,Narasinghpur APMC,Langra,3000.0,5000.0,4000.0,2026,7,25,206,5,30,4000.0,4000.0,3000.0,0.0,0.0,4000.0,3642.857142857142,626.7831705280076,3964.8667,-35.13330078125,-0.87833251953125
2026-07-26,Odisha,Mayurbhanja,Narasinghpur APMC,Langra,3000.0,5000.0,4000.0,2026,7,26,207,6,30,4000.0,4000.0,3000.0,0.0,0.0,4000.0,3785.714285714286,566.9467095138396,4008.5251,8.525146484375,0.21312866210937498
2026-07-27,Odisha,Mayurbhanja,Narasinghpur APMC,Langra,3000.0,5000.0,4000.0,2026,7,27,208,0,31,4000.0,4000.0,3000.0,0.0,0.0,4000.0,3928.571428571429,449.8677054212166,3971.0835,-28.91650390625,-0.7229125976562499
2026-07-28,Odisha,Mayurbhanja,Narasinghpur APMC,Langra,3000.0,5000.0,4000.0,2026,7,28,209,1,31,4000.0,4000.0,4500.0,0.0,0.0,4000.0,4071.428571428571,188.9822365046076,4003.6604,3.660400390625,0.091510009765625
2026-07-29,Odisha,Mayurbhanja,Narasinghpur APMC,Langra,3000.0,5000.0,4000.0,2026,7,29,210,2,31,4000.0,4000.0,4000.0,0.0,0.0,4000.0,4000.0,0.0,4006.9614,6.96142578125,0.17403564453125
2026-07-16,Punjab,Bhatinda,Bathinda APMC,Other,5000.0,8000.0,7000.0,2026,7,16,197,3,29,7000.0,5000.0,5000.0,0.0,2000.0,6000.0,5714.285714285715,755.9289460184544,6866.5366,-133.46337890625,-1.9066196986607145
2026-07-23,Punjab,Bhatinda,Bathinda APMC,Other,6000.0,8000.0,8000.0,2026,7,23,204,3,30,7000.0,6000.0,5000.0,1000.0,2000.0,6666.666666666667,6000.0,816.4965809277257,7121.3716,-878.62841796875,-10.982855224609375
2026-07-25,Punjab,Bhatinda,Bathinda APMC,Other,6000.0,8000.0,7000.0,2026,7,25,206,5,30,8000.0,7000.0,6000.0,-1000.0,0.0,7333.333333333333,6428.571428571428,975.9000729485324,7039.3022,39.30224609375,0.5614606584821429
2026-07-27,Punjab,Bhatinda,Bathinda APMC,Other,5000.0,7000.0,6000.0,2026,7,27,208,0,31,7000.0,7000.0,6000.0,-1000.0,-1000.0,7333.333333333333,6571.428571428572,975.9000729485324,6424.4043,424.404296875,7.073404947916667
2026-07-28,Punjab,Bhatinda,Bathinda APMC,Other,4000.0,6000.0,5000.0,2026,7,28,209,1,31,6000.0,8000.0,5000.0,-1000.0,-3000.0,7000.0,6571.428571428572,975.9000729485324,5149.362,149.36181640625,2.9872363281250003
2026-07-29,Punjab,Bhatinda,Bathinda APMC,Other,4000.0,6000.0,5000.0,2026,7,29,210,2,31,5000.0,7000.0,6000.0,0.0,-2000.0,6000.0,6571.428571428572,975.9000729485324,5186.023,186.02294921875,3.7204589843749996
2026-07-25,Punjab,Bhatinda,Bhagta Bhai Ka APMC,Other,3500.0,3500.0,3500.0,2026,7,25,206,5,30,3400.0,3200.0,3300.0,100.0,300.0,3433.3333333333335,3342.8571428571427,190.23794624226832,3517.627,17.626953125,0.5036272321428572
2026-07-27,Punjab,Bhatinda,Bhagta Bhai Ka APMC,Other,3300.0,3300.0,3300.0,2026,7,27,208,0,31,3500.0,3700.0,3100.0,-200.0,-400.0,3533.3333333333335,3371.4285714285716,197.6047040118706,3256.8833,-43.11669921875,-1.3065666429924243
2026-07-28,Punjab,Bhatinda,Bhagta Bhai Ka APMC,Other,3600.0,3600.0,3600.0,2026,7,28,209,1,31,3300.0,3400.0,3300.0,300.0,200.0,3400.0,3400.0,163.2993161855449,3613.667,13.6669921875,0.379638671875
2026-07-29,Punjab,Bhatinda,Bhagta Bhai Ka APMC,Other,3700.0,3700.0,3700.0,2026,7,29,210,2,31,3600.0,3500.0,3400.0,100.0,200.0,3466.6666666666665,3442.8571428571427,171.82493859684453,3703.3594,3.359375,0.09079391891891893
2026-07-28,Punjab,Bhatinda,Rampuraphul(Nabha Mandi) APMC,Other,4000.0,9000.0,7000.0,2026,7,28,209,1,31,6000.0,6000.0,5000.0,1000.0,1000.0,6000.0,5857.142857142857,377.9644730092272,6599.375,-400.625,-5.723214285714286
2026-07-29,Punjab,Bhatinda,Rampuraphul(Nabha Mandi) APMC,Other,4000.0,8000.0,6000.0,2026,7,29,210,2,31,7000.0,6000.0,6000.0,-1000.0,0.0,6333.333333333333,6142.857142857143,377.9644730092272,6384.4966,384.49658203125,6.4082763671875
2026-07-16,Punjab,Fazilka,Fazilka APMC,Other,7000.0,7000.0,7000.0,2026,7,16,197,3,29,7000.0,7000.0,6000.0,0.0,0.0,7000.0,6857.142857142857,377.9644730092272,6891.241,-108.7587890625,-1.5536969866071428
2026-07-17,Punjab,Fazilka,Fazilka APMC,Other,7000.0,7000.0,7000.0,2026,7,17,198,4,29,7000.0,7000.0,7000.0,0.0,0.0,7000.0,7000.0,0.0,7106.6904,106.6904296875,1.5241489955357144
2026-07-20,Punjab,Fazilka,Fazilka APMC,Other,7000.0,7000.0,7000.0,2026,7,20,201,0,30,7000.0,7000.0,7000.0,0.0,0.0,7000.0,7000.0,0.0,7129.7744,129.7744140625,1.853920200892857
2026-07-22,Punjab,Fazilka,Fazilka APMC,Other,7000.0,7000.0,7000.0,2026,7,22,203,2,30,7000.0,7000.0,7000.0,0.0,0.0,7000.0,7000.0,0.0,7126.5156,126.515625,1.8073660714285715
2026-07-23,Punjab,Fazilka,Fazilka APMC,Other,7000.0,7000.0,7000.0,2026,7,23,204,3,30,7000.0,7000.0,7000.0,0.0,0.0,7000.0,7000.0,0.0,7126.776,126.77587890625,1.811083984375
2026-07-24,Punjab,Fazilka,Fazilka APMC,Other,7000.0,7000.0,7000.0,2026,7,24,205,4,30,7000.0,7000.0,7000.0,0.0,0.0,7000.0,7000.0,0.0,7142.078,142.078125,2.0296875
2026-07-27,Punjab,Fazilka,Fazilka APMC,Other,7000.0,7000.0,7000.0,2026,7,27,208,0,31,7000.0,7000.0,7000.0,0.0,0.0,7000.0,7000.0,0.0,7128.566,128.56591796875,1.8366559709821428
2026-07-28,Punjab,Fazilka,Fazilka APMC,Other,7000.0,7000.0,7000.0,2026,7,28,209,1,31,7000.0,7000.0,7000.0,0.0,0.0,7000.0,7000.0,0.0,7142.5317,142.53173828125,2.036167689732143
2026-07-29,Punjab,Fazilka,Fazilka APMC,Other,7000.0,7000.0,7000.0,2026,7,29,210,2,31,7000.0,7000.0,7000.0,0.0,0.0,7000.0,7000.0,0.0,7141.114,141.11376953125,2.0159109933035713
2026-07-17,Punjab,Fazilka,Jalalabad APMC,Other,5500.0,6000.0,5700.0,2026,7,17,198,4,29,5700.0,5700.0,7200.0,0.0,0.0,5400.0,6000.0,1236.931687685298,5923.821,223.82080078125,3.926680715460526
2026-07-20,Punjab,Fazilka,Jalalabad APMC,Other,4500.0,5000.0,4700.0,2026,7,20,201,0,30,5700.0,4800.0,7200.0,-1000.0,-100.0,5400.0,5785.714285714285,1118.672682882965,5152.523,452.52294921875,9.628147855718085
2026-07-21,Punjab,Fazilka,Jalalabad APMC,Other,4500.0,5000.0,4700.0,2026,7,21,202,1,30,4700.0,5700.0,7200.0,0.0,-1000.0,5366.666666666667,5428.571428571428,982.7076298239908,5236.717,536.716796875,11.419506316489361
2026-07-22,Punjab,Fazilka,Jalalabad APMC,Other,4500.0,5000.0,4700.0,2026,7,22,203,2,30,4700.0,5700.0,4200.0,0.0,-1000.0,5033.333333333333,5071.428571428572,618.3695920571711,4854.799,154.798828125,3.293592087765958
2026-07-23,Punjab,Fazilka,Jalalabad APMC,Other,4800.0,5200.0,5000.0,2026,7,23,204,3,30,4700.0,4700.0,5700.0,300.0,300.0,4700.0,5142.857142857143,522.3572942509204,4943.5835,-56.41650390625,-1.128330078125
2026-07-24,Punjab,Fazilka,Jalalabad APMC,Other,5000.0,5500.0,5200.0,2026,7,24,205,4,30,5000.0,4700.0,4800.0,200.0,500.0,4800.0,5042.857142857143,461.364436055861,5323.4575,123.45751953125,2.3741830679086537
2026-07-27,Punjab,Fazilka,Jalalabad APMC,Other,5500.0,6000.0,5700.0,2026,7,27,208,0,31,5200.0,4700.0,5700.0,500.0,1000.0,4966.666666666667,5100.0,450.9249752822891,5204.2935,-495.70654296875,-8.696606016995615
2026-07-28,Punjab,Fazilka,Jalalabad APMC,Other,4700.0,5000.0,4800.0,2026,7,28,209,1,31,5700.0,5000.0,5700.0,-900.0,-200.0,5300.0,5100.0,450.9249752822891,4976.578,176.578125,3.6787109375
2026-07-29,Punjab,Fazilka,Jalalabad APMC,Other,5000.0,5500.0,5200.0,2026,7,29,210,2,31,4800.0,5200.0,4700.0,400.0,0.0,5233.333333333333,4971.428571428572,372.89089429432175,5354.2427,154.24267578125,2.9662053034855766
2026-07-22,Punjab,Ferozpur,Zira APMC,Chausa,4500.0,4500.0,4500.0,2026,7,22,203,2,30,4700.0,4800.0,4700.0,-200.0,-300.0,4800.0,4771.428571428572,95.1189731211342,4530.716,30.7158203125,0.6825737847222222
2026-07-23,Punjab,Ferozpur,Zira APMC,Chausa,4600.0,4600.0,4600.0,2026,7,23,204,3,30,4500.0,4900.0,4700.0,100.0,-300.0,4700.0,4742.857142857143,139.7276262011545,4522.5303,-77.4697265625,-1.6841244904891306
2026-07-25,Punjab,Ferozpur,Zira APMC,Chausa,5200.0,5200.0,5200.0,2026,7,25,206,5,30,4600.0,4700.0,4700.0,600.0,500.0,4600.0,4728.571428571428,149.60264830861922,5067.9717,-132.0283203125,-2.539006159855769
2026-07-27,Punjab,Ferozpur,Zira APMC,Chausa,4900.0,4900.0,4900.0,2026,7,27,208,0,31,5200.0,4500.0,4900.0,-300.0,400.0,4766.666666666667,4800.0,230.9401076758504,4937.6685,37.66845703125,0.7687440210459183
2026-07-28,Punjab,Ferozpur,Zira APMC,Chausa,5000.0,5000.0,5000.0,2026,7,28,209,1,31,4900.0,4600.0,4800.0,100.0,400.0,4900.0,4800.0,230.9401076758504,5030.1553,30.1552734375,0.6031054687499999
2026-07-29,Punjab,Ferozpur,Zira APMC,Chausa,4900.0,4900.0,4900.0,2026,7,29,210,2,31,5000.0,5200.0,4900.0,-100.0,-300.0,5033.333333333333,4828.571428571428,242.99715851758248,4967.144,67.14404296875,1.3702865911989797
2026-07-24,Punjab,Gurdaspur,Gurdaspur APMC,Other,5000.0,5000.0,5000.0,2026,7,24,205,4,30,4800.0,4800.0,4800.0,200.0,200.0,4800.0,4757.142857142857,113.38934190276818,5024.7397,24.73974609375,0.494794921875
2026-07-25,Punjab,Gurdaspur,Gurdaspur APMC,Other,4700.0,4700.0,4700.0,2026,7,25,206,5,30,5000.0,4800.0,4500.0,-300.0,-100.0,4866.666666666667,4785.714285714285,146.38501094228005,4731.9346,31.9345703125,0.679458942819149
2026-07-27,Punjab,Gurdaspur,Gurdaspur APMC,Other,5000.0,5000.0,5000.0,2026,7,27,208,0,31,4700.0,4800.0,4800.0,300.0,200.0,4833.333333333333,4814.285714285715,89.97354108424393,5074.817,74.81689453125,1.496337890625
2026-07-28,Punjab,Gurdaspur,Gurdaspur APMC,Other,4650.0,4650.0,4650.0,2026,7,28,209,1,31,5000.0,5000.0,4800.0,-350.0,-350.0,4900.0,4842.857142857143,113.38934190276848,4613.219,-36.78076171875,-0.790984122983871
2026-07-29,Punjab,Gurdaspur,Gurdaspur APMC,Other,4600.0,4600.0,4600.0,2026,7,29,210,2,31,4650.0,4700.0,4800.0,-50.0,-100.0,4783.333333333333,4821.428571428572,134.96031162636572,4626.8735,26.87353515625,0.5842072860054347
2026-07-17,Punjab,Gurdaspur,Quadian APMC,Other,4000.0,4200.0,4100.0,2026,7,17,198,4,29,4300.0,4300.0,4300.0,-200.0,-200.0,4300.0,4328.571428571428,75.59289460184547,4013.2837,-86.71630859375,-2.1150319169207314
2026-07-18,Punjab,Gurdaspur,Quadian APMC,Other,4200.0,4400.0,4300.0,2026,7,18,199,5,29,4100.0,4300.0,4500.0,200.0,0.0,4233.333333333333,4300.0,115.47005383792514,4183.336,-116.6640625,-2.7131177325581395
2026-07-20,Punjab,Gurdaspur,Quadian APMC,Other,4200.0,4400.0,4300.0,2026,7,20,201,0,30,4300.0,4300.0,4300.0,0.0,0.0,4233.333333333333,4271.428571428572,75.59289460184547,4299.405,-0.59521484375,-0.01384220566860465
2026-07-21,Punjab,Gurdaspur,Quadian APMC,Other,3800.0,4000.0,3900.0,2026,7,21,202,1,30,4300.0,4100.0,4300.0,-400.0,-200.0,4233.333333333333,4271.428571428572,75.59289460184547,3942.1118,42.11181640625,1.0797901642628205
2026-07-22,Punjab,Gurdaspur,Quadian APMC,Other,4000.0,4200.0,4100.0,2026,7,22,203,2,30,3900.0,4300.0,4300.0,200.0,-200.0,4166.666666666667,4214.285714285715,157.35915849388877,3987.4275,-112.572509765625,-2.745670969893293
2026-07-23,Punjab,Gurdaspur,Quadian APMC,Other,4800.0,5000.0,4900.0,2026,7,23,204,3,30,4100.0,4300.0,4300.0,800.0,600.0,4100.0,4185.714285714285,157.35915849388877,4753.52,-146.47998046875,-2.989387356505102
2026-07-24,Punjab,Gurdaspur,Quadian APMC,Other,4300.0,4500.0,4400.0,2026,7,24,205,4,30,4900.0,3900.0,4300.0,-500.0,500.0,4300.0,4271.428571428572,314.71831698777754,4322.3354,-77.66455078125,-1.7651034268465908
2026-07-25,Punjab,Gurdaspur,Quadian APMC,Other,4400.0,4600.0,4500.0,2026,7,25,206,5,30,4400.0,4100.0,4100.0,100.0,400.0,4466.666666666667,4285.714285714285,318.47852585154254,4393.6143,-106.3857421875,-2.364127604166667
2026-07-16,Punjab,Hoshiarpur,Garh Shankar APMC,Other,4000.0,4000.0,4000.0,2026,7,16,197,3,29,3500.0,3500.0,3000.0,500.0,500.0,3500.0,3314.285714285714,241.0295378065479,3628.8154,-371.1845703125,-9.2796142578125
2026-07-17,Punjab,Hoshiarpur,Garh Shankar APMC,Other,3500.0,3500.0,3500.0,2026,7,17,198,4,29,4000.0,3500.0,3000.0,-500.0,0.0,3666.6666666666665,3457.1428571428573,310.14589500826264,3593.6409,93.640869140625,2.675453404017857
2026-07-20,Punjab,Hoshiarpur,Garh Shankar APMC,Other,3500.0,3500.0,3500.0,2026,7,20,201,0,30,3500.0,3500.0,3500.0,0.0,0.0,3666.6666666666665,3528.5714285714284,236.03873774083317,3511.7551,11.755126953125,0.3358607700892857
2026-07-21,Punjab,Hoshiarpur,Garh Shankar APMC,Other,3600.0,3600.0,3600.0,2026,7,21,202,1,30,3500.0,4000.0,3200.0,100.0,-400.0,3666.6666666666665,3528.5714285714284,236.03873774083317,3501.5054,-98.49462890625,-2.7359619140625
2026-07-22,Punjab,Hoshiarpur,Garh Shankar APMC,Other,3500.0,3500.0,3500.0,2026,7,22,203,2,30,3600.0,3500.0,3500.0,-100.0,0.0,3533.3333333333335,3585.714285714286,186.4454471471612,3570.718,70.718017578125,2.0205147879464285
2026-07-24,Punjab,Hoshiarpur,Garh Shankar APMC,Other,4000.0,4000.0,4000.0,2026,7,24,205,4,30,3500.0,3500.0,3500.0,500.0,500.0,3533.3333333333335,3585.714285714286,186.4454471471612,3750.6787,-249.3212890625,-6.2330322265625
2026-07-27,Punjab,Hoshiarpur,Garh Shankar APMC,Other,4500.0,4500.0,4500.0,2026,7,27,208,0,31,4000.0,3600.0,3500.0,500.0,900.0,3700.0,3657.142857142858,237.0453040886412,4227.901,-272.09912109375,-6.046647135416667
2026-07-29,Punjab,Hoshiarpur,Garh Shankar APMC,Other,4500.0,4500.0,4500.0,2026,7,29,210,2,31,4500.0,3500.0,4000.0,0.0,1000.0,4000.0,3800.0,382.9708431025357,4384.999,-115.0009765625,-2.5555772569444444
2026-07-24,Punjab,Hoshiarpur,Garh Shankar(Mahalpur) APMC,Dusheri,5200.0,5200.0,5200.0,2026,7,24,205,4,30,5000.0,6000.0,5000.0,200.0,-800.0,5333.333333333333,5500.0,499.9999999999999,5320.445,120.44482421875,2.3162466195913463
2026-07-27,Punjab,Hoshiarpur,Garh Shankar(Mahalpur) APMC,Dusheri,5500.0,5500.0,5500.0,2026,7,27,208,0,31,5200.0,5000.0,6000.0,300.0,500.0,5066.666666666667,5528.571428571428,471.5728494951255,5292.053,-207.94677734375,-3.7808504971590913
2026-07-28,Punjab,Hoshiarpur,Garh Shankar(Mahalpur) APMC,Dusheri,5500.0,5500.0,5500.0,2026,7,28,209,1,31,5500.0,5000.0,5500.0,0.0,500.0,5233.333333333333,5457.142857142857,423.7025012007947,5303.817,-196.18310546875,-3.5669655539772727
2026-07-29,Punjab,Hoshiarpur,Garh Shankar(Mahalpur) APMC,Dusheri,5000.0,5000.0,5000.0,2026,7,29,210,2,31,5500.0,5200.0,6000.0,-500.0,-200.0,5400.0,5457.142857142857,423.7025012007947,5129.818,129.81787109375,2.596357421875
2026-07-24,Punjab,Hoshiarpur,Mukerian APMC,Dusheri,2500.0,3500.0,3000.0,2026,7,24,205,4,30,3500.0,3000.0,3500.0,-500.0,0.0,3333.3333333333335,3428.5714285714284,345.03277967117714,3076.4993,76.499267578125,2.5499755859375
2026-07-27,Punjab,Hoshiarpur,Mukerian APMC,Dusheri,2000.0,3000.0,2500.0,2026,7,27,208,0,31,3000.0,3500.0,3500.0,-500.0,-1000.0,3333.3333333333335,3357.1428571428573,377.9644730092272,2686.1143,186.1142578125,7.4445703125
2026-07-20,Punjab,Hoshiarpur,Tanda Urmur APMC,Other,5000.0,6000.0,5500.0,2026,7,20,201,0,30,5200.0,5500.0,4500.0,300.0,0.0,5400.0,5242.857142857143,382.3486317361109,5375.372,-124.6279296875,-2.265962357954545
2026-07-21,Punjab,Hoshiarpur,Tanda Urmur APMC,Other,5000.0,6000.0,5500.0,2026,7,21,202,1,30,5500.0,5500.0,5000.0,0.0,0.0,5400.0,5385.714285714285,203.54009783964275,5404.328,-95.671875,-1.7394886363636362
2026-07-22,Punjab,Hoshiarpur,Tanda Urmur APMC,Other,5000.0,6000.0,5500.0,2026,7,22,203,2,30,5500.0,5200.0,5500.0,0.0,300.0,5400.0,5457.142857142857,113.38934190276728,5426.016,-73.98388671875,-1.3451615767045455
2026-07-23,Punjab,Hoshiarpur,Tanda Urmur APMC,Other,5000.0,6000.0,5500.0,2026,7,23,204,3,30,5500.0,5500.0,5500.0,0.0,0.0,5500.0,5457.142857142857,113.38934190276728,5439.712,-60.2880859375,-1.0961470170454546
2026-07-24,Punjab,Hoshiarpur,Tanda Urmur APMC,Other,5000.0,6000.0,5500.0,2026,7,24,205,4,30,5500.0,5500.0,5500.0,0.0,0.0,5500.0,5457.142857142857,113.38934190276728,5451.921,-48.0791015625,-0.8741654829545454
2026-07-16,Punjab,Hoshiarpur,Tanda Urmur APMC,Totapuri,4000.0,5000.0,4500.0,2026,7,16,197,3,29,4500.0,4500.0,4000.0,0.0,0.0,4500.0,4357.142857142857,243.97501823713327,4483.473,-16.52685546875,-0.3672634548611111
2026-07-17,Punjab,Hoshiarpur,Tanda Urmur APMC,Totapuri,4000.0,4500.0,4200.0,2026,7,17,198,4,29,4500.0,4500.0,4000.0,-300.0,-300.0,4500.0,4428.571428571428,188.98223650461372,4265.311,65.31103515625,1.555024646577381
2026-07-20,Punjab,Hoshiarpur,Tanda Urmur APMC,Totapuri,4000.0,5000.0,4500.0,2026,7,20,201,0,30,4200.0,4500.0,4500.0,300.0,0.0,4400.0,4457.142857142857,113.38934190276812,4415.4233,-84.57666015625,-1.8794813368055556
2026-07-21,Punjab,Hoshiarpur,Tanda Urmur APMC,Totapuri,4000.0,4500.0,4200.0,2026,7,21,202,1,30,4500.0,4500.0,4500.0,-300.0,-300.0,4400.0,4457.142857142857,113.38934190276812,4241.0947,41.0947265625,0.9784458705357144
2026-07-22,Punjab,Hoshiarpur,Tanda Urmur APMC,Totapuri,4000.0,5000.0,4500.0,2026,7,22,203,2,30,4200.0,4200.0,4500.0,300.0,300.0,4300.0,4414.285714285715,146.38501094228,4342.306,-157.69384765625,-3.5043077256944444
2026-07-23,Punjab,Hoshiarpur,Tanda Urmur APMC,Totapuri,4000.0,5000.0,4500.0,2026,7,23,204,3,30,4500.0,4500.0,4500.0,0.0,0.0,4400.0,4414.285714285715,146.38501094228,4445.129,-54.87109375,-1.219357638888889
2026-07-24,Punjab,Hoshiarpur,Tanda Urmur APMC,Totapuri,4500.0,5500.0,5000.0,2026,7,24,205,4,30,4500.0,4200.0,4500.0,500.0,800.0,4400.0,4414.285714285715,146.38501094228,4809.9976,-190.00244140625,-3.800048828125
2026-07-25,Punjab,Hoshiarpur,Tanda Urmur APMC,Totapuri,4000.0,5000.0,4500.0,2026,7,25,206,5,30,5000.0,4500.0,4500.0,-500.0,0.0,4666.666666666667,4485.714285714285,267.26124191242445,4470.766,-29.23388671875,-0.6496419270833333
2026-07-27,Punjab,Hoshiarpur,Tanda Urmur APMC,Totapuri,4000.0,5000.0,4500.0,2026,7,27,208,0,31,4500.0,4500.0,4200.0,0.0,0.0,4666.666666666667,4485.714285714285,267.26124191242445,4454.6724,-45.32763671875,-1.0072808159722222
2026-07-28,Punjab,Hoshiarpur,Tanda Urmur APMC,Totapuri,4000.0,5000.0,4500.0,2026,7,28,209,1,31,4500.0,5000.0,4500.0,0.0,-500.0,4666.666666666667,4528.571428571428,236.0387377408331,4535.7905,35.79052734375,0.7953450520833334
2026-07-29,Punjab,Hoshiarpur,Tanda Urmur APMC,Totapuri,4000.0,5000.0,4500.0,2026,7,29,210,2,31,4500.0,4500.0,4200.0,0.0,0.0,4500.0,4528.571428571428,236.0387377408331,4529.277,29.27685546875,0.6505967881944444
2026-07-16,Punjab,Jalandhar,Jalandhar City(Jalandhar) APMC,Other,2000.0,5500.0,4200.0,2026,7,16,197,3,29,4000.0,4000.0,4000.0,200.0,200.0,3933.3333333333335,3842.857142857142,161.83471874253746,4009.3145,-190.685546875,-4.5401320684523805
2026-07-17,Punjab,Jalandhar,Jalandhar City(Jalandhar) APMC,Other,2100.0,5200.0,4000.0,2026,7,17,198,4,29,4200.0,3800.0,3800.0,-200.0,200.0,4000.0,3871.428571428571,205.8663459163552,3966.7695,-33.23046875,-0.8307617187499999
2026-07-20,Punjab,Jalandhar,Jalandhar City(Jalandhar) APMC,Other,2000.0,5500.0,4500.0,2026,7,20,201,0,30,4000.0,4000.0,3700.0,500.0,500.0,4066.6666666666665,3900.0,208.1665999466134,4128.131,-371.869140625,-8.263758680555554
2026-07-21,Punjab,Jalandhar,Jalandhar City(Jalandhar) APMC,Other,2100.0,5000.0,3800.0,2026,7,21,202,1,30,4500.0,4200.0,3600.0,-700.0,-400.0,4233.333333333333,4014.285714285714,285.35691936340277,3965.981,165.98095703125,4.367919921875
2026-07-22,Punjab,Jalandhar,Jalandhar City(Jalandhar) APMC,Other,2000.0,5200.0,3700.0,2026,7,22,203,2,30,3800.0,4000.0,4000.0,-100.0,-300.0,4100.0,4042.857142857142,243.97501823713353,3778.862,78.862060546875,2.1314070418074325
2026-07-23,Punjab,Jalandhar,Jalandhar City(Jalandhar) APMC,Other,2100.0,5000.0,3800.0,2026,7,23,204,3,30,3700.0,4500.0,3800.0,100.0,-700.0,4000.0,4000.0,276.88746209726935,3883.2273,83.227294921875,2.19019197162829
2026-07-24,Punjab,Jalandhar,Jalandhar City(Jalandhar) APMC,Other,2000.0,5200.0,3700.0,2026,7,24,205,4,30,3800.0,3800.0,4000.0,-100.0,-100.0,3766.6666666666665,4000.0,276.88746209726935,3829.2847,129.28466796875,3.4941802153716215
2026-07-27,Punjab,Jalandhar,Jalandhar City(Jalandhar) APMC,Other,2100.0,5800.0,4500.0,2026,7,27,208,0,31,3700.0,3700.0,4200.0,800.0,800.0,3733.3333333333335,3957.142857142858,299.20529661723845,4385.0493,-114.95068359375,-2.554459635416667
2026-07-28,Punjab,Jalandhar,Jalandhar City(Jalandhar) APMC,Other,2000.0,5500.0,4200.0,2026,7,28,209,1,31,4500.0,3800.0,4000.0,-300.0,400.0,4000.0,4000.0,355.90260840104384,4164.979,-35.02099609375,-0.8338332403273809
2026-07-29,Punjab,Jalandhar,Jalandhar City(Jalandhar) APMC,Other,2100.0,5200.0,4000.0,2026,7,29,210,2,31,4200.0,3700.0,4500.0,-200.0,300.0,4133.333333333333,4028.571428571429,363.8419332360585,3960.0586,-39.94140625,-0.99853515625
2026-07-17,Punjab,Ludhiana,Khanna APMC,Safeda,5000.0,5000.0,5000.0,2026,7,17,198,4,29,5000.0,5000.0,5000.0,0.0,0.0,5000.0,5000.0,0.0,5069.9927,69.99267578125,1.399853515625
2026-07-18,Punjab,Ludhiana,Khanna APMC,Safeda,5000.0,5000.0,5000.0,2026,7,18,199,5,29,5000.0,5000.0,5000.0,0.0,0.0,5000.0,5000.0,0.0,5083.4565,83.45654296875,1.6691308593749998
2026-07-22,Punjab,Ludhiana,Khanna APMC,Safeda,5000.0,5000.0,5000.0,2026,7,22,203,2,30,5000.0,5000.0,5000.0,0.0,0.0,5000.0,5000.0,0.0,5151.5435,151.54345703125,3.030869140625
2026-07-23,Punjab,Ludhiana,Khanna APMC,Safeda,5000.0,5000.0,5000.0,2026,7,23,204,3,30,5000.0,5000.0,5000.0,0.0,0.0,5000.0,5000.0,0.0,5153.6167,153.61669921875,3.0723339843749997
2026-07-28,Punjab,Ludhiana,Khanna APMC,Safeda,5000.0,5000.0,5000.0,2026,7,28,209,1,31,5000.0,5000.0,5000.0,0.0,0.0,5000.0,5000.0,0.0,5173.993,173.9931640625,3.47986328125
2026-07-14,Punjab,Ludhiana,Ludhiana APMC,Other,2000.0,5500.0,3000.0,2026,7,14,195,1,29,3500.0,3500.0,3500.0,-500.0,-500.0,3333.3333333333335,3428.5714285714284,188.9822365046136,3108.752,108.751953125,3.6250651041666666
2026-07-15,Punjab,Ludhiana,Ludhiana APMC,Other,2000.0,6000.0,3000.0,2026,7,15,196,2,29,3000.0,3000.0,3500.0,0.0,0.0,3166.6666666666665,3357.1428571428573,243.9750182371332,3134.764,134.763916015625,4.492130533854167
2026-07-16,Punjab,Ludhiana,Ludhiana APMC,Other,2000.0,5000.0,3000.0,2026,7,16,197,3,29,3000.0,3500.0,3500.0,0.0,-500.0,3166.6666666666665,3285.714285714286,267.2612419124242,3081.8218,81.82177734375,2.727392578125
2026-07-17,Punjab,Ludhiana,Ludhiana APMC,Other,2000.0,5000.0,3000.0,2026,7,17,198,4,29,3000.0,3000.0,3500.0,0.0,0.0,3000.0,3214.285714285714,267.2612419124241,3063.2644,63.264404296875,2.1088134765624997
2026-07-18,Punjab,Ludhiana,Ludhiana APMC,Other,2000.0,6000.0,3000.0,2026,7,18,199,5,29,3000.0,3000.0,3500.0,0.0,0.0,3000.0,3142.8571428571427,243.9750182371328,3077.329,77.3291015625,2.57763671875
2026-07-20,Punjab,Ludhiana,Ludhiana APMC,Other,2000.0,5500.0,3000.0,2026,7,20,201,0,30,3000.0,3000.0,3000.0,0.0,0.0,3000.0,3071.4285714285716,188.9822365046127,3081.0493,81.04931640625,2.7016438802083336
2026-07-21,Punjab,Ludhiana,Ludhiana APMC,Other,2000.0,6000.0,3000.0,2026,7,21,202,1,30,3000.0,3000.0,3500.0,0.0,0.0,3000.0,3071.4285714285716,188.9822365046127,3060.9832,60.983154296875,2.0327718098958334
2026-07-22,Punjab,Ludhiana,Ludhiana APMC,Other,2000.0,5000.0,3000.0,2026,7,22,203,2,30,3000.0,3000.0,3000.0,0.0,0.0,3000.0,3000.0,0.0,3052.3728,52.372802734375,1.7457600911458333
2026-07-23,Punjab,Ludhiana,Ludhiana APMC,Other,2000.0,4500.0,3000.0,2026,7,23,204,3,30,3000.0,3000.0,3000.0,0.0,0.0,3000.0,3000.0,0.0,3040.2659,40.265869140625,1.3421956380208333
2026-07-24,Punjab,Ludhiana,Ludhiana APMC,Other,2000.0,5000.0,3000.0,2026,7,24,205,4,30,3000.0,3000.0,3000.0,0.0,0.0,3000.0,3000.0,0.0,3044.058,44.05810546875,1.4686035156250001
2026-07-25,Punjab,Ludhiana,Ludhiana APMC,Other,2000.0,5000.0,3000.0,2026,7,25,206,5,30,3000.0,3000.0,3000.0,0.0,0.0,3000.0,3000.0,0.0,3041.5647,41.564697265625,1.3854899088541668
2026-07-27,Punjab,Ludhiana,Ludhiana APMC,Other,2000.0,5000.0,3000.0,2026,7,27,208,0,31,3000.0,3000.0,3000.0,0.0,0.0,3000.0,3000.0,0.0,3028.6323,28.63232421875,0.9544108072916666
2026-07-28,Punjab,Ludhiana,Ludhiana APMC,Other,2000.0,5500.0,3000.0,2026,7,28,209,1,31,3000.0,3000.0,3000.0,0.0,0.0,3000.0,3000.0,0.0,3093.3289,93.328857421875,3.1109619140625
2026-07-29,Punjab,Ludhiana,Ludhiana APMC,Other,2000.0,6000.0,3000.0,2026,7,29,210,2,31,3000.0,3000.0,3000.0,0.0,0.0,3000.0,3000.0,0.0,3096.8286,96.82861328125,3.2276204427083335
2026-07-25,Punjab,Ludhiana,Raikot APMC,Chausa,5380.0,5380.0,5380.0,2026,7,25,206,5,30,5420.0,5450.0,5350.0,-40.0,-70.0,5416.666666666667,5302.857142857143,134.12858081138498,5369.0083,-10.99169921875,-0.20430667692843868
2026-07-27,Punjab,Ludhiana,Raikot APMC,Chausa,5430.0,5430.0,5430.0,2026,7,27,208,0,31,5380.0,5380.0,5270.0,50.0,50.0,5393.333333333333,5307.142857142857,136.34689651941568,5388.382,-41.6181640625,-0.7664486936003684
2026-07-28,Punjab,Ludhiana,Raikot APMC,Chausa,5460.0,5460.0,5460.0,2026,7,28,209,1,31,5430.0,5420.0,5120.0,30.0,40.0,5410.0,5330.0,142.36104336041788,5411.4604,-48.53955078125,-0.8890027615613553
2026-07-29,Punjab,Ludhiana,Raikot APMC,Chausa,5460.0,5460.0,5460.0,2026,7,29,210,2,31,5460.0,5380.0,5130.0,0.0,80.0,5423.333333333333,5378.571428571428,113.93398255548072,5498.9106,38.91064453125,0.7126491672390111
2026-07-29,Punjab,Mansa,Mansa APMC,Other,4700.0,4700.0,4700.0,2026,7,29,210,2,31,4730.0,4700.0,4800.0,-30.0,0.0,4700.0,4760.0,59.16079783099617,4867.2583,167.25830078125,3.5586872506648937
2026-07-28,Punjab,Moga,Baghapurana APMC,Dusheri,4000.0,6000.0,5000.0,2026,7,28,209,1,31,4000.0,5000.0,4000.0,1000.0,0.0,4166.666666666667,4214.285714285715,566.9467095138409,4600.502,-399.498046875,-7.9899609375
2026-07-17,Punjab,Mohali,Kharar APMC,Other,2000.0,5000.0,2500.0,2026,7,17,198,4,29,2500.0,3500.0,2500.0,0.0,-1000.0,2833.3333333333335,2857.1428571428573,475.5948656056709,2505.2942,5.294189453125,0.211767578125
2026-07-21,Punjab,Mohali,Kharar APMC,Other,3000.0,6000.0,3500.0,2026,7,21,202,1,30,2500.0,2500.0,2500.0,1000.0,1000.0,2500.0,2857.1428571428573,475.5948656056709,3278.4375,-221.5625,-6.330357142857143
2026-07-22,Punjab,Mohali,Kharar APMC,Other,2000.0,5000.0,4000.0,2026,7,22,203,2,30,3500.0,2500.0,3000.0,500.0,1500.0,2833.3333333333335,3000.0,500.00000000000006,3527.2632,-472.73681640625,-11.81842041015625
2026-07-23,Punjab,Mohali,Kharar APMC,Other,2000.0,4000.0,3000.0,2026,7,23,204,3,30,4000.0,2500.0,3500.0,-1000.0,500.0,3333.3333333333335,3142.8571428571427,626.7831705280088,3148.761,148.760986328125,4.958699544270833
2026-07-24,Punjab,Mohali,Kharar APMC,Other,2000.0,4000.0,3000.0,2026,7,24,205,4,30,3000.0,3500.0,3500.0,0.0,-500.0,3500.0,3071.4285714285716,607.4928962939559,3015.2563,15.25634765625,0.508544921875
2026-07-28,Punjab,Mohali,Kharar APMC,Other,2500.0,4500.0,3000.0,2026,7,28,209,1,31,3000.0,4000.0,2500.0,0.0,-1000.0,3333.3333333333335,3000.0,577.3502691896258,2990.9304,-9.069580078125,-0.3023193359375
2026-07-29,Punjab,Mohali,Kharar APMC,Other,2500.0,4500.0,3000.0,2026,7,29,210,2,31,3000.0,3000.0,2500.0,0.0,0.0,3000.0,3071.4285714285716,534.5224838248489,2983.9155,-16.08447265625,-0.5361490885416667
2026-07-22,Punjab,Nawanshahr,Nawan Shahar(Subzi Mandi) APMC,Other,6000.0,7000.0,6600.0,2026,7,22,203,2,30,6500.0,6800.0,2800.0,100.0,-200.0,6633.333333333333,5971.428571428572,1412.6975209556665,6631.96,31.9599609375,0.48424183238636365
2026-07-24,Punjab,Nawanshahr,Nawan Shahar(Subzi Mandi) APMC,Other,5000.0,6000.0,5600.0,2026,7,24,205,4,30,6600.0,6600.0,6200.0,-1000.0,-1000.0,6566.666666666667,6514.285714285715,203.54009783964284,5804.671,204.6708984375,3.6548374720982144
2026-07-27,Punjab,Nawanshahr,Nawan Shahar(Subzi Mandi) APMC,Other,6000.0,7000.0,6600.0,2026,7,27,208,0,31,5600.0,6500.0,6300.0,1000.0,100.0,6233.333333333333,6428.571428571428,394.606494769518,6405.485,-194.51513671875,-2.9471990411931817
2026-07-28,Punjab,Nawanshahr,Nawan Shahar(Subzi Mandi) APMC,Other,6000.0,7000.0,6600.0,2026,7,28,209,1,31,6600.0,6600.0,6600.0,0.0,0.0,6266.666666666667,6471.428571428572,394.606494769518,6569.1387,-30.861328125,-0.4675958806818182
2026-07-29,Punjab,Nawanshahr,Nawan Shahar(Subzi Mandi) APMC,Other,6000.0,7000.0,6600.0,2026,7,29,210,2,31,6600.0,5600.0,6800.0,0.0,1000.0,6266.666666666667,6471.428571428572,394.606494769518,6548.152,-51.84814453125,-0.7855779474431819
2026-07-20,Punjab,Patiala,Nabha APMC,Other,2500.0,5000.0,3300.0,2026,7,20,201,0,30,3500.0,3800.0,2800.0,-200.0,-500.0,3633.3333333333335,3585.714285714286,380.4758924845368,3372.039,72.0390625,2.183001893939394
2026-07-22,Punjab,Patiala,Nabha APMC,Other,3000.0,6500.0,5300.0,2026,7,22,203,2,30,3300.0,3600.0,4000.0,2000.0,1700.0,3466.6666666666665,3657.142857142858,222.53945610567465,4477.996,-822.00390625,-15.509507665094342
2026-07-23,Punjab,Patiala,Nabha APMC,Other,2700.0,5000.0,3500.0,2026,7,23,204,3,30,5300.0,3500.0,3700.0,-1800.0,0.0,4033.3333333333335,3842.857142857142,662.9659188252512,4156.86,656.85986328125,18.767424665178574
2026-07-24,Punjab,Patiala,Nabha APMC,Other,3400.0,7000.0,5000.0,2026,7,24,205,4,30,3500.0,3300.0,3700.0,1500.0,1700.0,4033.3333333333335,3814.285714285714,674.3603671345943,4305.709,-694.291015625,-13.8858203125
2026-07-27,Punjab,Patiala,Nabha APMC,Other,2800.0,6000.0,4000.0,2026,7,27,208,0,31,5000.0,5300.0,3800.0,-1000.0,-1300.0,4600.0,4000.0,804.1558721209881,4175.69,175.68994140625,4.3922485351562495
2026-07-28,Punjab,Patiala,Nabha APMC,Other,3500.0,7000.0,5200.0,2026,7,28,209,1,31,4000.0,3500.0,3600.0,1200.0,1700.0,4166.666666666667,4028.571428571429,799.404540297101,4535.9033,-664.0966796875,-12.771089993990383
2026-07-29,Punjab,Patiala,Nabha APMC,Other,2600.0,5000.0,3300.0,2026,7,29,210,2,31,5200.0,5000.0,3500.0,-1900.0,-1700.0,4733.333333333333,4257.142857142857,881.0167286666449,3928.499,628.4990234375,19.045424952651516
2026-07-20,Punjab,Patiala,Patiala APMC,Other,3000.0,3500.0,3200.0,2026,7,20,201,0,30,3300.0,3200.0,4200.0,-100.0,0.0,3200.0,3414.285714285714,367.0993118515816,3171.711,-28.2890625,-0.884033203125
2026-07-21,Punjab,Patiala,Patiala APMC,Other,3000.0,3200.0,3100.0,2026,7,21,202,1,30,3200.0,3100.0,3500.0,-100.0,0.0,3200.0,3271.4285714285716,125.35663410560149,3046.3682,-53.6318359375,-1.7300592237903225
2026-07-27,Punjab,Patiala,Patiala APMC,Other,2900.0,3100.0,3000.0,2026,7,27,208,0,31,3100.0,3300.0,3300.0,-100.0,-300.0,3200.0,3214.285714285714,89.97354108424318,2996.33,-3.669921875,-0.12233072916666667
2026-07-28,Punjab,Patiala,Patiala APMC,Other,3000.0,3200.0,3100.0,2026,7,28,209,1,31,3000.0,3200.0,3300.0,100.0,-100.0,3100.0,3171.4285714285716,111.26972805283692,2984.335,-115.6650390625,-3.7311302923387095
2026-07-29,Punjab,Patiala,Patiala APMC,Other,2900.0,3100.0,3000.0,2026,7,29,210,2,31,3100.0,3100.0,3200.0,-100.0,-100.0,3066.6666666666665,3142.8571428571427,97.59000729485282,2982.397,-17.60302734375,-0.586767578125
2026-07-17,Punjab,Patiala,Patran APMC,Other,3070.0,3070.0,3070.0,2026,7,17,198,4,29,3170.0,3930.0,4080.0,-100.0,-860.0,3460.0,3765.714285714286,430.11072771466434,3090.1382,20.13818359375,0.6559668923045603
2026-07-20,Punjab,Patiala,Patran APMC,Other,3960.0,3960.0,3960.0,2026,7,20,201,0,30,3070.0,3280.0,4060.0,890.0,680.0,3173.3333333333335,3621.428571428571,474.2512896284898,3735.094,-224.906005859375,-5.679444592408459
2026-07-22,Punjab,Patiala,Patran APMC,Other,3620.0,3620.0,3620.0,2026,7,22,203,2,30,3960.0,3170.0,3560.0,-340.0,450.0,3400.0,3607.142857142858,460.134555889698,3600.539,-19.4609375,-0.5375949585635359
2026-07-23,Punjab,Patiala,Patran APMC,Other,3890.0,3890.0,3890.0,2026,7,23,204,3,30,3620.0,3070.0,4280.0,270.0,820.0,3550.0,3615.714285714286,459.66861769674705,3910.2124,20.21240234375,0.5195990319730077
2026-07-24,Punjab,Patiala,Patran APMC,Other,3560.0,3560.0,3560.0,2026,7,24,205,4,30,3890.0,3960.0,3930.0,-330.0,-400.0,3823.3333333333335,3560.0,382.9708431025354,3557.7156,-2.284423828125,-0.06416920865519662
2026-07-28,Punjab,Patiala,Patran APMC,Other,4280.0,4280.0,4280.0,2026,7,28,209,1,31,3560.0,3620.0,3280.0,720.0,660.0,3690.0,3507.1428571428573,347.26139461575093,3888.5283,-391.4716796875,-9.14653457213785
2026-07-29,Punjab,Patiala,Patran APMC,Other,4720.0,4720.0,4720.0,2026,7,29,210,2,31,4280.0,3890.0,3170.0,440.0,830.0,3910.0,3650.0,433.2820482472513,4608.608,-111.39208984375,-2.36000190346928
2026-07-22,Punjab,Patiala,Rajpura APMC,Dusheri,6000.0,6400.0,6250.0,2026,7,22,203,2,30,5900.0,5700.0,6250.0,350.0,550.0,5766.666666666667,5714.285714285715,311.86840936828594,6015.3105,-234.689453125,-3.75503125
2026-07-23,Punjab,Patiala,Rajpura APMC,Dusheri,6000.0,6200.0,6050.0,2026,7,23,204,3,30,6250.0,5700.0,5250.0,-200.0,350.0,5950.0,5714.285714285715,311.86840936828594,5835.712,-214.2880859375,-3.541951833677686
2026-07-25,Punjab,Patiala,Rajpura APMC,Dusheri,5000.0,5500.0,5200.0,2026,7,25,206,5,30,6050.0,5900.0,5700.0,-850.0,-700.0,6066.666666666667,5828.571428571428,254.71739709127155,5571.473,371.47314453125,7.143714317908653
2026-07-26,Punjab,Patiala,Rajpura APMC,Dusheri,6000.0,6350.0,6200.0,2026,7,26,207,6,30,5200.0,6250.0,5500.0,1000.0,-50.0,5833.333333333333,5757.142857142857,349.3190655028861,5729.376,-470.6240234375,-7.590710055443549
2026-07-28,Punjab,Patiala,Rajpura APMC,Dusheri,6000.0,6200.0,6100.0,2026,7,28,209,1,31,6200.0,6050.0,5700.0,-100.0,50.0,5816.666666666667,5857.142857142857,363.35080779297806,5954.895,-145.10498046875,-2.3787701716188523
2026-07-29,Punjab,Patiala,Rajpura APMC,Dusheri,6000.0,6300.0,6150.0,2026,7,29,210,2,31,6100.0,5200.0,5700.0,50.0,950.0,5833.333333333333,5914.285714285715,365.9625273557002,5966.627,-183.373046875,-2.981675558943089
2026-07-18,Punjab,Ropar (Rupnagar),Ropar APMC,Dusheri,4000.0,4400.0,4200.0,2026,7,18,199,5,29,4200.0,4200.0,4200.0,0.0,0.0,4200.0,4200.0,0.0,4171.02,-28.97998046875,-0.689999534970238
2026-07-20,Punjab,Ropar (Rupnagar),Ropar APMC,Dusheri,4500.0,5000.0,4800.0,2026,7,20,201,0,30,4200.0,4200.0,4200.0,600.0,600.0,4200.0,4200.0,0.0,4563.597,-236.40283203125,-4.925059000651041
2026-07-21,Punjab,Ropar (Rupnagar),Ropar APMC,Dusheri,4500.0,5000.0,4800.0,2026,7,21,202,1,30,4800.0,4200.0,4200.0,0.0,600.0,4400.0,4285.714285714285,226.7786838055364,4729.0557,-70.9443359375,-1.4780069986979167
2026-07-22,Punjab,Ropar (Rupnagar),Ropar APMC,Dusheri,4000.0,4500.0,4200.0,2026,7,22,203,2,30,4800.0,4200.0,4200.0,-600.0,0.0,4600.0,4371.428571428572,292.77002188456004,4254.9307,54.9306640625,1.3078729538690477
2026-07-24,Punjab,Ropar (Rupnagar),Ropar APMC,Dusheri,4500.0,5000.0,4800.0,2026,7,24,205,4,30,4200.0,4800.0,4200.0,600.0,0.0,4600.0,4371.428571428572,292.77002188456004,4663.0537,-136.9462890625,-2.8530476888020835
2026-07-27,Punjab,Ropar (Rupnagar),Ropar APMC,Dusheri,5500.0,5800.0,5700.0,2026,7,27,208,0,31,4800.0,4800.0,4200.0,900.0,900.0,4600.0,4457.142857142857,320.7134902949093,5085.229,-614.77099609375,-10.785456071820175
2026-07-18,Punjab,Ropar (Rupnagar),Ropar APMC,Langra,4200.0,4600.0,4400.0,2026,7,18,199,5,29,4200.0,4500.0,5000.0,200.0,-100.0,4400.0,4442.857142857143,287.84916685156975,4322.4575,-77.54248046875,-1.7623291015625
2026-07-20,Punjab,Ropar (Rupnagar),Ropar APMC,Langra,4000.0,4400.0,4200.0,2026,7,20,201,0,30,4400.0,4500.0,4500.0,-200.0,-300.0,4366.666666666667,4357.142857142857,151.18578920369046,4195.3145,-4.685546875,-0.11156063988095237
2026-07-21,Punjab,Ropar (Rupnagar),Ropar APMC,Langra,4000.0,4500.0,4200.0,2026,7,21,202,1,30,4200.0,4200.0,4200.0,0.0,0.0,4266.666666666667,4314.285714285715,146.3850109422791,4211.5493,11.54931640625,0.2749837239583333
2026-07-22,Punjab,Ropar (Rupnagar),Ropar APMC,Langra,4400.0,4800.0,4500.0,2026,7,22,203,2,30,4200.0,4400.0,4200.0,300.0,100.0,4266.666666666667,4314.285714285715,146.3850109422791,4434.656,-65.34423828125,-1.4520941840277777
2026-07-24,Punjab,Ropar (Rupnagar),Ropar APMC,Langra,4500.0,4800.0,4600.0,2026,7,24,205,4,30,4500.0,4200.0,4500.0,100.0,400.0,4300.0,4357.142857142857,151.18578920369046,4435.543,-164.45703125,-3.5751528532608696
2026-07-27,Punjab,Ropar (Rupnagar),Ropar APMC,Langra,5000.0,5500.0,5200.0,2026,7,27,208,0,31,4600.0,4200.0,4500.0,600.0,1000.0,4433.333333333333,4371.428571428572,170.433620649269,5089.6206,-110.37939453125,-2.1226806640625
2026-07-18,Punjab,Ropar (Rupnagar),Ropar APMC,Safeda,5000.0,6000.0,5500.0,2026,7,18,199,5,29,6000.0,5800.0,5200.0,-500.0,-300.0,5866.666666666667,5600.0,382.97084310253535,5627.7104,127.71044921875,2.322008167613636
2026-07-20,Punjab,Ropar (Rupnagar),Ropar APMC,Safeda,5500.0,6000.0,5800.0,2026,7,20,201,0,30,5500.0,5800.0,6000.0,300.0,0.0,5766.666666666667,5642.857142857143,345.72215654165063,5573.1714,-226.82861328125,-3.9108381600215516
2026-07-21,Punjab,Ropar (Rupnagar),Ropar APMC,Safeda,5000.0,6000.0,5500.0,2026,7,21,202,1,30,5800.0,6000.0,5200.0,-300.0,-500.0,5766.666666666667,5614.285714285715,318.4785258515424,5649.8745,149.87451171875,2.724991122159091
2026-07-22,Punjab,Ropar (Rupnagar),Ropar APMC,Safeda,5500.0,6000.0,5800.0,2026,7,22,203,2,30,5500.0,5500.0,5200.0,300.0,300.0,5600.0,5657.142857142857,269.92062325273133,5567.4097,-232.59033203125,-4.010178138469827
2026-07-24,Punjab,Ropar (Rupnagar),Ropar APMC,Safeda,5000.0,5500.0,5200.0,2026,7,24,205,4,30,5800.0,5800.0,5800.0,-600.0,-600.0,5700.0,5742.857142857143,181.26539343499303,5569.6533,369.6533203125,7.1087176983173075
2026-07-27,Punjab,Ropar (Rupnagar),Ropar APMC,Safeda,4000.0,4600.0,4200.0,2026,7,27,208,0,31,5200.0,5500.0,5800.0,-1000.0,-1300.0,5500.0,5657.142857142857,269.92062325273133,4417.1953,217.1953125,5.171316964285714
2026-07-24,Punjab,Ropar (Rupnagar),Ropar APMC,Totapuri,5000.0,5500.0,5200.0,2026,7,24,205,4,30,5200.0,5200.0,4800.0,0.0,0.0,5133.333333333333,5114.285714285715,157.35915849388854,5348.2163,148.21630859375,2.8503136268028846
2026-07-27,Punjab,Ropar (Rupnagar),Ropar APMC,Totapuri,4500.0,5000.0,4800.0,2026,7,27,208,0,31,5200.0,5000.0,5200.0,-400.0,-200.0,5133.333333333333,5171.428571428572,75.59289460184499,4867.0444,67.04443359375,1.396759033203125
2026-07-27,Punjab,Sangrur,Bhawanigarh APMC,Other,5000.0,5500.0,5250.0,2026,7,27,208,0,31,5500.0,5100.0,5500.0,-250.0,150.0,5366.666666666667,5385.714285714285,195.1800145897065,5493.4863,243.486328125,4.637834821428571
2026-07-28,Punjab,Sangrur,Bhawanigarh APMC,Other,5000.0,5500.0,5250.0,2026,7,28,209,1,31,5250.0,5500.0,5100.0,0.0,-250.0,5416.666666666667,5350.0,193.6491673103708,5463.2446,213.24462890625,4.061802455357142
2026-07-20,Punjab,Sangrur,Dhuri APMC,Dusheri,4500.0,6000.0,5000.0,2026,7,20,201,0,30,5500.0,9000.0,5000.0,-500.0,-4000.0,7833.333333333333,6642.857142857143,1930.3342913056472,5164.007,164.0068359375,3.28013671875
2026-07-24,Punjab,Sangrur,Dhuri APMC,Dusheri,6500.0,7500.0,7000.0,2026,7,24,205,4,30,5000.0,9000.0,8000.0,2000.0,-2000.0,6500.0,6642.857142857143,1930.3342913056472,6890.1997,-109.80029296875,-1.568575613839286
2026-07-27,Punjab,Sangrur,Dhuri APMC,Dusheri,6000.0,7500.0,6500.0,2026,7,27,208,0,31,7000.0,5500.0,5000.0,-500.0,1000.0,5833.333333333333,6500.0,1848.422751068236,6568.687,68.68701171875,1.0567232572115384
2026-07-28,Punjab,Sangrur,Dhuri APMC,Dusheri,6000.0,7500.0,6500.0,2026,7,28,209,1,31,6500.0,5000.0,5000.0,0.0,1500.0,6166.666666666667,6714.285714285715,1728.6107827082528,6220.5806,-279.41943359375,-4.298760516826923
2026-07-17,Punjab,Tarntaran,Patti APMC,Other,1250.0,1250.0,1250.0,2026,7,17,198,4,29,1200.0,1580.0,1500.0,50.0,-330.0,1343.3333333333333,1418.571428571429,142.8785698216696,1357.504,107.5040283203125,8.600322265625
2026-07-19,Punjab,Tarntaran,Patti APMC,Other,1000.0,1400.0,1260.0,2026,7,19,200,6,29,1250.0,1250.0,1500.0,10.0,10.0,1233.3333333333333,1382.857142857143,150.19035540654022,1405.7134,145.71337890625,11.564553881448413
2026-07-20,Punjab,Tarntaran,Patti APMC,Other,1000.0,1000.0,1000.0,2026,7,20,201,0,30,1260.0,1200.0,1500.0,-260.0,-200.0,1236.6666666666667,1348.571428571429,146.33620780342002,1221.7991,221.799072265625,22.179907226562502
2026-07-21,Punjab,Tarntaran,Patti APMC,Other,1000.0,1000.0,1000.0,2026,7,21,202,1,30,1000.0,1250.0,1400.0,0.0,-250.0,1170.0,1277.142857142857,178.579047456515,1199.3022,199.30224609375,19.930224609375
2026-07-25,Punjab,Tarntaran,Patti APMC,Other,750.0,750.0,750.0,2026,7,25,206,5,30,1000.0,1260.0,1580.0,-250.0,-510.0,1086.6666666666667,1220.0,195.874109230053,1000.27386,250.27386474609375,33.3698486328125
2026-07-27,Punjab,Tarntaran,Patti APMC,Other,800.0,800.0,800.0,2026,7,27,208,0,31,750.0,1000.0,1250.0,50.0,-200.0,916.6666666666666,1101.428571428571,192.8236302452386,927.1997,127.19970703125,15.899963378906252
2026-07-28,Punjab,Tarntaran,Patti APMC,Other,800.0,800.0,800.0,2026,7,28,209,1,31,800.0,1000.0,1200.0,0.0,-200.0,850.0,1037.142857142857,209.34137078898107,934.5306,134.53057861328125,16.816322326660156
2026-07-29,Punjab,Tarntaran,Patti APMC,Other,560.0,560.0,560.0,2026,7,29,210,2,31,800.0,750.0,1250.0,-240.0,-190.0,783.3333333333334,980.0,212.05345238091925,998.8005,438.80047607421875,78.3572278703962
2026-07-20,Rajasthan,Ganganagar,Sriganganagar (F&V) APMC,Amrapali,4900.0,5300.0,5100.0,2026,7,20,201,0,30,5000.0,5400.0,3700.0,100.0,-300.0,5300.0,4900.0,621.825270205921,5393.408,293.408203125,5.753102022058823
2026-07-21,Rajasthan,Ganganagar,Sriganganagar (F&V) APMC,Amrapali,5100.0,5500.0,5300.0,2026,7,21,202,1,30,5100.0,5500.0,4500.0,200.0,-200.0,5200.0,5100.0,326.59863237109045,5454.4873,154.4873046875,2.914854805424528
2026-07-22,Rajasthan,Ganganagar,Sriganganagar (F&V) APMC,Amrapali,4900.0,5300.0,5100.0,2026,7,22,203,2,30,5300.0,5000.0,5000.0,-200.0,100.0,5133.333333333333,5214.285714285715,195.18001458970664,5420.7554,320.75537109375,6.2893210018382355
2026-07-23,Rajasthan,Ganganagar,Sriganganagar (F&V) APMC,Amrapali,4800.0,5200.0,5000.0,2026,7,23,204,3,30,5100.0,5100.0,5200.0,-100.0,-100.0,5166.666666666667,5228.571428571428,179.94708216848738,5175.466,175.4658203125,3.50931640625
2026-07-24,Rajasthan,Ganganagar,Sriganganagar (F&V) APMC,Amrapali,5300.0,5700.0,5500.0,2026,7,24,205,4,30,5000.0,5300.0,5400.0,500.0,200.0,5133.333333333333,5200.0,199.99999999999991,5544.0845,44.08447265625,0.8015358664772727
2026-07-25,Rajasthan,Ganganagar,Sriganganagar (F&V) APMC,Amrapali,5300.0,5700.0,5500.0,2026,7,25,206,5,30,5500.0,5100.0,5500.0,0.0,400.0,5200.0,5214.285714285715,219.30626551751325,5551.738,51.73779296875,0.9406871448863636
2026-07-27,Rajasthan,Ganganagar,Sriganganagar (F&V) APMC,Amrapali,5600.0,6000.0,5800.0,2026,7,27,208,0,31,5500.0,5000.0,5000.0,300.0,800.0,5333.333333333333,5214.285714285715,219.30626551751325,5705.7935,-94.20654296875,-1.6242507408405173
2026-07-28,Rajasthan,Ganganagar,Sriganganagar (F&V) APMC,Amrapali,5300.0,5700.0,5500.0,2026,7,28,209,1,31,5800.0,5500.0,5100.0,-300.0,0.0,5600.0,5328.571428571428,287.020822207993,5789.6035,289.603515625,5.265518465909091
2026-07-29,Rajasthan,Ganganagar,Sriganganagar (F&V) APMC,Amrapali,5500.0,5900.0,5700.0,2026,7,29,210,2,31,5500.0,5500.0,5300.0,200.0,200.0,5600.0,5385.714285714285,273.4262327610589,5817.1416,117.1416015625,2.055115816885965
2026-07-20,Rajasthan,Jaipur,Jaipur (F&V) APMC,Other,1000.0,10000.0,5500.0,2026,7,20,201,0,30,6000.0,5500.0,6250.0,-500.0,0.0,6000.0,5821.428571428572,426.08405162317325,5844.5176,344.517578125,6.263955965909091
2026-07-21,Rajasthan,Jaipur,Jaipur (F&V) APMC,Other,1000.0,10000.0,5500.0,2026,7,21,202,1,30,5500.0,6500.0,5500.0,0.0,-1000.0,6000.0,5714.285714285715,393.3978962347215,5736.7544,236.75439453125,4.304625355113637
2026-07-22,Rajasthan,Jaipur,Jaipur (F&V) APMC,Other,1000.0,10000.0,5500.0,2026,7,22,203,2,30,5500.0,6000.0,5500.0,0.0,-500.0,5666.666666666667,5714.285714285715,393.3978962347215,5697.9004,197.900390625,3.5981889204545454
2026-07-23,Rajasthan,Jaipur,Jaipur (F&V) APMC,Other,3000.0,12000.0,7500.0,2026,7,23,204,3,30,5500.0,5500.0,5500.0,2000.0,2000.0,5500.0,5714.285714285715,393.3978962347215,6462.167,-1037.8330078125,-13.837773437500001
2026-07-24,Rajasthan,Jaipur,Jaipur (F&V) APMC,Other,3000.0,12000.0,7500.0,2026,7,24,205,4,30,7500.0,5500.0,5500.0,0.0,2000.0,6166.666666666667,6000.0,763.7626158259733,6754.0063,-745.99365234375,-9.94658203125
2026-07-17,Rajasthan,Jodhpur,Jodhpur (F&V) APMC,Badami,2000.0,4500.0,3250.0,2026,7,17,198,4,29,3250.0,3000.0,3250.0,0.0,250.0,3083.3333333333335,3107.1428571428573,133.63062095621214,3322.7136,72.713623046875,2.2373422475961537
2026-07-20,Rajasthan,Jodhpur,Jodhpur (F&V) APMC,Badami,2000.0,4000.0,3000.0,2026,7,20,201,0,30,3250.0,3000.0,3250.0,-250.0,0.0,3166.6666666666665,3107.1428571428573,133.63062095621214,3088.8857,88.8857421875,2.9628580729166667
2026-07-21,Rajasthan,Jodhpur,Jodhpur (F&V) APMC,Badami,2000.0,4500.0,3250.0,2026,7,21,202,1,30,3000.0,3250.0,3000.0,250.0,0.0,3166.6666666666665,3071.4285714285716,121.98750911856663,3219.5022,-30.497802734375,-0.9383939302884616
2026-07-22,Rajasthan,Jodhpur,Jodhpur (F&V) APMC,Badami,2000.0,4500.0,3250.0,2026,7,22,203,2,30,3250.0,3250.0,3000.0,0.0,0.0,3166.6666666666665,3107.1428571428573,133.63062095621214,3332.0913,82.09130859375,2.5258864182692307
2026-07-24,Rajasthan,Jodhpur,Jodhpur (F&V) APMC,Badami,2000.0,5000.0,3500.0,2026,7,24,205,4,30,3250.0,3000.0,3000.0,250.0,500.0,3166.6666666666665,3142.8571428571427,133.63062095621214,3427.1777,-72.822265625,-2.0806361607142856
2026-07-27,Rajasthan,Jodhpur,Jodhpur (F&V) APMC,Badami,2000.0,5000.0,3500.0,2026,7,27,208,0,31,3500.0,3250.0,3000.0,0.0,250.0,3333.3333333333335,3214.285714285714,172.51638983558857,3470.4924,-29.507568359375,-0.8430733816964285
2026-07-17,Rajasthan,Jodhpur,Jodhpur (F&V) APMC,Langra,1500.0,4000.0,2750.0,2026,7,17,198,4,29,2500.0,2500.0,2500.0,250.0,250.0,2583.3333333333335,2428.5714285714284,188.98223650461367,3014.5513,264.55126953125,9.620046164772727
2026-07-20,Rajasthan,Jodhpur,Jodhpur (F&V) APMC,Langra,2000.0,4000.0,3000.0,2026,7,20,201,0,30,2750.0,2750.0,2250.0,250.0,250.0,2666.6666666666665,2464.285714285714,224.9338527106094,3303.7073,303.707275390625,10.123575846354168
2026-07-21,Rajasthan,Jodhpur,Jodhpur (F&V) APMC,Langra,2000.0,4000.0,3000.0,2026,7,21,202,1,30,3000.0,2500.0,2250.0,0.0,500.0,2750.0,2571.4285714285716,278.17432013209344,3118.765,118.764892578125,3.958829752604167
2026-07-22,Rajasthan,Jodhpur,Jodhpur (F&V) APMC,Langra,2000.0,4500.0,3250.0,2026,7,22,203,2,30,3000.0,2750.0,2250.0,250.0,500.0,2916.6666666666665,2678.5714285714284,278.17432013209344,3399.677,149.677001953125,4.605446213942307
2026-07-24,Rajasthan,Jodhpur,Jodhpur (F&V) APMC,Langra,2000.0,5000.0,3500.0,2026,7,24,205,4,30,3250.0,3000.0,2500.0,250.0,500.0,3083.3333333333335,2821.4285714285716,278.17432013209344,3603.73,103.72998046875,2.9637137276785714
2026-07-16,Rajasthan,Udaipur,Udaipur (F&V) APMC,Other,2000.0,4000.0,3000.0,2026,7,16,197,3,29,3000.0,3000.0,3000.0,0.0,0.0,3000.0,3000.0,0.0,2989.454,-10.5458984375,-0.3515299479166667
2026-07-17,Rajasthan,Udaipur,Udaipur (F&V) APMC,Other,2000.0,4000.0,3000.0,2026,7,17,198,4,29,3000.0,3000.0,3000.0,0.0,0.0,3000.0,3000.0,0.0,2979.065,-20.93505859375,-0.6978352864583333
2026-07-18,Rajasthan,Udaipur,Udaipur (F&V) APMC,Other,2000.0,4000.0,3000.0,2026,7,18,199,5,29,3000.0,3000.0,3000.0,0.0,0.0,3000.0,3000.0,0.0,2993.342,-6.657958984375,-0.22193196614583333
2026-07-24,Rajasthan,Udaipur,Udaipur (F&V) APMC,Other,2000.0,4000.0,3000.0,2026,7,24,205,4,30,3000.0,3000.0,3000.0,0.0,0.0,3000.0,3000.0,0.0,3043.306,43.305908203125,1.4435302734375
2026-07-25,Rajasthan,Udaipur,Udaipur (F&V) APMC,Other,2000.0,4000.0,3000.0,2026,7,25,206,5,30,3000.0,3000.0,3000.0,0.0,0.0,3000.0,3000.0,0.0,2993.5066,-6.493408203125,-0.21644694010416665
2026-07-27,Rajasthan,Udaipur,Udaipur (F&V) APMC,Other,2000.0,4000.0,3000.0,2026,7,27,208,0,31,3000.0,3000.0,3000.0,0.0,0.0,3000.0,3000.0,0.0,2980.5742,-19.42578125,-0.6475260416666666
2026-07-28,Rajasthan,Udaipur,Udaipur (F&V) APMC,Other,2000.0,4000.0,3000.0,2026,7,28,209,1,31,3000.0,3000.0,3000.0,0.0,0.0,3000.0,3000.0,0.0,2997.517,-2.48291015625,-0.082763671875
2026-07-13,Tamil Nadu,Chengalpattu,Guduvancheri(Uzhavar Sandhai ),Other,5000.0,6000.0,5500.0,2026,7,13,194,0,29,5500.0,5500.0,5500.0,0.0,0.0,5500.0,5500.0,0.0,5421.898,-78.10205078125,-1.420037286931818
2026-07-14,Tamil Nadu,Chengalpattu,Guduvancheri(Uzhavar Sandhai ),Other,5000.0,6000.0,5500.0,2026,7,14,195,1,29,5500.0,5500.0,5500.0,0.0,0.0,5500.0,5500.0,0.0,5432.7866,-67.21337890625,-1.222061434659091
2026-07-15,Tamil Nadu,Chengalpattu,Guduvancheri(Uzhavar Sandhai ),Other,5000.0,6000.0,5500.0,2026,7,15,196,2,29,5500.0,5500.0,5500.0,0.0,0.0,5500.0,5500.0,0.0,5421.247,-78.7529296875,-1.4318714488636364
2026-07-16,Tamil Nadu,Chengalpattu,Guduvancheri(Uzhavar Sandhai ),Other,5000.0,6000.0,5500.0,2026,7,16,197,3,29,5500.0,5500.0,5500.0,0.0,0.0,5500.0,5500.0,0.0,5462.868,-37.1318359375,-0.6751242897727273
2026-07-17,Tamil Nadu,Chengalpattu,Guduvancheri(Uzhavar Sandhai ),Other,5000.0,6000.0,5500.0,2026,7,17,198,4,29,5500.0,5500.0,5500.0,0.0,0.0,5500.0,5500.0,0.0,5453.4404,-46.5595703125,-0.8465376420454545
2026-07-28,Tamil Nadu,Chengalpattu,Jameenrayapettai(Uzhavar Sandhai ),Neelam,5000.0,6000.0,5500.0,2026,7,28,209,1,31,5500.0,5500.0,5500.0,0.0,0.0,5500.0,5500.0,0.0,5496.491,-3.5087890625,-0.06379616477272727
2026-07-29,Tamil Nadu,Chengalpattu,Jameenrayapettai(Uzhavar Sandhai ),Neelam,6000.0,7000.0,6500.0,2026,7,29,210,2,31,5500.0,5500.0,5500.0,1000.0,1000.0,5500.0,5500.0,0.0,6234.986,-265.01416015625,-4.077140925480769
2026-07-14,Tamil Nadu,Chengalpattu,Jameenrayapettai(Uzhavar Sandhai ),Other,5000.0,6000.0,5500.0,2026,7,14,195,1,29,5500.0,5500.0,5500.0,0.0,0.0,5500.0,5557.142857142857,151.18578920369097,5435.539,-64.4609375,-1.1720170454545455
2026-07-15,Tamil Nadu,Chengalpattu,Jameenrayapettai(Uzhavar Sandhai ),Other,5000.0,6000.0,5500.0,2026,7,15,196,2,29,5500.0,5500.0,5500.0,0.0,0.0,5500.0,5557.142857142857,151.18578920369097,5441.1396,-58.8603515625,-1.0701882102272728
2026-07-16,Tamil Nadu,Chengalpattu,Jameenrayapettai(Uzhavar Sandhai ),Other,5000.0,6000.0,5500.0,2026,7,16,197,3,29,5500.0,5500.0,5900.0,0.0,0.0,5500.0,5557.142857142857,151.18578920369097,5496.738,-3.26220703125,-0.05931285511363636
2026-07-17,Tamil Nadu,Chengalpattu,Jameenrayapettai(Uzhavar Sandhai ),Other,5000.0,6000.0,5500.0,2026,7,17,198,4,29,5500.0,5500.0,5500.0,0.0,0.0,5500.0,5500.0,0.0,5453.4404,-46.5595703125,-0.8465376420454545
2026-07-19,Tamil Nadu,Chengalpattu,Jameenrayapettai(Uzhavar Sandhai ),Other,5000.0,6000.0,5500.0,2026,7,19,200,6,29,5500.0,5500.0,5500.0,0.0,0.0,5500.0,5500.0,0.0,5522.1934,22.193359375,0.403515625
2026-07-21,Tamil Nadu,Chengalpattu,Jameenrayapettai(Uzhavar Sandhai ),Other,6000.0,7000.0,6500.0,2026,7,21,202,1,30,5500.0,5500.0,5500.0,1000.0,1000.0,5500.0,5500.0,0.0,6074.3667,-425.63330078125,-6.548204627403846
2026-07-16,Tamil Nadu,Chengalpattu,Medavakkam(Uzhavar Sandhai ),Safeda,5000.0,5000.0,5000.0,2026,7,16,197,3,29,5000.0,5000.0,4000.0,0.0,0.0,5000.0,4857.142857142857,377.9644730092272,5087.395,87.39501953125,1.747900390625
2026-07-18,Tamil Nadu,Chengalpattu,Medavakkam(Uzhavar Sandhai ),Safeda,5000.0,5000.0,5000.0,2026,7,18,199,5,29,5000.0,5000.0,5000.0,0.0,0.0,5000.0,5000.0,0.0,5081.6973,81.697265625,1.6339453125
2026-07-19,Tamil Nadu,Chengalpattu,Medavakkam(Uzhavar Sandhai ),Safeda,5000.0,5000.0,5000.0,2026,7,19,200,6,29,5000.0,5000.0,5000.0,0.0,0.0,5000.0,5000.0,0.0,5155.28,155.27978515625,3.105595703125
2026-07-20,Tamil Nadu,Chengalpattu,Medavakkam(Uzhavar Sandhai ),Safeda,5000.0,5000.0,5000.0,2026,7,20,201,0,30,5000.0,5000.0,5000.0,0.0,0.0,5000.0,5000.0,0.0,5092.814,92.81396484375,1.856279296875
2026-07-21,Tamil Nadu,Chengalpattu,Medavakkam(Uzhavar Sandhai ),Safeda,5000.0,5000.0,5000.0,2026,7,21,202,1,30,5000.0,5000.0,5000.0,0.0,0.0,5000.0,5000.0,0.0,5152.5947,152.5947265625,3.05189453125
2026-07-22,Tamil Nadu,Chengalpattu,Medavakkam(Uzhavar Sandhai ),Safeda,5000.0,5000.0,5000.0,2026,7,22,203,2,30,5000.0,5000.0,5000.0,0.0,0.0,5000.0,5000.0,0.0,5149.784,149.7841796875,2.99568359375
2026-07-23,Tamil Nadu,Chengalpattu,Medavakkam(Uzhavar Sandhai ),Safeda,5000.0,5000.0,5000.0,2026,7,23,204,3,30,5000.0,5000.0,5000.0,0.0,0.0,5000.0,5000.0,0.0,5151.8574,151.857421875,3.0371484375
2026-07-24,Tamil Nadu,Chengalpattu,Medavakkam(Uzhavar Sandhai ),Safeda,5000.0,5000.0,5000.0,2026,7,24,205,4,30,5000.0,5000.0,5000.0,0.0,0.0,5000.0,5000.0,0.0,5112.5503,112.55029296875,2.251005859375
2026-07-25,Tamil Nadu,Chengalpattu,Medavakkam(Uzhavar Sandhai ),Safeda,5000.0,5000.0,5000.0,2026,7,25,206,5,30,5000.0,5000.0,5000.0,0.0,0.0,5000.0,5000.0,0.0,5090.95,90.9501953125,1.81900390625
2026-07-26,Tamil Nadu,Chengalpattu,Medavakkam(Uzhavar Sandhai ),Safeda,5000.0,5000.0,5000.0,2026,7,26,207,6,30,5000.0,5000.0,5000.0,0.0,0.0,5000.0,5000.0,0.0,5161.8926,161.892578125,3.2378515625
2026-07-27,Tamil Nadu,Chengalpattu,Medavakkam(Uzhavar Sandhai ),Safeda,5000.0,5000.0,5000.0,2026,7,27,208,0,31,5000.0,5000.0,5000.0,0.0,0.0,5000.0,5000.0,0.0,5093.8647,93.86474609375,1.8772949218750001
2026-07-28,Tamil Nadu,Chengalpattu,Medavakkam(Uzhavar Sandhai ),Safeda,5000.0,5000.0,5000.0,2026,7,28,209,1,31,5000.0,5000.0,5000.0,0.0,0.0,5000.0,5000.0,0.0,5172.234,172.23388671875,3.444677734375
2026-07-29,Tamil Nadu,Chengalpattu,Medavakkam(Uzhavar Sandhai ),Safeda,5000.0,5000.0,5000.0,2026,7,29,210,2,31,5000.0,5000.0,5000.0,0.0,0.0,5000.0,5000.0,0.0,5155.5996,155.599609375,3.1119921875000003
2026-07-16,Tamil Nadu,Chengalpattu,Nanganallur(Uzhavar Sandhai ),Neelam,4000.0,5000.0,4500.0,2026,7,16,197,3,29,4500.0,4500.0,4500.0,0.0,0.0,4500.0,4500.0,0.0,4491.1304,-8.86962890625,-0.19710286458333334
2026-07-17,Tamil Nadu,Chengalpattu,Nanganallur(Uzhavar Sandhai ),Neelam,5500.0,6000.0,5750.0,2026,7,17,198,4,29,4500.0,4500.0,4500.0,1250.0,1250.0,4500.0,4500.0,0.0,5035.8154,-714.1845703125,-12.420601222826088
2026-07-19,Tamil Nadu,Chengalpattu,Nanganallur(Uzhavar Sandhai ),Neelam,4500.0,5000.0,4750.0,2026,7,19,200,6,29,5750.0,4500.0,4500.0,-1000.0,250.0,4916.666666666667,4678.571428571428,472.4555912615341,4921.1274,171.12744140625,3.602682976973684
2026-07-20,Tamil Nadu,Chengalpattu,Nanganallur(Uzhavar Sandhai ),Neelam,4500.0,5000.0,4750.0,2026,7,20,201,0,30,4750.0,4500.0,4500.0,0.0,250.0,5000.0,4714.285714285715,466.1136178679023,4835.926,85.92578125,1.8089638157894736
2026-07-22,Tamil Nadu,Chengalpattu,Nanganallur(Uzhavar Sandhai ),Neelam,4500.0,5000.0,4750.0,2026,7,22,203,2,30,4750.0,5750.0,4500.0,0.0,-1000.0,5083.333333333333,4750.0,456.4354645876386,4828.5337,78.53369140625,1.6533408717105265
2026-07-23,Tamil Nadu,Chengalpattu,Nanganallur(Uzhavar Sandhai ),Neelam,4500.0,5000.0,4750.0,2026,7,23,204,3,30,4750.0,4750.0,4500.0,0.0,0.0,4750.0,4785.714285714285,443.20263021395937,4843.689,93.68896484375,1.9723992598684208
2026-07-24,Tamil Nadu,Chengalpattu,Nanganallur(Uzhavar Sandhai ),Neelam,4500.0,5000.0,4750.0,2026,7,24,205,4,30,4750.0,4750.0,4500.0,0.0,0.0,4750.0,4821.428571428572,426.0840516231737,4843.1577,93.15771484375,1.9612150493421052
2026-07-25,Tamil Nadu,Chengalpattu,Nanganallur(Uzhavar Sandhai ),Neelam,4500.0,5000.0,4750.0,2026,7,25,206,5,30,4750.0,4750.0,4500.0,0.0,0.0,4750.0,4857.142857142857,404.5867968563438,4793.1104,43.1103515625,0.9075863486842105
2026-07-26,Tamil Nadu,Chengalpattu,Nanganallur(Uzhavar Sandhai ),Neelam,4500.0,5000.0,4750.0,2026,7,26,207,6,30,4750.0,4750.0,5750.0,0.0,0.0,4750.0,4892.857142857143,377.9644730092276,4867.268,117.26806640625,2.468801398026316
2026-07-27,Tamil Nadu,Chengalpattu,Nanganallur(Uzhavar Sandhai ),Neelam,4500.0,5000.0,4750.0,2026,7,27,208,0,31,4750.0,4750.0,4750.0,0.0,0.0,4750.0,4750.0,0.0,4777.478,27.47802734375,0.5784847861842105
2026-07-28,Tamil Nadu,Chengalpattu,Nanganallur(Uzhavar Sandhai ),Neelam,6500.0,7000.0,6750.0,2026,7,28,209,1,31,4750.0,4750.0,4750.0,2000.0,2000.0,4750.0,4750.0,0.0,6012.4404,-737.5595703125,-10.926808449074073
2026-07-29,Tamil Nadu,Chengalpattu,Nanganallur(Uzhavar Sandhai ),Neelam,4500.0,5000.0,4750.0,2026,7,29,210,2,31,6750.0,4750.0,4750.0,-2000.0,0.0,5416.666666666667,5035.714285714285,755.9289460184546,4893.956,143.9560546875,3.0306537828947366
2026-07-14,Tamil Nadu,Chengalpattu,Pallavaram(Uzhavar Sandhai ),Other,5000.0,6000.0,5500.0,2026,7,14,195,1,29,5500.0,5500.0,5500.0,0.0,0.0,5500.0,5785.714285714285,487.9500364742666,5465.915,-34.0849609375,-0.6197265625
2026-07-15,Tamil Nadu,Chengalpattu,Pallavaram(Uzhavar Sandhai ),Other,5000.0,6000.0,5500.0,2026,7,15,196,2,29,5500.0,5500.0,5500.0,0.0,0.0,5500.0,5785.714285714285,487.9500364742666,5467.9814,-32.0185546875,-0.5821555397727273
2026-07-16,Tamil Nadu,Chengalpattu,Pallavaram(Uzhavar Sandhai ),Other,5000.0,6000.0,5500.0,2026,7,16,197,3,29,5500.0,5500.0,6500.0,0.0,0.0,5500.0,5785.714285714285,487.9500364742666,5586.701,86.701171875,1.5763849431818182
2026-07-19,Tamil Nadu,Chengalpattu,Pallavaram(Uzhavar Sandhai ),Other,5000.0,6000.0,5500.0,2026,7,19,200,6,29,5500.0,5500.0,6500.0,0.0,0.0,5500.0,5642.857142857143,377.96447300922705,5635.773,135.77294921875,2.468599076704545
2026-07-26,Tamil Nadu,Chengalpattu,Pallavaram(Uzhavar Sandhai ),Other,7000.0,8000.0,7500.0,2026,7,26,207,6,30,5500.0,5500.0,5500.0,2000.0,2000.0,5500.0,5500.0,0.0,6917.493,-582.5068359375,-7.7667578125
2026-07-12,Tamil Nadu,Coimbatore,Kurichi(Uzhavar Sandhai ),Neelam,8000.0,9000.0,8500.0,2026,7,12,193,6,28,8500.0,8500.0,5500.0,0.0,0.0,8500.0,7928.571428571428,1096.5313275875671,8252.0,-248.0,-2.9176470588235293
2026-07-13,Tamil Nadu,Coimbatore,Kurichi(Uzhavar Sandhai ),Neelam,8000.0,9000.0,8500.0,2026,7,13,194,0,29,8500.0,8500.0,8000.0,0.0,0.0,8500.0,8357.142857142857,243.97501823713333,8296.182,-203.818359375,-2.3978630514705883
2026-07-16,Tamil Nadu,Coimbatore,Kurichi(Uzhavar Sandhai ),Neelam,8000.0,9000.0,8500.0,2026,7,16,197,3,29,8500.0,8500.0,8000.0,0.0,0.0,8500.0,8428.57142857143,188.9822365046139,8257.372,-242.6279296875,-2.854446231617647
2026-07-17,Tamil Nadu,Coimbatore,Kurichi(Uzhavar Sandhai ),Neelam,7000.0,8000.0,7500.0,2026,7,17,198,4,29,8500.0,8500.0,8500.0,-1000.0,-1000.0,8500.0,8500.0,0.0,7798.295,298.294921875,3.9772656250000002
2026-07-18,Tamil Nadu,Coimbatore,Kurichi(Uzhavar Sandhai ),Neelam,7000.0,8000.0,7500.0,2026,7,18,199,5,29,7500.0,8500.0,8500.0,0.0,-1000.0,8166.666666666667,8357.142857142857,377.9644730092272,7711.692,211.69189453125,2.8225585937499997
2026-07-19,Tamil Nadu,Coimbatore,Kurichi(Uzhavar Sandhai ),Neelam,7000.0,8000.0,7500.0,2026,7,19,200,6,29,7500.0,8500.0,8500.0,0.0,-1000.0,7833.333333333333,8214.285714285714,487.95003647426626,7631.725,131.72509765625,1.7563346354166665
2026-07-21,Tamil Nadu,Coimbatore,Kurichi(Uzhavar Sandhai ),Neelam,7000.0,8000.0,7500.0,2026,7,21,202,1,30,7500.0,7500.0,8500.0,0.0,0.0,7500.0,8071.428571428572,534.5224838248483,7404.449,-95.55078125,-1.2740104166666666
2026-07-22,Tamil Nadu,Coimbatore,Kurichi(Uzhavar Sandhai ),Neelam,7000.0,8000.0,7500.0,2026,7,22,203,2,30,7500.0,7500.0,8500.0,0.0,0.0,7500.0,7928.571428571428,534.522483824848,7384.1304,-115.86962890625,-1.5449283854166667
2026-07-23,Tamil Nadu,Coimbatore,Kurichi(Uzhavar Sandhai ),Neelam,7000.0,8000.0,7500.0,2026,7,23,204,3,30,7500.0,7500.0,8500.0,0.0,0.0,7500.0,7785.714285714285,487.95003647426546,7430.9595,-69.04052734375,-0.9205403645833334
2026-07-24,Tamil Nadu,Coimbatore,Kurichi(Uzhavar Sandhai ),Neelam,7000.0,8000.0,7500.0,2026,7,24,205,4,30,7500.0,7500.0,8500.0,0.0,0.0,7500.0,7642.857142857143,377.9644730092252,7407.5024,-92.49755859375,-1.2333007812499999
2026-07-25,Tamil Nadu,Coimbatore,Kurichi(Uzhavar Sandhai ),Neelam,7000.0,8000.0,7500.0,2026,7,25,206,5,30,7500.0,7500.0,7500.0,0.0,0.0,7500.0,7500.0,0.0,7434.114,-65.88623046875,-0.8784830729166667
2026-07-28,Tamil Nadu,Coimbatore,Kurichi(Uzhavar Sandhai ),Neelam,7000.0,8000.0,7500.0,2026,7,28,209,1,31,7500.0,7500.0,7500.0,0.0,0.0,7500.0,7500.0,0.0,7444.3394,-55.66064453125,-0.7421419270833334
2026-07-29,Tamil Nadu,Coimbatore,Kurichi(Uzhavar Sandhai ),Neelam,7000.0,8000.0,7500.0,2026,7,29,210,2,31,7500.0,7500.0,7500.0,0.0,0.0,7500.0,7500.0,0.0,7433.4463,-66.5537109375,-0.8873828125000001
2026-07-12,Tamil Nadu,Coimbatore,Mettupalayam(Uzhavar Sandhai ),Safeda,6000.0,10000.0,8000.0,2026,7,12,193,6,28,8500.0,7500.0,8000.0,-500.0,500.0,7833.333333333333,7785.714285714285,393.3978962347214,7972.7393,-27.2607421875,-0.34075927734375
2026-07-13,Tamil Nadu,Coimbatore,Mettupalayam(Uzhavar Sandhai ),Safeda,7000.0,10000.0,8500.0,2026,7,13,194,0,29,8000.0,7500.0,8000.0,500.0,1000.0,8000.0,7785.714285714285,393.3978962347214,8247.874,-252.1259765625,-2.966187959558823
2026-07-14,Tamil Nadu,Coimbatore,Mettupalayam(Uzhavar Sandhai ),Safeda,7000.0,10000.0,8500.0,2026,7,14,195,1,29,8500.0,8500.0,7500.0,0.0,0.0,8333.333333333334,7857.142857142857,475.59486560567063,8228.936,-271.064453125,-3.1889935661764706
2026-07-15,Tamil Nadu,Coimbatore,Mettupalayam(Uzhavar Sandhai ),Safeda,6000.0,10000.0,8000.0,2026,7,15,196,2,29,8500.0,8000.0,7500.0,-500.0,0.0,8333.333333333334,8000.0,499.99999999999943,8061.703,61.703125,0.7712890625
2026-07-16,Tamil Nadu,Coimbatore,Mettupalayam(Uzhavar Sandhai ),Safeda,6000.0,10000.0,8000.0,2026,7,16,197,3,29,8000.0,8500.0,7500.0,0.0,-500.0,8333.333333333334,8071.428571428572,449.8677054212179,7956.0137,-43.986328125,-0.5498291015625
2026-07-17,Tamil Nadu,Coimbatore,Mettupalayam(Uzhavar Sandhai ),Safeda,5000.0,10000.0,7500.0,2026,7,17,198,4,29,8000.0,8500.0,7500.0,-500.0,-1000.0,8166.666666666667,8142.857142857143,377.96447300922625,7821.0723,321.072265625,4.280963541666667
2026-07-18,Tamil Nadu,Coimbatore,Mettupalayam(Uzhavar Sandhai ),Safeda,6000.0,10000.0,8000.0,2026,7,18,199,5,29,7500.0,8000.0,8500.0,500.0,0.0,7833.333333333333,8142.857142857143,377.96447300922625,7811.494,-188.505859375,-2.3563232421875
2026-07-19,Tamil Nadu,Coimbatore,Mettupalayam(Uzhavar Sandhai ),Safeda,6000.0,10000.0,8000.0,2026,7,19,200,6,29,8000.0,8000.0,8000.0,0.0,0.0,7833.333333333333,8071.428571428572,345.0327796711762,7983.1895,-16.810546875,-0.21013183593749998
2026-07-20,Tamil Nadu,Coimbatore,Mettupalayam(Uzhavar Sandhai ),Safeda,7000.0,10000.0,8500.0,2026,7,20,201,0,30,8000.0,7500.0,8500.0,500.0,1000.0,7833.333333333333,8071.428571428572,345.0327796711762,8124.5645,-375.435546875,-4.416888786764706
2026-07-21,Tamil Nadu,Coimbatore,Mettupalayam(Uzhavar Sandhai ),Safeda,7000.0,10000.0,8500.0,2026,7,21,202,1,30,8500.0,8000.0,8500.0,0.0,500.0,8166.666666666667,8071.428571428572,345.0327796711762,8228.724,-271.2763671875,-3.191486672794118
2026-07-22,Tamil Nadu,Coimbatore,Mettupalayam(Uzhavar Sandhai ),Safeda,6000.0,10000.0,8000.0,2026,7,22,203,2,30,8500.0,8000.0,8000.0,-500.0,0.0,8333.333333333334,8071.428571428572,345.0327796711762,8010.2495,10.24951171875,0.128118896484375
2026-07-23,Tamil Nadu,Coimbatore,Mettupalayam(Uzhavar Sandhai ),Safeda,6000.0,10000.0,8000.0,2026,7,23,204,3,30,8000.0,8500.0,8000.0,0.0,-500.0,8333.333333333334,8071.428571428572,345.0327796711762,7940.9546,-59.04541015625,-0.738067626953125
2026-07-24,Tamil Nadu,Coimbatore,Mettupalayam(Uzhavar Sandhai ),Safeda,6000.0,10000.0,8000.0,2026,7,24,205,4,30,8000.0,8500.0,7500.0,0.0,-500.0,8166.666666666667,8071.428571428572,345.0327796711762,7960.8784,-39.12158203125,-0.48901977539062497
2026-07-25,Tamil Nadu,Coimbatore,Mettupalayam(Uzhavar Sandhai ),Safeda,6000.0,10000.0,8000.0,2026,7,25,206,5,30,8000.0,8000.0,8000.0,0.0,0.0,8000.0,8142.857142857143,243.97501823713193,8083.3203,83.3203125,1.04150390625
2026-07-26,Tamil Nadu,Coimbatore,Mettupalayam(Uzhavar Sandhai ),Safeda,6000.0,10000.0,8000.0,2026,7,26,207,6,30,8000.0,8000.0,8000.0,0.0,0.0,8000.0,8142.857142857143,243.97501823713193,8141.5454,141.54541015625,1.769317626953125
2026-07-27,Tamil Nadu,Coimbatore,Mettupalayam(Uzhavar Sandhai ),Safeda,7000.0,10000.0,8500.0,2026,7,27,208,0,31,8000.0,8000.0,8500.0,500.0,500.0,8000.0,8142.857142857143,243.97501823713193,8302.273,-197.7265625,-2.3261948529411764
2026-07-28,Tamil Nadu,Coimbatore,Mettupalayam(Uzhavar Sandhai ),Safeda,7000.0,10000.0,8500.0,2026,7,28,209,1,31,8500.0,8000.0,8500.0,0.0,500.0,8166.666666666667,8142.857142857143,243.97501823713193,8329.341,-170.6591796875,-2.007755055147059
2026-07-29,Tamil Nadu,Coimbatore,Mettupalayam(Uzhavar Sandhai ),Safeda,6000.0,10000.0,8000.0,2026,7,29,210,2,31,8500.0,8000.0,8000.0,-500.0,0.0,8333.333333333334,8142.857142857143,243.97501823713193,8027.6694,27.66943359375,0.345867919921875
2026-07-12,Tamil Nadu,Coimbatore,Pollachi(Uzhavar Sandhai ),Safeda,5000.0,10000.0,7500.0,2026,7,12,193,6,28,7500.0,7500.0,7500.0,0.0,0.0,7500.0,7500.0,0.0,7417.7344,-82.265625,-1.0968749999999998
2026-07-13,Tamil Nadu,Coimbatore,Pollachi(Uzhavar Sandhai ),Safeda,5000.0,10000.0,7500.0,2026,7,13,194,0,29,7500.0,7500.0,7500.0,0.0,0.0,7500.0,7500.0,0.0,7342.1797,-157.8203125,-2.1042708333333335
2026-07-14,Tamil Nadu,Coimbatore,Pollachi(Uzhavar Sandhai ),Safeda,5000.0,10000.0,7500.0,2026,7,14,195,1,29,7500.0,7500.0,7500.0,0.0,0.0,7500.0,7500.0,0.0,7309.0513,-190.94873046875,-2.5459830729166666
2026-07-15,Tamil Nadu,Coimbatore,Pollachi(Uzhavar Sandhai ),Safeda,5000.0,10000.0,7500.0,2026,7,15,196,2,29,7500.0,7500.0,7500.0,0.0,0.0,7500.0,7500.0,0.0,7288.293,-211.70703125,-2.8227604166666667
2026-07-16,Tamil Nadu,Coimbatore,Pollachi(Uzhavar Sandhai ),Safeda,5000.0,10000.0,7500.0,2026,7,16,197,3,29,7500.0,7500.0,7500.0,0.0,0.0,7500.0,7500.0,0.0,7332.0425,-167.95751953125,-2.23943359375
2026-07-17,Tamil Nadu,Coimbatore,Pollachi(Uzhavar Sandhai ),Safeda,5000.0,10000.0,7500.0,2026,7,17,198,4,29,7500.0,7500.0,7500.0,0.0,0.0,7500.0,7500.0,0.0,7291.2734,-208.7265625,-2.783020833333333
2026-07-12,Tamil Nadu,Coimbatore,RSPuram(Uzhavar Sandhai ),Neelam,6000.0,7000.0,6500.0,2026,7,12,193,6,28,6500.0,6500.0,6500.0,0.0,0.0,6500.0,6500.0,0.0,6794.6675,294.66748046875,4.533345853365384
2026-07-13,Tamil Nadu,Coimbatore,RSPuram(Uzhavar Sandhai ),Neelam,6000.0,7000.0,6500.0,2026,7,13,194,0,29,6500.0,6500.0,6500.0,0.0,0.0,6500.0,6500.0,0.0,6701.63,201.6298828125,3.1019981971153845
2026-07-14,Tamil Nadu,Coimbatore,RSPuram(Uzhavar Sandhai ),Neelam,6000.0,7000.0,6500.0,2026,7,14,195,1,29,6500.0,6500.0,6500.0,0.0,0.0,6500.0,6500.0,0.0,6689.4614,189.46142578125,2.9147911658653847
2026-07-15,Tamil Nadu,Coimbatore,RSPuram(Uzhavar Sandhai ),Neelam,6000.0,7000.0,6500.0,2026,7,15,196,2,29,6500.0,6500.0,6500.0,0.0,0.0,6500.0,6500.0,0.0,6666.195,166.19482421875,2.556843449519231
2026-07-16,Tamil Nadu,Coimbatore,RSPuram(Uzhavar Sandhai ),Neelam,6000.0,7000.0,6500.0,2026,7,16,197,3,29,6500.0,6500.0,6500.0,0.0,0.0,6500.0,6500.0,0.0,6706.003,206.0029296875,3.169275841346154
2026-07-17,Tamil Nadu,Coimbatore,RSPuram(Uzhavar Sandhai ),Neelam,6000.0,7000.0,6500.0,2026,7,17,198,4,29,6500.0,6500.0,6500.0,0.0,0.0,6500.0,6500.0,0.0,6720.8677,220.86767578125,3.3979642427884613
2026-07-18,Tamil Nadu,Coimbatore,RSPuram(Uzhavar Sandhai ),Neelam,6000.0,7000.0,6500.0,2026,7,18,199,5,29,6500.0,6500.0,6500.0,0.0,0.0,6500.0,6500.0,0.0,6750.4395,250.439453125,3.8529146634615383
2026-07-19,Tamil Nadu,Coimbatore,RSPuram(Uzhavar Sandhai ),Neelam,6000.0,7000.0,6500.0,2026,7,19,200,6,29,6500.0,6500.0,6500.0,0.0,0.0,6500.0,6500.0,0.0,6824.022,324.02197265625,4.984953425480769
2026-07-20,Tamil Nadu,Coimbatore,RSPuram(Uzhavar Sandhai ),Neelam,7000.0,8000.0,7500.0,2026,7,20,201,0,30,6500.0,6500.0,6500.0,1000.0,1000.0,6500.0,6500.0,0.0,7401.6313,-98.36865234375,-1.31158203125
2026-07-21,Tamil Nadu,Coimbatore,RSPuram(Uzhavar Sandhai ),Neelam,7000.0,8000.0,7500.0,2026,7,21,202,1,30,7500.0,6500.0,6500.0,0.0,1000.0,6833.333333333333,6642.857142857143,377.9644730092272,7071.4634,-428.53662109375,-5.713821614583333
2026-07-22,Tamil Nadu,Coimbatore,RSPuram(Uzhavar Sandhai ),Neelam,7000.0,8000.0,7500.0,2026,7,22,203,2,30,7500.0,6500.0,6500.0,0.0,1000.0,7166.666666666667,6785.714285714285,487.9500364742664,7223.0996,-276.900390625,-3.6920052083333337
2026-07-23,Tamil Nadu,Coimbatore,RSPuram(Uzhavar Sandhai ),Neelam,7000.0,8000.0,7500.0,2026,7,23,204,3,30,7500.0,7500.0,6500.0,0.0,0.0,7500.0,6928.571428571428,534.5224838248485,7279.249,-220.7509765625,-2.9433463541666667
2026-07-24,Tamil Nadu,Coimbatore,RSPuram(Uzhavar Sandhai ),Neelam,7000.0,8000.0,7500.0,2026,7,24,205,4,30,7500.0,7500.0,6500.0,0.0,0.0,7500.0,7071.428571428572,534.5224838248482,7293.5605,-206.439453125,-2.7525260416666666
2026-07-25,Tamil Nadu,Coimbatore,RSPuram(Uzhavar Sandhai ),Neelam,7000.0,8000.0,7500.0,2026,7,25,206,5,30,7500.0,7500.0,6500.0,0.0,0.0,7500.0,7214.285714285715,487.9500364742656,7330.2817,-169.71826171875,-2.26291015625
2026-07-26,Tamil Nadu,Coimbatore,RSPuram(Uzhavar Sandhai ),Neelam,7000.0,8000.0,7500.0,2026,7,26,207,6,30,7500.0,7500.0,6500.0,0.0,0.0,7500.0,7357.142857142857,377.9644730092254,7240.1714,-259.82861328125,-3.464381510416667
2026-07-27,Tamil Nadu,Coimbatore,RSPuram(Uzhavar Sandhai ),Neelam,7000.0,8000.0,7500.0,2026,7,27,208,0,31,7500.0,7500.0,7500.0,0.0,0.0,7500.0,7500.0,0.0,7450.21,-49.7900390625,-0.6638671875
2026-07-28,Tamil Nadu,Coimbatore,RSPuram(Uzhavar Sandhai ),Neelam,6000.0,7000.0,6500.0,2026,7,28,209,1,31,7500.0,7500.0,7500.0,-1000.0,-1000.0,7500.0,7500.0,0.0,7095.747,595.7470703125,9.165339543269232
2026-07-29,Tamil Nadu,Coimbatore,RSPuram(Uzhavar Sandhai ),Neelam,6000.0,7000.0,6500.0,2026,7,29,210,2,31,6500.0,7500.0,7500.0,0.0,-1000.0,7166.666666666667,7357.142857142857,377.9644730092272,6577.4,77.39990234375,1.1907677283653846
2026-07-13,Tamil Nadu,Coimbatore,Singanallur(Uzhavar Sandhai ),Safeda,9000.0,12000.0,10500.0,2026,7,13,194,0,29,9000.0,9500.0,10500.0,1500.0,1000.0,9666.666666666666,9428.57142857143,886.4052604279184,9875.256,-624.744140625,-5.9499441964285715
2026-07-14,Tamil Nadu,Coimbatore,Singanallur(Uzhavar Sandhai ),Safeda,9000.0,10000.0,9500.0,2026,7,14,195,1,29,10500.0,10500.0,8000.0,-1000.0,-1000.0,10000.0,9428.57142857143,886.4052604279184,8969.417,-530.5830078125,-5.585084292763158
2026-07-15,Tamil Nadu,Coimbatore,Singanallur(Uzhavar Sandhai ),Safeda,9000.0,10000.0,9500.0,2026,7,15,196,2,29,9500.0,9000.0,9500.0,0.0,500.0,9666.666666666666,9642.857142857143,626.7831705280084,8964.975,-535.025390625,-5.631846217105263
2026-07-16,Tamil Nadu,Coimbatore,Singanallur(Uzhavar Sandhai ),Safeda,9000.0,12000.0,10500.0,2026,7,16,197,3,29,9500.0,10500.0,9000.0,1000.0,0.0,9833.333333333334,9642.857142857143,626.7831705280084,9912.914,-587.0859375,-5.591294642857143
2026-07-18,Tamil Nadu,Coimbatore,Singanallur(Uzhavar Sandhai ),Safeda,8000.0,10000.0,9000.0,2026,7,18,199,5,29,10500.0,9500.0,9500.0,-1500.0,-500.0,9833.333333333334,9857.142857142857,626.7831705280084,9243.711,243.7109375,2.7078993055555554
2026-07-19,Tamil Nadu,Coimbatore,Singanallur(Uzhavar Sandhai ),Safeda,9000.0,12000.0,10500.0,2026,7,19,200,6,29,9000.0,9500.0,10500.0,1500.0,1000.0,9666.666666666666,9785.714285714286,698.6381310057716,9794.893,-705.107421875,-6.715308779761905
2026-07-20,Tamil Nadu,Coimbatore,Singanallur(Uzhavar Sandhai ),Safeda,8000.0,12000.0,10000.0,2026,7,20,201,0,30,10500.0,10500.0,9000.0,-500.0,-500.0,10000.0,9785.714285714286,698.6381310057716,9953.765,-46.2353515625,-0.462353515625
2026-07-21,Tamil Nadu,Coimbatore,Singanallur(Uzhavar Sandhai ),Safeda,9000.0,10000.0,9500.0,2026,7,21,202,1,30,10000.0,9000.0,10500.0,-500.0,500.0,9833.333333333334,9928.57142857143,607.4928962939559,9401.653,-98.3466796875,-1.0352282072368422
2026-07-22,Tamil Nadu,Coimbatore,Singanallur(Uzhavar Sandhai ),Safeda,7000.0,8000.0,7500.0,2026,7,22,203,2,30,9500.0,10500.0,9500.0,-2000.0,-3000.0,10000.0,9785.714285714286,566.9467095138401,8115.875,615.875,8.211666666666668
2026-07-24,Tamil Nadu,Coimbatore,Singanallur(Uzhavar Sandhai ),Safeda,8000.0,10000.0,9000.0,2026,7,24,205,4,30,7500.0,10000.0,9500.0,1500.0,-1000.0,9000.0,9500.0,1040.8329997330652,8939.8125,-60.1875,-0.66875
2026-07-25,Tamil Nadu,Coimbatore,Singanallur(Uzhavar Sandhai ),Safeda,6000.0,10000.0,8000.0,2026,7,25,206,5,30,9000.0,9500.0,10500.0,-1000.0,-1500.0,8666.666666666666,9428.57142857143,1057.8504710249065,8136.04,136.0400390625,1.70050048828125
2026-07-26,Tamil Nadu,Coimbatore,Singanallur(Uzhavar Sandhai ),Safeda,9000.0,12000.0,10500.0,2026,7,26,207,6,30,8000.0,7500.0,9000.0,2500.0,3000.0,8166.666666666667,9071.42857142857,1057.850471024906,9364.169,-1135.8310546875,-10.817438616071428
2026-07-27,Tamil Nadu,Coimbatore,Singanallur(Uzhavar Sandhai ),Safeda,9000.0,12000.0,10500.0,2026,7,27,208,0,31,10500.0,9000.0,10500.0,0.0,1500.0,9166.666666666666,9285.714285714286,1185.2265204432028,9673.966,-826.0341796875,-7.866992187500001
2026-07-28,Tamil Nadu,Coimbatore,Singanallur(Uzhavar Sandhai ),Safeda,7500.0,8000.0,7750.0,2026,7,28,209,1,31,10500.0,8000.0,10000.0,-2750.0,-250.0,9666.666666666666,9285.714285714286,1185.2265204432028,8393.101,643.1005859375,8.298072076612902
2026-07-29,Tamil Nadu,Coimbatore,Singanallur(Uzhavar Sandhai ),Safeda,7500.0,8000.0,7750.0,2026,7,29,210,2,31,7750.0,10500.0,9500.0,0.0,-2750.0,9583.333333333334,8964.285714285714,1261.8486061179844,7768.5005,18.50048828125,0.23871597782258064
2026-07-12,Tamil Nadu,Coimbatore,Sundarapuram(Uzhavar Sandhai ),Neelam,8000.0,9000.0,8500.0,2026,7,12,193,6,28,8500.0,8500.0,5500.0,0.0,0.0,8500.0,8071.428571428572,1133.8934190276816,8197.612,-302.3876953125,-3.5575022977941178
2026-07-13,Tamil Nadu,Coimbatore,Sundarapuram(Uzhavar Sandhai ),Neelam,8000.0,9000.0,8500.0,2026,7,13,194,0,29,8500.0,8500.0,8500.0,0.0,0.0,8500.0,8500.0,0.0,8339.166,-160.833984375,-1.8921645220588237
2026-07-16,Tamil Nadu,Coimbatore,Sundarapuram(Uzhavar Sandhai ),Neelam,7000.0,8000.0,7500.0,2026,7,16,197,3,29,8500.0,8500.0,8500.0,-1000.0,-1000.0,8500.0,8500.0,0.0,7753.689,253.68896484375,3.38251953125
2026-07-17,Tamil Nadu,Coimbatore,Sundarapuram(Uzhavar Sandhai ),Neelam,7000.0,8000.0,7500.0,2026,7,17,198,4,29,7500.0,8500.0,8500.0,0.0,-1000.0,8166.666666666667,8357.142857142857,377.9644730092272,7706.0713,206.0712890625,2.7476171875
2026-07-18,Tamil Nadu,Coimbatore,Sundarapuram(Uzhavar Sandhai ),Neelam,7000.0,8000.0,7500.0,2026,7,18,199,5,29,7500.0,8500.0,8500.0,0.0,-1000.0,7833.333333333333,8214.285714285714,487.95003647426626,7537.2285,37.228515625,0.4963802083333333
2026-07-19,Tamil Nadu,Coimbatore,Sundarapuram(Uzhavar Sandhai ),Neelam,7000.0,8000.0,7500.0,2026,7,19,200,6,29,7500.0,7500.0,8500.0,0.0,0.0,7500.0,8071.428571428572,534.5224838248483,7515.6353,15.63525390625,0.2084700520833333
2026-07-21,Tamil Nadu,Coimbatore,Sundarapuram(Uzhavar Sandhai ),Neelam,7000.0,8000.0,7500.0,2026,7,21,202,1,30,7500.0,7500.0,8500.0,0.0,0.0,7500.0,7928.571428571428,534.522483824848,7389.661,-110.3388671875,-1.4711848958333333
2026-07-22,Tamil Nadu,Coimbatore,Sundarapuram(Uzhavar Sandhai ),Neelam,7000.0,8000.0,7500.0,2026,7,22,203,2,30,7500.0,7500.0,8500.0,0.0,0.0,7500.0,7785.714285714285,487.95003647426546,7420.0654,-79.9345703125,-1.0657942708333332
2026-07-23,Tamil Nadu,Coimbatore,Sundarapuram(Uzhavar Sandhai ),Neelam,7000.0,8000.0,7500.0,2026,7,23,204,3,30,7500.0,7500.0,8500.0,0.0,0.0,7500.0,7642.857142857143,377.9644730092252,7374.956,-125.0439453125,-1.6672526041666667
2026-07-24,Tamil Nadu,Coimbatore,Sundarapuram(Uzhavar Sandhai ),Neelam,7000.0,8000.0,7500.0,2026,7,24,205,4,30,7500.0,7500.0,7500.0,0.0,0.0,7500.0,7500.0,0.0,7412.6934,-87.306640625,-1.1640885416666666
2026-07-25,Tamil Nadu,Coimbatore,Sundarapuram(Uzhavar Sandhai ),Neelam,7000.0,8000.0,7500.0,2026,7,25,206,5,30,7500.0,7500.0,7500.0,0.0,0.0,7500.0,7500.0,0.0,7434.114,-65.88623046875,-0.8784830729166667
2026-07-28,Tamil Nadu,Coimbatore,Sundarapuram(Uzhavar Sandhai ),Neelam,7000.0,8000.0,7500.0,2026,7,28,209,1,31,7500.0,7500.0,7500.0,0.0,0.0,7500.0,7500.0,0.0,7444.3394,-55.66064453125,-0.7421419270833334
2026-07-29,Tamil Nadu,Coimbatore,Sundarapuram(Uzhavar Sandhai ),Neelam,7000.0,8000.0,7500.0,2026,7,29,210,2,31,7500.0,7500.0,7500.0,0.0,0.0,7500.0,7500.0,0.0,7433.4463,-66.5537109375,-0.8873828125000001
2026-07-12,Tamil Nadu,Coimbatore,Vadavalli(Uzhavar Sandhai ),Safeda,7000.0,12000.0,9500.0,2026,7,12,193,6,28,14000.0,9000.0,9500.0,-4500.0,500.0,11833.333333333334,10500.0,1936.4916731037083,9167.274,-332.7255859375,-3.5023745888157896
2026-07-13,Tamil Nadu,Coimbatore,Vadavalli(Uzhavar Sandhai ),Safeda,7000.0,12000.0,9500.0,2026,7,13,194,0,29,9500.0,12500.0,9500.0,0.0,-3000.0,12000.0,10500.0,1936.4916731037083,9534.173,34.1728515625,0.3597142269736842
2026-07-14,Tamil Nadu,Coimbatore,Vadavalli(Uzhavar Sandhai ),Safeda,7000.0,12000.0,9500.0,2026,7,14,195,1,29,9500.0,14000.0,9500.0,0.0,-4500.0,11000.0,10500.0,1936.4916731037083,9268.591,-231.4091796875,-2.435886101973684
2026-07-15,Tamil Nadu,Coimbatore,Vadavalli(Uzhavar Sandhai ),Safeda,7000.0,12000.0,9500.0,2026,7,15,196,2,29,9500.0,9500.0,9500.0,0.0,0.0,9500.0,10500.0,1936.4916731037083,9180.678,-319.322265625,-3.3612870065789475
2026-07-16,Tamil Nadu,Coimbatore,Vadavalli(Uzhavar Sandhai ),Safeda,8000.0,13000.0,10500.0,2026,7,16,197,3,29,9500.0,9500.0,9000.0,1000.0,1000.0,9500.0,10500.0,1936.4916731037083,10293.992,-206.0078125,-1.9619791666666668
2026-07-17,Tamil Nadu,Coimbatore,Vadavalli(Uzhavar Sandhai ),Safeda,10000.0,15000.0,12500.0,2026,7,17,198,4,29,10500.0,9500.0,12500.0,2000.0,3000.0,9833.333333333334,10714.285714285714,1822.478688881868,10791.121,-1708.87890625,-13.671031249999999
2026-07-18,Tamil Nadu,Coimbatore,Vadavalli(Uzhavar Sandhai ),Safeda,10000.0,11000.0,10500.0,2026,7,18,199,5,29,12500.0,9500.0,14000.0,-2000.0,1000.0,10833.333333333334,10714.285714285714,1822.478688881868,10690.421,190.4208984375,1.8135323660714286
2026-07-19,Tamil Nadu,Coimbatore,Vadavalli(Uzhavar Sandhai ),Safeda,7000.0,11000.0,9000.0,2026,7,19,200,6,29,10500.0,10500.0,9500.0,-1500.0,-1500.0,11166.666666666666,10214.285714285714,1112.6972805283735,9468.464,468.4638671875,5.205154079861111
2026-07-20,Tamil Nadu,Coimbatore,Vadavalli(Uzhavar Sandhai ),Safeda,8000.0,11000.0,9500.0,2026,7,20,201,0,30,9000.0,12500.0,9500.0,500.0,-3000.0,10666.666666666666,10142.857142857143,1180.1936887041643,9073.214,-426.7861328125,-4.492485608552632
2026-07-21,Tamil Nadu,Coimbatore,Vadavalli(Uzhavar Sandhai ),Safeda,8000.0,12000.0,10000.0,2026,7,21,202,1,30,9500.0,10500.0,9500.0,500.0,-500.0,9666.666666666666,10142.857142857143,1180.1936887041643,9480.909,-519.0908203125,-5.190908203125
2026-07-22,Tamil Nadu,Coimbatore,Vadavalli(Uzhavar Sandhai ),Safeda,8000.0,12000.0,10000.0,2026,7,22,203,2,30,10000.0,9000.0,9500.0,0.0,1000.0,9500.0,10214.285714285714,1149.53406710222,9636.773,-363.2265625,-3.632265625
2026-07-23,Tamil Nadu,Coimbatore,Vadavalli(Uzhavar Sandhai ),Safeda,8000.0,11000.0,9500.0,2026,7,23,204,3,30,10000.0,9500.0,10500.0,-500.0,0.0,9833.333333333334,10285.714285714286,1112.6972805283738,9541.28,41.2802734375,0.43452919407894736
2026-07-24,Tamil Nadu,Coimbatore,Vadavalli(Uzhavar Sandhai ),Safeda,10000.0,11000.0,10500.0,2026,7,24,205,4,30,9500.0,10000.0,12500.0,1000.0,500.0,9833.333333333334,10142.857142857143,1144.3442705426585,10043.594,-456.40625,-4.346726190476191
2026-07-25,Tamil Nadu,Coimbatore,Vadavalli(Uzhavar Sandhai ),Safeda,10000.0,11000.0,10500.0,2026,7,25,206,5,30,10500.0,10000.0,10500.0,0.0,500.0,10000.0,9857.142857142857,556.3486402641843,10068.12,-431.8798828125,-4.113141741071429
2026-07-26,Tamil Nadu,Coimbatore,Vadavalli(Uzhavar Sandhai ),Safeda,6500.0,8000.0,7250.0,2026,7,26,207,6,30,10500.0,9500.0,9000.0,-3250.0,-2250.0,10166.666666666666,9857.142857142857,556.3486402641843,8592.698,1342.6982421875,18.519975754310344
2026-07-27,Tamil Nadu,Coimbatore,Vadavalli(Uzhavar Sandhai ),Safeda,6000.0,8000.0,7000.0,2026,7,27,208,0,31,7250.0,10500.0,9500.0,-250.0,-3500.0,9416.666666666666,9607.142857142857,1116.702202703928,7683.2983,683.29833984375,9.761404854910714
2026-07-28,Tamil Nadu,Coimbatore,Vadavalli(Uzhavar Sandhai ),Safeda,6500.0,8000.0,7250.0,2026,7,28,209,1,31,7000.0,10500.0,10000.0,250.0,-3250.0,8250.0,9250.0,1493.0394055974073,7623.113,373.11279296875,5.146383351293103
2026-07-29,Tamil Nadu,Coimbatore,Vadavalli(Uzhavar Sandhai ),Safeda,6000.0,8000.0,7000.0,2026,7,29,210,2,31,7250.0,7250.0,10000.0,-250.0,-250.0,7166.666666666667,8857.142857142857,1619.2664417951107,7511.9146,511.91455078125,7.313065011160715
2026-07-13,Tamil Nadu,Cuddalore,Cuddalore(Uzhavar Sandhai ),Safeda,3000.0,5000.0,4000.0,2026,7,13,194,0,29,4000.0,4000.0,4000.0,0.0,0.0,4000.0,3857.142857142858,377.9644730092272,3959.6843,-40.315673828125,-1.007891845703125
2026-07-14,Tamil Nadu,Cuddalore,Cuddalore(Uzhavar Sandhai ),Safeda,3000.0,5000.0,4000.0,2026,7,14,195,1,29,4000.0,4000.0,4000.0,0.0,0.0,4000.0,3857.142857142858,377.9644730092272,3963.3586,-36.641357421875,-0.916033935546875
2026-07-15,Tamil Nadu,Cuddalore,Cuddalore(Uzhavar Sandhai ),Safeda,3000.0,3000.0,3000.0,2026,7,15,196,2,29,4000.0,4000.0,3000.0,-1000.0,-1000.0,4000.0,3857.142857142858,377.9644730092272,3092.4644,92.46435546875,3.0821451822916663
2026-07-16,Tamil Nadu,Cuddalore,Cuddalore(Uzhavar Sandhai ),Safeda,5000.0,5000.0,5000.0,2026,7,16,197,3,29,3000.0,4000.0,4000.0,2000.0,1000.0,3666.6666666666665,3857.142857142858,377.9644730092273,4287.6226,-712.37744140625,-14.247548828125002
2026-07-17,Tamil Nadu,Cuddalore,Cuddalore(Uzhavar Sandhai ),Safeda,5000.0,5000.0,5000.0,2026,7,17,198,4,29,5000.0,4000.0,4000.0,0.0,1000.0,4000.0,4000.0,577.3502691896258,4742.1387,-257.861328125,-5.1572265625
2026-07-18,Tamil Nadu,Cuddalore,Cuddalore(Uzhavar Sandhai ),Safeda,5000.0,5000.0,5000.0,2026,7,18,199,5,29,5000.0,3000.0,4000.0,0.0,2000.0,4333.333333333333,4142.857142857143,690.0655593423543,4818.6714,-181.32861328125,-3.6265722656249997
2026-07-19,Tamil Nadu,Cuddalore,Cuddalore(Uzhavar Sandhai ),Safeda,5000.0,5000.0,5000.0,2026,7,19,200,6,29,5000.0,5000.0,4000.0,0.0,0.0,5000.0,4285.714285714285,755.9289460184544,5096.698,96.6982421875,1.9339648437499999
2026-07-20,Tamil Nadu,Cuddalore,Cuddalore(Uzhavar Sandhai ),Safeda,3000.0,5000.0,4000.0,2026,7,20,201,0,30,5000.0,5000.0,4000.0,-1000.0,-1000.0,5000.0,4428.571428571428,786.795792469443,4181.355,181.35498046875,4.53387451171875
2026-07-21,Tamil Nadu,Cuddalore,Cuddalore(Uzhavar Sandhai ),Safeda,5000.0,7000.0,6000.0,2026,7,21,202,1,30,4000.0,5000.0,4000.0,2000.0,1000.0,4666.666666666667,4428.571428571428,786.795792469443,5226.2095,-773.79052734375,-12.8965087890625
2026-07-22,Tamil Nadu,Cuddalore,Cuddalore(Uzhavar Sandhai ),Safeda,5000.0,7000.0,6000.0,2026,7,22,203,2,30,6000.0,5000.0,3000.0,0.0,1000.0,5000.0,4714.285714285715,951.1897312113416,5670.804,-329.19580078125,-5.4865966796875
2026-07-23,Tamil Nadu,Cuddalore,Cuddalore(Uzhavar Sandhai ),Safeda,5000.0,5000.0,5000.0,2026,7,23,204,3,30,6000.0,4000.0,5000.0,-1000.0,1000.0,5333.333333333333,5142.857142857143,690.0655593423536,5144.6636,144.66357421875,2.893271484375
2026-07-24,Tamil Nadu,Cuddalore,Cuddalore(Uzhavar Sandhai ),Safeda,5000.0,7000.0,6000.0,2026,7,24,205,4,30,5000.0,6000.0,5000.0,1000.0,0.0,5666.666666666667,5142.857142857143,690.0655593423536,5780.735,-219.26513671875,-3.6544189453125
2026-07-25,Tamil Nadu,Cuddalore,Cuddalore(Uzhavar Sandhai ),Safeda,5000.0,7000.0,6000.0,2026,7,25,206,5,30,6000.0,6000.0,5000.0,0.0,0.0,5666.666666666667,5285.714285714285,755.9289460184539,5934.61,-65.39013671875,-1.0898356119791666
2026-07-26,Tamil Nadu,Cuddalore,Cuddalore(Uzhavar Sandhai ),Safeda,5000.0,7000.0,6000.0,2026,7,26,207,6,30,6000.0,5000.0,5000.0,0.0,1000.0,5666.666666666667,5428.571428571428,786.7957924694424,5879.286,-120.7138671875,-2.0118977864583334
2026-07-27,Tamil Nadu,Cuddalore,Cuddalore(Uzhavar Sandhai ),Safeda,5000.0,7000.0,6000.0,2026,7,27,208,0,31,6000.0,6000.0,4000.0,0.0,0.0,6000.0,5571.428571428572,786.7957924694423,6013.453,13.453125,0.22421875
2026-07-28,Tamil Nadu,Cuddalore,Cuddalore(Uzhavar Sandhai ),Safeda,5000.0,7000.0,6000.0,2026,7,28,209,1,31,6000.0,6000.0,6000.0,0.0,0.0,6000.0,5857.142857142857,377.96447300922426,6064.6016,64.6015625,1.0766927083333333
2026-07-29,Tamil Nadu,Cuddalore,Cuddalore(Uzhavar Sandhai ),Safeda,5000.0,5000.0,5000.0,2026,7,29,210,2,31,6000.0,6000.0,6000.0,-1000.0,-1000.0,6000.0,5857.142857142857,377.96447300922426,5287.944,287.94384765625,5.758876953125
2026-07-16,Tamil Nadu,Cuddalore,Vadalur(Uzhavar Sandhai ),Neelam,4000.0,4000.0,4000.0,2026,7,16,197,3,29,4000.0,3500.0,3000.0,0.0,500.0,3833.3333333333335,3642.857142857142,377.9644730092272,3926.4504,-73.549560546875,-1.838739013671875
2026-07-19,Tamil Nadu,Cuddalore,Vadalur(Uzhavar Sandhai ),Neelam,4000.0,4000.0,4000.0,2026,7,19,200,6,29,4000.0,4000.0,3500.0,0.0,0.0,4000.0,3785.714285714286,267.26124191242405,4002.2427,2.24267578125,0.05606689453125
2026-07-23,Tamil Nadu,Cuddalore,Vadalur(Uzhavar Sandhai ),Neelam,4000.0,4000.0,4000.0,2026,7,23,204,3,30,4000.0,4000.0,3500.0,0.0,0.0,4000.0,3857.142857142858,243.97501823713276,3955.3733,-44.626708984375,-1.115667724609375
2026-07-26,Tamil Nadu,Cuddalore,Vadalur(Uzhavar Sandhai ),Neelam,4000.0,4000.0,4000.0,2026,7,26,207,6,30,4000.0,4000.0,4000.0,0.0,0.0,4000.0,3928.571428571429,188.98223650461264,4017.2043,17.204345703125,0.430108642578125
2026-07-13,Tamil Nadu,Dharmapuri,AJattihalli(Uzhavar Sandhai ),Neelam,6000.0,6000.0,6000.0,2026,7,13,194,0,29,6000.0,5750.0,6000.0,0.0,250.0,5916.666666666667,5678.571428571428,472.4555912615341,5998.1313,-1.86865234375,-0.03114420572916667
2026-07-14,Tamil Nadu,Dharmapuri,AJattihalli(Uzhavar Sandhai ),Neelam,5000.0,5000.0,5000.0,2026,7,14,195,1,29,6000.0,6000.0,6000.0,-1000.0,-1000.0,6000.0,5678.571428571428,472.4555912615341,5188.95,188.9501953125,3.7790039062500003
2026-07-15,Tamil Nadu,Dharmapuri,AJattihalli(Uzhavar Sandhai ),Neelam,5000.0,6000.0,5500.0,2026,7,15,196,2,29,5000.0,6000.0,5000.0,500.0,-500.0,5666.666666666667,5535.714285714285,508.85024459910744,5412.3193,-87.6806640625,-1.5941938920454546
2026-07-16,Tamil Nadu,Dharmapuri,AJattihalli(Uzhavar Sandhai ),Neelam,5000.0,5000.0,5000.0,2026,7,16,197,3,29,5500.0,6000.0,5000.0,-500.0,-1000.0,5500.0,5607.142857142857,453.163483587483,5135.5127,135.5126953125,2.71025390625
2026-07-17,Tamil Nadu,Dharmapuri,AJattihalli(Uzhavar Sandhai ),Neelam,4500.0,5000.0,4750.0,2026,7,17,198,4,29,5000.0,5000.0,5750.0,-250.0,-250.0,5166.666666666667,5607.142857142857,453.163483587483,4876.731,126.73095703125,2.6680201480263155
2026-07-21,Tamil Nadu,Dharmapuri,AJattihalli(Uzhavar Sandhai ),Neelam,6000.0,6000.0,6000.0,2026,7,21,202,1,30,4750.0,5500.0,6000.0,1250.0,500.0,5083.333333333333,5464.285714285715,548.2656637937835,5530.657,-469.3427734375,-7.822379557291667
2026-07-24,Tamil Nadu,Dharmapuri,AJattihalli(Uzhavar Sandhai ),Neelam,4800.0,5000.0,4900.0,2026,7,24,205,4,30,6000.0,5000.0,6000.0,-1100.0,-100.0,5250.0,5464.285714285715,548.2656637937835,5120.829,220.8291015625,4.506716358418368
2026-07-12,Tamil Nadu,Dharmapuri,Dharmapuri(Uzhavar Sandhai ),Safeda,4600.0,5000.0,4800.0,2026,7,12,193,6,28,4800.0,4800.0,4800.0,0.0,0.0,4800.0,4785.714285714285,24.397501823713387,4939.5215,139.521484375,2.9066975911458335
2026-07-13,Tamil Nadu,Dharmapuri,Dharmapuri(Uzhavar Sandhai ),Safeda,4600.0,5000.0,4800.0,2026,7,13,194,0,29,4800.0,4800.0,4750.0,0.0,0.0,4800.0,4785.714285714285,24.397501823713387,4869.802,69.8017578125,1.4542032877604165
2026-07-14,Tamil Nadu,Dharmapuri,Dharmapuri(Uzhavar Sandhai ),Safeda,4600.0,5000.0,4800.0,2026,7,14,195,1,29,4800.0,4800.0,4750.0,0.0,0.0,4800.0,4792.857142857143,18.898223650461645,4892.489,92.48876953125,1.926849365234375
2026-07-15,Tamil Nadu,Dharmapuri,Dharmapuri(Uzhavar Sandhai ),Safeda,4600.0,5000.0,4800.0,2026,7,15,196,2,29,4800.0,4800.0,4800.0,0.0,0.0,4800.0,4800.0,0.0,4884.1973,84.197265625,1.7541097005208333
2026-07-16,Tamil Nadu,Dharmapuri,Dharmapuri(Uzhavar Sandhai ),Safeda,4800.0,5000.0,4900.0,2026,7,16,197,3,29,4800.0,4800.0,4800.0,100.0,100.0,4800.0,4800.0,0.0,5011.5884,111.58837890625,2.277313855229592
2026-07-17,Tamil Nadu,Dharmapuri,Dharmapuri(Uzhavar Sandhai ),Safeda,4600.0,5000.0,4800.0,2026,7,17,198,4,29,4900.0,4800.0,4800.0,-100.0,0.0,4833.333333333333,4814.285714285715,37.79644730092264,4902.394,102.39404296875,2.133209228515625
2026-07-18,Tamil Nadu,Dharmapuri,Dharmapuri(Uzhavar Sandhai ),Safeda,4600.0,5000.0,4800.0,2026,7,18,199,5,29,4800.0,4800.0,4800.0,0.0,0.0,4833.333333333333,4814.285714285715,37.79644730092264,4883.1313,83.13134765625,1.731903076171875
2026-07-19,Tamil Nadu,Dharmapuri,Dharmapuri(Uzhavar Sandhai ),Safeda,4600.0,5000.0,4800.0,2026,7,19,200,6,29,4800.0,4900.0,4800.0,0.0,-100.0,4833.333333333333,4814.285714285715,37.79644730092264,4937.527,137.52685546875,2.865142822265625
2026-07-20,Tamil Nadu,Dharmapuri,Dharmapuri(Uzhavar Sandhai ),Safeda,4600.0,5000.0,4800.0,2026,7,20,201,0,30,4800.0,4800.0,4800.0,0.0,0.0,4800.0,4814.285714285715,37.79644730092264,4864.1743,64.17431640625,1.3369649251302085
2026-07-21,Tamil Nadu,Dharmapuri,Dharmapuri(Uzhavar Sandhai ),Safeda,4500.0,5000.0,4750.0,2026,7,21,202,1,30,4800.0,4800.0,4800.0,-50.0,-50.0,4800.0,4814.285714285715,37.79644730092264,4844.5186,94.5185546875,1.9898643092105261
2026-07-22,Tamil Nadu,Dharmapuri,Dharmapuri(Uzhavar Sandhai ),Safeda,4500.0,5000.0,4750.0,2026,7,22,203,2,30,4750.0,4800.0,4800.0,0.0,-50.0,4783.333333333333,4807.142857142857,44.98677054212189,4840.238,90.23779296875,1.899743009868421
2026-07-23,Tamil Nadu,Dharmapuri,Dharmapuri(Uzhavar Sandhai ),Safeda,4600.0,5000.0,4800.0,2026,7,23,204,3,30,4750.0,4800.0,4900.0,50.0,0.0,4766.666666666667,4800.0,50.00000000000014,4902.249,102.2490234375,2.13018798828125
2026-07-24,Tamil Nadu,Dharmapuri,Dharmapuri(Uzhavar Sandhai ),Safeda,4600.0,5000.0,4800.0,2026,7,24,205,4,30,4800.0,4750.0,4800.0,0.0,50.0,4766.666666666667,4785.714285714285,24.397501823714126,4882.7715,82.771484375,1.7244059244791665
2026-07-25,Tamil Nadu,Dharmapuri,Dharmapuri(Uzhavar Sandhai ),Safeda,4600.0,5000.0,4800.0,2026,7,25,206,5,30,4800.0,4750.0,4800.0,0.0,50.0,4783.333333333333,4785.714285714285,24.397501823714126,4826.116,26.1162109375,0.5440877278645834
2026-07-26,Tamil Nadu,Dharmapuri,Dharmapuri(Uzhavar Sandhai ),Safeda,4500.0,5000.0,4750.0,2026,7,26,207,6,30,4800.0,4800.0,4800.0,-50.0,-50.0,4800.0,4785.714285714285,24.397501823714126,4884.122,134.1220703125,2.823622532894737
2026-07-27,Tamil Nadu,Dharmapuri,Dharmapuri(Uzhavar Sandhai ),Safeda,4600.0,5000.0,4800.0,2026,7,27,208,0,31,4750.0,4800.0,4800.0,50.0,0.0,4783.333333333333,4778.571428571428,26.72612419124335,4886.4277,86.427734375,1.8005777994791665
2026-07-28,Tamil Nadu,Dharmapuri,Dharmapuri(Uzhavar Sandhai ),Safeda,4800.0,5000.0,4900.0,2026,7,28,209,1,31,4800.0,4800.0,4750.0,100.0,100.0,4783.333333333333,4778.571428571428,26.72612419124335,5066.534,166.5341796875,3.3986567283163267
2026-07-29,Tamil Nadu,Dharmapuri,Dharmapuri(Uzhavar Sandhai ),Safeda,4500.0,5000.0,4750.0,2026,7,29,210,2,31,4900.0,4750.0,4750.0,-150.0,0.0,4816.666666666667,4800.0,50.00000000000014,4878.5474,128.54736328125,2.7062602796052633
2026-07-14,Tamil Nadu,Dharmapuri,Harur(Uzhavar Sandhai ),Other,4000.0,5000.0,4500.0,2026,7,14,195,1,29,4500.0,4500.0,4500.0,0.0,0.0,4500.0,4428.571428571428,313.3915852640043,4505.446,5.44580078125,0.12101779513888888
2026-07-15,Tamil Nadu,Dharmapuri,Harur(Uzhavar Sandhai ),Other,4000.0,5000.0,4500.0,2026,7,15,196,2,29,4500.0,4500.0,4750.0,0.0,0.0,4500.0,4428.571428571428,313.3915852640043,4523.628,23.6279296875,0.5250651041666667
2026-07-16,Tamil Nadu,Dharmapuri,Harur(Uzhavar Sandhai ),Other,4000.0,5000.0,4500.0,2026,7,16,197,3,29,4500.0,4500.0,4500.0,0.0,0.0,4500.0,4392.857142857143,283.4733547569203,4508.006,8.005859375,0.1779079861111111
2026-07-17,Tamil Nadu,Dharmapuri,Harur(Uzhavar Sandhai ),Other,4000.0,5000.0,4500.0,2026,7,17,198,4,29,4500.0,4500.0,3750.0,0.0,0.0,4500.0,4392.857142857143,283.4733547569203,4518.245,18.2451171875,0.4054470486111111
2026-07-18,Tamil Nadu,Dharmapuri,Harur(Uzhavar Sandhai ),Other,4000.0,5000.0,4500.0,2026,7,18,199,5,29,4500.0,4500.0,4500.0,0.0,0.0,4500.0,4500.0,0.0,4482.692,-17.30810546875,-0.3846245659722222
2026-07-19,Tamil Nadu,Dharmapuri,Harur(Uzhavar Sandhai ),Other,4000.0,5000.0,4500.0,2026,7,19,200,6,29,4500.0,4500.0,4500.0,0.0,0.0,4500.0,4500.0,0.0,4555.319,55.31884765625,1.2293077256944445
2026-07-20,Tamil Nadu,Dharmapuri,Harur(Uzhavar Sandhai ),Other,3500.0,4000.0,3750.0,2026,7,20,201,0,30,4500.0,4500.0,4500.0,-750.0,-750.0,4500.0,4500.0,0.0,4034.185,284.18505859375,7.5782682291666665
2026-07-21,Tamil Nadu,Dharmapuri,Harur(Uzhavar Sandhai ),Other,3500.0,4000.0,3750.0,2026,7,21,202,1,30,3750.0,4500.0,4500.0,0.0,-750.0,4250.0,4392.857142857143,283.47335475692046,3751.9934,1.993408203125,0.05315755208333334
2026-07-24,Tamil Nadu,Dharmapuri,Harur(Uzhavar Sandhai ),Other,4000.0,5000.0,4500.0,2026,7,24,205,4,30,3750.0,4500.0,4500.0,750.0,0.0,4000.0,4285.714285714285,365.96252735569993,4291.994,-208.005859375,-4.622352430555556
2026-07-25,Tamil Nadu,Dharmapuri,Harur(Uzhavar Sandhai ),Other,4000.0,5000.0,4500.0,2026,7,25,206,5,30,4500.0,3750.0,4500.0,0.0,750.0,4000.0,4285.714285714285,365.96252735569993,4468.784,-31.2158203125,-0.6936848958333334
2026-07-27,Tamil Nadu,Dharmapuri,Harur(Uzhavar Sandhai ),Other,4000.0,5000.0,4500.0,2026,7,27,208,0,31,4500.0,3750.0,4500.0,0.0,750.0,4250.0,4285.714285714285,365.96252735569993,4462.925,-37.0751953125,-0.8238932291666667
2026-07-12,Tamil Nadu,Dharmapuri,Karimangalam(Uzhavar Sandhai),Safeda,3800.0,4000.0,3900.0,2026,7,12,193,6,28,3750.0,3900.0,3900.0,150.0,0.0,3850.0,3857.142857142858,73.19250547114002,3985.1177,85.11767578125,2.1825045072115383
2026-07-13,Tamil Nadu,Dharmapuri,Karimangalam(Uzhavar Sandhai),Safeda,3800.0,4000.0,3900.0,2026,7,13,194,0,29,3900.0,3900.0,3750.0,0.0,0.0,3850.0,3857.142857142858,73.19250547114002,3944.1218,44.121826171875,1.131328876201923
2026-07-14,Tamil Nadu,Dharmapuri,Karimangalam(Uzhavar Sandhai),Safeda,3800.0,4000.0,3900.0,2026,7,14,195,1,29,3900.0,3750.0,3900.0,0.0,150.0,3850.0,3878.571428571429,56.69467095138409,3932.9072,32.9072265625,0.8437750400641026
2026-07-15,Tamil Nadu,Dharmapuri,Karimangalam(Uzhavar Sandhai),Safeda,3800.0,4000.0,3900.0,2026,7,15,196,2,29,3900.0,3900.0,3900.0,0.0,0.0,3900.0,3878.571428571429,56.69467095138409,3944.1284,44.12841796875,1.1314978966346154
2026-07-16,Tamil Nadu,Dharmapuri,Karimangalam(Uzhavar Sandhai),Safeda,3800.0,4000.0,3900.0,2026,7,16,197,3,29,3900.0,3900.0,3900.0,0.0,0.0,3900.0,3878.571428571429,56.69467095138409,3946.1987,46.19873046875,1.1845828325320513
2026-07-17,Tamil Nadu,Dharmapuri,Karimangalam(Uzhavar Sandhai),Safeda,3800.0,4000.0,3900.0,2026,7,17,198,4,29,3900.0,3900.0,3900.0,0.0,0.0,3900.0,3878.571428571429,56.69467095138409,3949.9062,49.90625,1.279647435897436
2026-07-18,Tamil Nadu,Dharmapuri,Karimangalam(Uzhavar Sandhai),Safeda,3300.0,3500.0,3400.0,2026,7,18,199,5,29,3900.0,3900.0,3750.0,-500.0,-500.0,3900.0,3878.571428571429,56.69467095138409,3359.204,-40.7958984375,-1.1998793658088236
2026-07-19,Tamil Nadu,Dharmapuri,Karimangalam(Uzhavar Sandhai),Safeda,3300.0,3500.0,3400.0,2026,7,19,200,6,29,3400.0,3900.0,3900.0,0.0,-500.0,3733.3333333333335,3828.571428571429,188.9822365046136,3424.147,24.14697265625,0.710205078125
2026-07-20,Tamil Nadu,Dharmapuri,Karimangalam(Uzhavar Sandhai),Safeda,3300.0,3500.0,3400.0,2026,7,20,201,0,30,3400.0,3900.0,3900.0,0.0,-500.0,3566.6666666666665,3757.142857142858,243.9750182371332,3351.5579,-48.442138671875,-1.4247687844669117
2026-07-21,Tamil Nadu,Dharmapuri,Karimangalam(Uzhavar Sandhai),Safeda,3300.0,3500.0,3400.0,2026,7,21,202,1,30,3400.0,3400.0,3900.0,0.0,0.0,3400.0,3685.714285714286,267.2612419124242,3374.3894,-25.610595703125,-0.753252814797794
2026-07-22,Tamil Nadu,Dharmapuri,Karimangalam(Uzhavar Sandhai),Safeda,3300.0,3500.0,3400.0,2026,7,22,203,2,30,3400.0,3400.0,3900.0,0.0,0.0,3400.0,3614.285714285714,267.2612419124241,3390.8325,-9.16748046875,-0.2696317784926471
2026-07-23,Tamil Nadu,Dharmapuri,Karimangalam(Uzhavar Sandhai),Safeda,3300.0,3500.0,3400.0,2026,7,23,204,3,30,3400.0,3400.0,3900.0,0.0,0.0,3400.0,3542.8571428571427,243.9750182371328,3383.1992,-16.80078125,-0.49414062499999994
2026-07-24,Tamil Nadu,Dharmapuri,Karimangalam(Uzhavar Sandhai),Safeda,3300.0,3500.0,3400.0,2026,7,24,205,4,30,3400.0,3400.0,3900.0,0.0,0.0,3400.0,3471.4285714285716,188.9822365046127,3390.6128,-9.38720703125,-0.2760943244485294
2026-07-25,Tamil Nadu,Dharmapuri,Karimangalam(Uzhavar Sandhai),Safeda,3300.0,3500.0,3400.0,2026,7,25,206,5,30,3400.0,3400.0,3400.0,0.0,0.0,3400.0,3400.0,0.0,3386.1592,-13.8408203125,-0.4070829503676471
2026-07-26,Tamil Nadu,Dharmapuri,Karimangalam(Uzhavar Sandhai),Safeda,3300.0,3500.0,3400.0,2026,7,26,207,6,30,3400.0,3400.0,3400.0,0.0,0.0,3400.0,3400.0,0.0,3395.6477,-4.352294921875,-0.12800867417279413
2026-07-16,Tamil Nadu,Dharmapuri,Palacode(Uzhavar Sandhai ),Neelam,4000.0,4500.0,4250.0,2026,7,16,197,3,29,3750.0,4750.0,4750.0,500.0,-500.0,4416.666666666667,4614.285714285715,381.56944072506377,4180.2227,-69.77734375,-1.6418198529411767
2026-07-21,Tamil Nadu,Dharmapuri,Palacode(Uzhavar Sandhai ),Neelam,4000.0,4500.0,4250.0,2026,7,21,202,1,30,4250.0,4750.0,4800.0,0.0,-500.0,4250.0,4542.857142857143,398.3597321397784,4248.2603,-1.73974609375,-0.04093520220588236
2026-07-22,Tamil Nadu,Dharmapuri,Palacode(Uzhavar Sandhai ),Neelam,4000.0,4500.0,4250.0,2026,7,22,203,2,30,4250.0,3750.0,4750.0,0.0,500.0,4083.3333333333335,4464.285714285715,393.39789623472114,4203.4937,-46.50634765625,-1.0942670036764706
2026-07-23,Tamil Nadu,Dharmapuri,Palacode(Uzhavar Sandhai ),Neelam,4000.0,4500.0,4250.0,2026,7,23,204,3,30,4250.0,4250.0,4750.0,0.0,0.0,4250.0,4392.857142857143,377.96447300922665,4218.097,-31.90283203125,-0.7506548713235294
2026-07-25,Tamil Nadu,Dharmapuri,Palacode(Uzhavar Sandhai ),Neelam,4000.0,4500.0,4250.0,2026,7,25,206,5,30,4250.0,4250.0,4750.0,0.0,0.0,4250.0,4321.428571428572,345.0327796711763,4212.4717,-37.5283203125,-0.8830193014705883
2026-07-26,Tamil Nadu,Dharmapuri,Palacode(Uzhavar Sandhai ),Neelam,4000.0,4500.0,4250.0,2026,7,26,207,6,30,4250.0,4250.0,4750.0,0.0,0.0,4250.0,4250.0,288.6751345948117,4364.4224,114.42236328125,2.6922909007352938
2026-07-24,Tamil Nadu,Dharmapuri,Palacode(Uzhavar Sandhai ),Safeda,4000.0,4500.0,4250.0,2026,7,24,205,4,30,3900.0,4250.0,4800.0,350.0,0.0,4133.333333333333,4507.142857142857,369.039938476144,4112.865,-137.134765625,-3.226700367647059
2026-07-12,Tamil Nadu,Dharmapuri,Pennagaram(Uzhavar Sandhai ),Safeda,3700.0,4000.0,3850.0,2026,7,12,193,6,28,3800.0,3850.0,3850.0,50.0,0.0,3833.3333333333335,3828.571428571429,26.726124191242477,3969.15,119.14990234375,3.0948026582792205
2026-07-13,Tamil Nadu,Dharmapuri,Pennagaram(Uzhavar Sandhai ),Safeda,3600.0,4000.0,3800.0,2026,7,13,194,0,29,3850.0,3850.0,3800.0,-50.0,-50.0,3833.3333333333335,3828.571428571429,26.726124191242477,3911.757,111.757080078125,2.9409757915296053
2026-07-14,Tamil Nadu,Dharmapuri,Pennagaram(Uzhavar Sandhai ),Safeda,3600.0,4000.0,3800.0,2026,7,14,195,1,29,3800.0,3800.0,3800.0,0.0,0.0,3816.6666666666665,3828.571428571429,26.726124191242477,3902.232,102.23193359375,2.69031404194079
2026-07-15,Tamil Nadu,Dharmapuri,Pennagaram(Uzhavar Sandhai ),Safeda,3700.0,4000.0,3850.0,2026,7,15,196,2,29,3800.0,3850.0,3850.0,50.0,0.0,3816.6666666666665,3828.571428571429,26.726124191242477,3899.799,49.799072265625,1.2934823965097402
2026-07-16,Tamil Nadu,Dharmapuri,Pennagaram(Uzhavar Sandhai ),Safeda,3700.0,4000.0,3850.0,2026,7,16,197,3,29,3850.0,3800.0,3850.0,0.0,50.0,3816.6666666666665,3828.571428571429,26.726124191242477,3915.396,65.39599609375,1.6985973011363638
2026-07-17,Tamil Nadu,Dharmapuri,Pennagaram(Uzhavar Sandhai ),Safeda,3700.0,4000.0,3850.0,2026,7,17,198,4,29,3850.0,3800.0,3850.0,0.0,50.0,3833.3333333333335,3828.571428571429,26.726124191242477,3920.4902,70.490234375,1.8309151785714284
2026-07-18,Tamil Nadu,Dharmapuri,Pennagaram(Uzhavar Sandhai ),Safeda,3600.0,4000.0,3800.0,2026,7,18,199,5,29,3850.0,3850.0,3800.0,-50.0,-50.0,3850.0,3828.571428571429,26.726124191242477,3900.5574,100.557373046875,2.6462466591282894
2026-07-19,Tamil Nadu,Dharmapuri,Pennagaram(Uzhavar Sandhai ),Safeda,3700.0,4000.0,3850.0,2026,7,19,200,6,29,3800.0,3850.0,3850.0,50.0,0.0,3833.3333333333335,3828.571428571429,26.726124191242477,3961.2192,111.21923828125,2.888811383928571
2026-07-20,Tamil Nadu,Dharmapuri,Pennagaram(Uzhavar Sandhai ),Safeda,3700.0,4000.0,3850.0,2026,7,20,201,0,30,3850.0,3850.0,3800.0,0.0,0.0,3833.3333333333335,3828.571428571429,26.726124191242477,3920.784,70.783935546875,1.8385437804383116
2026-07-21,Tamil Nadu,Dharmapuri,Pennagaram(Uzhavar Sandhai ),Safeda,3600.0,4000.0,3800.0,2026,7,21,202,1,30,3850.0,3800.0,3800.0,-50.0,0.0,3833.3333333333335,3835.714285714286,24.397501823713217,3900.0422,100.042236328125,2.6326904296875
2026-07-22,Tamil Nadu,Dharmapuri,Pennagaram(Uzhavar Sandhai ),Safeda,3600.0,4000.0,3800.0,2026,7,22,203,2,30,3800.0,3850.0,3850.0,0.0,-50.0,3833.3333333333335,3835.714285714286,24.397501823713217,3908.2297,108.229736328125,2.8481509560032894
2026-07-23,Tamil Nadu,Dharmapuri,Pennagaram(Uzhavar Sandhai ),Safeda,3600.0,4000.0,3800.0,2026,7,23,204,3,30,3800.0,3850.0,3850.0,0.0,-50.0,3816.6666666666665,3828.571428571429,26.726124191242477,3912.0793,112.079345703125,2.9494564658717106
2026-07-24,Tamil Nadu,Dharmapuri,Pennagaram(Uzhavar Sandhai ),Safeda,3700.0,4000.0,3850.0,2026,7,24,205,4,30,3800.0,3800.0,3850.0,50.0,50.0,3800.0,3821.428571428571,26.726124191242608,3900.8298,50.829833984375,1.3202554281655845
2026-07-25,Tamil Nadu,Dharmapuri,Pennagaram(Uzhavar Sandhai ),Safeda,3600.0,4000.0,3800.0,2026,7,25,206,5,30,3850.0,3800.0,3800.0,-50.0,0.0,3816.6666666666665,3821.428571428571,26.726124191242608,3922.5508,122.55078125,3.2250205592105265
2026-07-26,Tamil Nadu,Dharmapuri,Pennagaram(Uzhavar Sandhai ),Safeda,3600.0,4000.0,3800.0,2026,7,26,207,6,30,3800.0,3800.0,3850.0,0.0,0.0,3816.6666666666665,3821.428571428571,26.726124191242608,3926.4377,126.437744140625,3.3273090563322367
2026-07-27,Tamil Nadu,Dharmapuri,Pennagaram(Uzhavar Sandhai ),Safeda,3600.0,4000.0,3800.0,2026,7,27,208,0,31,3800.0,3850.0,3850.0,0.0,-50.0,3816.6666666666665,3814.285714285714,24.39750182371374,3897.2483,97.248291015625,2.559165553042763
2026-07-28,Tamil Nadu,Dharmapuri,Pennagaram(Uzhavar Sandhai ),Safeda,2500.0,3000.0,2750.0,2026,7,28,209,1,31,3800.0,3800.0,3800.0,-1050.0,-1050.0,3800.0,3807.142857142858,18.89822365046229,3018.0168,268.016845703125,9.746067116477272
2026-07-29,Tamil Nadu,Dharmapuri,Pennagaram(Uzhavar Sandhai ),Safeda,2800.0,3000.0,2900.0,2026,7,29,210,2,31,2750.0,3800.0,3800.0,150.0,-900.0,3450.0,3657.142857142858,400.4461797259943,3008.7075,108.70751953125,3.74853515625
2026-07-19,Tamil Nadu,Dindigul,Chinnalapatti(Uzhavar Sandhai ),Neelam,4000.0,6000.0,5000.0,2026,7,19,200,6,29,4500.0,4500.0,5500.0,500.0,500.0,4500.0,4642.857142857143,377.9644730092272,4907.172,-92.828125,-1.8565625
2026-07-23,Tamil Nadu,Dindigul,Chinnalapatti(Uzhavar Sandhai ),Neelam,4000.0,5000.0,4500.0,2026,7,23,204,3,30,5000.0,4500.0,4500.0,-500.0,0.0,4666.666666666667,4571.428571428572,188.9822365046136,4578.3037,78.3037109375,1.7400824652777778
2026-07-25,Tamil Nadu,Dindigul,Chinnalapatti(Uzhavar Sandhai ),Neelam,4000.0,5000.0,4500.0,2026,7,25,206,5,30,4500.0,4500.0,4500.0,0.0,0.0,4666.666666666667,4571.428571428572,188.9822365046136,4566.7197,66.7197265625,1.4826605902777779
2026-07-29,Tamil Nadu,Dindigul,Chinnalapatti(Uzhavar Sandhai ),Neelam,4000.0,5000.0,4500.0,2026,7,29,210,2,31,4500.0,5000.0,4500.0,0.0,-500.0,4666.666666666667,4571.428571428572,188.9822365046136,4574.282,74.2822265625,1.6507161458333333
2026-07-20,Tamil Nadu,Dindigul,Chinnalapatti(Uzhavar Sandhai ),Safeda,4000.0,6000.0,5000.0,2026,7,20,201,0,30,4500.0,4500.0,4500.0,500.0,500.0,4500.0,4571.428571428572,188.98223650461367,4797.4814,-202.5185546875,-4.05037109375
2026-07-21,Tamil Nadu,Dindigul,Chinnalapatti(Uzhavar Sandhai ),Safeda,4000.0,6000.0,5000.0,2026,7,21,202,1,30,5000.0,4500.0,5000.0,0.0,500.0,4666.666666666667,4642.857142857143,243.9750182371332,4969.6626,-30.33740234375,-0.606748046875
2026-07-24,Tamil Nadu,Dindigul,Chinnalapatti(Uzhavar Sandhai ),Safeda,4000.0,5000.0,4500.0,2026,7,24,205,4,30,5000.0,4500.0,4500.0,-500.0,0.0,4833.333333333333,4642.857142857143,243.9750182371332,4650.077,150.0771484375,3.335047743055555
2026-07-26,Tamil Nadu,Dindigul,Chinnalapatti(Uzhavar Sandhai ),Safeda,4000.0,5000.0,4500.0,2026,7,26,207,6,30,4500.0,5000.0,4500.0,0.0,-500.0,4833.333333333333,4642.857142857143,243.9750182371332,4684.6426,184.642578125,4.1031684027777775
2026-07-27,Tamil Nadu,Dindigul,Chinnalapatti(Uzhavar Sandhai ),Safeda,4000.0,5000.0,4500.0,2026,7,27,208,0,31,4500.0,5000.0,4500.0,0.0,-500.0,4666.666666666667,4642.857142857143,243.9750182371332,4605.7246,105.724609375,2.349435763888889
2026-07-28,Tamil Nadu,Dindigul,Chinnalapatti(Uzhavar Sandhai ),Safeda,4000.0,5000.0,4500.0,2026,7,28,209,1,31,4500.0,4500.0,4500.0,0.0,0.0,4500.0,4642.857142857143,243.9750182371332,4647.2363,147.236328125,3.2719184027777777
2026-07-13,Tamil Nadu,Dindigul,Dindigul(Uzhavar Sandhai ),Safeda,4000.0,5000.0,4500.0,2026,7,13,194,0,29,4500.0,4500.0,5500.0,0.0,0.0,4333.333333333333,4571.428571428572,449.86770542121855,4541.568,41.56787109375,0.92373046875
2026-07-14,Tamil Nadu,Dindigul,Dindigul(Uzhavar Sandhai ),Safeda,4000.0,5000.0,4500.0,2026,7,14,195,1,29,4500.0,4000.0,4500.0,0.0,500.0,4333.333333333333,4428.571428571428,188.9822365046135,4397.66,-102.33984375,-2.27421875
2026-07-15,Tamil Nadu,Dindigul,Dindigul(Uzhavar Sandhai ),Safeda,4000.0,5000.0,4500.0,2026,7,15,196,2,29,4500.0,4500.0,4500.0,0.0,0.0,4500.0,4428.571428571428,188.9822365046135,4512.1123,12.1123046875,0.2691623263888889
2026-07-16,Tamil Nadu,Dindigul,Dindigul(Uzhavar Sandhai ),Safeda,4000.0,5000.0,4500.0,2026,7,16,197,3,29,4500.0,4500.0,4500.0,0.0,0.0,4500.0,4428.571428571428,188.9822365046135,4514.1816,14.181640625,0.31514756944444444
2026-07-17,Tamil Nadu,Dindigul,Dindigul(Uzhavar Sandhai ),Safeda,4000.0,5000.0,4500.0,2026,7,17,198,4,29,4500.0,4500.0,4500.0,0.0,0.0,4500.0,4428.571428571428,188.9822365046135,4521.595,21.59521484375,0.4798936631944445
2026-07-18,Tamil Nadu,Dindigul,Dindigul(Uzhavar Sandhai ),Safeda,4000.0,5000.0,4500.0,2026,7,18,199,5,29,4500.0,4500.0,4000.0,0.0,0.0,4500.0,4428.571428571428,188.9822365046135,4511.5103,11.51025390625,0.2557834201388889
2026-07-19,Tamil Nadu,Dindigul,Dindigul(Uzhavar Sandhai ),Safeda,5000.0,6000.0,5500.0,2026,7,19,200,6,29,4500.0,4500.0,4500.0,1000.0,1000.0,4500.0,4500.0,0.0,5158.8057,-341.1943359375,-6.203533380681818
2026-07-20,Tamil Nadu,Dindigul,Dindigul(Uzhavar Sandhai ),Safeda,4000.0,6000.0,5000.0,2026,7,20,201,0,30,5500.0,4500.0,4500.0,-500.0,500.0,4833.333333333333,4642.857142857143,377.9644730092272,4933.894,-66.10595703125,-1.3221191406250001
2026-07-21,Tamil Nadu,Dindigul,Dindigul(Uzhavar Sandhai ),Safeda,5000.0,6000.0,5500.0,2026,7,21,202,1,30,5000.0,4500.0,4500.0,500.0,1000.0,5000.0,4714.285714285715,393.3978962347215,5194.567,-305.43310546875,-5.553329190340909
2026-07-22,Tamil Nadu,Dindigul,Dindigul(Uzhavar Sandhai ),Safeda,5000.0,6000.0,5500.0,2026,7,22,203,2,30,5500.0,5500.0,4500.0,0.0,0.0,5333.333333333333,4857.142857142857,475.59486560567086,5385.47,-114.52978515625,-2.0823597301136365
2026-07-23,Tamil Nadu,Dindigul,Dindigul(Uzhavar Sandhai ),Safeda,4000.0,5000.0,4500.0,2026,7,23,204,3,30,5500.0,5000.0,4500.0,-1000.0,-500.0,5333.333333333333,5000.0,500.0000000000001,4674.9976,174.99755859375,3.8888346354166665
2026-07-24,Tamil Nadu,Dindigul,Dindigul(Uzhavar Sandhai ),Safeda,4000.0,5000.0,4500.0,2026,7,24,205,4,30,4500.0,5500.0,4500.0,0.0,-1000.0,5166.666666666667,5000.0,500.0000000000001,4643.0635,143.0634765625,3.1791883680555557
2026-07-25,Tamil Nadu,Dindigul,Dindigul(Uzhavar Sandhai ),Safeda,4000.0,5000.0,4500.0,2026,7,25,206,5,30,4500.0,5500.0,4500.0,0.0,-1000.0,4833.333333333333,5000.0,500.0000000000001,4601.0176,101.017578125,2.2448350694444446
2026-07-26,Tamil Nadu,Dindigul,Dindigul(Uzhavar Sandhai ),Safeda,4000.0,5000.0,4500.0,2026,7,26,207,6,30,4500.0,4500.0,5500.0,0.0,0.0,4500.0,5000.0,500.0000000000001,4699.519,199.51904296875,4.433756510416666
2026-07-27,Tamil Nadu,Dindigul,Dindigul(Uzhavar Sandhai ),Safeda,4000.0,5000.0,4500.0,2026,7,27,208,0,31,4500.0,4500.0,5000.0,0.0,0.0,4500.0,4857.142857142857,475.59486560567086,4664.994,164.994140625,3.6665364583333333
2026-07-28,Tamil Nadu,Dindigul,Dindigul(Uzhavar Sandhai ),Safeda,4000.0,5000.0,4500.0,2026,7,28,209,1,31,4500.0,4500.0,5500.0,0.0,0.0,4500.0,4785.714285714285,487.9500364742665,4697.6396,197.6396484375,4.3919921875
2026-07-29,Tamil Nadu,Dindigul,Dindigul(Uzhavar Sandhai ),Safeda,4000.0,5000.0,4500.0,2026,7,29,210,2,31,4500.0,4500.0,5500.0,0.0,0.0,4500.0,4642.857142857143,377.9644730092269,4663.6265,163.62646484375,3.6361436631944444
2026-07-17,Tamil Nadu,Dindigul,Palani(Uzhavar Sandhai ),Neelam,3000.0,4000.0,3500.0,2026,7,17,198,4,29,3500.0,3500.0,3000.0,0.0,0.0,3500.0,3357.1428571428573,196.6989481173608,3484.1975,-15.802490234375,-0.4514997209821428
2026-07-18,Tamil Nadu,Dindigul,Palani(Uzhavar Sandhai ),Neelam,2500.0,4000.0,3250.0,2026,7,18,199,5,29,3500.0,3500.0,3250.0,-250.0,-250.0,3500.0,3428.5714285714284,121.98750911856646,3235.9866,-14.013427734375,-0.4311823918269231
2026-07-20,Tamil Nadu,Dindigul,Palani(Uzhavar Sandhai ),Neelam,3000.0,4000.0,3500.0,2026,7,20,201,0,30,3250.0,3500.0,3250.0,250.0,0.0,3416.6666666666665,3428.5714285714284,121.98750911856646,3412.761,-87.239013671875,-2.4925432477678573
2026-07-21,Tamil Nadu,Dindigul,Palani(Uzhavar Sandhai ),Neelam,3000.0,4000.0,3500.0,2026,7,21,202,1,30,3500.0,3500.0,3500.0,0.0,0.0,3416.6666666666665,3464.285714285714,94.4911182523064,3526.0203,26.020263671875,0.7434361049107143
2026-07-22,Tamil Nadu,Dindigul,Palani(Uzhavar Sandhai ),Neelam,3000.0,4000.0,3500.0,2026,7,22,203,2,30,3500.0,3250.0,3500.0,0.0,250.0,3416.6666666666665,3464.285714285714,94.4911182523064,3536.005,36.0048828125,1.0287109375
2026-07-23,Tamil Nadu,Dindigul,Palani(Uzhavar Sandhai ),Neelam,3000.0,4000.0,3500.0,2026,7,23,204,3,30,3500.0,3500.0,3500.0,0.0,0.0,3500.0,3464.285714285714,94.4911182523064,3546.313,46.31298828125,1.3232282366071428
2026-07-24,Tamil Nadu,Dindigul,Palani(Uzhavar Sandhai ),Neelam,3000.0,4000.0,3500.0,2026,7,24,205,4,30,3500.0,3500.0,3500.0,0.0,0.0,3500.0,3464.285714285714,94.4911182523064,3553.7266,53.7265625,1.535044642857143
2026-07-25,Tamil Nadu,Dindigul,Palani(Uzhavar Sandhai ),Neelam,2000.0,4000.0,3000.0,2026,7,25,206,5,30,3500.0,3500.0,3500.0,-500.0,-500.0,3500.0,3464.285714285714,94.4911182523064,3153.1384,153.138427734375,5.1046142578125
2026-07-26,Tamil Nadu,Dindigul,Palani(Uzhavar Sandhai ),Neelam,2500.0,4000.0,3250.0,2026,7,26,207,6,30,3000.0,3500.0,3250.0,250.0,-250.0,3333.3333333333335,3392.8571428571427,196.69894811736089,3218.2388,-31.76123046875,-0.9772686298076924
2026-07-27,Tamil Nadu,Dindigul,Palani(Uzhavar Sandhai ),Neelam,2500.0,4000.0,3250.0,2026,7,27,208,0,31,3250.0,3500.0,3500.0,0.0,-250.0,3250.0,3392.8571428571427,196.69894811736089,3219.8906,-30.109375,-0.9264423076923076
2026-07-28,Tamil Nadu,Dindigul,Palani(Uzhavar Sandhai ),Neelam,2500.0,4000.0,3250.0,2026,7,28,209,1,31,3250.0,3000.0,3500.0,0.0,250.0,3166.6666666666665,3357.1428571428573,196.698948117361,3257.3252,7.3251953125,0.22539062499999998
2026-07-29,Tamil Nadu,Dindigul,Palani(Uzhavar Sandhai ),Neelam,2500.0,4000.0,3250.0,2026,7,29,210,2,31,3250.0,3250.0,3500.0,0.0,0.0,3250.0,3321.4285714285716,188.982236504614,3267.8171,17.817138671875,0.5482196514423077
2026-07-18,Tamil Nadu,Erode,Periyar Nagar(Uzhavar Sandhai ),Neelam,4500.0,5000.0,4750.0,2026,7,18,199,5,29,4750.0,4750.0,4250.0,0.0,0.0,4750.0,4535.714285714285,267.2612419124244,4679.997,-70.0029296875,-1.4737458881578946
2026-07-19,Tamil Nadu,Erode,Periyar Nagar(Uzhavar Sandhai ),Neelam,4500.0,5000.0,4750.0,2026,7,19,200,6,29,4750.0,4750.0,4250.0,0.0,0.0,4750.0,4607.142857142857,243.97501823713344,4761.2446,11.24462890625,0.23672902960526315
2026-07-20,Tamil Nadu,Erode,Periyar Nagar(Uzhavar Sandhai ),Neelam,4500.0,5000.0,4750.0,2026,7,20,201,0,30,4750.0,4750.0,4250.0,0.0,0.0,4750.0,4678.571428571428,188.982236504614,4761.5376,11.53759765625,0.2428967927631579
2026-07-24,Tamil Nadu,Erode,Periyar Nagar(Uzhavar Sandhai ),Neelam,5000.0,5500.0,5250.0,2026,7,24,205,4,30,4750.0,4750.0,4750.0,500.0,500.0,4750.0,4750.0,0.0,5339.728,89.72802734375,1.709105282738095
2026-07-26,Tamil Nadu,Erode,Periyar Nagar(Uzhavar Sandhai ),Neelam,5500.0,6000.0,5750.0,2026,7,26,207,6,30,5250.0,4750.0,4750.0,500.0,1000.0,4916.666666666667,4821.428571428572,188.9822365046136,5379.634,-370.3662109375,-6.441151494565217
2026-07-27,Tamil Nadu,Erode,Periyar Nagar(Uzhavar Sandhai ),Neelam,5500.0,6000.0,5750.0,2026,7,27,208,0,31,5750.0,4750.0,4750.0,0.0,1000.0,5250.0,4964.285714285715,393.3978962347214,5590.9355,-159.064453125,-2.766338315217391
2026-07-28,Tamil Nadu,Erode,Periyar Nagar(Uzhavar Sandhai ),Neelam,5500.0,6000.0,5750.0,2026,7,28,209,1,31,5750.0,5250.0,4750.0,0.0,500.0,5583.333333333333,5107.142857142857,475.5948656056708,5777.3545,27.3544921875,0.4757302989130434
2026-07-29,Tamil Nadu,Erode,Periyar Nagar(Uzhavar Sandhai ),Neelam,5500.0,6000.0,5750.0,2026,7,29,210,2,31,5750.0,5750.0,4750.0,0.0,0.0,5750.0,5250.0,500.00000000000006,5807.3975,57.3974609375,0.9982167119565217
2026-07-23,Tamil Nadu,Erode,Periyar Nagar(Uzhavar Sandhai ),Safeda,3000.0,5000.0,4000.0,2026,7,23,204,3,30,4500.0,4000.0,4250.0,-500.0,0.0,4166.666666666667,4250.0,204.1241452319315,4112.085,112.0849609375,2.8021240234375
2026-07-25,Tamil Nadu,Erode,Periyar Nagar(Uzhavar Sandhai ),Safeda,5000.0,5500.0,5250.0,2026,7,25,206,5,30,4000.0,4000.0,4250.0,1250.0,1250.0,4166.666666666667,4214.285714285715,224.9338527106094,5059.835,-190.1650390625,-3.6221912202380953
2026-07-14,Tamil Nadu,Erode,Perundurai(Uzhavar Sandhai ),Safeda,5500.0,5800.0,5650.0,2026,7,14,195,1,29,4750.0,4750.0,4750.0,900.0,900.0,4766.666666666667,4735.714285714285,62.67831705280092,5313.208,-336.7919921875,-5.960920215707965
2026-07-15,Tamil Nadu,Erode,Perundurai(Uzhavar Sandhai ),Safeda,5000.0,5500.0,5250.0,2026,7,15,196,2,29,5650.0,4800.0,4750.0,-400.0,450.0,5066.666666666667,4864.285714285715,352.0349008671889,5373.3555,123.35546875,2.3496279761904764
2026-07-16,Tamil Nadu,Erode,Perundurai(Uzhavar Sandhai ),Safeda,5000.0,5500.0,5250.0,2026,7,16,197,3,29,5250.0,4750.0,4600.0,0.0,500.0,5216.666666666667,4935.714285714285,374.9603153604902,5355.798,105.7978515625,2.0151971726190476
2026-07-17,Tamil Nadu,Erode,Perundurai(Uzhavar Sandhai ),Safeda,5000.0,5500.0,5250.0,2026,7,17,198,4,29,5250.0,5650.0,4750.0,0.0,-400.0,5383.333333333333,5028.571428571428,358.07022455697984,5351.981,101.98095703125,1.942494419642857
2026-07-18,Tamil Nadu,Erode,Perundurai(Uzhavar Sandhai ),Safeda,5000.0,6000.0,5500.0,2026,7,18,199,5,29,5250.0,5250.0,4750.0,250.0,250.0,5250.0,5100.0,342.7827300200526,5349.89,-150.10986328125,-2.729270241477273
2026-07-19,Tamil Nadu,Erode,Perundurai(Uzhavar Sandhai ),Safeda,5500.0,6000.0,5750.0,2026,7,19,200,6,29,5500.0,5250.0,4800.0,250.0,500.0,5333.333333333333,5207.142857142857,332.2004558352429,5534.3027,-215.697265625,-3.751256793478261
2026-07-20,Tamil Nadu,Erode,Perundurai(Uzhavar Sandhai ),Safeda,5500.0,5800.0,5650.0,2026,7,20,201,0,30,5750.0,5250.0,4750.0,-100.0,400.0,5500.0,5342.857142857143,332.2004558352429,5603.003,-46.9970703125,-0.8318065542035399
2026-07-21,Tamil Nadu,Erode,Perundurai(Uzhavar Sandhai ),Safeda,5500.0,6000.0,5750.0,2026,7,21,202,1,30,5650.0,5500.0,5650.0,100.0,250.0,5633.333333333333,5471.428571428572,219.57751641342057,5683.6846,-66.3154296875,-1.153311820652174
2026-07-22,Tamil Nadu,Erode,Perundurai(Uzhavar Sandhai ),Safeda,5500.0,6000.0,5750.0,2026,7,22,203,2,30,5750.0,5750.0,5250.0,0.0,0.0,5716.666666666667,5485.714285714285,235.7864247475633,5794.0127,44.0126953125,0.7654381793478261
2026-07-23,Tamil Nadu,Erode,Perundurai(Uzhavar Sandhai ),Safeda,5500.0,6000.0,5750.0,2026,7,23,204,3,30,5750.0,5650.0,5250.0,0.0,100.0,5716.666666666667,5557.142857142857,228.08728487973556,5805.8354,55.83544921875,0.9710512907608696
2026-07-24,Tamil Nadu,Erode,Perundurai(Uzhavar Sandhai ),Safeda,5500.0,6000.0,5750.0,2026,7,24,205,4,30,5750.0,5750.0,5250.0,0.0,0.0,5750.0,5628.571428571428,191.17431586805552,5887.549,137.548828125,2.392153532608696
2026-07-26,Tamil Nadu,Erode,Perundurai(Uzhavar Sandhai ),Safeda,5500.0,6000.0,5750.0,2026,7,26,207,6,30,5750.0,5750.0,5500.0,0.0,0.0,5750.0,5700.0,95.74271077563311,5939.444,189.44384765625,3.2946756114130435
2026-07-13,Tamil Nadu,Erode,Sampath Nagar(Uzhavar Sandhai ),Safeda,3000.0,6000.0,4500.0,2026,7,13,194,0,29,4500.0,4250.0,5000.0,0.0,250.0,4666.666666666667,4642.857142857143,377.9644730092272,4595.8457,95.845703125,2.129904513888889
2026-07-14,Tamil Nadu,Erode,Sampath Nagar(Uzhavar Sandhai ),Safeda,4000.0,6000.0,5000.0,2026,7,14,195,1,29,4500.0,5250.0,4750.0,500.0,-250.0,4750.0,4571.428571428572,345.03277967117725,4804.74,-195.259765625,-3.9051953124999996
2026-07-15,Tamil Nadu,Erode,Sampath Nagar(Uzhavar Sandhai ),Safeda,3000.0,6000.0,4500.0,2026,7,15,196,2,29,5000.0,4500.0,4250.0,-500.0,0.0,4666.666666666667,4607.142857142857,377.96447300922733,4515.8447,15.8447265625,0.3521050347222222
2026-07-16,Tamil Nadu,Erode,Sampath Nagar(Uzhavar Sandhai ),Safeda,3000.0,5000.0,4000.0,2026,7,16,197,3,29,4500.0,4500.0,4500.0,-500.0,-500.0,4666.666666666667,4642.857142857143,349.31906550288596,4236.782,236.7822265625,5.9195556640625
2026-07-17,Tamil Nadu,Erode,Sampath Nagar(Uzhavar Sandhai ),Safeda,3000.0,5000.0,4000.0,2026,7,17,198,4,29,4000.0,5000.0,4250.0,0.0,-1000.0,4500.0,4571.428571428572,426.08405162317354,4084.0747,84.07470703125,2.10186767578125
2026-07-18,Tamil Nadu,Erode,Sampath Nagar(Uzhavar Sandhai ),Safeda,3000.0,5000.0,4000.0,2026,7,18,199,5,29,4000.0,4500.0,5250.0,0.0,-500.0,4166.666666666667,4535.714285714285,466.1136178679024,3945.5066,-54.493408203125,-1.362335205078125
2026-07-19,Tamil Nadu,Erode,Sampath Nagar(Uzhavar Sandhai ),Safeda,3000.0,6000.0,4500.0,2026,7,19,200,6,29,4000.0,4000.0,4500.0,500.0,500.0,4000.0,4357.142857142857,377.9644730092277,4165.3403,-334.65966796875,-7.436881510416667
2026-07-20,Tamil Nadu,Erode,Sampath Nagar(Uzhavar Sandhai ),Safeda,3000.0,5000.0,4000.0,2026,7,20,201,0,30,4500.0,4000.0,4500.0,-500.0,0.0,4166.666666666667,4357.142857142857,377.9644730092277,4022.676,22.676025390625,0.566900634765625
2026-07-21,Tamil Nadu,Erode,Sampath Nagar(Uzhavar Sandhai ),Safeda,3000.0,8000.0,5500.0,2026,7,21,202,1,30,4000.0,4000.0,5000.0,1500.0,1500.0,4166.666666666667,4285.714285714285,393.3978962347221,4394.156,-1105.84423828125,-20.10625887784091
2026-07-22,Tamil Nadu,Erode,Sampath Nagar(Uzhavar Sandhai ),Safeda,3500.0,5500.0,4500.0,2026,7,22,203,2,30,5500.0,4500.0,4500.0,-1000.0,0.0,4666.666666666667,4357.142857142857,556.3486402641871,4620.8315,120.83154296875,2.6851453993055556
2026-07-23,Tamil Nadu,Erode,Sampath Nagar(Uzhavar Sandhai ),Safeda,3500.0,8000.0,5750.0,2026,7,23,204,3,30,4500.0,4000.0,4000.0,1250.0,1750.0,4666.666666666667,4357.142857142857,556.3486402641871,4765.853,-984.14697265625,-17.11559952445652
2026-07-24,Tamil Nadu,Erode,Sampath Nagar(Uzhavar Sandhai ),Safeda,3500.0,5500.0,4500.0,2026,7,24,205,4,30,5750.0,5500.0,4000.0,-1250.0,-1000.0,5250.0,4607.142857142857,733.9553638951596,4727.028,227.02783203125,5.0450629340277775
2026-07-25,Tamil Nadu,Erode,Sampath Nagar(Uzhavar Sandhai ),Safeda,5000.0,8000.0,6500.0,2026,7,25,206,5,30,4500.0,4500.0,4000.0,2000.0,2000.0,4916.666666666667,4678.571428571428,687.9057244377934,5573.4165,-926.58349609375,-14.255130709134614
2026-07-26,Tamil Nadu,Erode,Sampath Nagar(Uzhavar Sandhai ),Safeda,3500.0,8000.0,5750.0,2026,7,26,207,6,30,6500.0,5750.0,4500.0,-750.0,0.0,5583.333333333333,5035.714285714285,894.7598773387399,5590.76,-159.240234375,-2.7693953804347826
2026-07-27,Tamil Nadu,Erode,Sampath Nagar(Uzhavar Sandhai ),Safeda,3500.0,6000.0,4750.0,2026,7,27,208,0,31,5750.0,4500.0,4000.0,-1000.0,250.0,5583.333333333333,5214.285714285715,894.7598773387397,4971.1016,221.1015625,4.654769736842105
2026-07-28,Tamil Nadu,Erode,Sampath Nagar(Uzhavar Sandhai ),Safeda,3500.0,6000.0,4750.0,2026,7,28,209,1,31,4750.0,6500.0,5500.0,0.0,-1750.0,5666.666666666667,5321.428571428572,759.8558760587106,4825.361,75.36083984375,1.5865439967105261
2026-07-29,Tamil Nadu,Erode,Sampath Nagar(Uzhavar Sandhai ),Safeda,3500.0,6000.0,4750.0,2026,7,29,210,2,31,4750.0,5750.0,4500.0,0.0,-1000.0,5083.333333333333,5214.285714285715,783.0039834478727,4816.988,66.98779296875,1.4102693256578946
2026-07-12,Tamil Nadu,Kallakuruchi,Kallakurichi(Uzhavar Sandhai ),Other,4000.0,4000.0,4000.0,2026,7,12,193,6,28,4000.0,4000.0,4000.0,0.0,0.0,4000.0,4000.0,0.0,4000.9773,0.977294921875,0.024432373046875
2026-07-14,Tamil Nadu,Kallakuruchi,Kallakurichi(Uzhavar Sandhai ),Other,4000.0,4000.0,4000.0,2026,7,14,195,1,29,4000.0,4000.0,4000.0,0.0,0.0,4000.0,4000.0,0.0,3942.536,-57.464111328125,-1.436602783203125
2026-07-15,Tamil Nadu,Kallakuruchi,Kallakurichi(Uzhavar Sandhai ),Other,4000.0,4000.0,4000.0,2026,7,15,196,2,29,4000.0,4000.0,4000.0,0.0,0.0,4000.0,4000.0,0.0,3932.9238,-67.076171875,-1.676904296875
2026-07-16,Tamil Nadu,Kallakuruchi,Kallakurichi(Uzhavar Sandhai ),Other,4000.0,4000.0,4000.0,2026,7,16,197,3,29,4000.0,4000.0,4000.0,0.0,0.0,4000.0,4000.0,0.0,3933.219,-66.781005859375,-1.6695251464843752
2026-07-17,Tamil Nadu,Kallakuruchi,Kallakurichi(Uzhavar Sandhai ),Other,4000.0,4000.0,4000.0,2026,7,17,198,4,29,4000.0,4000.0,4000.0,0.0,0.0,4000.0,4000.0,0.0,3927.581,-72.4189453125,-1.8104736328125
2026-07-18,Tamil Nadu,Kallakuruchi,Kallakurichi(Uzhavar Sandhai ),Other,4000.0,4000.0,4000.0,2026,7,18,199,5,29,4000.0,4000.0,4000.0,0.0,0.0,4000.0,4000.0,0.0,3922.752,-77.248046875,-1.9312011718750002
2026-07-19,Tamil Nadu,Kallakuruchi,Kallakurichi(Uzhavar Sandhai ),Other,4000.0,4000.0,4000.0,2026,7,19,200,6,29,4000.0,4000.0,4000.0,0.0,0.0,4000.0,4000.0,0.0,3995.3782,-4.621826171875,-0.11554565429687501
2026-07-20,Tamil Nadu,Kallakuruchi,Kallakurichi(Uzhavar Sandhai ),Other,4000.0,4000.0,4000.0,2026,7,20,201,0,30,4000.0,4000.0,4000.0,0.0,0.0,4000.0,4000.0,0.0,3927.997,-72.0029296875,-1.8000732421874999
2026-07-21,Tamil Nadu,Kallakuruchi,Kallakurichi(Uzhavar Sandhai ),Other,4000.0,4000.0,4000.0,2026,7,21,202,1,30,4000.0,4000.0,4000.0,0.0,0.0,4000.0,4000.0,0.0,3936.937,-63.06298828125,-1.57657470703125
2026-07-22,Tamil Nadu,Kallakuruchi,Kallakurichi(Uzhavar Sandhai ),Other,4000.0,4000.0,4000.0,2026,7,22,203,2,30,4000.0,4000.0,4000.0,0.0,0.0,4000.0,4000.0,0.0,3954.8652,-45.134765625,-1.128369140625
2026-07-23,Tamil Nadu,Kallakuruchi,Kallakurichi(Uzhavar Sandhai ),Other,4000.0,4000.0,4000.0,2026,7,23,204,3,30,4000.0,4000.0,4000.0,0.0,0.0,4000.0,4000.0,0.0,3956.9397,-43.060302734375,-1.076507568359375
2026-07-24,Tamil Nadu,Kallakuruchi,Kallakurichi(Uzhavar Sandhai ),Other,4000.0,4000.0,4000.0,2026,7,24,205,4,30,4000.0,4000.0,4000.0,0.0,0.0,4000.0,4000.0,0.0,3951.3018,-48.6982421875,-1.2174560546875
2026-07-25,Tamil Nadu,Kallakuruchi,Kallakurichi(Uzhavar Sandhai ),Other,4000.0,4000.0,4000.0,2026,7,25,206,5,30,4000.0,4000.0,4000.0,0.0,0.0,4000.0,4000.0,0.0,3929.7021,-70.2978515625,-1.7574462890625
2026-07-26,Tamil Nadu,Kallakuruchi,Kallakurichi(Uzhavar Sandhai ),Other,4000.0,4000.0,4000.0,2026,7,26,207,6,30,4000.0,4000.0,4000.0,0.0,0.0,4000.0,4000.0,0.0,4000.6438,0.643798828125,0.016094970703125
2026-07-27,Tamil Nadu,Kallakuruchi,Kallakurichi(Uzhavar Sandhai ),Other,4000.0,4000.0,4000.0,2026,7,27,208,0,31,4000.0,4000.0,4000.0,0.0,0.0,4000.0,4000.0,0.0,3929.0483,-70.95166015625,-1.77379150390625
2026-07-29,Tamil Nadu,Kallakuruchi,Kallakurichi(Uzhavar Sandhai ),Other,4000.0,4000.0,4000.0,2026,7,29,210,2,31,4000.0,4000.0,4000.0,0.0,0.0,4000.0,4000.0,0.0,3962.5764,-37.423583984375,-0.935589599609375
2026-07-17,Tamil Nadu,Kallakuruchi,Sankarapuram(Uzhavar Sandhai ),Neelam,5000.0,5000.0,5000.0,2026,7,17,198,4,29,5000.0,5000.0,5000.0,0.0,0.0,5000.0,5000.0,0.0,5062.4917,62.49169921875,1.249833984375
2026-07-18,Tamil Nadu,Kallakuruchi,Sankarapuram(Uzhavar Sandhai ),Neelam,5000.0,5000.0,5000.0,2026,7,18,199,5,29,5000.0,5000.0,5000.0,0.0,0.0,5000.0,5000.0,0.0,5057.662,57.662109375,1.1532421875
2026-07-19,Tamil Nadu,Kallakuruchi,Sankarapuram(Uzhavar Sandhai ),Neelam,5000.0,5000.0,5000.0,2026,7,19,200,6,29,5000.0,5000.0,5000.0,0.0,0.0,5000.0,5000.0,0.0,5131.2446,131.24462890625,2.6248925781250003
2026-07-20,Tamil Nadu,Kallakuruchi,Sankarapuram(Uzhavar Sandhai ),Neelam,5000.0,5000.0,5000.0,2026,7,20,201,0,30,5000.0,5000.0,5000.0,0.0,0.0,5000.0,5000.0,0.0,5068.779,68.77880859375,1.3755761718750001
2026-07-21,Tamil Nadu,Kallakuruchi,Sankarapuram(Uzhavar Sandhai ),Neelam,5000.0,5000.0,5000.0,2026,7,21,202,1,30,5000.0,5000.0,5000.0,0.0,0.0,5000.0,5000.0,0.0,5098.68,98.68017578125,1.9736035156250002
2026-07-22,Tamil Nadu,Kallakuruchi,Sankarapuram(Uzhavar Sandhai ),Neelam,5000.0,5000.0,5000.0,2026,7,22,203,2,30,5000.0,5000.0,5000.0,0.0,0.0,5000.0,5000.0,0.0,5095.8696,95.86962890625,1.917392578125
2026-07-24,Tamil Nadu,Kallakuruchi,Sankarapuram(Uzhavar Sandhai ),Neelam,5000.0,5000.0,5000.0,2026,7,24,205,4,30,5000.0,5000.0,5000.0,0.0,0.0,5000.0,5000.0,0.0,5088.515,88.51513671875,1.770302734375
2026-07-25,Tamil Nadu,Kallakuruchi,Sankarapuram(Uzhavar Sandhai ),Neelam,5000.0,5000.0,5000.0,2026,7,25,206,5,30,5000.0,5000.0,5000.0,0.0,0.0,5000.0,5000.0,0.0,5066.915,66.9150390625,1.33830078125
2026-07-26,Tamil Nadu,Kallakuruchi,Sankarapuram(Uzhavar Sandhai ),Neelam,5000.0,5000.0,5000.0,2026,7,26,207,6,30,5000.0,5000.0,5000.0,0.0,0.0,5000.0,5000.0,0.0,5137.8574,137.857421875,2.7571484375
2026-07-27,Tamil Nadu,Kallakuruchi,Sankarapuram(Uzhavar Sandhai ),Neelam,5000.0,5000.0,5000.0,2026,7,27,208,0,31,5000.0,5000.0,5000.0,0.0,0.0,5000.0,5000.0,0.0,5069.8296,69.82958984375,1.396591796875
2026-07-28,Tamil Nadu,Kallakuruchi,Sankarapuram(Uzhavar Sandhai ),Neelam,5000.0,5000.0,5000.0,2026,7,28,209,1,31,5000.0,5000.0,5000.0,0.0,0.0,5000.0,5000.0,0.0,5118.3193,118.3193359375,2.36638671875
2026-07-29,Tamil Nadu,Kallakuruchi,Sankarapuram(Uzhavar Sandhai ),Neelam,5000.0,5000.0,5000.0,2026,7,29,210,2,31,5000.0,5000.0,5000.0,0.0,0.0,5000.0,5000.0,0.0,5101.685,101.68505859375,2.0337011718749998
2026-07-12,Tamil Nadu,Kancheepuram,Kancheepuram(Uzhavar Sandhai ),Safeda,4000.0,6000.0,5000.0,2026,7,12,193,6,28,4500.0,4500.0,3500.0,500.0,500.0,4500.0,4178.571428571428,400.89186286863657,4799.5327,-200.46728515625,-4.009345703125
2026-07-13,Tamil Nadu,Kancheepuram,Kancheepuram(Uzhavar Sandhai ),Safeda,3000.0,6000.0,4500.0,2026,7,13,194,0,29,5000.0,4500.0,3750.0,-500.0,0.0,4666.666666666667,4392.857142857143,377.9644730092275,4451.074,-48.92578125,-1.0872395833333333
2026-07-14,Tamil Nadu,Kancheepuram,Kancheepuram(Uzhavar Sandhai ),Safeda,3500.0,6000.0,4750.0,2026,7,14,195,1,29,4500.0,4500.0,4250.0,250.0,250.0,4666.666666666667,4500.0,250.0000000000008,4790.387,40.38720703125,0.850256990131579
2026-07-15,Tamil Nadu,Kancheepuram,Kancheepuram(Uzhavar Sandhai ),Safeda,2500.0,6000.0,4250.0,2026,7,15,196,2,29,4750.0,5000.0,4250.0,-500.0,-750.0,4750.0,4571.428571428572,237.79743280283657,4304.6,54.60009765625,1.2847081801470588
2026-07-16,Tamil Nadu,Kancheepuram,Kancheepuram(Uzhavar Sandhai ),Safeda,3000.0,6000.0,4500.0,2026,7,16,197,3,29,4250.0,4500.0,4500.0,250.0,0.0,4500.0,4571.428571428572,237.79743280283657,4511.361,11.36083984375,0.2524631076388889
2026-07-17,Tamil Nadu,Kancheepuram,Kancheepuram(Uzhavar Sandhai ),Safeda,3500.0,6000.0,4750.0,2026,7,17,198,4,29,4500.0,4750.0,4500.0,250.0,0.0,4500.0,4571.428571428572,237.79743280283657,4759.511,9.51123046875,0.20023643092105264
2026-07-18,Tamil Nadu,Kancheepuram,Kancheepuram(Uzhavar Sandhai ),Safeda,3500.0,6000.0,4750.0,2026,7,18,199,5,29,4750.0,4250.0,4500.0,0.0,500.0,4500.0,4607.142857142857,243.97501823713455,4734.416,-15.583984375,-0.32808388157894736
2026-07-19,Tamil Nadu,Kancheepuram,Kancheepuram(Uzhavar Sandhai ),Safeda,2500.0,6000.0,4250.0,2026,7,19,200,6,29,4750.0,4500.0,5000.0,-500.0,-250.0,4666.666666666667,4642.857142857143,243.9750182371348,4435.457,185.45703125,4.363694852941177
2026-07-20,Tamil Nadu,Kancheepuram,Kancheepuram(Uzhavar Sandhai ),Safeda,3000.0,6000.0,4500.0,2026,7,20,201,0,30,4250.0,4750.0,4500.0,250.0,-250.0,4583.333333333333,4535.714285714285,224.93385271060993,4434.3486,-65.6513671875,-1.4589192708333334
2026-07-21,Tamil Nadu,Kancheepuram,Kancheepuram(Uzhavar Sandhai ),Safeda,3000.0,6000.0,4500.0,2026,7,21,202,1,30,4500.0,4750.0,4750.0,0.0,-250.0,4500.0,4535.714285714285,224.93385271060993,4473.5625,-26.4375,-0.5875
2026-07-23,Tamil Nadu,Kancheepuram,Kancheepuram(Uzhavar Sandhai ),Safeda,2000.0,4000.0,3000.0,2026,7,23,204,3,30,4500.0,4250.0,4250.0,-1500.0,-1250.0,4416.666666666667,4500.0,204.1241452319317,3248.662,248.662109375,8.288736979166666
2026-07-13,Tamil Nadu,Kancheepuram,Padappai(Uzhavar Sandhai ),Safeda,3000.0,6000.0,4500.0,2026,7,13,194,0,29,5000.0,4500.0,3750.0,-500.0,0.0,4666.666666666667,4285.714285714285,585.0315416812197,4610.6426,110.642578125,2.458723958333333
2026-07-14,Tamil Nadu,Kancheepuram,Padappai(Uzhavar Sandhai ),Safeda,3500.0,6000.0,4750.0,2026,7,14,195,1,29,4500.0,4500.0,3250.0,250.0,250.0,4666.666666666667,4392.857142857143,537.2992426855596,4648.802,-101.1982421875,-2.1304893092105264
2026-07-15,Tamil Nadu,Kancheepuram,Padappai(Uzhavar Sandhai ),Safeda,3500.0,6000.0,4750.0,2026,7,15,196,2,29,4750.0,5000.0,4500.0,0.0,-250.0,4750.0,4607.142857142857,196.69894811735836,4717.177,-32.8232421875,-0.6910156249999999
2026-07-16,Tamil Nadu,Kancheepuram,Padappai(Uzhavar Sandhai ),Safeda,3000.0,6000.0,4500.0,2026,7,16,197,3,29,4750.0,4500.0,4500.0,-250.0,0.0,4666.666666666667,4642.857142857143,196.69894811735804,4584.5156,84.515625,1.8781249999999998
2026-07-17,Tamil Nadu,Kancheepuram,Padappai(Uzhavar Sandhai ),Safeda,3500.0,6000.0,4750.0,2026,7,17,198,4,29,4500.0,4750.0,4500.0,250.0,0.0,4666.666666666667,4642.857142857143,196.69894811735804,4850.2383,100.23828125,2.110279605263158
2026-07-18,Tamil Nadu,Kancheepuram,Padappai(Uzhavar Sandhai ),Safeda,3500.0,6000.0,4750.0,2026,7,18,199,5,29,4750.0,4750.0,4500.0,0.0,0.0,4666.666666666667,4678.571428571428,188.98223650461057,4784.1323,34.13232421875,0.7185752467105263
2026-07-19,Tamil Nadu,Kancheepuram,Padappai(Uzhavar Sandhai ),Safeda,2500.0,6000.0,4250.0,2026,7,19,200,6,29,4750.0,4500.0,5000.0,-500.0,-250.0,4666.666666666667,4714.285714285715,172.51638983558504,4426.966,176.9658203125,4.163901654411765
2026-07-20,Tamil Nadu,Kancheepuram,Padappai(Uzhavar Sandhai ),Safeda,2500.0,6000.0,4250.0,2026,7,20,201,0,30,4250.0,4750.0,4500.0,0.0,-500.0,4583.333333333333,4607.142857142857,196.69894811735796,4265.193,15.19287109375,0.3574793198529412
2026-07-21,Tamil Nadu,Kancheepuram,Padappai(Uzhavar Sandhai ),Safeda,3000.0,6000.0,4500.0,2026,7,21,202,1,30,4250.0,4750.0,4750.0,250.0,-250.0,4416.666666666667,4571.428571428572,237.7974328028333,4452.7646,-47.2353515625,-1.0496744791666668
2026-07-23,Tamil Nadu,Kancheepuram,Padappai(Uzhavar Sandhai ),Safeda,2500.0,3500.0,3000.0,2026,7,23,204,3,30,4500.0,4250.0,4750.0,-1500.0,-1250.0,4333.333333333333,4535.714285714285,224.93385271060723,3190.7117,190.711669921875,6.3570556640625
2026-07-17,Tamil Nadu,Karur,Gandhigramam(Uzhavar Sandhai),Neelam,5000.0,8000.0,6500.0,2026,7,17,198,4,29,5500.0,5500.0,5500.0,1000.0,1000.0,5500.0,5785.714285714285,487.95003647426654,6052.5977,-447.40234375,-6.883112980769231
2026-07-18,Tamil Nadu,Karur,Gandhigramam(Uzhavar Sandhai),Neelam,5000.0,8000.0,6500.0,2026,7,18,199,5,29,6500.0,5500.0,6500.0,0.0,1000.0,5833.333333333333,5928.571428571428,534.5224838248488,6385.856,-114.14404296875,-1.756062199519231
2026-07-19,Tamil Nadu,Karur,Gandhigramam(Uzhavar Sandhai),Neelam,5000.0,8000.0,6500.0,2026,7,19,200,6,29,6500.0,5500.0,6500.0,0.0,1000.0,6166.666666666667,5928.571428571428,534.5224838248488,6475.878,-24.1220703125,-0.37110877403846154
2026-07-20,Tamil Nadu,Karur,Gandhigramam(Uzhavar Sandhai),Neelam,5000.0,8000.0,6500.0,2026,7,20,201,0,30,6500.0,6500.0,5500.0,0.0,0.0,6500.0,5928.571428571428,534.5224838248488,6485.9946,-14.00537109375,-0.21546724759615382
2026-07-21,Tamil Nadu,Karur,Gandhigramam(Uzhavar Sandhai),Neelam,5000.0,6000.0,5500.0,2026,7,21,202,1,30,6500.0,6500.0,5500.0,-1000.0,-1000.0,6500.0,6071.428571428572,534.5224838248488,5692.7573,192.75732421875,3.5046786221590907
2026-07-22,Tamil Nadu,Karur,Gandhigramam(Uzhavar Sandhai),Neelam,5000.0,6000.0,5500.0,2026,7,22,203,2,30,5500.0,6500.0,5500.0,0.0,-1000.0,6166.666666666667,6071.428571428572,534.5224838248488,5546.1646,46.16455078125,0.8393554687500001
2026-07-23,Tamil Nadu,Karur,Gandhigramam(Uzhavar Sandhai),Neelam,5000.0,8000.0,6500.0,2026,7,23,204,3,30,5500.0,6500.0,5500.0,1000.0,0.0,5833.333333333333,6071.428571428572,534.5224838248488,6111.666,-388.333984375,-5.974368990384615
2026-07-24,Tamil Nadu,Karur,Gandhigramam(Uzhavar Sandhai),Neelam,5000.0,8000.0,6500.0,2026,7,24,205,4,30,6500.0,5500.0,6500.0,0.0,1000.0,5833.333333333333,6214.285714285715,487.95003647426654,6391.3345,-108.66552734375,-1.67177734375
2026-07-25,Tamil Nadu,Karur,Gandhigramam(Uzhavar Sandhai),Neelam,5000.0,8000.0,6500.0,2026,7,25,206,5,30,6500.0,5500.0,6500.0,0.0,1000.0,6166.666666666667,6214.285714285715,487.95003647426654,6456.068,-43.93212890625,-0.67587890625
2026-07-26,Tamil Nadu,Karur,Gandhigramam(Uzhavar Sandhai),Neelam,5000.0,8000.0,6500.0,2026,7,26,207,6,30,6500.0,6500.0,6500.0,0.0,0.0,6500.0,6214.285714285715,487.95003647426654,6678.615,178.615234375,2.7479266826923077
2026-07-27,Tamil Nadu,Karur,Gandhigramam(Uzhavar Sandhai),Neelam,5000.0,8000.0,6500.0,2026,7,27,208,0,31,6500.0,6500.0,6500.0,0.0,0.0,6500.0,6214.285714285715,487.95003647426654,6577.172,77.171875,1.1872596153846153
2026-07-28,Tamil Nadu,Karur,Gandhigramam(Uzhavar Sandhai),Neelam,5000.0,8000.0,6500.0,2026,7,28,209,1,31,6500.0,6500.0,5500.0,0.0,0.0,6500.0,6214.285714285715,487.95003647426654,6538.709,38.708984375,0.5955228365384616
2026-07-29,Tamil Nadu,Karur,Gandhigramam(Uzhavar Sandhai),Neelam,5000.0,8000.0,6500.0,2026,7,29,210,2,31,6500.0,6500.0,5500.0,0.0,0.0,6500.0,6357.142857142857,377.96447300922694,6523.1562,23.15625,0.35625
2026-07-14,Tamil Nadu,Karur,Karur(Uzhavar Sandhai ),Neelam,7500.0,8000.0,7750.0,2026,7,14,195,1,29,7750.0,7750.0,7750.0,0.0,0.0,7750.0,7750.0,0.0,7688.097,-61.90283203125,-0.7987462197580645
2026-07-15,Tamil Nadu,Karur,Karur(Uzhavar Sandhai ),Neelam,7500.0,8000.0,7750.0,2026,7,15,196,2,29,7750.0,7750.0,7750.0,0.0,0.0,7750.0,7750.0,0.0,7666.1333,-83.86669921875,-1.0821509576612902
2026-07-16,Tamil Nadu,Karur,Karur(Uzhavar Sandhai ),Neelam,7500.0,8000.0,7750.0,2026,7,16,197,3,29,7750.0,7750.0,7750.0,0.0,0.0,7750.0,7750.0,0.0,7676.3306,-73.66943359375,-0.9505733366935485
2026-07-17,Tamil Nadu,Karur,Karur(Uzhavar Sandhai ),Neelam,7500.0,8000.0,7750.0,2026,7,17,198,4,29,7750.0,7750.0,7750.0,0.0,0.0,7750.0,7750.0,0.0,7681.0894,-68.91064453125,-0.8891696068548387
2026-07-18,Tamil Nadu,Karur,Karur(Uzhavar Sandhai ),Neelam,7500.0,8000.0,7750.0,2026,7,18,199,5,29,7750.0,7750.0,7750.0,0.0,0.0,7750.0,7750.0,0.0,7686.9165,-63.08349609375,-0.8139805947580646
2026-07-19,Tamil Nadu,Karur,Karur(Uzhavar Sandhai ),Neelam,7500.0,8000.0,7750.0,2026,7,19,200,6,29,7750.0,7750.0,7750.0,0.0,0.0,7750.0,7750.0,0.0,7721.0737,-28.92626953125,-0.3732421875
2026-07-20,Tamil Nadu,Karur,Karur(Uzhavar Sandhai ),Neelam,7500.0,8000.0,7750.0,2026,7,20,201,0,30,7750.0,7750.0,7750.0,0.0,0.0,7750.0,7750.0,0.0,7710.8677,-39.13232421875,-0.5049332157258064
2026-07-21,Tamil Nadu,Karur,Karur(Uzhavar Sandhai ),Neelam,7500.0,8000.0,7750.0,2026,7,21,202,1,30,7750.0,7750.0,7750.0,0.0,0.0,7750.0,7750.0,0.0,7699.163,-50.8369140625,-0.655960181451613
2026-07-22,Tamil Nadu,Karur,Karur(Uzhavar Sandhai ),Neelam,5500.0,6000.0,5750.0,2026,7,22,203,2,30,7750.0,7750.0,7750.0,-2000.0,-2000.0,7750.0,7750.0,0.0,6069.0107,319.0107421875,5.548012907608696
2026-07-23,Tamil Nadu,Karur,Karur(Uzhavar Sandhai ),Neelam,7500.0,8000.0,7750.0,2026,7,23,204,3,30,5750.0,7750.0,7750.0,2000.0,0.0,7083.333333333333,7464.285714285715,755.9289460184546,7458.4556,-291.54443359375,-3.7618636592741934
2026-07-24,Tamil Nadu,Karur,Karur(Uzhavar Sandhai ),Neelam,7500.0,8000.0,7750.0,2026,7,24,205,4,30,7750.0,7750.0,7750.0,0.0,0.0,7083.333333333333,7464.285714285715,755.9289460184546,7544.7666,-205.2333984375,-2.648172883064516
2026-07-25,Tamil Nadu,Karur,Karur(Uzhavar Sandhai ),Neelam,7500.0,8000.0,7750.0,2026,7,25,206,5,30,7750.0,5750.0,7750.0,0.0,2000.0,7083.333333333333,7464.285714285715,755.9289460184546,7542.0347,-207.96533203125,-2.6834236391129034
2026-07-26,Tamil Nadu,Karur,Karur(Uzhavar Sandhai ),Neelam,7500.0,8000.0,7750.0,2026,7,26,207,6,30,7750.0,7750.0,7750.0,0.0,0.0,7750.0,7464.285714285715,755.9289460184546,7688.4707,-61.529296875,-0.7939264112903226
2026-07-27,Tamil Nadu,Karur,Karur(Uzhavar Sandhai ),Neelam,7500.0,8000.0,7750.0,2026,7,27,208,0,31,7750.0,7750.0,7750.0,0.0,0.0,7750.0,7464.285714285715,755.9289460184546,7698.8813,-51.11865234375,-0.6595955141129033
2026-07-28,Tamil Nadu,Karur,Karur(Uzhavar Sandhai ),Neelam,7500.0,8000.0,7750.0,2026,7,28,209,1,31,7750.0,7750.0,7750.0,0.0,0.0,7750.0,7464.285714285715,755.9289460184546,7699.539,-50.4609375,-0.651108870967742
2026-07-29,Tamil Nadu,Karur,Karur(Uzhavar Sandhai ),Neelam,7500.0,8000.0,7750.0,2026,7,29,210,2,31,7750.0,7750.0,5750.0,0.0,0.0,7750.0,7464.285714285715,755.9289460184546,7435.709,-314.291015625,-4.055367943548387
2026-07-14,Tamil Nadu,Karur,Kulithalai(Uzhavar Sandhai ),Neelam,5000.0,6000.0,5500.0,2026,7,14,195,1,29,5500.0,5500.0,5500.0,0.0,0.0,5500.0,5500.0,0.0,5430.7573,-69.24267578125,-1.2589577414772728
2026-07-15,Tamil Nadu,Karur,Kulithalai(Uzhavar Sandhai ),Neelam,5000.0,6000.0,5500.0,2026,7,15,196,2,29,5500.0,5500.0,5500.0,0.0,0.0,5500.0,5500.0,0.0,5419.218,-80.7822265625,-1.4687677556818182
2026-07-16,Tamil Nadu,Karur,Kulithalai(Uzhavar Sandhai ),Neelam,5000.0,6000.0,5500.0,2026,7,16,197,3,29,5500.0,5500.0,5500.0,0.0,0.0,5500.0,5500.0,0.0,5460.839,-39.1611328125,-0.7120205965909091
2026-07-18,Tamil Nadu,Karur,Kulithalai(Uzhavar Sandhai ),Neelam,5000.0,6000.0,5500.0,2026,7,18,199,5,29,5500.0,5500.0,5500.0,0.0,0.0,5500.0,5500.0,0.0,5446.5815,-53.41845703125,-0.9712446732954546
2026-07-19,Tamil Nadu,Karur,Kulithalai(Uzhavar Sandhai ),Neelam,5000.0,6000.0,5500.0,2026,7,19,200,6,29,5500.0,5500.0,5500.0,0.0,0.0,5500.0,5500.0,0.0,5520.164,20.1640625,0.3666193181818182
2026-07-21,Tamil Nadu,Karur,Kulithalai(Uzhavar Sandhai ),Neelam,5000.0,6000.0,5500.0,2026,7,21,202,1,30,5500.0,5500.0,5500.0,0.0,0.0,5500.0,5500.0,0.0,5464.5996,-35.400390625,-0.6436434659090909
2026-07-22,Tamil Nadu,Karur,Kulithalai(Uzhavar Sandhai ),Neelam,5000.0,6000.0,5500.0,2026,7,22,203,2,30,5500.0,5500.0,5500.0,0.0,0.0,5500.0,5500.0,0.0,5480.628,-19.3720703125,-0.3522194602272727
2026-07-23,Tamil Nadu,Karur,Kulithalai(Uzhavar Sandhai ),Neelam,5000.0,6000.0,5500.0,2026,7,23,204,3,30,5500.0,5500.0,5500.0,0.0,0.0,5500.0,5500.0,0.0,5482.701,-17.298828125,-0.3145241477272727
2026-07-24,Tamil Nadu,Karur,Kulithalai(Uzhavar Sandhai ),Neelam,5000.0,6000.0,5500.0,2026,7,24,205,4,30,5500.0,5500.0,5500.0,0.0,0.0,5500.0,5500.0,0.0,5481.8584,-18.1416015625,-0.3298473011363636
2026-07-25,Tamil Nadu,Karur,Kulithalai(Uzhavar Sandhai ),Neelam,5000.0,6000.0,5500.0,2026,7,25,206,5,30,5500.0,5500.0,5500.0,0.0,0.0,5500.0,5500.0,0.0,5464.7627,-35.2373046875,-0.6406782670454546
2026-07-26,Tamil Nadu,Karur,Kulithalai(Uzhavar Sandhai ),Neelam,5000.0,6000.0,5500.0,2026,7,26,207,6,30,5500.0,5500.0,5500.0,0.0,0.0,5500.0,5500.0,0.0,5535.705,35.705078125,0.6491832386363636
2026-07-27,Tamil Nadu,Karur,Kulithalai(Uzhavar Sandhai ),Neelam,5000.0,6000.0,5500.0,2026,7,27,208,0,31,5500.0,5500.0,5500.0,0.0,0.0,5500.0,5500.0,0.0,5467.014,-32.98583984375,-0.5997425426136364
2026-07-28,Tamil Nadu,Karur,Kulithalai(Uzhavar Sandhai ),Neelam,5000.0,6000.0,5500.0,2026,7,28,209,1,31,5500.0,5500.0,5500.0,0.0,0.0,5500.0,5500.0,0.0,5496.491,-3.5087890625,-0.06379616477272727
2026-07-29,Tamil Nadu,Karur,Kulithalai(Uzhavar Sandhai ),Neelam,5000.0,6000.0,5500.0,2026,7,29,210,2,31,5500.0,5500.0,5500.0,0.0,0.0,5500.0,5500.0,0.0,5495.6924,-4.3076171875,-0.0783203125
2026-07-13,Tamil Nadu,Karur,Pallapatti (Uzhavar Sandhai ),Other,2500.0,3000.0,2750.0,2026,7,13,194,0,29,2750.0,2750.0,2750.0,0.0,0.0,2750.0,2750.0,0.0,2840.6653,90.665283203125,3.2969193892045454
2026-07-14,Tamil Nadu,Karur,Pallapatti (Uzhavar Sandhai ),Other,2500.0,3000.0,2750.0,2026,7,14,195,1,29,2750.0,2750.0,2750.0,0.0,0.0,2750.0,2750.0,0.0,2897.3796,147.379638671875,5.3592595880681815
2026-07-15,Tamil Nadu,Karur,Pallapatti (Uzhavar Sandhai ),Other,3500.0,4000.0,3750.0,2026,7,15,196,2,29,2750.0,2750.0,2750.0,1000.0,1000.0,2750.0,2750.0,0.0,3529.9326,-220.0673828125,-5.868463541666666
2026-07-16,Tamil Nadu,Karur,Pallapatti (Uzhavar Sandhai ),Other,3500.0,4000.0,3750.0,2026,7,16,197,3,29,3750.0,2750.0,2750.0,0.0,1000.0,3083.3333333333335,2892.8571428571427,377.9644730092273,3578.3901,-171.60986328125,-4.576263020833333
2026-07-17,Tamil Nadu,Karur,Pallapatti (Uzhavar Sandhai ),Other,3500.0,4000.0,3750.0,2026,7,17,198,4,29,3750.0,2750.0,2750.0,0.0,1000.0,3416.6666666666665,3035.714285714286,487.95003647426665,3690.552,-59.447998046875,-1.5852799479166666
2026-07-18,Tamil Nadu,Karur,Pallapatti (Uzhavar Sandhai ),Other,3500.0,4000.0,3750.0,2026,7,18,199,5,29,3750.0,3750.0,2750.0,0.0,0.0,3750.0,3178.5714285714284,534.5224838248488,3669.8237,-80.17626953125,-2.1380338541666664
2026-07-19,Tamil Nadu,Karur,Pallapatti (Uzhavar Sandhai ),Other,3500.0,4000.0,3750.0,2026,7,19,200,6,29,3750.0,3750.0,2750.0,0.0,0.0,3750.0,3321.4285714285716,534.5224838248487,3693.8245,-56.175537109375,-1.4980143229166667
2026-07-20,Tamil Nadu,Karur,Pallapatti (Uzhavar Sandhai ),Other,3500.0,4000.0,3750.0,2026,7,20,201,0,30,3750.0,3750.0,2750.0,0.0,0.0,3750.0,3464.285714285714,487.9500364742662,3783.8489,33.848876953125,0.9026367187500001
2026-07-21,Tamil Nadu,Karur,Pallapatti (Uzhavar Sandhai ),Other,3500.0,4000.0,3750.0,2026,7,21,202,1,30,3750.0,3750.0,2750.0,0.0,0.0,3750.0,3607.142857142858,377.9644730092263,3796.0327,46.03271484375,1.2275390625
2026-07-23,Tamil Nadu,Karur,Pallapatti (Uzhavar Sandhai ),Other,4500.0,5000.0,4750.0,2026,7,23,204,3,30,3750.0,3750.0,3750.0,1000.0,1000.0,3750.0,3750.0,0.0,4355.5054,-394.49462890625,-8.305150082236842
2026-07-24,Tamil Nadu,Karur,Pallapatti (Uzhavar Sandhai ),Other,3500.0,4000.0,3750.0,2026,7,24,205,4,30,4750.0,3750.0,3750.0,-1000.0,0.0,4083.3333333333335,3892.857142857142,377.9644730092273,3983.2505,233.25048828125,6.220013020833334
2026-07-22,Tamil Nadu,Krishnagiri,Krishnagiri(Uzhavar Sandhai ),Neelam,2500.0,3000.0,2750.0,2026,7,22,203,2,30,2250.0,2250.0,2250.0,500.0,500.0,2250.0,2214.285714285714,94.49111825230683,2519.8826,-230.117431640625,-8.367906605113637
2026-07-23,Tamil Nadu,Krishnagiri,Krishnagiri(Uzhavar Sandhai ),Neelam,2500.0,3000.0,2750.0,2026,7,23,204,3,30,2750.0,2250.0,2000.0,0.0,500.0,2416.6666666666665,2285.714285714286,224.93385271060947,2653.466,-96.533935546875,-3.510324928977273
2026-07-24,Tamil Nadu,Krishnagiri,Krishnagiri(Uzhavar Sandhai ),Neelam,2000.0,3000.0,2500.0,2026,7,24,205,4,30,2750.0,2250.0,2250.0,-250.0,250.0,2583.3333333333335,2392.8571428571427,243.97501823713355,2535.1814,35.181396484375,1.407255859375
2026-07-26,Tamil Nadu,Krishnagiri,Krishnagiri(Uzhavar Sandhai ),Neelam,2500.0,3000.0,2750.0,2026,7,26,207,6,30,2500.0,2750.0,2250.0,250.0,0.0,2666.6666666666665,2428.5714285714284,237.79743280283577,2722.333,-27.6669921875,-1.0060724431818182
2026-07-29,Tamil Nadu,Krishnagiri,Krishnagiri(Uzhavar Sandhai ),Neelam,2500.0,3500.0,3000.0,2026,7,29,210,2,31,2750.0,2750.0,2250.0,250.0,250.0,2666.6666666666665,2500.0,250.00000000000037,2963.7202,-36.27978515625,-1.209326171875
2026-07-20,Tamil Nadu,Krishnagiri,Krishnagiri(Uzhavar Sandhai ),Safeda,2000.0,2500.0,2250.0,2026,7,20,201,0,30,2250.0,2250.0,2750.0,0.0,0.0,2166.6666666666665,2285.714285714286,224.93385271060927,2468.1104,218.1103515625,9.693793402777779
2026-07-21,Tamil Nadu,Krishnagiri,Krishnagiri(Uzhavar Sandhai ),Safeda,2000.0,2500.0,2250.0,2026,7,21,202,1,30,2250.0,2000.0,2250.0,0.0,250.0,2166.6666666666665,2214.285714285714,94.49111825230676,2462.7634,212.763427734375,9.45615234375
2026-07-25,Tamil Nadu,Krishnagiri,Krishnagiri(Uzhavar Sandhai ),Safeda,2500.0,3000.0,2750.0,2026,7,25,206,5,30,2250.0,2250.0,2250.0,500.0,500.0,2250.0,2214.285714285714,94.49111825230676,2626.0386,-123.96142578125,-4.507688210227273
2026-07-27,Tamil Nadu,Krishnagiri,Krishnagiri(Uzhavar Sandhai ),Safeda,2500.0,3000.0,2750.0,2026,7,27,208,0,31,2750.0,2250.0,2250.0,0.0,500.0,2416.6666666666665,2285.714285714286,224.93385271060944,2686.2998,-63.7001953125,-2.3163707386363637
2026-07-28,Tamil Nadu,Krishnagiri,Krishnagiri(Uzhavar Sandhai ),Safeda,2500.0,3000.0,2750.0,2026,7,28,209,1,31,2750.0,2250.0,2250.0,0.0,500.0,2583.3333333333335,2357.1428571428573,283.4733547569207,2702.442,-47.55810546875,-1.729385653409091
2026-07-13,Tamil Nadu,Madurai,Anaiyur(Uzhavar Sandhai ),Safeda,3000.0,6000.0,4500.0,2026,7,13,194,0,29,5500.0,5000.0,4500.0,-1000.0,-500.0,5166.666666666667,4928.571428571428,449.8677054212187,4584.77,84.77001953125,1.8837782118055555
2026-07-14,Tamil Nadu,Madurai,Anaiyur(Uzhavar Sandhai ),Safeda,5000.0,6000.0,5500.0,2026,7,14,195,1,29,4500.0,5000.0,5500.0,1000.0,500.0,5000.0,4928.571428571428,449.8677054212187,5270.9043,-229.095703125,-4.165376420454545
2026-07-15,Tamil Nadu,Madurai,Anaiyur(Uzhavar Sandhai ),Safeda,3000.0,6000.0,4500.0,2026,7,15,196,2,29,5500.0,5500.0,4500.0,-1000.0,-1000.0,5166.666666666667,4928.571428571428,449.8677054212187,4562.594,62.59423828125,1.3909830729166666
2026-07-16,Tamil Nadu,Madurai,Anaiyur(Uzhavar Sandhai ),Safeda,3000.0,6000.0,4500.0,2026,7,16,197,3,29,4500.0,4500.0,4500.0,0.0,0.0,4833.333333333333,4928.571428571428,449.8677054212187,4624.664,124.6640625,2.7703124999999997
2026-07-17,Tamil Nadu,Madurai,Anaiyur(Uzhavar Sandhai ),Safeda,4000.0,5000.0,4500.0,2026,7,17,198,4,29,4500.0,5500.0,5000.0,0.0,-1000.0,4833.333333333333,4928.571428571428,449.8677054212187,4627.406,127.40576171875,2.8312391493055555
2026-07-18,Tamil Nadu,Madurai,Anaiyur(Uzhavar Sandhai ),Safeda,5000.0,6000.0,5500.0,2026,7,18,199,5,29,4500.0,4500.0,5000.0,1000.0,1000.0,4500.0,4857.142857142857,475.59486560567086,5174.7603,-325.23974609375,-5.913449928977273
2026-07-19,Tamil Nadu,Madurai,Anaiyur(Uzhavar Sandhai ),Safeda,3000.0,6000.0,4500.0,2026,7,19,200,6,29,5500.0,4500.0,5500.0,-1000.0,0.0,4833.333333333333,4928.571428571428,534.5224838248488,4662.547,162.546875,3.612152777777778
2026-07-21,Tamil Nadu,Madurai,Anaiyur(Uzhavar Sandhai ),Safeda,5000.0,6000.0,5500.0,2026,7,21,202,1,30,4500.0,4500.0,4500.0,1000.0,1000.0,4833.333333333333,4785.714285714285,487.9500364742665,5164.3013,-335.69873046875,-6.1036132812499995
2026-07-22,Tamil Nadu,Madurai,Anaiyur(Uzhavar Sandhai ),Safeda,3500.0,7000.0,5250.0,2026,7,22,203,2,30,5500.0,5500.0,5500.0,-250.0,-250.0,5166.666666666667,4928.571428571428,534.5224838248488,5210.323,-39.6767578125,-0.7557477678571428
2026-07-23,Tamil Nadu,Madurai,Anaiyur(Uzhavar Sandhai ),Safeda,4000.0,7000.0,5500.0,2026,7,23,204,3,30,5250.0,4500.0,4500.0,250.0,1000.0,5083.333333333333,4892.857142857143,497.0148986940025,5118.384,-381.6162109375,-6.9384765625
2026-07-24,Tamil Nadu,Madurai,Anaiyur(Uzhavar Sandhai ),Safeda,5000.0,6000.0,5500.0,2026,7,24,205,4,30,5500.0,5500.0,4500.0,0.0,0.0,5416.666666666667,5035.714285714285,508.8502445991078,5425.7056,-74.29443359375,-1.3508078835227273
2026-07-25,Tamil Nadu,Madurai,Anaiyur(Uzhavar Sandhai ),Safeda,5000.0,6000.0,5500.0,2026,7,25,206,5,30,5500.0,5250.0,4500.0,0.0,250.0,5416.666666666667,5178.571428571428,472.455591261535,5423.0615,-76.9384765625,-1.3988813920454546
2026-07-26,Tamil Nadu,Madurai,Anaiyur(Uzhavar Sandhai ),Safeda,4000.0,7000.0,5500.0,2026,7,26,207,6,30,5500.0,5500.0,5500.0,0.0,0.0,5500.0,5321.428571428572,374.0066207715499,5364.0054,-135.99462890625,-2.4726296164772728
2026-07-27,Tamil Nadu,Madurai,Anaiyur(Uzhavar Sandhai ),Safeda,4000.0,7000.0,5500.0,2026,7,27,208,0,31,5500.0,5500.0,4500.0,0.0,0.0,5500.0,5321.428571428572,374.0066207715499,5274.641,-225.35888671875,-4.097434303977273
2026-07-28,Tamil Nadu,Madurai,Anaiyur(Uzhavar Sandhai ),Safeda,4000.0,7000.0,5500.0,2026,7,28,209,1,31,5500.0,5500.0,5500.0,0.0,0.0,5500.0,5464.285714285715,94.49111825231812,5358.159,-141.8408203125,-2.578924005681818
2026-07-29,Tamil Nadu,Madurai,Anaiyur(Uzhavar Sandhai ),Safeda,4500.0,7000.0,5750.0,2026,7,29,210,2,31,5500.0,5500.0,5250.0,250.0,250.0,5500.0,5464.285714285715,94.49111825231812,5490.706,-259.2939453125,-4.509459918478261
2026-07-14,Tamil Nadu,Madurai,Anna nagar(Uzhavar Sandhai ),Other,5000.0,5000.0,5000.0,2026,7,14,195,1,29,5000.0,5000.0,5000.0,0.0,0.0,5166.666666666667,5071.428571428572,188.98223650461367,5060.6553,60.6552734375,1.21310546875
2026-07-15,Tamil Nadu,Madurai,Anna nagar(Uzhavar Sandhai ),Other,5000.0,5000.0,5000.0,2026,7,15,196,2,29,5000.0,5500.0,5000.0,0.0,-500.0,5166.666666666667,5071.428571428572,188.98223650461367,5024.0947,24.0947265625,0.48189453125
2026-07-16,Tamil Nadu,Madurai,Anna nagar(Uzhavar Sandhai ),Other,5000.0,5000.0,5000.0,2026,7,16,197,3,29,5000.0,5000.0,5000.0,0.0,0.0,5000.0,5071.428571428572,188.98223650461367,5085.0166,85.0166015625,1.70033203125
2026-07-18,Tamil Nadu,Madurai,Anna nagar(Uzhavar Sandhai ),Other,5000.0,5000.0,5000.0,2026,7,18,199,5,29,5000.0,5000.0,5000.0,0.0,0.0,5000.0,5071.428571428572,188.98223650461367,5071.7964,71.79638671875,1.435927734375
2026-07-19,Tamil Nadu,Madurai,Anna nagar(Uzhavar Sandhai ),Other,5000.0,6000.0,5500.0,2026,7,19,200,6,29,5000.0,5000.0,5000.0,500.0,500.0,5000.0,5071.428571428572,188.98223650461367,5358.7324,-141.267578125,-2.5685014204545458
2026-07-20,Tamil Nadu,Madurai,Anna nagar(Uzhavar Sandhai ),Other,5000.0,5000.0,5000.0,2026,7,20,201,0,30,5500.0,5000.0,5500.0,-500.0,0.0,5166.666666666667,5142.857142857143,243.9750182371332,5095.247,95.2470703125,1.9049414062499999
2026-07-21,Tamil Nadu,Madurai,Anna nagar(Uzhavar Sandhai ),Other,5000.0,5000.0,5000.0,2026,7,21,202,1,30,5000.0,5000.0,5000.0,0.0,0.0,5166.666666666667,5071.428571428572,188.98223650461367,5096.355,96.35498046875,1.927099609375
2026-07-22,Tamil Nadu,Madurai,Anna nagar(Uzhavar Sandhai ),Other,5000.0,5000.0,5000.0,2026,7,22,203,2,30,5000.0,5500.0,5000.0,0.0,-500.0,5166.666666666667,5071.428571428572,188.98223650461367,5088.3496,88.349609375,1.7669921875
2026-07-25,Tamil Nadu,Madurai,Anna nagar(Uzhavar Sandhai ),Other,5000.0,5000.0,5000.0,2026,7,25,206,5,30,5000.0,5000.0,5000.0,0.0,0.0,5000.0,5071.428571428572,188.98223650461367,5082.496,82.49609375,1.649921875
2026-07-26,Tamil Nadu,Madurai,Anna nagar(Uzhavar Sandhai ),Other,5000.0,5000.0,5000.0,2026,7,26,207,6,30,5000.0,5000.0,5000.0,0.0,0.0,5000.0,5071.428571428572,188.98223650461367,5153.4385,153.4384765625,3.06876953125
2026-07-27,Tamil Nadu,Madurai,Anna nagar(Uzhavar Sandhai ),Other,5000.0,5000.0,5000.0,2026,7,27,208,0,31,5000.0,5000.0,5000.0,0.0,0.0,5000.0,5071.428571428572,188.98223650461367,5079.588,79.587890625,1.5917578125000003
2026-07-28,Tamil Nadu,Madurai,Anna nagar(Uzhavar Sandhai ),Other,5000.0,5000.0,5000.0,2026,7,28,209,1,31,5000.0,5000.0,5500.0,0.0,0.0,5000.0,5071.428571428572,188.98223650461367,5113.1123,113.1123046875,2.26224609375
2026-07-29,Tamil Nadu,Madurai,Anna nagar(Uzhavar Sandhai ),Other,5000.0,5000.0,5000.0,2026,7,29,210,2,31,5000.0,5000.0,5000.0,0.0,0.0,5000.0,5000.0,0.0,5103.7144,103.71435546875,2.074287109375
2026-07-19,Tamil Nadu,Madurai,Anna nagar(Uzhavar Sandhai ),Safeda,5000.0,6000.0,5500.0,2026,7,19,200,6,29,4500.0,5500.0,5500.0,1000.0,0.0,5166.666666666667,5357.142857142857,377.9644730092272,5379.4775,-120.5224609375,-2.191317471590909
2026-07-26,Tamil Nadu,Madurai,Anna nagar(Uzhavar Sandhai ),Safeda,6000.0,7000.0,6500.0,2026,7,26,207,6,30,5500.0,5500.0,5500.0,1000.0,1000.0,5166.666666666667,5357.142857142857,377.9644730092272,5981.5234,-518.4765625,-7.976562500000001
2026-07-13,Tamil Nadu,Madurai,Chokkikulam(Uzhavar Sandhai ),Safeda,3000.0,6000.0,4500.0,2026,7,13,194,0,29,4500.0,4500.0,4500.0,0.0,0.0,4500.0,4500.0,0.0,4450.267,-49.73291015625,-1.10517578125
2026-07-14,Tamil Nadu,Madurai,Chokkikulam(Uzhavar Sandhai ),Safeda,3000.0,6000.0,4500.0,2026,7,14,195,1,29,4500.0,4500.0,4500.0,0.0,0.0,4500.0,4500.0,0.0,4482.533,-17.466796875,-0.3881510416666667
2026-07-15,Tamil Nadu,Madurai,Chokkikulam(Uzhavar Sandhai ),Safeda,5000.0,6000.0,5500.0,2026,7,15,196,2,29,4500.0,4500.0,4500.0,1000.0,1000.0,4500.0,4500.0,0.0,5188.4873,-311.5126953125,-5.6638671875
2026-07-16,Tamil Nadu,Madurai,Chokkikulam(Uzhavar Sandhai ),Safeda,5000.0,6000.0,5500.0,2026,7,16,197,3,29,5500.0,4500.0,4500.0,0.0,1000.0,4833.333333333333,4642.857142857143,377.9644730092272,5246.49,-253.509765625,-4.609268465909091
2026-07-17,Tamil Nadu,Madurai,Chokkikulam(Uzhavar Sandhai ),Safeda,5000.0,6000.0,5500.0,2026,7,17,198,4,29,5500.0,4500.0,4500.0,0.0,1000.0,5166.666666666667,4785.714285714285,487.9500364742664,5274.7603,-225.23974609375,-4.0952681107954545
2026-07-18,Tamil Nadu,Madurai,Chokkikulam(Uzhavar Sandhai ),Safeda,3000.0,5000.0,4000.0,2026,7,18,199,5,29,5500.0,5500.0,4500.0,-1500.0,-1500.0,5500.0,4928.571428571428,534.5224838248485,4279.8994,279.8994140625,6.9974853515625
2026-07-19,Tamil Nadu,Madurai,Chokkikulam(Uzhavar Sandhai ),Safeda,3000.0,6000.0,4500.0,2026,7,19,200,6,29,4000.0,5500.0,4500.0,500.0,-1000.0,5000.0,4857.142857142857,626.7831705280086,4446.1245,-53.87548828125,-1.1972330729166667
2026-07-20,Tamil Nadu,Madurai,Chokkikulam(Uzhavar Sandhai ),Safeda,3000.0,6000.0,4500.0,2026,7,20,201,0,30,4500.0,5500.0,4500.0,0.0,-1000.0,4666.666666666667,4857.142857142857,626.7831705280086,4566.0693,66.0693359375,1.4682074652777777
2026-07-21,Tamil Nadu,Madurai,Chokkikulam(Uzhavar Sandhai ),Safeda,3000.0,6000.0,4500.0,2026,7,21,202,1,30,4500.0,4000.0,4500.0,0.0,500.0,4333.333333333333,4857.142857142857,626.7831705280086,4558.5625,58.5625,1.301388888888889
2026-07-22,Tamil Nadu,Madurai,Chokkikulam(Uzhavar Sandhai ),Safeda,3500.0,7000.0,5250.0,2026,7,22,203,2,30,4500.0,4500.0,5500.0,750.0,750.0,4500.0,4857.142857142857,626.7831705280086,5334.875,84.875,1.6166666666666667
2026-07-23,Tamil Nadu,Madurai,Chokkikulam(Uzhavar Sandhai ),Safeda,4000.0,7000.0,5500.0,2026,7,23,204,3,30,5250.0,4500.0,5500.0,250.0,1000.0,4750.0,4821.428571428572,590.0968443520821,5107.3154,-392.6845703125,-7.139719460227273
2026-07-24,Tamil Nadu,Madurai,Chokkikulam(Uzhavar Sandhai ),Safeda,3500.0,6000.0,4750.0,2026,7,24,205,4,30,5500.0,4500.0,5500.0,-750.0,250.0,5083.333333333333,4821.428571428572,590.0968443520821,4969.6504,219.650390625,4.62421875
2026-07-25,Tamil Nadu,Madurai,Chokkikulam(Uzhavar Sandhai ),Safeda,4000.0,6000.0,5000.0,2026,7,25,206,5,30,4750.0,5250.0,4000.0,250.0,-250.0,5166.666666666667,4714.285714285715,508.8502445991075,4919.595,-80.40478515625,-1.6080957031249998
2026-07-26,Tamil Nadu,Madurai,Chokkikulam(Uzhavar Sandhai ),Safeda,4000.0,7000.0,5500.0,2026,7,26,207,6,30,5000.0,5500.0,4500.0,500.0,0.0,5083.333333333333,4857.142857142857,404.5867968563431,5217.694,-282.30615234375,-5.132839133522727
2026-07-27,Tamil Nadu,Madurai,Chokkikulam(Uzhavar Sandhai ),Safeda,4000.0,7000.0,5500.0,2026,7,27,208,0,31,5500.0,4750.0,4500.0,0.0,750.0,5083.333333333333,5000.0,433.0127018922183,5212.791,-287.208984375,-5.221981534090909
2026-07-28,Tamil Nadu,Madurai,Chokkikulam(Uzhavar Sandhai ),Safeda,4000.0,7000.0,5500.0,2026,7,28,209,1,31,5500.0,5000.0,4500.0,0.0,500.0,5333.333333333333,5142.857142857143,404.5867968563415,5193.62,-306.3798828125,-5.570543323863637
2026-07-29,Tamil Nadu,Madurai,Chokkikulam(Uzhavar Sandhai ),Safeda,5000.0,8000.0,6500.0,2026,7,29,210,2,31,5500.0,5500.0,5250.0,1000.0,1000.0,5500.0,5285.714285714285,303.74644814697405,6227.718,-272.2822265625,-4.188957331730769
2026-07-14,Tamil Nadu,Madurai,Melur(Uzhavar Sandhai ),Safeda,4500.0,5000.0,4750.0,2026,7,14,195,1,29,4750.0,4750.0,4750.0,0.0,0.0,4750.0,4750.0,0.0,4878.01,128.009765625,2.6949424342105264
2026-07-15,Tamil Nadu,Madurai,Melur(Uzhavar Sandhai ),Safeda,4500.0,5000.0,4750.0,2026,7,15,196,2,29,4750.0,4750.0,4750.0,0.0,0.0,4750.0,4750.0,0.0,4847.6597,97.65966796875,2.055993009868421
2026-07-16,Tamil Nadu,Madurai,Melur(Uzhavar Sandhai ),Safeda,4500.0,5000.0,4750.0,2026,7,16,197,3,29,4750.0,4750.0,4750.0,0.0,0.0,4750.0,4750.0,0.0,4847.9536,97.95361328125,2.062181332236842
2026-07-17,Tamil Nadu,Madurai,Melur(Uzhavar Sandhai ),Safeda,4500.0,5000.0,4750.0,2026,7,17,198,4,29,4750.0,4750.0,4750.0,0.0,0.0,4750.0,4750.0,0.0,4812.436,62.43603515625,1.314442845394737
2026-07-18,Tamil Nadu,Madurai,Melur(Uzhavar Sandhai ),Safeda,4500.0,5000.0,4750.0,2026,7,18,199,5,29,4750.0,4750.0,4750.0,0.0,0.0,4750.0,4750.0,0.0,4789.7026,39.70263671875,0.8358449835526315
2026-07-19,Tamil Nadu,Madurai,Melur(Uzhavar Sandhai ),Safeda,4500.0,5000.0,4750.0,2026,7,19,200,6,29,4750.0,4750.0,4750.0,0.0,0.0,4750.0,4750.0,0.0,4868.0654,118.0654296875,2.4855879934210527
2026-07-20,Tamil Nadu,Madurai,Melur(Uzhavar Sandhai ),Safeda,4500.0,5000.0,4750.0,2026,7,20,201,0,30,4750.0,4750.0,4750.0,0.0,0.0,4750.0,4750.0,0.0,4800.4624,50.46240234375,1.062366365131579
2026-07-21,Tamil Nadu,Madurai,Melur(Uzhavar Sandhai ),Safeda,4500.0,5000.0,4750.0,2026,7,21,202,1,30,4750.0,4750.0,4750.0,0.0,0.0,4750.0,4750.0,0.0,4896.4404,146.4404296875,3.082956414473684
2026-07-22,Tamil Nadu,Madurai,Melur(Uzhavar Sandhai ),Safeda,5500.0,6000.0,5750.0,2026,7,22,203,2,30,4750.0,4750.0,4750.0,1000.0,1000.0,4750.0,4750.0,0.0,5421.4424,-328.5576171875,-5.714045516304348
2026-07-24,Tamil Nadu,Madurai,Melur(Uzhavar Sandhai ),Safeda,5500.0,6000.0,5750.0,2026,7,24,205,4,30,5750.0,4750.0,4750.0,0.0,1000.0,5083.333333333333,4892.857142857143,377.9644730092272,5534.911,-215.0888671875,-3.7406759510869567
2026-07-25,Tamil Nadu,Madurai,Melur(Uzhavar Sandhai ),Safeda,5500.0,6000.0,5750.0,2026,7,25,206,5,30,5750.0,4750.0,4750.0,0.0,1000.0,5416.666666666667,5035.714285714285,487.9500364742664,5637.2363,-112.763671875,-1.961107336956522
2026-07-26,Tamil Nadu,Madurai,Melur(Uzhavar Sandhai ),Safeda,5500.0,6000.0,5750.0,2026,7,26,207,6,30,5750.0,5750.0,4750.0,0.0,0.0,5750.0,5178.571428571428,534.5224838248485,5845.689,95.68896484375,1.6641559103260868
2026-07-27,Tamil Nadu,Madurai,Melur(Uzhavar Sandhai ),Safeda,5500.0,6000.0,5750.0,2026,7,27,208,0,31,5750.0,5750.0,4750.0,0.0,0.0,5750.0,5321.428571428572,534.5224838248482,5779.103,29.10302734375,0.5061396059782609
2026-07-28,Tamil Nadu,Madurai,Melur(Uzhavar Sandhai ),Safeda,5500.0,6000.0,5750.0,2026,7,28,209,1,31,5750.0,5750.0,4750.0,0.0,0.0,5750.0,5464.285714285715,487.9500364742656,5829.637,79.63720703125,1.3849949048913044
2026-07-29,Tamil Nadu,Madurai,Melur(Uzhavar Sandhai ),Safeda,4000.0,4500.0,4250.0,2026,7,29,210,2,31,5750.0,5750.0,4750.0,-1500.0,-1500.0,5750.0,5607.142857142857,377.9644730092254,4364.634,114.6337890625,2.697265625
2026-07-13,Tamil Nadu,Madurai,Thirumangalam(Uzhavar Sandhai ),Safeda,5000.0,6000.0,5500.0,2026,7,13,194,0,29,5500.0,5500.0,5500.0,0.0,0.0,5500.0,5500.0,0.0,5425.6104,-74.3896484375,-1.3525390625
2026-07-14,Tamil Nadu,Madurai,Thirumangalam(Uzhavar Sandhai ),Safeda,5000.0,6000.0,5500.0,2026,7,14,195,1,29,5500.0,5500.0,5500.0,0.0,0.0,5500.0,5500.0,0.0,5466.3784,-33.62158203125,-0.6113014914772728
2026-07-15,Tamil Nadu,Madurai,Thirumangalam(Uzhavar Sandhai ),Safeda,5000.0,6000.0,5500.0,2026,7,15,196,2,29,5500.0,5500.0,5500.0,0.0,0.0,5500.0,5500.0,0.0,5454.839,-45.1611328125,-0.8211115056818182
2026-07-16,Tamil Nadu,Madurai,Thirumangalam(Uzhavar Sandhai ),Safeda,5000.0,6000.0,5500.0,2026,7,16,197,3,29,5500.0,5500.0,5500.0,0.0,0.0,5500.0,5500.0,0.0,5496.46,-3.5400390625,-0.06436434659090909
2026-07-17,Tamil Nadu,Madurai,Thirumangalam(Uzhavar Sandhai ),Safeda,5000.0,6000.0,5500.0,2026,7,17,198,4,29,5500.0,5500.0,5500.0,0.0,0.0,5500.0,5500.0,0.0,5457.153,-42.84716796875,-0.7790394176136364
2026-07-18,Tamil Nadu,Madurai,Thirumangalam(Uzhavar Sandhai ),Safeda,5000.0,6000.0,5500.0,2026,7,18,199,5,29,5500.0,5500.0,5500.0,0.0,0.0,5500.0,5500.0,0.0,5470.6167,-29.38330078125,-0.5342418323863636
2026-07-19,Tamil Nadu,Madurai,Thirumangalam(Uzhavar Sandhai ),Safeda,5000.0,6000.0,5500.0,2026,7,19,200,6,29,5500.0,5500.0,5500.0,0.0,0.0,5500.0,5500.0,0.0,5544.199,44.19921875,0.8036221590909091
2026-07-20,Tamil Nadu,Madurai,Thirumangalam(Uzhavar Sandhai ),Safeda,5000.0,6000.0,5500.0,2026,7,20,201,0,30,5500.0,5500.0,5500.0,0.0,0.0,5500.0,5500.0,0.0,5484.9106,-15.08935546875,-0.27435191761363636
2026-07-21,Tamil Nadu,Madurai,Thirumangalam(Uzhavar Sandhai ),Safeda,5000.0,6000.0,5500.0,2026,7,21,202,1,30,5500.0,5500.0,5500.0,0.0,0.0,5500.0,5500.0,0.0,5518.514,18.51416015625,0.33662109375
2026-07-22,Tamil Nadu,Madurai,Thirumangalam(Uzhavar Sandhai ),Safeda,5000.0,6000.0,5500.0,2026,7,22,203,2,30,5500.0,5500.0,5500.0,0.0,0.0,5500.0,5500.0,0.0,5534.5425,34.54248046875,0.6280450994318182
2026-07-23,Tamil Nadu,Madurai,Thirumangalam(Uzhavar Sandhai ),Safeda,5000.0,6000.0,5500.0,2026,7,23,204,3,30,5500.0,5500.0,5500.0,0.0,0.0,5500.0,5500.0,0.0,5536.6157,36.61572265625,0.6657404119318182
2026-07-24,Tamil Nadu,Madurai,Thirumangalam(Uzhavar Sandhai ),Safeda,5000.0,6000.0,5500.0,2026,7,24,205,4,30,5500.0,5500.0,5500.0,0.0,0.0,5500.0,5500.0,0.0,5505.8936,5.8935546875,0.10715553977272727
2026-07-25,Tamil Nadu,Madurai,Thirumangalam(Uzhavar Sandhai ),Safeda,6000.0,7000.0,6500.0,2026,7,25,206,5,30,5500.0,5500.0,5500.0,1000.0,1000.0,5500.0,5500.0,0.0,6108.7896,-391.21044921875,-6.018622295673077
2026-07-26,Tamil Nadu,Madurai,Thirumangalam(Uzhavar Sandhai ),Safeda,6000.0,7000.0,6500.0,2026,7,26,207,6,30,6500.0,5500.0,5500.0,0.0,1000.0,5833.333333333333,5642.857142857143,377.9644730092272,6268.351,-231.64892578125,-3.563829627403846
2026-07-27,Tamil Nadu,Madurai,Thirumangalam(Uzhavar Sandhai ),Safeda,6000.0,7000.0,6500.0,2026,7,27,208,0,31,6500.0,5500.0,5500.0,0.0,1000.0,6166.666666666667,5785.714285714285,487.9500364742664,6236.9644,-263.03564453125,-4.046702223557692
2026-07-28,Tamil Nadu,Madurai,Thirumangalam(Uzhavar Sandhai ),Safeda,6000.0,7000.0,6500.0,2026,7,28,209,1,31,6500.0,6500.0,5500.0,0.0,0.0,6500.0,5928.571428571428,534.5224838248485,6513.732,13.73193359375,0.21126051682692307
2026-07-13,Tamil Nadu,Nagapattinam,Nagapattinam(Uzhavar Sandhai ),Other,6500.0,6500.0,6500.0,2026,7,13,194,0,29,6400.0,4150.0,4250.0,100.0,2350.0,4766.666666666667,5114.285714285715,1569.4251298151298,6115.0093,-384.99072265625,-5.922934194711538
2026-07-14,Tamil Nadu,Nagapattinam,Nagapattinam(Uzhavar Sandhai ),Other,6000.0,7000.0,6500.0,2026,7,14,195,1,29,6500.0,3750.0,3500.0,0.0,2750.0,5550.0,5435.714285714285,1593.140056019946,6203.961,-296.0390625,-4.554447115384615
2026-07-15,Tamil Nadu,Nagapattinam,Nagapattinam(Uzhavar Sandhai ),Other,3800.0,4500.0,4150.0,2026,7,15,196,2,29,6500.0,6400.0,6250.0,-2350.0,-2250.0,6466.666666666667,5864.285714285715,1374.0797786501469,4627.682,477.68212890625,11.510412744728916
2026-07-16,Tamil Nadu,Nagapattinam,Nagapattinam(Uzhavar Sandhai ),Other,6000.0,6500.0,6250.0,2026,7,16,197,3,29,4150.0,6500.0,7500.0,2100.0,-250.0,5716.666666666667,5564.285714285715,1499.364944933433,6056.8438,-193.15625,-3.0905
2026-07-17,Tamil Nadu,Nagapattinam,Nagapattinam(Uzhavar Sandhai ),Other,2500.0,3500.0,3000.0,2026,7,17,198,4,29,6250.0,6500.0,4150.0,-3250.0,-3500.0,5633.333333333333,5385.714285714285,1290.2565267271093,3804.0505,804.050537109375,26.8016845703125
2026-07-18,Tamil Nadu,Nagapattinam,Nagapattinam(Uzhavar Sandhai ),Other,3000.0,3900.0,3450.0,2026,7,18,199,5,29,3000.0,4150.0,3750.0,450.0,-700.0,4466.666666666667,5221.428571428572,1525.575613459048,3498.9988,48.998779296875,1.4202544723731885
2026-07-19,Tamil Nadu,Nagapattinam,Nagapattinam(Uzhavar Sandhai ),Other,4500.0,5000.0,4750.0,2026,7,19,200,6,29,3450.0,6250.0,6400.0,1300.0,-1500.0,4233.333333333333,5178.571428571428,1577.1432884747508,4618.1216,-131.87841796875,-2.7763877467105265
2026-07-20,Tamil Nadu,Nagapattinam,Nagapattinam(Uzhavar Sandhai ),Other,6000.0,7000.0,6500.0,2026,7,20,201,0,30,4750.0,3000.0,6500.0,1750.0,3500.0,3733.3333333333335,4942.857142857143,1484.763890160253,6363.9644,-136.03564453125,-2.0928560697115386
2026-07-21,Tamil Nadu,Nagapattinam,Nagapattinam(Uzhavar Sandhai ),Other,6000.0,6500.0,6250.0,2026,7,21,202,1,30,6500.0,3450.0,6500.0,-250.0,2800.0,4900.0,4942.857142857143,1484.763890160253,6580.5664,330.56640625,5.2890625
2026-07-22,Tamil Nadu,Nagapattinam,Nagapattinam(Uzhavar Sandhai ),Other,6000.0,6500.0,6250.0,2026,7,22,203,2,30,6250.0,4750.0,4150.0,0.0,1500.0,5833.333333333333,4907.142857142857,1443.4993855871485,5956.623,-293.376953125,-4.69403125
2026-07-23,Tamil Nadu,Nagapattinam,Nagapattinam(Uzhavar Sandhai ),Other,4500.0,5000.0,4750.0,2026,7,23,204,3,30,6250.0,6500.0,6250.0,-1500.0,-1750.0,6333.333333333333,5207.142857142857,1477.731530485316,4843.6694,93.66943359375,1.9719880756578947
2026-07-24,Tamil Nadu,Nagapattinam,Nagapattinam(Uzhavar Sandhai ),Other,6000.0,7000.0,6500.0,2026,7,24,205,4,30,4750.0,6250.0,3000.0,1750.0,250.0,5750.0,4992.857142857143,1408.435471077917,5937.447,-562.55322265625,-8.654664963942308
2026-07-25,Tamil Nadu,Nagapattinam,Nagapattinam(Uzhavar Sandhai ),Other,6000.0,6000.0,6000.0,2026,7,25,206,5,30,6500.0,6250.0,3450.0,-500.0,-250.0,5833.333333333333,5492.857142857143,1186.8826716194294,6336.8467,336.8466796875,5.614111328125
2026-07-26,Tamil Nadu,Nagapattinam,Nagapattinam(Uzhavar Sandhai ),Other,4000.0,5000.0,4500.0,2026,7,26,207,6,30,6000.0,4750.0,4750.0,-1500.0,-250.0,5750.0,5857.142857142857,775.3647375206548,4665.2217,165.2216796875,3.6715928819444446
2026-07-27,Tamil Nadu,Nagapattinam,Nagapattinam(Uzhavar Sandhai ),Other,6000.0,6000.0,6000.0,2026,7,27,208,0,31,4500.0,6500.0,6500.0,1500.0,-500.0,5666.666666666667,5821.428571428572,838.0817098475245,5717.6206,-282.37939453125,-4.7063232421875
2026-07-28,Tamil Nadu,Nagapattinam,Nagapattinam(Uzhavar Sandhai ),Other,6000.0,7000.0,6500.0,2026,7,28,209,1,31,6000.0,6000.0,6250.0,500.0,500.0,5500.0,5750.0,790.5694150420936,6339.897,-160.10302734375,-2.463123497596154
2026-07-29,Tamil Nadu,Nagapattinam,Nagapattinam(Uzhavar Sandhai ),Other,6000.0,7000.0,6500.0,2026,7,29,210,2,31,6500.0,4500.0,6250.0,0.0,2000.0,5666.666666666667,5785.714285714285,821.9460068004686,6364.4053,-135.5947265625,-2.0860727163461537
2026-07-13,Tamil Nadu,Nagercoil (Kannyiakumari),Myladi(Uzhavar Sandhai ),Safeda,6000.0,7000.0,6500.0,2026,7,13,194,0,29,6750.0,9500.0,4750.0,-250.0,-3000.0,7666.666666666667,6571.428571428572,1598.9207669699017,6589.2812,89.28125,1.3735576923076924
2026-07-14,Tamil Nadu,Nagercoil (Kannyiakumari),Myladi(Uzhavar Sandhai ),Safeda,6500.0,7000.0,6750.0,2026,7,14,195,1,29,6500.0,6750.0,4750.0,250.0,0.0,6666.666666666667,6821.428571428572,1389.8012876118726,6521.2905,-228.70947265625,-3.3882884837962965
2026-07-15,Tamil Nadu,Nagercoil (Kannyiakumari),Myladi(Uzhavar Sandhai ),Safeda,8500.0,9000.0,8750.0,2026,7,15,196,2,29,6750.0,6750.0,6750.0,2000.0,2000.0,6666.666666666667,7107.142857142857,1059.256253001987,7807.0283,-942.9716796875,-10.776819196428573
2026-07-16,Tamil Nadu,Nagercoil (Kannyiakumari),Myladi(Uzhavar Sandhai ),Safeda,6500.0,7000.0,6750.0,2026,7,16,197,3,29,8750.0,6500.0,6750.0,-2000.0,250.0,7333.333333333333,7392.857142857143,1206.3818395753235,7057.18,307.18017578125,4.550817418981482
2026-07-17,Tamil Nadu,Nagercoil (Kannyiakumari),Myladi(Uzhavar Sandhai ),Safeda,6500.0,7000.0,6750.0,2026,7,17,198,4,29,6750.0,6750.0,9500.0,0.0,0.0,7416.666666666667,7392.857142857143,1206.3818395753235,7191.349,441.34912109375,6.538505497685184
2026-07-18,Tamil Nadu,Nagercoil (Kannyiakumari),Myladi(Uzhavar Sandhai ),Safeda,6500.0,7000.0,6750.0,2026,7,18,199,5,29,6750.0,8750.0,6750.0,0.0,-2000.0,7416.666666666667,7000.0,777.2815877574014,6745.4946,-4.50537109375,-0.06674623842592592
2026-07-19,Tamil Nadu,Nagercoil (Kannyiakumari),Myladi(Uzhavar Sandhai ),Safeda,6500.0,7000.0,6750.0,2026,7,19,200,6,29,6750.0,6750.0,6750.0,0.0,0.0,6750.0,7000.0,777.2815877574014,6994.431,244.43115234375,3.6212022569444446
2026-07-20,Tamil Nadu,Nagercoil (Kannyiakumari),Myladi(Uzhavar Sandhai ),Safeda,6500.0,7000.0,6750.0,2026,7,20,201,0,30,6750.0,6750.0,6500.0,0.0,0.0,6750.0,7000.0,777.2815877574014,6913.234,163.23388671875,2.4182798032407407
2026-07-21,Tamil Nadu,Nagercoil (Kannyiakumari),Myladi(Uzhavar Sandhai ),Safeda,4500.0,5000.0,4750.0,2026,7,21,202,1,30,6750.0,6750.0,6750.0,-2000.0,-2000.0,6750.0,7035.714285714285,755.9289460184547,5171.9204,421.92041015625,8.882534950657895
2026-07-22,Tamil Nadu,Nagercoil (Kannyiakumari),Myladi(Uzhavar Sandhai ),Safeda,4500.0,5000.0,4750.0,2026,7,22,203,2,30,4750.0,6750.0,8750.0,0.0,-2000.0,6083.333333333333,6750.0,1154.7005383792518,5065.233,315.23291015625,6.636482319078947
2026-07-23,Tamil Nadu,Nagercoil (Kannyiakumari),Myladi(Uzhavar Sandhai ),Safeda,5500.0,6000.0,5750.0,2026,7,23,204,3,30,4750.0,6750.0,6750.0,1000.0,-1000.0,5416.666666666667,6178.571428571428,975.9000729485342,5662.8286,-87.17138671875,-1.5160241168478261
2026-07-24,Tamil Nadu,Nagercoil (Kannyiakumari),Myladi(Uzhavar Sandhai ),Safeda,4500.0,5000.0,4750.0,2026,7,24,205,4,30,5750.0,4750.0,6750.0,-1000.0,0.0,5083.333333333333,6035.714285714285,951.1897312113432,5124.7935,374.79345703125,7.890388569078947
2026-07-25,Tamil Nadu,Nagercoil (Kannyiakumari),Myladi(Uzhavar Sandhai ),Safeda,4500.0,5000.0,4750.0,2026,7,25,206,5,30,4750.0,4750.0,6750.0,0.0,0.0,5083.333333333333,5750.0,1000.0000000000013,4943.654,193.65380859375,4.07692228618421
2026-07-12,Tamil Nadu,Nagercoil (Kannyiakumari),Vadaseri APMC,Safeda,6500.0,7000.0,6750.0,2026,7,12,193,6,28,6750.0,7250.0,7250.0,0.0,-500.0,6916.666666666667,6964.285714285715,267.2612419124244,7072.821,322.82080078125,4.7825303819444445
2026-07-13,Tamil Nadu,Nagercoil (Kannyiakumari),Vadaseri APMC,Safeda,6500.0,7000.0,6750.0,2026,7,13,194,0,29,6750.0,6750.0,6750.0,0.0,0.0,6750.0,6892.857142857143,243.97501823713344,7033.5317,283.53173828125,4.20047019675926
2026-07-14,Tamil Nadu,Nagercoil (Kannyiakumari),Vadaseri APMC,Safeda,6500.0,7000.0,6750.0,2026,7,14,195,1,29,6750.0,6750.0,6750.0,0.0,0.0,6750.0,6892.857142857143,243.97501823713344,7004.9014,254.9013671875,3.776316550925926
2026-07-16,Tamil Nadu,Nagercoil (Kannyiakumari),Vadaseri APMC,Safeda,7000.0,7500.0,7250.0,2026,7,16,197,3,29,6750.0,6750.0,7250.0,500.0,500.0,6750.0,6892.857142857143,243.97501823713344,7186.5347,-63.46533203125,-0.8753838900862069
2026-07-17,Tamil Nadu,Nagercoil (Kannyiakumari),Vadaseri APMC,Safeda,6500.0,7000.0,6750.0,2026,7,17,198,4,29,7250.0,6750.0,7250.0,-500.0,0.0,6916.666666666667,6892.857142857143,243.97501823713344,7191.8325,441.83251953125,6.545666956018518
2026-07-18,Tamil Nadu,Nagercoil (Kannyiakumari),Vadaseri APMC,Safeda,6500.0,7000.0,6750.0,2026,7,18,199,5,29,6750.0,6750.0,6750.0,0.0,0.0,6916.666666666667,6821.428571428572,188.982236504614,7036.1904,286.1904296875,4.239858217592593
2026-07-19,Tamil Nadu,Nagercoil (Kannyiakumari),Vadaseri APMC,Safeda,6500.0,7000.0,6750.0,2026,7,19,200,6,29,6750.0,7250.0,6750.0,0.0,-500.0,6916.666666666667,6821.428571428572,188.982236504614,7040.4604,290.46044921875,4.303117766203704
2026-07-20,Tamil Nadu,Nagercoil (Kannyiakumari),Vadaseri APMC,Safeda,6500.0,7000.0,6750.0,2026,7,20,201,0,30,6750.0,6750.0,6750.0,0.0,0.0,6750.0,6821.428571428572,188.982236504614,6980.919,230.9189453125,3.421021412037037
2026-07-21,Tamil Nadu,Nagercoil (Kannyiakumari),Vadaseri APMC,Safeda,6500.0,7000.0,6750.0,2026,7,21,202,1,30,6750.0,6750.0,6750.0,0.0,0.0,6750.0,6821.428571428572,188.982236504614,6957.4087,207.40869140625,3.0727213541666667
2026-07-22,Tamil Nadu,Nagercoil (Kannyiakumari),Vadaseri APMC,Safeda,7000.0,7500.0,7250.0,2026,7,22,203,2,30,6750.0,6750.0,6750.0,500.0,500.0,6750.0,6821.428571428572,188.982236504614,7062.104,-187.89599609375,-2.591668911637931
2026-07-23,Tamil Nadu,Nagercoil (Kannyiakumari),Vadaseri APMC,Safeda,6500.0,7000.0,6750.0,2026,7,23,204,3,30,7250.0,6750.0,7250.0,-500.0,0.0,6916.666666666667,6892.857142857143,243.97501823713344,7226.309,476.30908203125,7.056430844907408
2026-07-24,Tamil Nadu,Nagercoil (Kannyiakumari),Vadaseri APMC,Safeda,6500.0,7000.0,6750.0,2026,7,24,205,4,30,6750.0,6750.0,6750.0,0.0,0.0,6916.666666666667,6821.428571428572,188.982236504614,7016.1743,266.17431640625,3.943323206018518
2026-07-25,Tamil Nadu,Nagercoil (Kannyiakumari),Vadaseri APMC,Safeda,6500.0,7000.0,6750.0,2026,7,25,206,5,30,6750.0,7250.0,6750.0,0.0,-500.0,6916.666666666667,6821.428571428572,188.982236504614,7043.018,293.01806640625,4.341008391203704
2026-07-26,Tamil Nadu,Nagercoil (Kannyiakumari),Vadaseri APMC,Safeda,6500.0,7000.0,6750.0,2026,7,26,207,6,30,6750.0,6750.0,6750.0,0.0,0.0,6750.0,6821.428571428572,188.982236504614,7133.0454,383.04541015625,5.67474681712963
2026-07-27,Tamil Nadu,Nagercoil (Kannyiakumari),Vadaseri APMC,Safeda,6500.0,7000.0,6750.0,2026,7,27,208,0,31,6750.0,6750.0,6750.0,0.0,0.0,6750.0,6821.428571428572,188.982236504614,7016.2036,266.20361328125,3.943757233796296
2026-07-28,Tamil Nadu,Nagercoil (Kannyiakumari),Vadaseri APMC,Safeda,6500.0,7000.0,6750.0,2026,7,28,209,1,31,6750.0,6750.0,6750.0,0.0,0.0,6750.0,6821.428571428572,188.982236504614,7081.547,331.546875,4.9118055555555555
2026-07-29,Tamil Nadu,Nagercoil (Kannyiakumari),Vadaseri APMC,Safeda,7000.0,8000.0,7500.0,2026,7,29,210,2,31,6750.0,6750.0,7250.0,750.0,750.0,6750.0,6821.428571428572,188.982236504614,7452.844,-47.15576171875,-0.6287434895833334
2026-07-18,Tamil Nadu,Namakkal,Kumarapalayam(Uzhavar Sandhai ),Safeda,4500.0,5000.0,4750.0,2026,7,18,199,5,29,4750.0,4750.0,4750.0,0.0,0.0,4750.0,4750.0,0.0,4789.7026,39.70263671875,0.8358449835526315
2026-07-19,Tamil Nadu,Namakkal,Kumarapalayam(Uzhavar Sandhai ),Safeda,4500.0,5000.0,4750.0,2026,7,19,200,6,29,4750.0,4750.0,4750.0,0.0,0.0,4750.0,4750.0,0.0,4868.0654,118.0654296875,2.4855879934210527
2026-07-20,Tamil Nadu,Namakkal,Kumarapalayam(Uzhavar Sandhai ),Safeda,4500.0,5000.0,4750.0,2026,7,20,201,0,30,4750.0,4750.0,4750.0,0.0,0.0,4750.0,4750.0,0.0,4800.4624,50.46240234375,1.062366365131579
2026-07-22,Tamil Nadu,Namakkal,Kumarapalayam(Uzhavar Sandhai ),Safeda,4500.0,5000.0,4750.0,2026,7,22,203,2,30,4750.0,4750.0,4750.0,0.0,0.0,4750.0,4750.0,0.0,4893.63,143.6298828125,3.0237870065789476
2026-07-23,Tamil Nadu,Namakkal,Kumarapalayam(Uzhavar Sandhai ),Safeda,4500.0,5000.0,4750.0,2026,7,23,204,3,30,4750.0,4750.0,4750.0,0.0,0.0,4750.0,4750.0,0.0,4895.703,145.703125,3.067434210526316
2026-07-24,Tamil Nadu,Namakkal,Kumarapalayam(Uzhavar Sandhai ),Safeda,4500.0,5000.0,4750.0,2026,7,24,205,4,30,4750.0,4750.0,4750.0,0.0,0.0,4750.0,4750.0,0.0,4860.1855,110.185546875,2.3196957236842106
2026-07-25,Tamil Nadu,Namakkal,Kumarapalayam(Uzhavar Sandhai ),Safeda,4500.0,5000.0,4750.0,2026,7,25,206,5,30,4750.0,4750.0,4750.0,0.0,0.0,4750.0,4750.0,0.0,4802.388,52.38818359375,1.1029091282894736
2026-07-26,Tamil Nadu,Namakkal,Kumarapalayam(Uzhavar Sandhai ),Safeda,4500.0,5000.0,4750.0,2026,7,26,207,6,30,4750.0,4750.0,4750.0,0.0,0.0,4750.0,4750.0,0.0,4873.3306,123.33056640625,2.5964329769736842
2026-07-27,Tamil Nadu,Namakkal,Kumarapalayam(Uzhavar Sandhai ),Safeda,4500.0,5000.0,4750.0,2026,7,27,208,0,31,4750.0,4750.0,4750.0,0.0,0.0,4750.0,4750.0,0.0,4801.513,51.51318359375,1.0844880756578947
2026-07-16,Tamil Nadu,Namakkal,Namakkal(Uzhavar Sandhai ),Neelam,4000.0,5000.0,4500.0,2026,7,16,197,3,29,5000.0,4750.0,3750.0,-500.0,-250.0,5083.333333333333,4607.142857142857,592.6132602216019,4587.8584,87.8583984375,1.9524088541666669
2026-07-17,Tamil Nadu,Namakkal,Namakkal(Uzhavar Sandhai ),Neelam,4000.0,6000.0,5000.0,2026,7,17,198,4,29,4500.0,5500.0,4750.0,500.0,-500.0,5000.0,4714.285714285715,466.11361786790184,4849.6343,-150.36572265625,-3.007314453125
2026-07-18,Tamil Nadu,Namakkal,Namakkal(Uzhavar Sandhai ),Neelam,5000.0,6000.0,5500.0,2026,7,18,199,5,29,5000.0,5000.0,4000.0,500.0,500.0,4833.333333333333,4750.0,478.7135538781686,5315.774,-184.22607421875,-3.349564985795454
2026-07-19,Tamil Nadu,Namakkal,Namakkal(Uzhavar Sandhai ),Neelam,6000.0,7000.0,6500.0,2026,7,19,200,6,29,5500.0,4500.0,4500.0,1000.0,2000.0,5000.0,4964.285714285715,419.040854923762,6000.354,-499.64599609375,-7.686861478365385
2026-07-20,Tamil Nadu,Namakkal,Namakkal(Uzhavar Sandhai ),Neelam,6000.0,7000.0,6500.0,2026,7,20,201,0,30,6500.0,5000.0,4750.0,0.0,1500.0,5666.666666666667,5250.0,661.4378277661469,6190.4624,-309.53759765625,-4.76211688701923
2026-07-21,Tamil Nadu,Namakkal,Namakkal(Uzhavar Sandhai ),Neelam,5000.0,7000.0,6000.0,2026,7,21,202,1,30,6500.0,5500.0,5500.0,-500.0,500.0,6166.666666666667,5500.0,763.7626158259728,5928.603,-71.39697265625,-1.1899495442708332
2026-07-22,Tamil Nadu,Namakkal,Namakkal(Uzhavar Sandhai ),Neelam,5000.0,7000.0,6000.0,2026,7,22,203,2,30,6000.0,6500.0,5000.0,0.0,-500.0,6333.333333333333,5571.428571428572,786.7957924694426,5981.878,-18.1220703125,-0.30203450520833336
2026-07-23,Tamil Nadu,Namakkal,Namakkal(Uzhavar Sandhai ),Neelam,5000.0,7000.0,6000.0,2026,7,23,204,3,30,6000.0,6500.0,4500.0,0.0,-500.0,6166.666666666667,5714.285714285715,755.9289460184539,6079.208,79.2080078125,1.3201334635416668
2026-07-24,Tamil Nadu,Namakkal,Namakkal(Uzhavar Sandhai ),Neelam,5000.0,7000.0,6000.0,2026,7,24,205,4,30,6000.0,6000.0,5000.0,0.0,0.0,6000.0,5928.571428571428,534.5224838248478,6116.586,116.5859375,1.9430989583333331
2026-07-25,Tamil Nadu,Namakkal,Namakkal(Uzhavar Sandhai ),Neelam,5000.0,7000.0,6000.0,2026,7,25,206,5,30,6000.0,6000.0,5500.0,0.0,0.0,6000.0,6071.428571428572,345.0327796711758,6033.124,33.1240234375,0.5520670572916666
2026-07-26,Tamil Nadu,Namakkal,Namakkal(Uzhavar Sandhai ),Neelam,5000.0,7000.0,6000.0,2026,7,26,207,6,30,6000.0,6000.0,6500.0,0.0,0.0,6000.0,6142.857142857143,243.97501823713137,6197.6406,197.640625,3.2940104166666666
2026-07-27,Tamil Nadu,Namakkal,Namakkal(Uzhavar Sandhai ),Neelam,6000.0,7000.0,6500.0,2026,7,27,208,0,31,6000.0,6000.0,6500.0,500.0,500.0,6000.0,6071.428571428572,188.9822365046112,6331.665,-168.3349609375,-2.5897686298076925
2026-07-28,Tamil Nadu,Namakkal,Namakkal(Uzhavar Sandhai ),Neelam,6000.0,7000.0,6500.0,2026,7,28,209,1,31,6500.0,6000.0,6000.0,0.0,500.0,6166.666666666667,6071.428571428572,188.9822365046136,6419.4966,-80.50341796875,-1.2385141225961538
2026-07-29,Tamil Nadu,Namakkal,Namakkal(Uzhavar Sandhai ),Neelam,6000.0,7000.0,6500.0,2026,7,29,210,2,31,6500.0,6000.0,6000.0,0.0,500.0,6333.333333333333,6142.857142857143,243.97501823713313,6437.0005,-62.99951171875,-0.9692232572115385
2026-07-13,Tamil Nadu,Namakkal,Rasipuram(Uzhavar Sandhai ),Other,3000.0,5000.0,4000.0,2026,7,13,194,0,29,4000.0,4750.0,4000.0,0.0,-750.0,4250.0,4214.285714285715,365.9625273557,3952.4973,-47.502685546875,-1.187567138671875
2026-07-14,Tamil Nadu,Namakkal,Rasipuram(Uzhavar Sandhai ),Other,4000.0,6000.0,5000.0,2026,7,14,195,1,29,4000.0,4000.0,4000.0,1000.0,1000.0,4000.0,4214.285714285715,365.9625273557,4519.7266,-480.2734375,-9.60546875
2026-07-15,Tamil Nadu,Namakkal,Rasipuram(Uzhavar Sandhai ),Other,4000.0,6000.0,5000.0,2026,7,15,196,2,29,5000.0,4000.0,4000.0,0.0,1000.0,4333.333333333333,4357.142857142857,453.16348358748286,4579.475,-420.52490234375,-8.410498046875
2026-07-16,Tamil Nadu,Namakkal,Rasipuram(Uzhavar Sandhai ),Other,4000.0,6000.0,5000.0,2026,7,16,197,3,29,5000.0,4000.0,4750.0,0.0,1000.0,4666.666666666667,4500.0,478.7135538781693,4677.4585,-322.54150390625,-6.450830078125
2026-07-17,Tamil Nadu,Namakkal,Rasipuram(Uzhavar Sandhai ),Other,5000.0,6000.0,5500.0,2026,7,17,198,4,29,5000.0,5000.0,4750.0,500.0,500.0,5000.0,4535.714285714285,508.8502445991077,5274.826,-225.173828125,-4.094069602272727
2026-07-18,Tamil Nadu,Namakkal,Rasipuram(Uzhavar Sandhai ),Other,4000.0,6000.0,5000.0,2026,7,18,199,5,29,5500.0,5000.0,4000.0,-500.0,0.0,5166.666666666667,4642.857142857143,626.7831705280094,4950.3535,-49.646484375,-0.9929296875
2026-07-19,Tamil Nadu,Namakkal,Rasipuram(Uzhavar Sandhai ),Other,4000.0,6000.0,5000.0,2026,7,19,200,6,29,5000.0,5000.0,4000.0,0.0,0.0,5166.666666666667,4785.714285714285,566.9467095138419,4961.411,-38.5888671875,-0.77177734375
2026-07-20,Tamil Nadu,Namakkal,Rasipuram(Uzhavar Sandhai ),Other,3000.0,5000.0,4000.0,2026,7,20,201,0,30,5000.0,5500.0,4000.0,-1000.0,-1500.0,5166.666666666667,4928.571428571428,449.86770542122053,4416.5137,416.513671875,10.412841796875
2026-07-21,Tamil Nadu,Namakkal,Rasipuram(Uzhavar Sandhai ),Other,3000.0,5000.0,4000.0,2026,7,21,202,1,30,4000.0,5000.0,5000.0,0.0,-1000.0,4666.666666666667,4928.571428571428,449.86770542122053,4160.8457,160.845703125,4.021142578125
2026-07-22,Tamil Nadu,Namakkal,Rasipuram(Uzhavar Sandhai ),Other,3000.0,5000.0,4000.0,2026,7,22,203,2,30,4000.0,5000.0,5000.0,0.0,-1000.0,4333.333333333333,4785.714285714285,566.9467095138419,4021.1326,21.132568359375,0.528314208984375
2026-07-23,Tamil Nadu,Namakkal,Rasipuram(Uzhavar Sandhai ),Other,3000.0,5000.0,4000.0,2026,7,23,204,3,30,4000.0,4000.0,5000.0,0.0,0.0,4000.0,4642.857142857143,626.7831705280094,4103.128,103.1279296875,2.5781982421875
2026-07-24,Tamil Nadu,Namakkal,Rasipuram(Uzhavar Sandhai ),Other,4500.0,5000.0,4750.0,2026,7,24,205,4,30,4000.0,4000.0,5500.0,750.0,750.0,4000.0,4500.0,645.497224367903,4596.543,-153.45703125,-3.230674342105263
2026-07-25,Tamil Nadu,Namakkal,Rasipuram(Uzhavar Sandhai ),Other,3000.0,5000.0,4000.0,2026,7,25,206,5,30,4750.0,4000.0,5000.0,-750.0,0.0,4250.0,4392.857142857143,497.0148986940021,4063.1577,63.15771484375,1.57894287109375
2026-07-26,Tamil Nadu,Namakkal,Rasipuram(Uzhavar Sandhai ),Other,3000.0,5000.0,4000.0,2026,7,26,207,6,30,4000.0,4000.0,5000.0,0.0,0.0,4250.0,4250.0,433.0127018922184,4039.0723,39.072265625,0.976806640625
2026-07-27,Tamil Nadu,Namakkal,Rasipuram(Uzhavar Sandhai ),Other,3000.0,5000.0,4000.0,2026,7,27,208,0,31,4000.0,4750.0,4000.0,0.0,-750.0,4250.0,4107.142857142857,283.4733547569186,3959.5195,-40.48046875,-1.01201171875
2026-07-28,Tamil Nadu,Namakkal,Rasipuram(Uzhavar Sandhai ),Other,3000.0,5000.0,4000.0,2026,7,28,209,1,31,4000.0,4000.0,4000.0,0.0,0.0,4000.0,4107.142857142857,283.4733547569186,4019.8433,19.84326171875,0.49608154296875
2026-07-29,Tamil Nadu,Namakkal,Rasipuram(Uzhavar Sandhai ),Other,3000.0,5000.0,4000.0,2026,7,29,210,2,31,4000.0,4000.0,4000.0,0.0,0.0,4000.0,4107.142857142857,283.4733547569186,4024.1064,24.1064453125,0.6026611328125
2026-07-13,Tamil Nadu,Perambalur,Perambalur(Uzhavar Sandhai ),Other,5000.0,5000.0,5000.0,2026,7,13,194,0,29,4500.0,5000.0,4500.0,500.0,0.0,4833.333333333333,4857.142857142857,243.97501823713347,5031.0337,31.03369140625,0.6206738281249999
2026-07-14,Tamil Nadu,Perambalur,Perambalur(Uzhavar Sandhai ),Other,4000.0,5000.0,4500.0,2026,7,14,195,1,29,5000.0,5000.0,5000.0,-500.0,-500.0,4833.333333333333,4928.571428571428,188.98223650461344,4628.4097,128.40966796875,2.8535481770833333
2026-07-15,Tamil Nadu,Perambalur,Perambalur(Uzhavar Sandhai ),Other,5000.0,5000.0,5000.0,2026,7,15,196,2,29,4500.0,4500.0,5000.0,500.0,500.0,4666.666666666667,4857.142857142857,243.97501823713347,5055.883,55.8828125,1.11765625
2026-07-16,Tamil Nadu,Perambalur,Perambalur(Uzhavar Sandhai ),Other,5000.0,5000.0,5000.0,2026,7,16,197,3,29,5000.0,5000.0,5000.0,0.0,0.0,4833.333333333333,4857.142857142857,243.97501823713347,5087.2593,87.25927734375,1.745185546875
2026-07-17,Tamil Nadu,Perambalur,Perambalur(Uzhavar Sandhai ),Other,5000.0,5000.0,5000.0,2026,7,17,198,4,29,5000.0,4500.0,5000.0,0.0,500.0,4833.333333333333,4857.142857142857,243.97501823713347,5155.516,155.51611328125,3.110322265625
2026-07-18,Tamil Nadu,Perambalur,Perambalur(Uzhavar Sandhai ),Other,5000.0,6000.0,5500.0,2026,7,18,199,5,29,5000.0,5000.0,5000.0,500.0,500.0,5000.0,4857.142857142857,243.97501823713347,5343.067,-156.93310546875,-2.853329190340909
2026-07-20,Tamil Nadu,Perambalur,Perambalur(Uzhavar Sandhai ),Other,5000.0,5000.0,5000.0,2026,7,20,201,0,30,5500.0,5000.0,4500.0,-500.0,0.0,5166.666666666667,4928.571428571428,345.0327796711771,5072.2666,72.2666015625,1.44533203125
2026-07-21,Tamil Nadu,Perambalur,Perambalur(Uzhavar Sandhai ),Other,5000.0,6000.0,5500.0,2026,7,21,202,1,30,5000.0,5000.0,5000.0,500.0,500.0,5166.666666666667,5000.0,288.6751345948126,5347.599,-152.40087890625,-2.7709250710227273
2026-07-22,Tamil Nadu,Perambalur,Perambalur(Uzhavar Sandhai ),Other,6000.0,6000.0,6000.0,2026,7,22,203,2,30,5500.0,5500.0,4500.0,500.0,500.0,5333.333333333333,5071.428571428572,345.0327796711766,5673.3257,-326.67431640625,-5.444571940104167
2026-07-23,Tamil Nadu,Perambalur,Perambalur(Uzhavar Sandhai ),Other,5000.0,6000.0,5500.0,2026,7,23,204,3,30,6000.0,5000.0,5000.0,-500.0,500.0,5500.0,5285.714285714285,393.3978962347204,5563.486,63.48583984375,1.154287997159091
2026-07-24,Tamil Nadu,Perambalur,Perambalur(Uzhavar Sandhai ),Other,5000.0,6000.0,5500.0,2026,7,24,205,4,30,5500.0,5500.0,5000.0,0.0,0.0,5666.666666666667,5357.142857142857,377.9644730092257,5464.3066,-35.693359375,-0.6489701704545454
2026-07-25,Tamil Nadu,Perambalur,Perambalur(Uzhavar Sandhai ),Other,5000.0,6000.0,5500.0,2026,7,25,206,5,30,5500.0,6000.0,5000.0,0.0,-500.0,5666.666666666667,5428.571428571428,345.0327796711751,5465.5176,-34.482421875,-0.626953125
2026-07-26,Tamil Nadu,Perambalur,Perambalur(Uzhavar Sandhai ),Other,5000.0,6000.0,5500.0,2026,7,26,207,6,30,5500.0,5500.0,5500.0,0.0,0.0,5500.0,5500.0,288.67513459480995,5545.2773,45.27734375,0.8232244318181817
2026-07-27,Tamil Nadu,Perambalur,Perambalur(Uzhavar Sandhai ),Other,5000.0,6000.0,5500.0,2026,7,27,208,0,31,5500.0,5500.0,5000.0,0.0,0.0,5500.0,5500.0,288.67513459480995,5460.897,-39.10302734375,-0.7109641335227272
2026-07-29,Tamil Nadu,Perambalur,Perambalur(Uzhavar Sandhai ),Other,5000.0,7000.0,6000.0,2026,7,29,210,2,31,5500.0,5500.0,5500.0,500.0,500.0,5500.0,5571.428571428572,188.98223650460832,5784.7407,-215.25927734375,-3.587654622395833
2026-07-26,Tamil Nadu,Pudukkottai,Gandarvakottai(Uzhavar Sandhai ),Other,4500.0,5000.0,4750.0,2026,7,26,207,6,30,4500.0,7500.0,7500.0,250.0,-2750.0,5833.333333333333,6500.0,1290.9944487358057,5138.7705,388.7705078125,8.184642269736841
2026-07-27,Tamil Nadu,Pudukkottai,Gandarvakottai(Uzhavar Sandhai ),Other,4500.0,5000.0,4750.0,2026,7,27,208,0,31,4750.0,5500.0,7500.0,0.0,-750.0,4916.666666666667,6107.142857142857,1352.9069232054148,5014.3276,264.32763671875,5.564792351973684
2026-07-16,Tamil Nadu,Pudukkottai,Pudukottai(Uzhavar Sandhai ),Other,6000.0,7000.0,6500.0,2026,7,16,197,3,29,6500.0,6500.0,6500.0,0.0,0.0,6500.0,6500.0,0.0,6708.032,208.0322265625,3.2004957932692304
2026-07-17,Tamil Nadu,Pudukkottai,Pudukottai(Uzhavar Sandhai ),Other,6000.0,7000.0,6500.0,2026,7,17,198,4,29,6500.0,6500.0,6500.0,0.0,0.0,6500.0,6500.0,0.0,6722.897,222.89697265625,3.4291841947115382
2026-07-18,Tamil Nadu,Pudukkottai,Pudukottai(Uzhavar Sandhai ),Other,5000.0,6000.0,5500.0,2026,7,18,199,5,29,6500.0,6500.0,6500.0,-1000.0,-1000.0,6500.0,6500.0,0.0,5850.2583,350.25830078125,6.368332741477273
2026-07-19,Tamil Nadu,Pudukkottai,Pudukottai(Uzhavar Sandhai ),Other,6000.0,7000.0,6500.0,2026,7,19,200,6,29,5500.0,6500.0,6500.0,1000.0,0.0,6166.666666666667,6357.142857142857,377.9644730092272,6308.0566,-191.943359375,-2.9529747596153846
2026-07-20,Tamil Nadu,Pudukkottai,Pudukottai(Uzhavar Sandhai ),Other,6000.0,7000.0,6500.0,2026,7,20,201,0,30,6500.0,6500.0,6500.0,0.0,0.0,6166.666666666667,6357.142857142857,377.9644730092272,6490.5137,-9.486328125,-0.14594350961538463
2026-07-23,Tamil Nadu,Pudukkottai,Pudukottai(Uzhavar Sandhai ),Other,5000.0,6000.0,5500.0,2026,7,23,204,3,30,6500.0,5500.0,6500.0,-1000.0,0.0,6166.666666666667,6357.142857142857,377.9644730092272,5822.9766,322.9765625,5.872301136363636
2026-07-24,Tamil Nadu,Pudukkottai,Pudukottai(Uzhavar Sandhai ),Other,5000.0,6000.0,5500.0,2026,7,24,205,4,30,5500.0,6500.0,6500.0,0.0,-1000.0,6166.666666666667,6214.285714285715,487.9500364742664,5632.8223,132.822265625,2.414950284090909
2026-07-25,Tamil Nadu,Pudukkottai,Pudukottai(Uzhavar Sandhai ),Other,6000.0,7000.0,6500.0,2026,7,25,206,5,30,5500.0,6500.0,6500.0,1000.0,0.0,5833.333333333333,6071.428571428572,534.5224838248485,6258.932,-241.06787109375,-3.7087364783653847
2026-07-26,Tamil Nadu,Pudukkottai,Pudukottai(Uzhavar Sandhai ),Other,6500.0,7000.0,6750.0,2026,7,26,207,6,30,6500.0,5500.0,6500.0,250.0,1250.0,5833.333333333333,6071.428571428572,534.5224838248485,6662.0283,-87.9716796875,-1.3032841435185185
2026-07-27,Tamil Nadu,Pudukkottai,Pudukottai(Uzhavar Sandhai ),Other,6000.0,7000.0,6500.0,2026,7,27,208,0,31,6750.0,5500.0,5500.0,-250.0,1000.0,6250.0,6107.142857142857,574.7670335511099,6549.4575,49.45751953125,0.7608849158653846
2026-07-15,Tamil Nadu,Ranipet,Arcot(Uzhavar Sandhai ),Neelam,6000.0,6000.0,6000.0,2026,7,15,196,2,29,6000.0,6000.0,6000.0,0.0,0.0,6000.0,6000.0,0.0,6044.696,44.69580078125,0.7449300130208334
2026-07-16,Tamil Nadu,Ranipet,Arcot(Uzhavar Sandhai ),Neelam,6000.0,6000.0,6000.0,2026,7,16,197,3,29,6000.0,6000.0,6000.0,0.0,0.0,6000.0,6000.0,0.0,6106.07,106.06982421875,1.7678304036458332
2026-07-17,Tamil Nadu,Ranipet,Arcot(Uzhavar Sandhai ),Neelam,6000.0,6000.0,6000.0,2026,7,17,198,4,29,6000.0,6000.0,6000.0,0.0,0.0,6000.0,6000.0,0.0,6104.264,104.26416015625,1.7377360026041666
2026-07-18,Tamil Nadu,Ranipet,Arcot(Uzhavar Sandhai ),Neelam,6000.0,6000.0,6000.0,2026,7,18,199,5,29,6000.0,6000.0,6000.0,0.0,0.0,6000.0,6000.0,0.0,6094.144,94.14404296875,1.5690673828125001
2026-07-19,Tamil Nadu,Ranipet,Arcot(Uzhavar Sandhai ),Neelam,6000.0,6000.0,6000.0,2026,7,19,200,6,29,6000.0,6000.0,6000.0,0.0,0.0,6000.0,6000.0,0.0,6167.7266,167.7265625,2.7954427083333333
2026-07-20,Tamil Nadu,Ranipet,Arcot(Uzhavar Sandhai ),Neelam,6000.0,6000.0,6000.0,2026,7,20,201,0,30,6000.0,6000.0,6000.0,0.0,0.0,6000.0,6000.0,0.0,6095.9004,95.900390625,1.59833984375
2026-07-21,Tamil Nadu,Ranipet,Arcot(Uzhavar Sandhai ),Neelam,6000.0,6000.0,6000.0,2026,7,21,202,1,30,6000.0,6000.0,6000.0,0.0,0.0,6000.0,6000.0,0.0,6088.7524,88.75244140625,1.4792073567708333
2026-07-22,Tamil Nadu,Ranipet,Arcot(Uzhavar Sandhai ),Neelam,6000.0,6000.0,6000.0,2026,7,22,203,2,30,6000.0,6000.0,6000.0,0.0,0.0,6000.0,6000.0,0.0,6106.106,106.10595703125,1.7684326171875
2026-07-23,Tamil Nadu,Ranipet,Arcot(Uzhavar Sandhai ),Neelam,6000.0,6000.0,6000.0,2026,7,23,204,3,30,6000.0,6000.0,6000.0,0.0,0.0,6000.0,6000.0,0.0,6127.932,127.93212890625,2.1322021484375
2026-07-24,Tamil Nadu,Ranipet,Arcot(Uzhavar Sandhai ),Neelam,5000.0,6000.0,5500.0,2026,7,24,205,4,30,6000.0,6000.0,6000.0,-500.0,-500.0,6000.0,6000.0,0.0,5758.537,258.537109375,4.7006747159090905
2026-07-25,Tamil Nadu,Ranipet,Arcot(Uzhavar Sandhai ),Neelam,6000.0,6000.0,6000.0,2026,7,25,206,5,30,5500.0,6000.0,6000.0,500.0,0.0,5833.333333333333,5928.571428571428,188.9822365046136,5886.86,-113.14013671875,-1.8856689453125
2026-07-26,Tamil Nadu,Ranipet,Arcot(Uzhavar Sandhai ),Neelam,6000.0,6000.0,6000.0,2026,7,26,207,6,30,6000.0,6000.0,6000.0,0.0,0.0,5833.333333333333,5928.571428571428,188.9822365046136,6155.191,155.19091796875,2.5865152994791667
2026-07-27,Tamil Nadu,Ranipet,Arcot(Uzhavar Sandhai ),Neelam,6000.0,6000.0,6000.0,2026,7,27,208,0,31,6000.0,5500.0,6000.0,0.0,500.0,5833.333333333333,5928.571428571428,188.9822365046136,6041.0015,41.00146484375,0.6833577473958333
2026-07-28,Tamil Nadu,Ranipet,Arcot(Uzhavar Sandhai ),Neelam,6000.0,6000.0,6000.0,2026,7,28,209,1,31,6000.0,6000.0,6000.0,0.0,0.0,6000.0,5928.571428571428,188.9822365046136,6101.12,101.1201171875,1.6853352864583333
2026-07-29,Tamil Nadu,Ranipet,Arcot(Uzhavar Sandhai ),Neelam,6000.0,6000.0,6000.0,2026,7,29,210,2,31,6000.0,6000.0,6000.0,0.0,0.0,6000.0,5928.571428571428,188.9822365046136,6113.0015,113.00146484375,1.8833577473958334
2026-07-17,Tamil Nadu,Ranipet,Ranipettai(Uzhavar Sandhai ),Safeda,6000.0,8000.0,7000.0,2026,7,17,198,4,29,8000.0,8000.0,8000.0,-1000.0,-1000.0,8000.0,8285.714285714286,487.95003647426654,7897.9062,897.90625,12.827232142857142
2026-07-18,Tamil Nadu,Ranipet,Ranipettai(Uzhavar Sandhai ),Safeda,6000.0,8000.0,7000.0,2026,7,18,199,5,29,7000.0,8000.0,8000.0,0.0,-1000.0,7666.666666666667,8142.857142857143,690.0655593423543,7433.6025,433.6025390625,6.194321986607143
2026-07-20,Tamil Nadu,Ranipet,Ranipettai(Uzhavar Sandhai ),Safeda,4000.0,6000.0,5000.0,2026,7,20,201,0,30,7000.0,8000.0,9000.0,-2000.0,-3000.0,7333.333333333333,8000.0,816.4965809277261,5423.751,423.7509765625,8.47501953125
2026-07-21,Tamil Nadu,Ranipet,Ranipettai(Uzhavar Sandhai ),Safeda,4000.0,8000.0,6000.0,2026,7,21,202,1,30,5000.0,7000.0,9000.0,1000.0,-1000.0,6333.333333333333,7428.571428571428,1272.418020560703,5822.435,-177.56494140625,-2.9594156901041666
2026-07-22,Tamil Nadu,Ranipet,Ranipettai(Uzhavar Sandhai ),Safeda,5000.0,6000.0,5500.0,2026,7,22,203,2,30,6000.0,7000.0,8000.0,-500.0,-1500.0,6000.0,7000.0,1154.7005383792512,5919.4873,419.4873046875,7.62704190340909
2026-07-23,Tamil Nadu,Ranipet,Ranipettai(Uzhavar Sandhai ),Safeda,8000.0,8000.0,8000.0,2026,7,23,204,3,30,5500.0,5000.0,8000.0,2500.0,3000.0,5500.0,6642.857142857143,1180.193688704164,6941.4976,-1058.50244140625,-13.231280517578126
2026-07-26,Tamil Nadu,Ranipet,Ranipettai(Uzhavar Sandhai ),Safeda,5000.0,6000.0,5500.0,2026,7,26,207,6,30,8000.0,6000.0,8000.0,-2500.0,-500.0,6500.0,6642.857142857143,1180.193688704164,6369.286,869.2861328125,15.805202414772726
2026-07-15,Tamil Nadu,Salem,Ammapet(Uzhavar Sandhai ),Neelam,5000.0,6000.0,5500.0,2026,7,15,196,2,29,5500.0,4500.0,4500.0,0.0,1000.0,5250.0,5178.571428571428,773.443136703847,5214.6543,-285.345703125,-5.1881036931818185
2026-07-16,Tamil Nadu,Salem,Ammapet(Uzhavar Sandhai ),Neelam,7000.0,8000.0,7500.0,2026,7,16,197,3,29,5500.0,5750.0,6500.0,2000.0,1750.0,5583.333333333333,5321.428571428572,717.5520555199829,6975.7,-524.2998046875,-6.9906640625000005
2026-07-17,Tamil Nadu,Salem,Ammapet(Uzhavar Sandhai ),Neelam,5500.0,6000.0,5750.0,2026,7,17,198,4,29,7500.0,5500.0,4500.0,-1750.0,250.0,6166.666666666667,5464.285714285715,1024.9854818948602,5913.223,163.22314453125,2.838663383152174
2026-07-18,Tamil Nadu,Salem,Ammapet(Uzhavar Sandhai ),Neelam,5000.0,6000.0,5500.0,2026,7,18,199,5,29,5750.0,5500.0,5000.0,-250.0,0.0,6250.0,5642.857142857143,933.82215090659,5661.113,161.11279296875,2.9293235085227276
2026-07-19,Tamil Nadu,Salem,Ammapet(Uzhavar Sandhai ),Neelam,4000.0,5000.0,4500.0,2026,7,19,200,6,29,5500.0,7500.0,4500.0,-1000.0,-3000.0,6250.0,5714.285714285715,894.759877338741,4583.2495,83.24951171875,1.8499891493055556
2026-07-20,Tamil Nadu,Salem,Ammapet(Uzhavar Sandhai ),Neelam,5000.0,6000.0,5500.0,2026,7,20,201,0,30,4500.0,5750.0,5750.0,1000.0,-250.0,5250.0,5714.285714285715,894.759877338741,5379.227,-120.77294921875,-2.1958718039772727
2026-07-21,Tamil Nadu,Salem,Ammapet(Uzhavar Sandhai ),Neelam,4000.0,5000.0,4500.0,2026,7,21,202,1,30,5500.0,5500.0,5500.0,-1000.0,-1000.0,5166.666666666667,5678.571428571428,898.0799625020145,4581.5815,81.58154296875,1.8129231770833334
2026-07-22,Tamil Nadu,Salem,Ammapet(Uzhavar Sandhai ),Neelam,4000.0,5000.0,4500.0,2026,7,22,203,2,30,4500.0,4500.0,5500.0,0.0,0.0,4833.333333333333,5535.714285714285,1004.454365030374,4725.1245,225.12451171875,5.002766927083333
2026-07-23,Tamil Nadu,Salem,Ammapet(Uzhavar Sandhai ),Neelam,6000.0,7000.0,6500.0,2026,7,23,204,3,30,4500.0,5500.0,7500.0,2000.0,1000.0,4833.333333333333,5392.857142857143,1078.7448614897205,6196.467,-303.533203125,-4.6697415865384615
2026-07-24,Tamil Nadu,Salem,Ammapet(Uzhavar Sandhai ),Neelam,5600.0,6000.0,5800.0,2026,7,24,205,4,30,6500.0,4500.0,5750.0,-700.0,1300.0,5166.666666666667,5250.0,777.2815877574013,5619.109,-180.89111328125,-3.1188122979525863
2026-07-25,Tamil Nadu,Salem,Ammapet(Uzhavar Sandhai ),Neelam,4000.0,5000.0,4500.0,2026,7,25,206,5,30,5800.0,4500.0,5500.0,-1300.0,0.0,5600.0,5257.142857142857,782.8519290754434,4672.075,172.0751953125,3.8238932291666665
2026-07-26,Tamil Nadu,Salem,Ammapet(Uzhavar Sandhai ),Neelam,4500.0,5000.0,4750.0,2026,7,26,207,6,30,4500.0,6500.0,4500.0,250.0,-1750.0,5600.0,5114.285714285715,821.4389233302162,4876.792,126.7919921875,2.6693050986842106
2026-07-27,Tamil Nadu,Salem,Ammapet(Uzhavar Sandhai ),Neelam,4000.0,7000.0,5500.0,2026,7,27,208,0,31,4750.0,5800.0,5500.0,750.0,-300.0,5016.666666666667,5150.0,795.2986860293433,5223.5273,-276.47265625,-5.026775568181819
2026-07-28,Tamil Nadu,Salem,Ammapet(Uzhavar Sandhai ),Neelam,6000.0,7000.0,6500.0,2026,7,28,209,1,31,5500.0,4500.0,4500.0,1000.0,2000.0,4916.666666666667,5150.0,795.2986860293433,6047.8315,-452.16845703125,-6.956437800480769
2026-07-29,Tamil Nadu,Salem,Ammapet(Uzhavar Sandhai ),Neelam,6000.0,7000.0,6500.0,2026,7,29,210,2,31,6500.0,4750.0,4500.0,0.0,1750.0,5583.333333333333,5435.714285714285,877.8355415994723,6188.7803,-311.2197265625,-4.78799579326923
2026-07-12,Tamil Nadu,Salem,Athur(Uzhavar Sandhai ),Safeda,4000.0,5000.0,4500.0,2026,7,12,193,6,28,4500.0,4500.0,4000.0,0.0,0.0,4500.0,4357.142857142857,243.97501823713327,4593.616,93.6162109375,2.0803602430555554
2026-07-13,Tamil Nadu,Salem,Athur(Uzhavar Sandhai ),Safeda,4000.0,5000.0,4500.0,2026,7,13,194,0,29,4500.0,4500.0,4000.0,0.0,0.0,4500.0,4428.571428571428,188.98223650461372,4518.8647,18.86474609375,0.41921657986111105
2026-07-14,Tamil Nadu,Salem,Athur(Uzhavar Sandhai ),Safeda,4000.0,5000.0,4500.0,2026,7,14,195,1,29,4500.0,4500.0,4500.0,0.0,0.0,4500.0,4500.0,0.0,4529.5156,29.515625,0.6559027777777778
2026-07-15,Tamil Nadu,Salem,Athur(Uzhavar Sandhai ),Safeda,3000.0,4000.0,3500.0,2026,7,15,196,2,29,4500.0,4500.0,4500.0,-1000.0,-1000.0,4500.0,4500.0,0.0,3894.4666,394.466552734375,11.270472935267858
2026-07-16,Tamil Nadu,Salem,Athur(Uzhavar Sandhai ),Safeda,4000.0,5000.0,4500.0,2026,7,16,197,3,29,3500.0,4500.0,4500.0,1000.0,0.0,4166.666666666667,4357.142857142857,377.9644730092272,4174.785,-325.21484375,-7.226996527777778
2026-07-17,Tamil Nadu,Salem,Athur(Uzhavar Sandhai ),Safeda,3000.0,5000.0,4000.0,2026,7,17,198,4,29,4500.0,4500.0,4500.0,-500.0,-500.0,4166.666666666667,4357.142857142857,377.9644730092272,4094.6506,94.650634765625,2.366265869140625
2026-07-18,Tamil Nadu,Salem,Athur(Uzhavar Sandhai ),Safeda,4000.0,5000.0,4500.0,2026,7,18,199,5,29,4000.0,3500.0,4500.0,500.0,1000.0,4000.0,4285.714285714285,393.3978962347215,4205.89,-294.10986328125,-6.535774739583333
2026-07-19,Tamil Nadu,Salem,Athur(Uzhavar Sandhai ),Safeda,4000.0,5000.0,4500.0,2026,7,19,200,6,29,4500.0,4500.0,4500.0,0.0,0.0,4333.333333333333,4285.714285714285,393.3978962347215,4588.755,88.7548828125,1.9723307291666665
2026-07-20,Tamil Nadu,Salem,Athur(Uzhavar Sandhai ),Safeda,4000.0,5000.0,4500.0,2026,7,20,201,0,30,4500.0,4000.0,4500.0,0.0,500.0,4333.333333333333,4285.714285714285,393.3978962347215,4449.7886,-50.21142578125,-1.1158094618055554
2026-07-21,Tamil Nadu,Salem,Athur(Uzhavar Sandhai ),Safeda,4000.0,5000.0,4500.0,2026,7,21,202,1,30,4500.0,4500.0,4500.0,0.0,0.0,4500.0,4285.714285714285,393.3978962347215,4570.572,70.57177734375,1.56826171875
2026-07-22,Tamil Nadu,Salem,Athur(Uzhavar Sandhai ),Safeda,4000.0,5000.0,4500.0,2026,7,22,203,2,30,4500.0,4500.0,3500.0,0.0,0.0,4500.0,4285.714285714285,393.3978962347215,4587.8916,87.8916015625,1.953146701388889
2026-07-23,Tamil Nadu,Salem,Athur(Uzhavar Sandhai ),Safeda,4000.0,5000.0,4500.0,2026,7,23,204,3,30,4500.0,4500.0,4500.0,0.0,0.0,4500.0,4428.571428571428,188.98223650461375,4526.192,26.19189453125,0.5820421006944444
2026-07-24,Tamil Nadu,Salem,Athur(Uzhavar Sandhai ),Safeda,4000.0,5000.0,4500.0,2026,7,24,205,4,30,4500.0,4500.0,4000.0,0.0,0.0,4500.0,4428.571428571428,188.98223650461375,4540.3647,40.36474609375,0.8969943576388889
2026-07-25,Tamil Nadu,Salem,Athur(Uzhavar Sandhai ),Safeda,4000.0,5000.0,4500.0,2026,7,25,206,5,30,4500.0,4500.0,4500.0,0.0,0.0,4500.0,4500.0,0.0,4511.6475,11.6474609375,0.2588324652777778
2026-07-26,Tamil Nadu,Salem,Athur(Uzhavar Sandhai ),Safeda,4000.0,5000.0,4500.0,2026,7,26,207,6,30,4500.0,4500.0,4500.0,0.0,0.0,4500.0,4500.0,0.0,4582.59,82.58984375,1.835329861111111
2026-07-27,Tamil Nadu,Salem,Athur(Uzhavar Sandhai ),Safeda,4000.0,5000.0,4500.0,2026,7,27,208,0,31,4500.0,4500.0,4500.0,0.0,0.0,4500.0,4500.0,0.0,4510.995,10.9951171875,0.2443359375
2026-07-28,Tamil Nadu,Salem,Athur(Uzhavar Sandhai ),Safeda,4000.0,5000.0,4500.0,2026,7,28,209,1,31,4500.0,4500.0,4500.0,0.0,0.0,4500.0,4500.0,0.0,4572.5024,72.50244140625,1.6111653645833335
2026-07-12,Tamil Nadu,Salem,Edapadi (Uzhavar Sandhai ),Neelam,5500.0,6000.0,5750.0,2026,7,12,193,6,28,5750.0,3750.0,4500.0,0.0,2000.0,5000.0,4964.285714285715,742.0210496308297,5392.6367,-357.36328125,-6.215013586956522
2026-07-13,Tamil Nadu,Salem,Edapadi (Uzhavar Sandhai ),Neelam,5500.0,6000.0,5750.0,2026,7,13,194,0,29,5750.0,5500.0,4750.0,0.0,250.0,5666.666666666667,5142.857142857143,761.8117502750554,5716.24,-33.759765625,-0.5871263586956521
2026-07-14,Tamil Nadu,Salem,Edapadi (Uzhavar Sandhai ),Neelam,5500.0,6000.0,5750.0,2026,7,14,195,1,29,5750.0,5750.0,5750.0,0.0,0.0,5750.0,5285.714285714285,769.5855408997141,5718.0913,-31.90869140625,-0.5549337635869565
2026-07-15,Tamil Nadu,Salem,Edapadi (Uzhavar Sandhai ),Neelam,5500.0,6000.0,5750.0,2026,7,15,196,2,29,5750.0,5750.0,4750.0,0.0,0.0,5750.0,5285.714285714285,769.5855408997141,5732.492,-17.5078125,-0.3044836956521739
2026-07-17,Tamil Nadu,Salem,Edapadi (Uzhavar Sandhai ),Neelam,5500.0,6000.0,5750.0,2026,7,17,198,4,29,5750.0,5750.0,3750.0,0.0,0.0,5750.0,5428.571428571428,746.0211920901579,5804.9663,54.96630859375,0.9559358016304347
2026-07-18,Tamil Nadu,Salem,Edapadi (Uzhavar Sandhai ),Neelam,5500.0,6000.0,5750.0,2026,7,18,199,5,29,5750.0,5750.0,5500.0,0.0,0.0,5750.0,5714.285714285715,94.49111825232023,5843.132,93.1318359375,1.6196841032608698
2026-07-19,Tamil Nadu,Salem,Edapadi (Uzhavar Sandhai ),Neelam,4500.0,5000.0,4750.0,2026,7,19,200,6,29,5750.0,5750.0,5750.0,-1000.0,-1000.0,5750.0,5750.0,5.1602169919816056e-05,5061.548,311.5478515625,6.558902138157895
2026-07-20,Tamil Nadu,Salem,Edapadi (Uzhavar Sandhai ),Neelam,4500.0,5000.0,4750.0,2026,7,20,201,0,30,4750.0,5750.0,5750.0,0.0,-1000.0,5416.666666666667,5607.142857142857,377.9644730092302,4910.716,160.7158203125,3.3834909539473683
2026-07-13,Tamil Nadu,Salem,Elampillai(Uzhavar Sandhai ),Neelam,3000.0,4000.0,3500.0,2026,7,13,194,0,29,3500.0,3500.0,3500.0,0.0,0.0,3500.0,3500.0,0.0,3489.8008,-10.19921875,-0.29140625
2026-07-16,Tamil Nadu,Salem,Elampillai(Uzhavar Sandhai ),Neelam,3000.0,4000.0,3500.0,2026,7,16,197,3,29,3500.0,3500.0,3500.0,0.0,0.0,3500.0,3500.0,0.0,3489.4238,-10.576171875,-0.3021763392857143
2026-07-18,Tamil Nadu,Salem,Elampillai(Uzhavar Sandhai ),Neelam,4000.0,5000.0,4500.0,2026,7,18,199,5,29,3500.0,3500.0,3500.0,1000.0,1000.0,3500.0,3500.0,0.0,4043.9224,-456.07763671875,-10.13505859375
2026-07-19,Tamil Nadu,Salem,Elampillai(Uzhavar Sandhai ),Neelam,3000.0,4000.0,3500.0,2026,7,19,200,6,29,4500.0,3500.0,3500.0,-1000.0,0.0,3833.3333333333335,3642.857142857142,377.9644730092273,3810.7964,310.79638671875,8.879896763392857
2026-07-20,Tamil Nadu,Salem,Elampillai(Uzhavar Sandhai ),Neelam,3000.0,4000.0,3500.0,2026,7,20,201,0,30,3500.0,3500.0,3500.0,0.0,0.0,3833.3333333333335,3642.857142857142,377.9644730092273,3585.058,85.05810546875,2.4302315848214286
2026-07-25,Tamil Nadu,Salem,Elampillai(Uzhavar Sandhai ),Neelam,4000.0,5000.0,4500.0,2026,7,25,206,5,30,3500.0,4500.0,3500.0,1000.0,0.0,3833.3333333333335,3642.857142857142,377.9644730092273,4149.307,-350.69287109375,-7.793174913194445
2026-07-26,Tamil Nadu,Salem,Elampillai(Uzhavar Sandhai ),Neelam,4000.0,5000.0,4500.0,2026,7,26,207,6,30,4500.0,3500.0,3500.0,0.0,1000.0,3833.3333333333335,3785.714285714286,487.95003647426665,4468.6167,-31.38330078125,-0.6974066840277778
2026-07-27,Tamil Nadu,Salem,Elampillai(Uzhavar Sandhai ),Neelam,4000.0,5000.0,4500.0,2026,7,27,208,0,31,4500.0,3500.0,3500.0,0.0,1000.0,4166.666666666667,3928.571428571429,534.5224838248488,4408.2554,-91.74462890625,-2.03876953125
2026-07-19,Tamil Nadu,Salem,Hasthampatti(Uzhavar Sandhai ),Neelam,5000.0,6000.0,5500.0,2026,7,19,200,6,29,5500.0,5500.0,5500.0,0.0,0.0,5500.0,5500.0,0.0,5520.164,20.1640625,0.3666193181818182
2026-07-20,Tamil Nadu,Salem,Hasthampatti(Uzhavar Sandhai ),Neelam,4000.0,5000.0,4500.0,2026,7,20,201,0,30,5500.0,5500.0,5500.0,-1000.0,-1000.0,5500.0,5500.0,0.0,4622.374,122.3740234375,2.7194227430555555
2026-07-21,Tamil Nadu,Salem,Hasthampatti(Uzhavar Sandhai ),Neelam,4500.0,5000.0,4750.0,2026,7,21,202,1,30,4500.0,5500.0,5500.0,250.0,-750.0,5166.666666666667,5357.142857142857,377.9644730092272,4909.1084,159.1083984375,3.3496504934210525
2026-07-22,Tamil Nadu,Salem,Hasthampatti(Uzhavar Sandhai ),Neelam,4500.0,5000.0,4750.0,2026,7,22,203,2,30,4750.0,5500.0,5500.0,0.0,-750.0,4916.666666666667,5250.0,433.0127018922192,4832.1953,82.1953125,1.7304276315789475
2026-07-23,Tamil Nadu,Salem,Hasthampatti(Uzhavar Sandhai ),Neelam,4000.0,5000.0,4500.0,2026,7,23,204,3,30,4750.0,4500.0,5500.0,-250.0,0.0,4666.666666666667,5142.857142857143,453.1634835874827,4650.27,150.27001953125,3.3393337673611114
2026-07-24,Tamil Nadu,Salem,Hasthampatti(Uzhavar Sandhai ),Neelam,5000.0,6000.0,5500.0,2026,7,24,205,4,30,4500.0,4750.0,5500.0,1000.0,750.0,4666.666666666667,5000.0,478.71355387816857,5372.7017,-127.29833984375,-2.3145152698863636
2026-07-25,Tamil Nadu,Salem,Hasthampatti(Uzhavar Sandhai ),Neelam,4000.0,5000.0,4500.0,2026,7,25,206,5,30,5500.0,4750.0,5500.0,-1000.0,-250.0,4916.666666666667,5000.0,478.71355387816857,4599.747,99.7470703125,2.2166015625
2026-07-26,Tamil Nadu,Salem,Hasthampatti(Uzhavar Sandhai ),Neelam,4500.0,5000.0,4750.0,2026,7,26,207,6,30,4500.0,4500.0,5500.0,250.0,250.0,4833.333333333333,4857.142857142857,453.1634835874822,4922.77,172.77001953125,3.6372635690789474
2026-07-27,Tamil Nadu,Salem,Hasthampatti(Uzhavar Sandhai ),Neelam,4500.0,5000.0,4750.0,2026,7,27,208,0,31,4750.0,5500.0,4500.0,0.0,-750.0,4916.666666666667,4750.0,353.5533905932728,4807.056,57.05615234375,1.201182154605263
2026-07-28,Tamil Nadu,Salem,Hasthampatti(Uzhavar Sandhai ),Neelam,4000.0,5000.0,4500.0,2026,7,28,209,1,31,4750.0,4500.0,4750.0,-250.0,0.0,4666.666666666667,4785.714285714285,336.2963545672736,4696.1636,196.16357421875,4.3591905381944445
2026-07-29,Tamil Nadu,Salem,Hasthampatti(Uzhavar Sandhai ),Neelam,4000.0,5000.0,4500.0,2026,7,29,210,2,31,4500.0,4750.0,4750.0,0.0,-250.0,4666.666666666667,4750.0,353.5533905932728,4658.2163,158.21630859375,3.51591796875
2026-07-17,Tamil Nadu,Salem,Mettur(Uzhavar Sandhai ),Neelam,4000.0,5000.0,4500.0,2026,7,17,198,4,29,4750.0,4750.0,4500.0,-250.0,-250.0,4666.666666666667,4607.142857142857,133.63062095621223,4532.7236,32.7236328125,0.7271918402777777
2026-07-19,Tamil Nadu,Salem,Mettur(Uzhavar Sandhai ),Neelam,4500.0,5000.0,4750.0,2026,7,19,200,6,29,4500.0,4500.0,4500.0,250.0,250.0,4583.333333333333,4607.142857142857,133.63062095621223,4774.6636,24.66357421875,0.5192331414473684
2026-07-20,Tamil Nadu,Salem,Mettur(Uzhavar Sandhai ),Neelam,4500.0,5000.0,4750.0,2026,7,20,201,0,30,4750.0,4750.0,4500.0,0.0,0.0,4666.666666666667,4642.857142857143,133.63062095621223,4764.9077,14.90771484375,0.3138466282894737
2026-07-22,Tamil Nadu,Salem,Mettur(Uzhavar Sandhai ),Neelam,5500.0,6000.0,5750.0,2026,7,22,203,2,30,4750.0,4500.0,4750.0,1000.0,1250.0,4666.666666666667,4678.571428571428,121.98750911856662,5276.7915,-473.20849609375,-8.229712975543478
2026-07-23,Tamil Nadu,Salem,Mettur(Uzhavar Sandhai ),Neelam,5500.0,6000.0,5750.0,2026,7,23,204,3,30,5750.0,4750.0,4750.0,0.0,1000.0,5083.333333333333,4821.428571428572,426.0840516231737,5523.3706,-226.62939453125,-3.9413807744565217
2026-07-24,Tamil Nadu,Salem,Mettur(Uzhavar Sandhai ),Neelam,4000.0,5000.0,4500.0,2026,7,24,205,4,30,5750.0,4750.0,4500.0,-1250.0,-250.0,5416.666666666667,4964.285714285715,548.2656637937841,4714.0576,214.0576171875,4.7568359375
2026-07-25,Tamil Nadu,Salem,Mettur(Uzhavar Sandhai ),Neelam,4000.0,5000.0,4500.0,2026,7,25,206,5,30,4500.0,5750.0,4750.0,0.0,-1250.0,5333.333333333333,4964.285714285715,548.2656637937841,4567.8643,67.8642578125,1.5080946180555557
2026-07-26,Tamil Nadu,Salem,Mettur(Uzhavar Sandhai ),Neelam,5500.0,6000.0,5750.0,2026,7,26,207,6,30,4500.0,5750.0,4500.0,1250.0,0.0,4916.666666666667,4928.571428571428,572.1721352713297,5543.4634,-206.53662109375,-3.591941236413043
2026-07-28,Tamil Nadu,Salem,Mettur(Uzhavar Sandhai ),Neelam,4500.0,5000.0,4750.0,2026,7,28,209,1,31,5750.0,4500.0,4750.0,-1000.0,250.0,4916.666666666667,5107.142857142857,609.9375455928341,5007.424,257.423828125,5.4194490131578945
2026-07-15,Tamil Nadu,Salem,Sooramangalam(Uzhavar Sandhai ),Neelam,4000.0,5000.0,4500.0,2026,7,15,196,2,29,4500.0,4500.0,4500.0,0.0,0.0,4500.0,4500.0,0.0,4490.8364,-9.16357421875,-0.2036349826388889
2026-07-16,Tamil Nadu,Salem,Sooramangalam(Uzhavar Sandhai ),Neelam,4000.0,5000.0,4500.0,2026,7,16,197,3,29,4500.0,4500.0,4500.0,0.0,0.0,4500.0,4500.0,0.0,4491.1304,-8.86962890625,-0.19710286458333334
2026-07-17,Tamil Nadu,Salem,Sooramangalam(Uzhavar Sandhai ),Neelam,4000.0,5000.0,4500.0,2026,7,17,198,4,29,4500.0,4500.0,4500.0,0.0,0.0,4500.0,4500.0,0.0,4485.492,-14.5078125,-0.3223958333333333
2026-07-18,Tamil Nadu,Salem,Sooramangalam(Uzhavar Sandhai ),Neelam,4000.0,5000.0,4500.0,2026,7,18,199,5,29,4500.0,4500.0,4500.0,0.0,0.0,4500.0,4500.0,0.0,4480.6626,-19.33740234375,-0.4297200520833333
2026-07-19,Tamil Nadu,Salem,Sooramangalam(Uzhavar Sandhai ),Neelam,4000.0,5000.0,4500.0,2026,7,19,200,6,29,4500.0,4500.0,4500.0,0.0,0.0,4500.0,4500.0,0.0,4553.2896,53.28955078125,1.1842122395833332
2026-07-20,Tamil Nadu,Salem,Sooramangalam(Uzhavar Sandhai ),Neelam,4000.0,5000.0,4500.0,2026,7,20,201,0,30,4500.0,4500.0,4500.0,0.0,0.0,4500.0,4500.0,0.0,4485.909,-14.0908203125,-0.3131293402777778
2026-07-21,Tamil Nadu,Salem,Sooramangalam(Uzhavar Sandhai ),Neelam,4000.0,5000.0,4500.0,2026,7,21,202,1,30,4500.0,4500.0,4500.0,0.0,0.0,4500.0,4500.0,0.0,4488.296,-11.7041015625,-0.26009114583333337
2026-07-22,Tamil Nadu,Salem,Sooramangalam(Uzhavar Sandhai ),Neelam,4000.0,5000.0,4500.0,2026,7,22,203,2,30,4500.0,4500.0,4500.0,0.0,0.0,4500.0,4500.0,0.0,4512.7773,12.77734375,0.28394097222222225
2026-07-23,Tamil Nadu,Salem,Sooramangalam(Uzhavar Sandhai ),Neelam,4000.0,5000.0,4500.0,2026,7,23,204,3,30,4500.0,4500.0,4500.0,0.0,0.0,4500.0,4500.0,0.0,4514.8506,14.8505859375,0.33001302083333334
2026-07-24,Tamil Nadu,Salem,Sooramangalam(Uzhavar Sandhai ),Neelam,4000.0,5000.0,4500.0,2026,7,24,205,4,30,4500.0,4500.0,4500.0,0.0,0.0,4500.0,4500.0,0.0,4509.2124,9.21240234375,0.20472005208333333
2026-07-25,Tamil Nadu,Salem,Sooramangalam(Uzhavar Sandhai ),Neelam,4000.0,5000.0,4500.0,2026,7,25,206,5,30,4500.0,4500.0,4500.0,0.0,0.0,4500.0,4500.0,0.0,4487.6123,-12.3876953125,-0.2752821180555556
2026-07-26,Tamil Nadu,Salem,Sooramangalam(Uzhavar Sandhai ),Neelam,4000.0,5000.0,4500.0,2026,7,26,207,6,30,4500.0,4500.0,4500.0,0.0,0.0,4500.0,4500.0,0.0,4558.5547,58.5546875,1.3012152777777777
2026-07-27,Tamil Nadu,Salem,Sooramangalam(Uzhavar Sandhai ),Neelam,4500.0,5000.0,4750.0,2026,7,27,208,0,31,4500.0,4500.0,4500.0,250.0,250.0,4500.0,4500.0,0.0,4716.3755,-33.62451171875,-0.7078844572368421
2026-07-28,Tamil Nadu,Salem,Sooramangalam(Uzhavar Sandhai ),Neelam,4000.0,5000.0,4500.0,2026,7,28,209,1,31,4750.0,4500.0,4500.0,-250.0,0.0,4583.333333333333,4535.714285714285,94.49111825230688,4567.6445,67.64453125,1.5032118055555554
2026-07-29,Tamil Nadu,Salem,Sooramangalam(Uzhavar Sandhai ),Neelam,4000.0,5000.0,4500.0,2026,7,29,210,2,31,4500.0,4500.0,4500.0,0.0,0.0,4583.333333333333,4535.714285714285,94.49111825230688,4572.33,72.330078125,1.6073350694444444
2026-07-12,Tamil Nadu,Salem,Thammampatti (Uzhavar Sandhai ),Safeda,4000.0,5000.0,4500.0,2026,7,12,193,6,28,4500.0,4500.0,4500.0,0.0,0.0,4166.666666666667,4357.142857142857,377.9644730092272,4560.6606,60.66064453125,1.3480143229166666
2026-07-13,Tamil Nadu,Salem,Thammampatti (Uzhavar Sandhai ),Safeda,4000.0,5000.0,4500.0,2026,7,13,194,0,29,4500.0,3500.0,4500.0,0.0,1000.0,4166.666666666667,4357.142857142857,377.9644730092272,4413.163,-86.8369140625,-1.9297092013888888
2026-07-14,Tamil Nadu,Salem,Thammampatti (Uzhavar Sandhai ),Safeda,4000.0,5000.0,4500.0,2026,7,14,195,1,29,4500.0,4500.0,4500.0,0.0,0.0,4500.0,4357.142857142857,377.9644730092272,4500.9077,0.90771484375,0.02017144097222222
2026-07-15,Tamil Nadu,Salem,Thammampatti (Uzhavar Sandhai ),Safeda,4000.0,5000.0,4500.0,2026,7,15,196,2,29,4500.0,4500.0,4500.0,0.0,0.0,4500.0,4357.142857142857,377.9644730092272,4502.208,2.2080078125,0.04906684027777778
2026-07-16,Tamil Nadu,Salem,Thammampatti (Uzhavar Sandhai ),Safeda,4000.0,5000.0,4500.0,2026,7,16,197,3,29,4500.0,4500.0,4500.0,0.0,0.0,4500.0,4357.142857142857,377.9644730092272,4502.502,2.501953125,0.05559895833333334
2026-07-17,Tamil Nadu,Salem,Thammampatti (Uzhavar Sandhai ),Safeda,3000.0,4000.0,3500.0,2026,7,17,198,4,29,4500.0,4500.0,3500.0,-1000.0,-1000.0,4500.0,4357.142857142857,377.9644730092272,3913.7305,413.73046875,11.820870535714285
2026-07-18,Tamil Nadu,Salem,Thammampatti (Uzhavar Sandhai ),Safeda,4000.0,5000.0,4500.0,2026,7,18,199,5,29,3500.0,4500.0,4500.0,1000.0,0.0,4166.666666666667,4357.142857142857,377.9644730092272,4111.441,-388.55908203125,-8.634646267361111
2026-07-19,Tamil Nadu,Salem,Thammampatti (Uzhavar Sandhai ),Safeda,4000.0,5000.0,4500.0,2026,7,19,200,6,29,4500.0,4500.0,4500.0,0.0,0.0,4166.666666666667,4357.142857142857,377.9644730092272,4549.196,49.19580078125,1.0932400173611112
2026-07-20,Tamil Nadu,Salem,Thammampatti (Uzhavar Sandhai ),Safeda,4000.0,5000.0,4500.0,2026,7,20,201,0,30,4500.0,3500.0,4500.0,0.0,1000.0,4166.666666666667,4357.142857142857,377.9644730092272,4401.698,-98.3017578125,-2.1844835069444444
2026-07-21,Tamil Nadu,Salem,Thammampatti (Uzhavar Sandhai ),Safeda,4000.0,5000.0,4500.0,2026,7,21,202,1,30,4500.0,4500.0,4500.0,0.0,0.0,4500.0,4357.142857142857,377.9644730092272,4489.443,-10.55712890625,-0.23460286458333335
2026-07-22,Tamil Nadu,Salem,Thammampatti (Uzhavar Sandhai ),Safeda,4000.0,5000.0,4500.0,2026,7,22,203,2,30,4500.0,4500.0,4500.0,0.0,0.0,4500.0,4357.142857142857,377.9644730092272,4512.439,12.43896484375,0.2764214409722222
2026-07-23,Tamil Nadu,Salem,Thammampatti (Uzhavar Sandhai ),Safeda,4000.0,5000.0,4500.0,2026,7,23,204,3,30,4500.0,4500.0,4500.0,0.0,0.0,4500.0,4357.142857142857,377.9644730092272,4514.512,14.51220703125,0.32249348958333335
2026-07-24,Tamil Nadu,Salem,Thammampatti (Uzhavar Sandhai ),Safeda,3000.0,4000.0,3500.0,2026,7,24,205,4,30,4500.0,4500.0,3500.0,-1000.0,-1000.0,4500.0,4357.142857142857,377.9644730092272,3963.919,463.9189453125,13.254827008928572
2026-07-25,Tamil Nadu,Salem,Thammampatti (Uzhavar Sandhai ),Safeda,4000.0,5000.0,4500.0,2026,7,25,206,5,30,3500.0,4500.0,4500.0,1000.0,0.0,4166.666666666667,4357.142857142857,377.9644730092272,4095.4011,-404.598876953125,-8.991086154513889
2026-07-26,Tamil Nadu,Salem,Thammampatti (Uzhavar Sandhai ),Safeda,4000.0,5000.0,4500.0,2026,7,26,207,6,30,4500.0,4500.0,4500.0,0.0,0.0,4166.666666666667,4357.142857142857,377.9644730092272,4555.9077,55.90771484375,1.2423936631944446
2026-07-27,Tamil Nadu,Salem,Thammampatti (Uzhavar Sandhai ),Safeda,4000.0,5000.0,4500.0,2026,7,27,208,0,31,4500.0,3500.0,4500.0,0.0,1000.0,4166.666666666667,4357.142857142857,377.9644730092272,4398.7197,-101.2802734375,-2.2506727430555555
2026-07-28,Tamil Nadu,Salem,Thammampatti (Uzhavar Sandhai ),Safeda,4000.0,5000.0,4500.0,2026,7,28,209,1,31,4500.0,4500.0,4500.0,0.0,0.0,4500.0,4357.142857142857,377.9644730092272,4521.1816,21.181640625,0.470703125
2026-07-29,Tamil Nadu,Salem,Thammampatti (Uzhavar Sandhai ),Safeda,4000.0,5000.0,4500.0,2026,7,29,210,2,31,4500.0,4500.0,4500.0,0.0,0.0,4500.0,4357.142857142857,377.9644730092272,4533.947,33.94677734375,0.7543728298611111
2026-07-21,Tamil Nadu,Salem,Thathakapatti(Uzhavar Sandhai ),Safeda,5000.0,6000.0,5500.0,2026,7,21,202,1,30,5500.0,5500.0,7500.0,0.0,0.0,5500.0,5785.714285714285,755.9289460184544,5634.1343,134.13427734375,2.4388050426136365
2026-07-22,Tamil Nadu,Salem,Thathakapatti(Uzhavar Sandhai ),Safeda,5000.0,6000.0,5500.0,2026,7,22,203,2,30,5500.0,5500.0,5500.0,0.0,0.0,5500.0,5500.0,0.0,5534.5425,34.54248046875,0.6280450994318182
2026-07-23,Tamil Nadu,Salem,Thathakapatti(Uzhavar Sandhai ),Safeda,5000.0,6000.0,5500.0,2026,7,23,204,3,30,5500.0,5500.0,5500.0,0.0,0.0,5500.0,5500.0,0.0,5536.6157,36.61572265625,0.6657404119318182
2026-07-24,Tamil Nadu,Salem,Thathakapatti(Uzhavar Sandhai ),Safeda,5000.0,6000.0,5500.0,2026,7,24,205,4,30,5500.0,5500.0,5500.0,0.0,0.0,5500.0,5500.0,0.0,5505.8936,5.8935546875,0.10715553977272727
2026-07-25,Tamil Nadu,Salem,Thathakapatti(Uzhavar Sandhai ),Safeda,5000.0,6000.0,5500.0,2026,7,25,206,5,30,5500.0,5500.0,5500.0,0.0,0.0,5500.0,5500.0,0.0,5488.798,-11.2021484375,-0.20367542613636364
2026-07-26,Tamil Nadu,Salem,Thathakapatti(Uzhavar Sandhai ),Safeda,4000.0,5000.0,4500.0,2026,7,26,207,6,30,5500.0,5500.0,5500.0,-1000.0,-1000.0,5500.0,5500.0,0.0,4766.8706,266.87060546875,5.930457899305556
2026-07-27,Tamil Nadu,Salem,Thathakapatti(Uzhavar Sandhai ),Safeda,4000.0,5000.0,4500.0,2026,7,27,208,0,31,4500.0,5500.0,5500.0,0.0,-1000.0,5166.666666666667,5357.142857142857,377.9644730092272,4684.235,184.23486328125,4.094108072916667
2026-07-28,Tamil Nadu,Salem,Thathakapatti(Uzhavar Sandhai ),Safeda,4000.0,5000.0,4500.0,2026,7,28,209,1,31,4500.0,5500.0,5500.0,0.0,-1000.0,4833.333333333333,5214.285714285715,487.9500364742664,4660.852,160.85205078125,3.5744900173611107
2026-07-29,Tamil Nadu,Salem,Thathakapatti(Uzhavar Sandhai ),Safeda,4000.0,5000.0,4500.0,2026,7,29,210,2,31,4500.0,4500.0,5500.0,0.0,0.0,4500.0,5071.428571428572,534.5224838248485,4669.7715,169.771484375,3.772699652777778
2026-07-16,Tamil Nadu,Salem,Vazhapadi(Uzhavar Sandhai),Neelam,6000.0,6000.0,6000.0,2026,7,16,197,3,29,6000.0,5000.0,5000.0,0.0,1000.0,5333.333333333333,5107.142857142857,404.58679685634365,5902.9307,-97.0693359375,-1.617822265625
2026-07-17,Tamil Nadu,Salem,Vazhapadi(Uzhavar Sandhai),Neelam,5000.0,6000.0,5500.0,2026,7,17,198,4,29,6000.0,5000.0,4750.0,-500.0,500.0,5666.666666666667,5250.0,520.4164998665333,5558.889,58.88916015625,1.0707120028409092
2026-07-18,Tamil Nadu,Salem,Vazhapadi(Uzhavar Sandhai),Neelam,6000.0,6000.0,6000.0,2026,7,18,199,5,29,5500.0,6000.0,5000.0,500.0,0.0,5833.333333333333,5357.142857142857,475.59486560567103,5741.8345,-258.16552734375,-4.3027587890625005
2026-07-19,Tamil Nadu,Salem,Vazhapadi(Uzhavar Sandhai),Neelam,6000.0,6000.0,6000.0,2026,7,19,200,6,29,6000.0,6000.0,5000.0,0.0,0.0,5833.333333333333,5500.0,500.0000000000003,6101.9585,101.95849609375,1.6993082682291667
2026-07-20,Tamil Nadu,Salem,Vazhapadi(Uzhavar Sandhai),Neelam,4500.0,5000.0,4750.0,2026,7,20,201,0,30,6000.0,5500.0,5000.0,-1250.0,-750.0,5833.333333333333,5642.857142857143,475.59486560567154,4985.98,235.97998046875,4.967999588815789
2026-07-21,Tamil Nadu,Salem,Vazhapadi(Uzhavar Sandhai),Neelam,5000.0,5000.0,5000.0,2026,7,21,202,1,30,4750.0,6000.0,5000.0,250.0,-1000.0,5583.333333333333,5607.142857142857,537.2992426855603,5159.4023,159.40234375,3.1880468750000004
2026-07-27,Tamil Nadu,Salem,Vazhapadi(Uzhavar Sandhai),Neelam,4500.0,5000.0,4750.0,2026,7,27,208,0,31,5000.0,6000.0,6000.0,-250.0,-1250.0,5250.0,5607.142857142857,537.2992426855603,4832.5176,82.517578125,1.7372121710526316
2026-07-28,Tamil Nadu,Salem,Vazhapadi(Uzhavar Sandhai),Neelam,4000.0,5000.0,4500.0,2026,7,28,209,1,31,4750.0,4750.0,6000.0,-250.0,-250.0,4833.333333333333,5428.571428571428,590.0968443520823,4665.224,165.22412109375,3.671647135416667
2026-07-29,Tamil Nadu,Salem,Vazhapadi(Uzhavar Sandhai),Neelam,4000.0,5000.0,4500.0,2026,7,29,210,2,31,4500.0,5000.0,5500.0,0.0,-500.0,4750.0,5214.285714285715,619.6196990320522,4665.702,165.7021484375,3.6822699652777775
2026-07-13,Tamil Nadu,Sivaganga,Singampunari(Uzhavar Sandhai ),Other,2600.0,3200.0,2900.0,2026,7,13,194,0,29,2900.0,2900.0,2900.0,0.0,0.0,2900.0,2900.0,0.0,2966.2454,66.245361328125,2.284322804418103
2026-07-14,Tamil Nadu,Sivaganga,Singampunari(Uzhavar Sandhai ),Other,2600.0,3200.0,2900.0,2026,7,14,195,1,29,2900.0,2900.0,2900.0,0.0,0.0,2900.0,2900.0,0.0,2975.1853,75.185302734375,2.592596646012931
2026-07-15,Tamil Nadu,Sivaganga,Singampunari(Uzhavar Sandhai ),Other,2600.0,3200.0,2900.0,2026,7,15,196,2,29,2900.0,2900.0,2900.0,0.0,0.0,2900.0,2900.0,0.0,2963.4968,63.496826171875,2.1895457300646552
2026-07-16,Tamil Nadu,Sivaganga,Singampunari(Uzhavar Sandhai ),Other,3000.0,3500.0,3250.0,2026,7,16,197,3,29,2900.0,2900.0,2900.0,350.0,350.0,2900.0,2900.0,0.0,3162.7744,-87.2255859375,-2.6838641826923078
2026-07-17,Tamil Nadu,Sivaganga,Singampunari(Uzhavar Sandhai ),Other,3000.0,3500.0,3250.0,2026,7,17,198,4,29,3250.0,2900.0,2900.0,0.0,350.0,3016.6666666666665,2950.0,132.28756555322954,3173.9897,-76.01025390625,-2.3387770432692307
2026-07-18,Tamil Nadu,Sivaganga,Singampunari(Uzhavar Sandhai ),Other,3000.0,3500.0,3250.0,2026,7,18,199,5,29,3250.0,2900.0,2900.0,0.0,350.0,3133.3333333333335,3000.0,170.7825127659933,3183.6035,-66.396484375,-2.04296875
2026-07-19,Tamil Nadu,Sivaganga,Singampunari(Uzhavar Sandhai ),Other,3000.0,3500.0,3250.0,2026,7,19,200,6,29,3250.0,3250.0,2900.0,0.0,0.0,3250.0,3050.0,187.0828693386971,3291.414,41.4140625,1.2742788461538461
2026-07-20,Tamil Nadu,Sivaganga,Singampunari(Uzhavar Sandhai ),Other,3000.0,3500.0,3250.0,2026,7,20,201,0,30,3250.0,3250.0,2900.0,0.0,0.0,3250.0,3100.0,187.0828693386971,3245.7139,-4.2861328125,-0.1318810096153846
2026-07-21,Tamil Nadu,Sivaganga,Singampunari(Uzhavar Sandhai ),Other,3000.0,3500.0,3250.0,2026,7,21,202,1,30,3250.0,3250.0,2900.0,0.0,0.0,3250.0,3150.0,170.7825127659933,3247.4397,-2.560302734375,-0.07877854567307692
2026-07-22,Tamil Nadu,Sivaganga,Singampunari(Uzhavar Sandhai ),Other,3200.0,3600.0,3400.0,2026,7,22,203,2,30,3250.0,3250.0,2900.0,150.0,150.0,3250.0,3200.0,132.28756555322954,3300.32,-99.679931640625,-2.9317626953125
2026-07-23,Tamil Nadu,Sivaganga,Singampunari(Uzhavar Sandhai ),Other,3600.0,4200.0,3900.0,2026,7,23,204,3,30,3400.0,3250.0,3250.0,500.0,650.0,3300.0,3271.4285714285716,56.69467095138406,3674.9648,-225.03515625,-5.770132211538462
2026-07-24,Tamil Nadu,Sivaganga,Singampunari(Uzhavar Sandhai ),Other,3600.0,4200.0,3900.0,2026,7,24,205,4,30,3900.0,3250.0,3250.0,0.0,650.0,3516.6666666666665,3364.285714285714,242.7520781138061,3876.5083,-23.49169921875,-0.6023512620192308
2026-07-25,Tamil Nadu,Sivaganga,Singampunari(Uzhavar Sandhai ),Other,3600.0,4200.0,3900.0,2026,7,25,206,5,30,3900.0,3400.0,3250.0,0.0,500.0,3733.3333333333335,3457.1428571428573,307.44724673317467,3927.923,27.923095703125,0.715976812900641
2026-07-26,Tamil Nadu,Sivaganga,Singampunari(Uzhavar Sandhai ),Other,3600.0,4200.0,3900.0,2026,7,26,207,6,30,3900.0,3900.0,3250.0,0.0,0.0,3900.0,3550.0,331.66247903554006,3961.3647,61.36474609375,1.5734550280448716
2026-07-27,Tamil Nadu,Sivaganga,Singampunari(Uzhavar Sandhai ),Other,3600.0,4200.0,3900.0,2026,7,27,208,0,31,3900.0,3900.0,3250.0,0.0,0.0,3900.0,3642.857142857142,324.5876505000505,3973.8257,73.82568359375,1.8929662459935899
2026-07-28,Tamil Nadu,Sivaganga,Singampunari(Uzhavar Sandhai ),Other,3600.0,4200.0,3900.0,2026,7,28,209,1,31,3900.0,3900.0,3250.0,0.0,0.0,3900.0,3735.714285714286,283.893004660626,3998.177,98.177001953125,2.517359024439102
2026-07-29,Tamil Nadu,Sivaganga,Singampunari(Uzhavar Sandhai ),Other,4200.0,4600.0,4400.0,2026,7,29,210,2,31,3900.0,3900.0,3400.0,500.0,500.0,3900.0,3828.571428571429,188.9822365046142,4185.122,-214.8779296875,-4.883589311079546
2026-07-13,Tamil Nadu,Sivaganga,Sivagangai (Uzhavar Sandhai ),Safeda,3500.0,6500.0,5000.0,2026,7,13,194,0,29,5900.0,5000.0,5000.0,-900.0,0.0,5300.0,5128.571428571428,340.1680257083045,5037.1484,37.1484375,0.74296875
2026-07-14,Tamil Nadu,Sivaganga,Sivagangai (Uzhavar Sandhai ),Safeda,5600.0,6200.0,5900.0,2026,7,14,195,1,29,5000.0,5000.0,5000.0,900.0,900.0,5300.0,5128.571428571428,340.1680257083045,5562.774,-337.22607421875,-5.715696173199152
2026-07-15,Tamil Nadu,Sivaganga,Sivagangai (Uzhavar Sandhai ),Safeda,5600.0,6200.0,5900.0,2026,7,15,196,2,29,5900.0,5900.0,5000.0,0.0,0.0,5600.0,5257.142857142857,439.15503282684,5762.2114,-137.78857421875,-2.335399563029661
2026-07-16,Tamil Nadu,Sivaganga,Sivagangai (Uzhavar Sandhai ),Safeda,3500.0,6500.0,5000.0,2026,7,16,197,3,29,5900.0,5000.0,5000.0,-900.0,0.0,5600.0,5385.714285714285,481.070235442364,5139.97,139.97021484375,2.799404296875
2026-07-17,Tamil Nadu,Sivaganga,Sivagangai (Uzhavar Sandhai ),Safeda,3500.0,6500.0,5000.0,2026,7,17,198,4,29,5000.0,5900.0,5000.0,0.0,-900.0,5600.0,5385.714285714285,481.070235442364,5027.815,27.81494140625,0.5562988281250001
2026-07-18,Tamil Nadu,Sivaganga,Sivagangai (Uzhavar Sandhai ),Safeda,3500.0,6500.0,5000.0,2026,7,18,199,5,29,5000.0,5900.0,5000.0,0.0,-900.0,5300.0,5385.714285714285,481.070235442364,5002.847,2.84716796875,0.056943359374999995
2026-07-19,Tamil Nadu,Sivaganga,Sivagangai (Uzhavar Sandhai ),Safeda,3500.0,6500.0,5000.0,2026,7,19,200,6,29,5000.0,5000.0,5900.0,0.0,0.0,5000.0,5385.714285714285,481.070235442364,5077.3037,77.3037109375,1.5460742187499998
2026-07-20,Tamil Nadu,Sivaganga,Sivagangai (Uzhavar Sandhai ),Safeda,4600.0,6200.0,5400.0,2026,7,20,201,0,30,5000.0,5000.0,5000.0,400.0,400.0,5000.0,5257.142857142857,439.15503282684,5192.5,-207.5,-3.8425925925925926
2026-07-21,Tamil Nadu,Sivaganga,Sivagangai (Uzhavar Sandhai ),Safeda,3500.0,6500.0,5000.0,2026,7,21,202,1,30,5400.0,5000.0,5900.0,-400.0,0.0,5133.333333333333,5314.285714285715,425.9443290250165,4981.076,-18.923828125,-0.3784765625
2026-07-22,Tamil Nadu,Sivaganga,Sivagangai (Uzhavar Sandhai ),Safeda,3500.0,6500.0,5000.0,2026,7,22,203,2,30,5000.0,5000.0,5900.0,0.0,0.0,5133.333333333333,5185.714285714285,348.46602621858506,4937.3228,-62.67724609375,-1.2535449218749999
2026-07-23,Tamil Nadu,Sivaganga,Sivagangai (Uzhavar Sandhai ),Safeda,3600.0,4200.0,3900.0,2026,7,23,204,3,30,5000.0,5400.0,5000.0,-1100.0,-1500.0,5133.333333333333,5057.142857142857,151.18578920369188,4362.1963,462.1962890625,11.851186899038462
2026-07-24,Tamil Nadu,Sivaganga,Sivagangai (Uzhavar Sandhai ),Safeda,3600.0,7200.0,5400.0,2026,7,24,205,4,30,3900.0,5000.0,5000.0,1500.0,400.0,4633.333333333333,4900.0,465.4746681256321,4909.4043,-490.595703125,-9.085105613425926
2026-07-25,Tamil Nadu,Sivaganga,Sivagangai (Uzhavar Sandhai ),Safeda,3600.0,6000.0,4800.0,2026,7,25,206,5,30,5400.0,5000.0,5000.0,-600.0,-200.0,4766.666666666667,4957.142857142857,502.84902590851607,4867.5845,67.58447265625,1.4080098470052083
2026-07-26,Tamil Nadu,Sivaganga,Sivagangai (Uzhavar Sandhai ),Safeda,4000.0,5500.0,4750.0,2026,7,26,207,6,30,4800.0,3900.0,5000.0,-50.0,850.0,4700.0,4928.571428571428,505.68200058365375,4888.3496,138.349609375,2.9126233552631575
2026-07-27,Tamil Nadu,Sivaganga,Sivagangai (Uzhavar Sandhai ),Safeda,4200.0,5600.0,4900.0,2026,7,27,208,0,31,4750.0,5400.0,5400.0,150.0,-500.0,4983.333333333333,4892.857142857143,508.6162366563586,4944.711,44.7109375,0.9124681122448979
2026-07-28,Tamil Nadu,Sivaganga,Sivagangai (Uzhavar Sandhai ),Safeda,4200.0,5500.0,4850.0,2026,7,28,209,1,31,4900.0,4800.0,5000.0,-50.0,50.0,4816.666666666667,4821.428571428572,458.1276594803607,4927.84,77.83984375,1.604945231958763
2026-07-29,Tamil Nadu,Sivaganga,Sivagangai (Uzhavar Sandhai ),Safeda,4500.0,5500.0,5000.0,2026,7,29,210,2,31,4850.0,4750.0,5000.0,150.0,250.0,4833.333333333333,4800.0,451.8480570575331,5022.851,22.85107421875,0.457021484375
2026-07-14,Tamil Nadu,Tenkasi,Sankarankoil(Uzhavar Sandhai ),Safeda,4000.0,4000.0,4000.0,2026,7,14,195,1,29,4000.0,4000.0,4000.0,0.0,0.0,4000.0,4000.0,0.0,3972.2876,-27.71240234375,-0.69281005859375
2026-07-15,Tamil Nadu,Tenkasi,Sankarankoil(Uzhavar Sandhai ),Safeda,4000.0,4000.0,4000.0,2026,7,15,196,2,29,4000.0,4000.0,4000.0,0.0,0.0,4000.0,4000.0,0.0,3962.6755,-37.324462890625,-0.933111572265625
2026-07-16,Tamil Nadu,Tenkasi,Sankarankoil(Uzhavar Sandhai ),Safeda,4000.0,4000.0,4000.0,2026,7,16,197,3,29,4000.0,4000.0,4000.0,0.0,0.0,4000.0,4000.0,0.0,3962.9707,-37.029296875,-0.9257324218749999
2026-07-17,Tamil Nadu,Tenkasi,Sankarankoil(Uzhavar Sandhai ),Safeda,4000.0,4000.0,4000.0,2026,7,17,198,4,29,4000.0,4000.0,4000.0,0.0,0.0,4000.0,4000.0,0.0,3927.4531,-72.546875,-1.8136718749999998
2026-07-18,Tamil Nadu,Tenkasi,Sankarankoil(Uzhavar Sandhai ),Safeda,4000.0,4000.0,4000.0,2026,7,18,199,5,29,4000.0,4000.0,4000.0,0.0,0.0,4000.0,4000.0,0.0,3940.917,-59.0830078125,-1.4770751953124999
2026-07-19,Tamil Nadu,Tenkasi,Sankarankoil(Uzhavar Sandhai ),Safeda,4000.0,4000.0,4000.0,2026,7,19,200,6,29,4000.0,4000.0,4000.0,0.0,0.0,4000.0,4000.0,0.0,4013.5432,13.543212890625,0.338580322265625
2026-07-20,Tamil Nadu,Tenkasi,Sankarankoil(Uzhavar Sandhai ),Safeda,4000.0,4000.0,4000.0,2026,7,20,201,0,30,4000.0,4000.0,4000.0,0.0,0.0,4000.0,4000.0,0.0,3946.162,-53.837890625,-1.345947265625
2026-07-21,Tamil Nadu,Tenkasi,Sankarankoil(Uzhavar Sandhai ),Safeda,4000.0,4000.0,4000.0,2026,7,21,202,1,30,4000.0,4000.0,4000.0,0.0,0.0,4000.0,4000.0,0.0,3984.9817,-15.018310546875,-0.375457763671875
2026-07-22,Tamil Nadu,Tenkasi,Sankarankoil(Uzhavar Sandhai ),Safeda,4000.0,4000.0,4000.0,2026,7,22,203,2,30,4000.0,4000.0,4000.0,0.0,0.0,4000.0,4000.0,0.0,4002.91,2.909912109375,0.072747802734375
2026-07-23,Tamil Nadu,Tenkasi,Sankarankoil(Uzhavar Sandhai ),Safeda,4000.0,5000.0,4500.0,2026,7,23,204,3,30,4000.0,4000.0,4000.0,500.0,500.0,4000.0,4000.0,0.0,4285.0225,-214.9775390625,-4.777278645833333
2026-07-24,Tamil Nadu,Tenkasi,Sankarankoil(Uzhavar Sandhai ),Safeda,4000.0,4000.0,4000.0,2026,7,24,205,4,30,4500.0,4000.0,4000.0,-500.0,0.0,4166.666666666667,4071.428571428571,188.9822365046136,4034.667,34.6669921875,0.8666748046875
2026-07-25,Tamil Nadu,Tenkasi,Sankarankoil(Uzhavar Sandhai ),Safeda,4000.0,4000.0,4000.0,2026,7,25,206,5,30,4000.0,4000.0,4000.0,0.0,0.0,4166.666666666667,4071.428571428571,188.9822365046136,3936.791,-63.208984375,-1.580224609375
2026-07-26,Tamil Nadu,Tenkasi,Sankarankoil(Uzhavar Sandhai ),Safeda,4000.0,4000.0,4000.0,2026,7,26,207,6,30,4000.0,4500.0,4000.0,0.0,-500.0,4166.666666666667,4071.428571428571,188.9822365046136,4007.701,7.700927734375,0.19252319335937498
2026-07-27,Tamil Nadu,Tenkasi,Sankarankoil(Uzhavar Sandhai ),Safeda,4000.0,4000.0,4000.0,2026,7,27,208,0,31,4000.0,4000.0,4000.0,0.0,0.0,4000.0,4071.428571428571,188.9822365046136,3950.1562,-49.84375,-1.24609375
2026-07-28,Tamil Nadu,Tenkasi,Sankarankoil(Uzhavar Sandhai ),Safeda,4000.0,4000.0,4000.0,2026,7,28,209,1,31,4000.0,4000.0,4000.0,0.0,0.0,4000.0,4071.428571428571,188.9822365046136,3972.366,-27.634033203125,-0.690850830078125
2026-07-29,Tamil Nadu,Tenkasi,Sankarankoil(Uzhavar Sandhai ),Safeda,4000.0,4000.0,4000.0,2026,7,29,210,2,31,4000.0,4000.0,4000.0,0.0,0.0,4000.0,4071.428571428571,188.9822365046136,3978.5776,-21.42236328125,-0.53555908203125
2026-07-15,Tamil Nadu,Tenkasi,Tenkasi(Uzhavar Sandhai ),Neelam,4000.0,4000.0,4000.0,2026,7,15,196,2,29,4000.0,4000.0,4000.0,0.0,0.0,4000.0,4178.571428571428,374.00662077154783,3946.0444,-53.95556640625,-1.34888916015625
2026-07-16,Tamil Nadu,Tenkasi,Tenkasi(Uzhavar Sandhai ),Neelam,4000.0,4000.0,4000.0,2026,7,16,197,3,29,4000.0,4000.0,4000.0,0.0,0.0,4000.0,4178.571428571428,374.00662077154783,3946.3396,-53.660400390625,-1.341510009765625
2026-07-17,Tamil Nadu,Tenkasi,Tenkasi(Uzhavar Sandhai ),Neelam,4000.0,4000.0,4000.0,2026,7,17,198,4,29,4000.0,4000.0,5000.0,0.0,0.0,4000.0,4178.571428571428,374.00662077154783,3961.9744,-38.025634765625,-0.950640869140625
2026-07-18,Tamil Nadu,Tenkasi,Tenkasi(Uzhavar Sandhai ),Neelam,4000.0,4000.0,4000.0,2026,7,18,199,5,29,4000.0,4000.0,4250.0,0.0,0.0,4000.0,4035.714285714286,94.49111825230672,3925.4556,-74.54443359375,-1.86361083984375
2026-07-19,Tamil Nadu,Tenkasi,Tenkasi(Uzhavar Sandhai ),Neelam,4000.0,4000.0,4000.0,2026,7,19,200,6,29,4000.0,4000.0,4000.0,0.0,0.0,4000.0,4000.0,0.0,3989.509,-10.490966796875,-0.26227416992187497
2026-07-20,Tamil Nadu,Tenkasi,Tenkasi(Uzhavar Sandhai ),Neelam,3500.0,4000.0,3750.0,2026,7,20,201,0,30,4000.0,4000.0,4000.0,-250.0,-250.0,4000.0,4000.0,0.0,3809.1165,59.116455078125,1.5764388020833333
2026-07-21,Tamil Nadu,Tenkasi,Tenkasi(Uzhavar Sandhai ),Neelam,4000.0,4000.0,4000.0,2026,7,21,202,1,30,3750.0,4000.0,4000.0,250.0,0.0,3916.6666666666665,3964.285714285714,94.4911182523068,3890.1602,-109.83984375,-2.74599609375
2026-07-22,Tamil Nadu,Tenkasi,Tenkasi(Uzhavar Sandhai ),Neelam,4000.0,4000.0,4000.0,2026,7,22,203,2,30,4000.0,4000.0,4000.0,0.0,0.0,3916.6666666666665,3964.285714285714,94.4911182523068,3944.0378,-55.962158203125,-1.399053955078125
2026-07-23,Tamil Nadu,Tenkasi,Tenkasi(Uzhavar Sandhai ),Neelam,4000.0,4000.0,4000.0,2026,7,23,204,3,30,4000.0,3750.0,4000.0,0.0,250.0,3916.6666666666665,3964.285714285714,94.4911182523068,3926.1345,-73.865478515625,-1.846636962890625
2026-07-24,Tamil Nadu,Tenkasi,Tenkasi(Uzhavar Sandhai ),Neelam,4000.0,5000.0,4500.0,2026,7,24,205,4,30,4000.0,4000.0,4000.0,500.0,500.0,4000.0,3964.285714285714,94.4911182523068,4250.569,-249.43115234375,-5.542914496527778
2026-07-25,Tamil Nadu,Tenkasi,Tenkasi(Uzhavar Sandhai ),Neelam,4000.0,4000.0,4000.0,2026,7,25,206,5,30,4500.0,4000.0,4000.0,-500.0,0.0,4166.666666666667,4035.714285714286,224.93385271060944,3998.7754,-1.224609375,-0.030615234375
2026-07-26,Tamil Nadu,Tenkasi,Tenkasi(Uzhavar Sandhai ),Neelam,4000.0,4000.0,4000.0,2026,7,26,207,6,30,4000.0,4000.0,4000.0,0.0,0.0,4166.666666666667,4035.714285714286,224.93385271060944,3992.299,-7.700927734375,-0.19252319335937498
2026-07-27,Tamil Nadu,Tenkasi,Tenkasi(Uzhavar Sandhai ),Neelam,4000.0,5000.0,4500.0,2026,7,27,208,0,31,4000.0,4500.0,3750.0,500.0,0.0,4166.666666666667,4035.714285714286,224.93385271060944,4262.623,-237.376953125,-5.2750434027777775
2026-07-28,Tamil Nadu,Tenkasi,Tenkasi(Uzhavar Sandhai ),Neelam,4000.0,5000.0,4500.0,2026,7,28,209,1,31,4500.0,4000.0,4000.0,0.0,500.0,4166.666666666667,4142.857142857143,243.9750182371336,4457.497,-42.5029296875,-0.944509548611111
2026-07-29,Tamil Nadu,Tenkasi,Tenkasi(Uzhavar Sandhai ),Neelam,5000.0,5000.0,5000.0,2026,7,29,210,2,31,4500.0,4000.0,4000.0,500.0,1000.0,4333.333333333333,4214.285714285715,267.26124191242485,4799.5435,-200.45654296875,-4.009130859375
2026-07-12,Tamil Nadu,Thanjavur,Kumbakonam (Uzhavar Sandhai ),Safeda,3000.0,9000.0,6000.0,2026,7,12,193,6,28,6000.0,3000.0,6000.0,0.0,3000.0,4000.0,4714.285714285715,1603.5674514745465,5251.46,-748.5400390625,-12.475667317708334
2026-07-13,Tamil Nadu,Thanjavur,Kumbakonam (Uzhavar Sandhai ),Safeda,3000.0,9000.0,6000.0,2026,7,13,194,0,29,6000.0,3000.0,6000.0,0.0,3000.0,5000.0,4714.285714285715,1603.5674514745465,5479.3516,-520.6484375,-8.677473958333334
2026-07-14,Tamil Nadu,Thanjavur,Kumbakonam (Uzhavar Sandhai ),Safeda,3000.0,9000.0,6000.0,2026,7,14,195,1,29,6000.0,6000.0,6000.0,0.0,0.0,6000.0,4714.285714285715,1603.5674514745465,5627.297,-372.703125,-6.211718749999999
2026-07-15,Tamil Nadu,Thanjavur,Kumbakonam (Uzhavar Sandhai ),Safeda,3000.0,9000.0,6000.0,2026,7,15,196,2,29,6000.0,6000.0,3000.0,0.0,0.0,6000.0,4714.285714285715,1603.5674514745465,5741.648,-258.35205078125,-4.305867513020834
2026-07-16,Tamil Nadu,Thanjavur,Kumbakonam (Uzhavar Sandhai ),Safeda,3000.0,9000.0,6000.0,2026,7,16,197,3,29,6000.0,6000.0,3000.0,0.0,0.0,6000.0,5142.857142857143,1463.8501094227995,5909.62,-90.3798828125,-1.5063313802083333
2026-07-17,Tamil Nadu,Thanjavur,Kumbakonam (Uzhavar Sandhai ),Safeda,3000.0,9000.0,6000.0,2026,7,17,198,4,29,6000.0,6000.0,3000.0,0.0,0.0,6000.0,5571.428571428572,1133.8934190276814,5899.549,-100.451171875,-1.6741861979166668
2026-07-18,Tamil Nadu,Thanjavur,Kumbakonam (Uzhavar Sandhai ),Safeda,3000.0,9000.0,6000.0,2026,7,18,199,5,29,6000.0,6000.0,6000.0,0.0,0.0,6000.0,6000.0,0.0,5873.0176,-126.982421875,-2.1163736979166665
2026-07-19,Tamil Nadu,Thanjavur,Kumbakonam (Uzhavar Sandhai ),Safeda,3000.0,9000.0,6000.0,2026,7,19,200,6,29,6000.0,6000.0,6000.0,0.0,0.0,6000.0,6000.0,0.0,5946.6,-53.39990234375,-0.8899983723958332
2026-07-20,Tamil Nadu,Thanjavur,Kumbakonam (Uzhavar Sandhai ),Safeda,3000.0,9000.0,6000.0,2026,7,20,201,0,30,6000.0,6000.0,6000.0,0.0,0.0,6000.0,6000.0,0.0,5825.818,-174.18212890625,-2.9030354817708335
2026-07-21,Tamil Nadu,Thanjavur,Kumbakonam (Uzhavar Sandhai ),Safeda,3000.0,9000.0,6000.0,2026,7,21,202,1,30,6000.0,6000.0,6000.0,0.0,0.0,6000.0,6000.0,0.0,5907.788,-92.2119140625,-1.536865234375
2026-07-22,Tamil Nadu,Thanjavur,Kumbakonam (Uzhavar Sandhai ),Safeda,3000.0,9000.0,6000.0,2026,7,22,203,2,30,6000.0,6000.0,6000.0,0.0,0.0,6000.0,6000.0,0.0,5925.1416,-74.8583984375,-1.2476399739583333
2026-07-23,Tamil Nadu,Thanjavur,Kumbakonam (Uzhavar Sandhai ),Safeda,3000.0,9000.0,6000.0,2026,7,23,204,3,30,6000.0,6000.0,6000.0,0.0,0.0,6000.0,6000.0,0.0,5946.968,-53.0322265625,-0.8838704427083334
2026-07-24,Tamil Nadu,Thanjavur,Kumbakonam (Uzhavar Sandhai ),Safeda,3000.0,9000.0,6000.0,2026,7,24,205,4,30,6000.0,6000.0,6000.0,0.0,0.0,6000.0,6000.0,0.0,5913.585,-86.4150390625,-1.4402506510416666
2026-07-25,Tamil Nadu,Thanjavur,Kumbakonam (Uzhavar Sandhai ),Safeda,3000.0,9000.0,6000.0,2026,7,25,206,5,30,6000.0,6000.0,6000.0,0.0,0.0,6000.0,6000.0,0.0,5891.1987,-108.80126953125,-1.8133544921875002
2026-07-26,Tamil Nadu,Thanjavur,Kumbakonam (Uzhavar Sandhai ),Safeda,3000.0,9000.0,6000.0,2026,7,26,207,6,30,6000.0,6000.0,6000.0,0.0,0.0,6000.0,6000.0,0.0,5962.141,-37.85888671875,-0.6309814453125
2026-07-27,Tamil Nadu,Thanjavur,Kumbakonam (Uzhavar Sandhai ),Safeda,3000.0,9000.0,6000.0,2026,7,27,208,0,31,6000.0,6000.0,6000.0,0.0,0.0,6000.0,6000.0,0.0,5831.9565,-168.04345703125,-2.8007242838541666
2026-07-28,Tamil Nadu,Thanjavur,Kumbakonam (Uzhavar Sandhai ),Safeda,3000.0,9000.0,6000.0,2026,7,28,209,1,31,6000.0,6000.0,6000.0,0.0,0.0,6000.0,6000.0,0.0,5939.6797,-60.3203125,-1.0053385416666667
2026-07-29,Tamil Nadu,Thanjavur,Kumbakonam (Uzhavar Sandhai ),Safeda,3000.0,9000.0,6000.0,2026,7,29,210,2,31,6000.0,6000.0,6000.0,0.0,0.0,6000.0,6000.0,0.0,5940.206,-59.7939453125,-0.9965657552083333
2026-07-20,Tamil Nadu,Thanjavur,Thanjavur(Uzhavar Sandhai ),Other,7000.0,7000.0,7000.0,2026,7,20,201,0,30,6000.0,6000.0,6000.0,1000.0,1000.0,6000.0,6000.0,0.0,6843.9873,-156.0126953125,-2.2287527901785715
2026-07-22,Tamil Nadu,Thanjavur,Thanjavur(Uzhavar Sandhai ),Other,7000.0,7000.0,7000.0,2026,7,22,203,2,30,7000.0,6000.0,6000.0,0.0,1000.0,6333.333333333333,6142.857142857143,377.9644730092272,6863.1367,-136.86328125,-1.955189732142857
2026-07-26,Tamil Nadu,Thanjavur,Thanjavur(Uzhavar Sandhai ),Other,7000.0,7000.0,7000.0,2026,7,26,207,6,30,7000.0,6000.0,6000.0,0.0,1000.0,6666.666666666667,6285.714285714285,487.9500364742664,6971.188,-28.81201171875,-0.41160016741071426
2026-07-27,Tamil Nadu,Thanjavur,Thanjavur(Uzhavar Sandhai ),Other,7000.0,7000.0,7000.0,2026,7,27,208,0,31,7000.0,7000.0,6000.0,0.0,0.0,7000.0,6428.571428571428,534.5224838248485,6901.0396,-98.96044921875,-1.4137207031249999
2026-07-23,Tamil Nadu,Thanjavur,Thanjavur(Uzhavar Sandhai ),Safeda,5000.0,7000.0,6000.0,2026,7,23,204,3,30,6000.0,6000.0,5500.0,0.0,0.0,6000.0,6000.0,288.67513459481285,6091.6694,91.66943359375,1.5278238932291668
2026-07-24,Tamil Nadu,Thanjavur,Thanjavur(Uzhavar Sandhai ),Safeda,5000.0,7000.0,6000.0,2026,7,24,205,4,30,6000.0,6000.0,6500.0,0.0,0.0,6000.0,6071.428571428572,188.98223650461367,6170.356,170.35595703125,2.8392659505208333
2026-07-25,Tamil Nadu,Thanjavur,Thanjavur(Uzhavar Sandhai ),Safeda,5000.0,7000.0,6000.0,2026,7,25,206,5,30,6000.0,6000.0,6000.0,0.0,0.0,6000.0,6000.0,0.0,6104.371,104.37109375,1.7395182291666664
2026-07-28,Tamil Nadu,Thanjavur,Thanjavur(Uzhavar Sandhai ),Safeda,5000.0,7000.0,6000.0,2026,7,28,209,1,31,6000.0,6000.0,6000.0,0.0,0.0,6000.0,6000.0,0.0,6152.852,152.85205078125,2.5475341796874997
2026-07-29,Tamil Nadu,Thanjavur,Thanjavur(Uzhavar Sandhai ),Safeda,5000.0,7000.0,6000.0,2026,7,29,210,2,31,6000.0,6000.0,6000.0,0.0,0.0,6000.0,6000.0,0.0,6153.3784,153.37841796875,2.5563069661458333
2026-07-12,Tamil Nadu,The Nilgiris,Udhagamandalam(Uzhavar Sandhai ),Safeda,10000.0,15000.0,12500.0,2026,7,12,193,6,28,11000.0,11000.0,11500.0,1500.0,1500.0,11000.0,11357.142857142857,556.3486402641868,11325.781,-1174.21875,-9.393749999999999
2026-07-13,Tamil Nadu,The Nilgiris,Udhagamandalam(Uzhavar Sandhai ),Safeda,10000.0,12000.0,11000.0,2026,7,13,194,0,29,12500.0,11000.0,12500.0,-1500.0,0.0,11500.0,11500.0,707.1067811865479,11398.81,398.8095703125,3.6255415482954545
2026-07-14,Tamil Nadu,The Nilgiris,Udhagamandalam(Uzhavar Sandhai ),Safeda,10000.0,12000.0,11000.0,2026,7,14,195,1,29,11000.0,11000.0,11500.0,0.0,0.0,11500.0,11285.714285714286,566.9467095138407,10893.906,-106.09375,-0.9644886363636365
2026-07-15,Tamil Nadu,The Nilgiris,Udhagamandalam(Uzhavar Sandhai ),Safeda,12000.0,13000.0,12500.0,2026,7,15,196,2,29,11000.0,12500.0,11000.0,1500.0,0.0,11500.0,11214.285714285714,566.9467095138405,12045.431,-454.5693359375,-3.6365546875000003
2026-07-16,Tamil Nadu,The Nilgiris,Udhagamandalam(Uzhavar Sandhai ),Safeda,10000.0,12000.0,11000.0,2026,7,16,197,3,29,12500.0,11000.0,11000.0,-1500.0,0.0,11500.0,11428.57142857143,731.9250547114005,11130.276,130.2763671875,1.1843306107954545
2026-07-17,Tamil Nadu,The Nilgiris,Udhagamandalam(Uzhavar Sandhai ),Safeda,10000.0,12000.0,11000.0,2026,7,17,198,4,29,11000.0,11000.0,11000.0,0.0,0.0,11500.0,11428.57142857143,731.9250547114005,10653.07,-346.9296875,-3.15390625
2026-07-18,Tamil Nadu,The Nilgiris,Udhagamandalam(Uzhavar Sandhai ),Safeda,10000.0,12000.0,11000.0,2026,7,18,199,5,29,11000.0,12500.0,11000.0,0.0,-1500.0,11500.0,11428.57142857143,731.9250547114005,10612.528,-387.4716796875,-3.522469815340909
2026-07-19,Tamil Nadu,The Nilgiris,Udhagamandalam(Uzhavar Sandhai ),Safeda,10000.0,12000.0,11000.0,2026,7,19,200,6,29,11000.0,11000.0,12500.0,0.0,0.0,11000.0,11428.57142857143,731.9250547114005,10803.782,-196.2177734375,-1.7837979403409092
2026-07-20,Tamil Nadu,The Nilgiris,Udhagamandalam(Uzhavar Sandhai ),Safeda,10000.0,12000.0,11000.0,2026,7,20,201,0,30,11000.0,11000.0,11000.0,0.0,0.0,11000.0,11214.285714285714,566.9467095138405,11051.164,51.1640625,0.4651278409090909
2026-07-21,Tamil Nadu,The Nilgiris,Udhagamandalam(Uzhavar Sandhai ),Safeda,10000.0,12000.0,11000.0,2026,7,21,202,1,30,11000.0,11000.0,11000.0,0.0,0.0,11000.0,11214.285714285714,566.9467095138405,10889.348,-110.65234375,-1.0059303977272727
2026-07-22,Tamil Nadu,The Nilgiris,Udhagamandalam(Uzhavar Sandhai ),Safeda,10000.0,12000.0,11000.0,2026,7,22,203,2,30,11000.0,11000.0,12500.0,0.0,0.0,11000.0,11214.285714285714,566.9467095138405,10844.458,-155.5419921875,-1.4140181107954546
2026-07-23,Tamil Nadu,The Nilgiris,Udhagamandalam(Uzhavar Sandhai ),Safeda,10000.0,12000.0,11000.0,2026,7,23,204,3,30,11000.0,11000.0,11000.0,0.0,0.0,11000.0,11000.0,0.0,10766.074,-233.92578125,-2.1265980113636362
2026-07-24,Tamil Nadu,The Nilgiris,Udhagamandalam(Uzhavar Sandhai ),Safeda,10000.0,12000.0,11000.0,2026,7,24,205,4,30,11000.0,11000.0,11000.0,0.0,0.0,11000.0,11000.0,0.0,10586.375,-413.625,-3.7602272727272728
2026-07-25,Tamil Nadu,The Nilgiris,Udhagamandalam(Uzhavar Sandhai ),Safeda,10000.0,12000.0,11000.0,2026,7,25,206,5,30,11000.0,11000.0,11000.0,0.0,0.0,11000.0,11000.0,0.0,10585.924,-414.076171875,-3.764328835227273
2026-07-26,Tamil Nadu,The Nilgiris,Udhagamandalam(Uzhavar Sandhai ),Safeda,10000.0,12000.0,11000.0,2026,7,26,207,6,30,11000.0,11000.0,11000.0,0.0,0.0,11000.0,11000.0,0.0,10703.005,-296.9951171875,-2.6999556107954548
2026-07-27,Tamil Nadu,The Nilgiris,Udhagamandalam(Uzhavar Sandhai ),Safeda,10000.0,12000.0,11000.0,2026,7,27,208,0,31,11000.0,11000.0,11000.0,0.0,0.0,11000.0,11000.0,0.0,10839.69,-160.3095703125,-1.4573597301136363
2026-07-28,Tamil Nadu,The Nilgiris,Udhagamandalam(Uzhavar Sandhai ),Safeda,7000.0,8000.0,7500.0,2026,7,28,209,1,31,11000.0,11000.0,11000.0,-3500.0,-3500.0,11000.0,11000.0,0.0,8778.763,1278.7626953125,17.050169270833333
2026-07-29,Tamil Nadu,The Nilgiris,Udhagamandalam(Uzhavar Sandhai ),Safeda,10000.0,12000.0,11000.0,2026,7,29,210,2,31,7500.0,11000.0,11000.0,3500.0,0.0,9833.333333333334,10500.0,1322.8756555322952,10527.155,-472.8447265625,-4.298588423295454
2026-07-13,Tamil Nadu,Theni,Bodinayakanur(Uzhavar Sandhai ),Safeda,4000.0,4000.0,4000.0,2026,7,13,194,0,29,4000.0,4000.0,5000.0,0.0,0.0,4000.0,4285.714285714285,487.9500364742666,3998.9607,-1.039306640625,-0.025982666015625
2026-07-14,Tamil Nadu,Theni,Bodinayakanur(Uzhavar Sandhai ),Safeda,4000.0,4000.0,4000.0,2026,7,14,195,1,29,4000.0,4000.0,5000.0,0.0,0.0,4000.0,4142.857142857143,377.96447300922705,3950.614,-49.385986328125,-1.234649658203125
2026-07-15,Tamil Nadu,Theni,Bodinayakanur(Uzhavar Sandhai ),Safeda,4000.0,4000.0,4000.0,2026,7,15,196,2,29,4000.0,4000.0,4000.0,0.0,0.0,4000.0,4000.0,0.0,3962.6755,-37.324462890625,-0.933111572265625
2026-07-16,Tamil Nadu,Theni,Bodinayakanur(Uzhavar Sandhai ),Safeda,4000.0,4000.0,4000.0,2026,7,16,197,3,29,4000.0,4000.0,4000.0,0.0,0.0,4000.0,4000.0,0.0,3962.9707,-37.029296875,-0.9257324218749999
2026-07-17,Tamil Nadu,Theni,Bodinayakanur(Uzhavar Sandhai ),Safeda,5000.0,5000.0,5000.0,2026,7,17,198,4,29,4000.0,4000.0,4000.0,1000.0,1000.0,4000.0,4000.0,0.0,4585.1704,-414.82958984375,-8.296591796875
2026-07-18,Tamil Nadu,Theni,Bodinayakanur(Uzhavar Sandhai ),Safeda,4500.0,4500.0,4500.0,2026,7,18,199,5,29,5000.0,4000.0,4000.0,-500.0,500.0,4333.333333333333,4142.857142857143,377.9644730092272,4458.698,-41.3017578125,-0.9178168402777779
2026-07-19,Tamil Nadu,Theni,Bodinayakanur(Uzhavar Sandhai ),Safeda,5000.0,5000.0,5000.0,2026,7,19,200,6,29,4500.0,4000.0,4000.0,500.0,1000.0,4500.0,4214.285714285715,393.3978962347215,4713.608,-286.39208984375,-5.727841796875
2026-07-20,Tamil Nadu,Theni,Bodinayakanur(Uzhavar Sandhai ),Safeda,5000.0,5000.0,5000.0,2026,7,20,201,0,30,5000.0,5000.0,4000.0,0.0,0.0,4833.333333333333,4357.142857142857,475.59486560567086,4943.2817,-56.71826171875,-1.134365234375
2026-07-21,Tamil Nadu,Theni,Bodinayakanur(Uzhavar Sandhai ),Safeda,4000.0,4000.0,4000.0,2026,7,21,202,1,30,5000.0,4500.0,4000.0,-1000.0,-500.0,4833.333333333333,4500.0,500.0000000000001,4082.5903,82.59033203125,2.06475830078125
2026-07-22,Tamil Nadu,Theni,Bodinayakanur(Uzhavar Sandhai ),Safeda,5000.0,5000.0,5000.0,2026,7,22,203,2,30,4000.0,5000.0,4000.0,1000.0,0.0,4666.666666666667,4500.0,500.0000000000001,4870.3706,-129.62939453125,-2.592587890625
2026-07-24,Tamil Nadu,Theni,Bodinayakanur(Uzhavar Sandhai ),Safeda,5000.0,5000.0,5000.0,2026,7,24,205,4,30,5000.0,5000.0,4000.0,0.0,0.0,4666.666666666667,4642.857142857143,475.5948656056714,5081.1226,81.12255859375,1.622451171875
2026-07-25,Tamil Nadu,Theni,Bodinayakanur(Uzhavar Sandhai ),Safeda,4000.0,5000.0,4500.0,2026,7,25,206,5,30,5000.0,4000.0,5000.0,-500.0,500.0,4666.666666666667,4785.714285714285,393.3978962347224,4668.436,168.43603515625,3.743023003472222
2026-07-26,Tamil Nadu,Theni,Bodinayakanur(Uzhavar Sandhai ),Safeda,5000.0,5000.0,5000.0,2026,7,26,207,6,30,4500.0,5000.0,4500.0,500.0,0.0,4833.333333333333,4714.285714285715,393.3978962347224,5049.523,49.52294921875,0.990458984375
2026-07-27,Tamil Nadu,Theni,Bodinayakanur(Uzhavar Sandhai ),Safeda,5000.0,5000.0,5000.0,2026,7,27,208,0,31,5000.0,5000.0,5000.0,0.0,0.0,4833.333333333333,4785.714285714285,393.3978962347224,5096.1763,96.17626953125,1.923525390625
2026-07-28,Tamil Nadu,Theni,Bodinayakanur(Uzhavar Sandhai ),Safeda,5000.0,5000.0,5000.0,2026,7,28,209,1,31,5000.0,4500.0,5000.0,0.0,500.0,4833.333333333333,4785.714285714285,393.3978962347224,5210.591,210.5908203125,4.21181640625
2026-07-29,Tamil Nadu,Theni,Bodinayakanur(Uzhavar Sandhai ),Safeda,5000.0,5000.0,5000.0,2026,7,29,210,2,31,5000.0,5000.0,4000.0,0.0,0.0,5000.0,4785.714285714285,393.3978962347224,5127.8433,127.84326171875,2.556865234375
2026-07-12,Tamil Nadu,Theni,Devaram(Uzhavar Sandhai ),Safeda,5000.0,5000.0,5000.0,2026,7,12,193,6,28,5000.0,5000.0,5000.0,0.0,0.0,5000.0,4714.285714285715,487.95003647426654,5094.4155,94.41552734375,1.888310546875
2026-07-13,Tamil Nadu,Theni,Devaram(Uzhavar Sandhai ),Safeda,5000.0,5000.0,5000.0,2026,7,13,194,0,29,5000.0,5000.0,4000.0,0.0,0.0,5000.0,4714.285714285715,487.95003647426654,5033.333,33.3330078125,0.66666015625
2026-07-14,Tamil Nadu,Theni,Devaram(Uzhavar Sandhai ),Safeda,4000.0,5000.0,4500.0,2026,7,14,195,1,29,5000.0,5000.0,4000.0,-500.0,-500.0,5000.0,4857.142857142857,377.96447300922694,4622.216,122.2158203125,2.7159071180555556
2026-07-15,Tamil Nadu,Theni,Devaram(Uzhavar Sandhai ),Safeda,5000.0,5000.0,5000.0,2026,7,15,196,2,29,4500.0,5000.0,5000.0,500.0,0.0,4833.333333333333,4928.571428571428,188.9822365046136,5028.0366,28.03662109375,0.560732421875
2026-07-16,Tamil Nadu,Theni,Devaram(Uzhavar Sandhai ),Safeda,5000.0,5000.0,5000.0,2026,7,16,197,3,29,5000.0,5000.0,5000.0,0.0,0.0,4833.333333333333,4928.571428571428,188.9822365046136,5089.1196,89.11962890625,1.782392578125
2026-07-17,Tamil Nadu,Theni,Devaram(Uzhavar Sandhai ),Safeda,5000.0,5000.0,5000.0,2026,7,17,198,4,29,5000.0,4500.0,5000.0,0.0,500.0,4833.333333333333,4928.571428571428,188.9822365046136,5157.3765,157.37646484375,3.1475292968749997
2026-07-18,Tamil Nadu,Theni,Devaram(Uzhavar Sandhai ),Safeda,5000.0,5000.0,5000.0,2026,7,18,199,5,29,5000.0,5000.0,5000.0,0.0,0.0,5000.0,4928.571428571428,188.9822365046136,5079.0425,79.04248046875,1.580849609375
2026-07-19,Tamil Nadu,Theni,Devaram(Uzhavar Sandhai ),Safeda,5000.0,5000.0,5000.0,2026,7,19,200,6,29,5000.0,5000.0,5000.0,0.0,0.0,5000.0,4928.571428571428,188.9822365046136,5152.625,152.625,3.0525
2026-07-20,Tamil Nadu,Theni,Devaram(Uzhavar Sandhai ),Safeda,6000.0,6000.0,6000.0,2026,7,20,201,0,30,5000.0,5000.0,5000.0,1000.0,1000.0,5000.0,4928.571428571428,188.9822365046136,5720.89,-279.10986328125,-4.6518310546874995
2026-07-21,Tamil Nadu,Theni,Devaram(Uzhavar Sandhai ),Safeda,5000.0,6000.0,5500.0,2026,7,21,202,1,30,6000.0,5000.0,4500.0,-500.0,500.0,5333.333333333333,5071.428571428572,449.8677054212189,5459.6133,-40.38671875,-0.7343039772727272
2026-07-22,Tamil Nadu,Theni,Devaram(Uzhavar Sandhai ),Safeda,5000.0,5000.0,5000.0,2026,7,22,203,2,30,5500.0,5000.0,5000.0,-500.0,0.0,5500.0,5214.285714285715,393.3978962347221,5118.2183,118.21826171875,2.3643652343749997
2026-07-23,Tamil Nadu,Theni,Devaram(Uzhavar Sandhai ),Safeda,5000.0,5000.0,5000.0,2026,7,23,204,3,30,5000.0,6000.0,5000.0,0.0,-1000.0,5500.0,5214.285714285715,393.3978962347221,5114.242,114.2421875,2.28484375
2026-07-24,Tamil Nadu,Theni,Devaram(Uzhavar Sandhai ),Safeda,5000.0,5000.0,5000.0,2026,7,24,205,4,30,5000.0,5500.0,5000.0,0.0,-500.0,5166.666666666667,5214.285714285715,393.3978962347221,5104.3926,104.392578125,2.0878515625
2026-07-25,Tamil Nadu,Theni,Devaram(Uzhavar Sandhai ),Safeda,5000.0,5000.0,5000.0,2026,7,25,206,5,30,5000.0,5000.0,5000.0,0.0,0.0,5000.0,5214.285714285715,393.3978962347221,5088.863,88.86279296875,1.777255859375
2026-07-26,Tamil Nadu,Theni,Devaram(Uzhavar Sandhai ),Safeda,5000.0,5000.0,5000.0,2026,7,26,207,6,30,5000.0,5000.0,5000.0,0.0,0.0,5000.0,5214.285714285715,393.3978962347221,5136.248,136.248046875,2.7249609375
2026-07-27,Tamil Nadu,Theni,Devaram(Uzhavar Sandhai ),Safeda,5000.0,5000.0,5000.0,2026,7,27,208,0,31,5000.0,5000.0,6000.0,0.0,0.0,5000.0,5214.285714285715,393.3978962347221,5063.0483,63.04833984375,1.260966796875
2026-07-28,Tamil Nadu,Theni,Devaram(Uzhavar Sandhai ),Safeda,4000.0,5000.0,4500.0,2026,7,28,209,1,31,5000.0,5000.0,5500.0,-500.0,-500.0,5000.0,5071.428571428572,188.98223650461435,4648.9087,148.90869140625,3.30908203125
2026-07-29,Tamil Nadu,Theni,Devaram(Uzhavar Sandhai ),Safeda,5000.0,5000.0,5000.0,2026,7,29,210,2,31,4500.0,5000.0,5000.0,500.0,0.0,4833.333333333333,4928.571428571428,188.9822365046136,5122.1436,122.1435546875,2.44287109375
2026-07-17,Tamil Nadu,Theni,Kambam(Uzhavar Sandhai ),Safeda,3000.0,5000.0,4000.0,2026,7,17,198,4,29,4000.0,4500.0,4500.0,0.0,-500.0,4333.333333333333,4142.857142857143,475.5948656056709,4009.4387,9.438720703125,0.23596801757812502
2026-07-18,Tamil Nadu,Theni,Kambam(Uzhavar Sandhai ),Safeda,3000.0,5000.0,4000.0,2026,7,18,199,5,29,4000.0,4500.0,3500.0,0.0,-500.0,4166.666666666667,4071.428571428571,449.8677054212187,3993.309,-6.69091796875,-0.16727294921875
2026-07-19,Tamil Nadu,Theni,Kambam(Uzhavar Sandhai ),Safeda,4000.0,6000.0,5000.0,2026,7,19,200,6,29,4000.0,4000.0,3500.0,1000.0,1000.0,4000.0,4142.857142857143,377.9644730092272,4432.4766,-567.5234375,-11.350468750000001
2026-07-24,Tamil Nadu,Theni,Kambam(Uzhavar Sandhai ),Safeda,5000.0,6000.0,5500.0,2026,7,24,205,4,30,5000.0,4000.0,4500.0,500.0,1500.0,4333.333333333333,4357.142857142857,377.9644730092272,4792.316,-707.68408203125,-12.86698330965909
2026-07-25,Tamil Nadu,Theni,Kambam(Uzhavar Sandhai ),Safeda,5000.0,6000.0,5500.0,2026,7,25,206,5,30,5500.0,4000.0,4500.0,0.0,1500.0,4833.333333333333,4500.0,577.3502691896258,4925.897,-574.10302734375,-10.438236860795454
2026-07-26,Tamil Nadu,Theni,Kambam(Uzhavar Sandhai ),Safeda,4000.0,5000.0,4500.0,2026,7,26,207,6,30,5500.0,5000.0,4500.0,-1000.0,-500.0,5333.333333333333,4642.857142857143,690.0655593423543,4701.8433,201.84326171875,4.485405815972222
2026-07-28,Tamil Nadu,Theni,Kambam(Uzhavar Sandhai ),Safeda,4000.0,4000.0,4000.0,2026,7,28,209,1,31,4500.0,5500.0,4000.0,-500.0,-1500.0,5166.666666666667,4642.857142857143,690.0655593423543,4489.868,489.8681640625,12.2467041015625
2026-07-29,Tamil Nadu,Theni,Kambam(Uzhavar Sandhai ),Safeda,4000.0,5000.0,4500.0,2026,7,29,210,2,31,4000.0,5500.0,4000.0,500.0,-1000.0,4666.666666666667,4642.857142857143,690.0655593423543,4446.684,-53.31591796875,-1.1847981770833333
2026-07-12,Tamil Nadu,Theni,Theni(Uzhavar Sandhai ),Neelam,5000.0,6000.0,5500.0,2026,7,12,193,6,28,4000.0,4000.0,4000.0,1500.0,1500.0,4000.0,4428.571428571428,731.9250547113999,4937.643,-562.35693359375,-10.224671519886364
2026-07-13,Tamil Nadu,Theni,Theni(Uzhavar Sandhai ),Neelam,6000.0,8000.0,7000.0,2026,7,13,194,0,29,5500.0,4000.0,4000.0,1500.0,3000.0,4500.0,4642.857142857143,801.7837257372731,6696.229,-303.77099609375,-4.339585658482143
2026-07-14,Tamil Nadu,Theni,Theni(Uzhavar Sandhai ),Neelam,5000.0,6000.0,5500.0,2026,7,14,195,1,29,7000.0,4000.0,5500.0,-1500.0,1500.0,5500.0,5071.428571428572,1133.8934190276816,5231.762,-268.23779296875,-4.87705078125
2026-07-15,Tamil Nadu,Theni,Theni(Uzhavar Sandhai ),Neelam,3000.0,5000.0,4000.0,2026,7,15,196,2,29,5500.0,5500.0,5500.0,-1500.0,-1500.0,6000.0,5071.428571428572,1133.8934190276816,4175.446,175.44580078125,4.3861450195312495
2026-07-16,Tamil Nadu,Theni,Theni(Uzhavar Sandhai ),Neelam,3000.0,5000.0,4000.0,2026,7,16,197,3,29,4000.0,7000.0,4000.0,0.0,-3000.0,5500.0,4857.142857142857,1180.1936887041647,4294.718,294.7177734375,7.3679443359375
2026-07-17,Tamil Nadu,Theni,Theni(Uzhavar Sandhai ),Neelam,3000.0,5000.0,4000.0,2026,7,17,198,4,29,4000.0,5500.0,4000.0,0.0,-1500.0,4500.0,4857.142857142857,1180.1936887041647,4125.792,125.7919921875,3.1447998046875
2026-07-18,Tamil Nadu,Theni,Theni(Uzhavar Sandhai ),Neelam,3000.0,5000.0,4000.0,2026,7,18,199,5,29,4000.0,4000.0,4000.0,0.0,0.0,4000.0,4857.142857142857,1180.1936887041647,4057.8281,57.828125,1.445703125
2026-07-19,Tamil Nadu,Theni,Theni(Uzhavar Sandhai ),Neelam,3000.0,5000.0,4000.0,2026,7,19,200,6,29,4000.0,4000.0,5500.0,0.0,0.0,4000.0,4857.142857142857,1180.1936887041647,4153.123,153.123046875,3.828076171875
2026-07-20,Tamil Nadu,Theni,Theni(Uzhavar Sandhai ),Neelam,3000.0,5000.0,4000.0,2026,7,20,201,0,30,4000.0,4000.0,7000.0,0.0,0.0,4000.0,4642.857142857143,1180.1936887041647,4195.018,195.01806640625,4.87545166015625
2026-07-21,Tamil Nadu,Theni,Theni(Uzhavar Sandhai ),Neelam,3000.0,6000.0,4500.0,2026,7,21,202,1,30,4000.0,4000.0,5500.0,500.0,500.0,4000.0,4214.285714285715,566.9467095138408,4195.8022,-304.19775390625,-6.759950086805555
2026-07-22,Tamil Nadu,Theni,Theni(Uzhavar Sandhai ),Neelam,3000.0,6000.0,4500.0,2026,7,22,203,2,30,4500.0,4000.0,4000.0,0.0,500.0,4166.666666666667,4071.428571428571,188.9822365046136,4399.87,-100.1298828125,-2.2251085069444443
2026-07-23,Tamil Nadu,Theni,Theni(Uzhavar Sandhai ),Neelam,3000.0,5000.0,4000.0,2026,7,23,204,3,30,4500.0,4000.0,4000.0,-500.0,0.0,4333.333333333333,4142.857142857143,243.9750182371332,4090.5327,90.53271484375,2.26331787109375
2026-07-24,Tamil Nadu,Theni,Theni(Uzhavar Sandhai ),Neelam,3000.0,6000.0,4500.0,2026,7,24,205,4,30,4000.0,4500.0,4000.0,500.0,0.0,4333.333333333333,4142.857142857143,243.9750182371332,4285.9517,-214.04833984375,-4.756629774305556
2026-07-25,Tamil Nadu,Theni,Theni(Uzhavar Sandhai ),Neelam,3000.0,6000.0,4500.0,2026,7,25,206,5,30,4500.0,4500.0,4000.0,0.0,0.0,4333.333333333333,4214.285714285715,267.2612419124242,4472.777,-27.22314453125,-0.6049587673611111
2026-07-26,Tamil Nadu,Theni,Theni(Uzhavar Sandhai ),Neelam,3000.0,6000.0,4500.0,2026,7,26,207,6,30,4500.0,4000.0,4000.0,0.0,500.0,4333.333333333333,4285.714285714285,267.2612419124242,4475.2944,-24.70556640625,-0.5490125868055555
2026-07-27,Tamil Nadu,Theni,Theni(Uzhavar Sandhai ),Neelam,3000.0,6000.0,4500.0,2026,7,27,208,0,31,4500.0,4500.0,4000.0,0.0,0.0,4500.0,4357.142857142857,243.9750182371332,4460.918,-39.08203125,-0.8684895833333333
2026-07-28,Tamil Nadu,Theni,Theni(Uzhavar Sandhai ),Neelam,3000.0,6000.0,4500.0,2026,7,28,209,1,31,4500.0,4500.0,4500.0,0.0,0.0,4500.0,4428.571428571428,188.98223650461367,4479.7407,-20.25927734375,-0.45020616319444445
2026-07-29,Tamil Nadu,Theni,Theni(Uzhavar Sandhai ),Neelam,3000.0,6000.0,4500.0,2026,7,29,210,2,31,4500.0,4500.0,4500.0,0.0,0.0,4500.0,4428.571428571428,188.98223650461367,4492.506,-7.494140625,-0.16653645833333333
2026-07-27,Tamil Nadu,Thiruchirappalli,KKNagar(Uzhavar Sandhai ),Other,5000.0,5000.0,5000.0,2026,7,27,208,0,31,6000.0,6000.0,6500.0,-1000.0,-1000.0,6000.0,6857.142857142857,944.911182523068,5398.1587,398.15869140625,7.963173828125
2026-07-28,Tamil Nadu,Thiruchirappalli,KKNagar(Uzhavar Sandhai ),Other,5000.0,5000.0,5000.0,2026,7,28,209,1,31,5000.0,6000.0,7500.0,0.0,-1000.0,5666.666666666667,6642.857142857143,1180.1936887041643,5465.7876,465.78759765625,9.315751953125
2026-07-24,Tamil Nadu,Thiruchirappalli,KKNagar(Uzhavar Sandhai ),Safeda,5000.0,6000.0,5500.0,2026,7,24,205,4,30,6000.0,5500.0,5000.0,-500.0,0.0,5666.666666666667,5357.142857142857,377.9644730092272,5612.1973,112.197265625,2.039950284090909
2026-07-25,Tamil Nadu,Thiruchirappalli,KKNagar(Uzhavar Sandhai ),Safeda,5000.0,6000.0,5500.0,2026,7,25,206,5,30,5500.0,5500.0,5000.0,0.0,0.0,5666.666666666667,5428.571428571428,345.03277967117725,5455.228,-44.77197265625,-0.8140358664772727
2026-07-26,Tamil Nadu,Thiruchirappalli,KKNagar(Uzhavar Sandhai ),Safeda,5000.0,6000.0,5500.0,2026,7,26,207,6,30,5500.0,6000.0,5500.0,0.0,-500.0,5666.666666666667,5500.0,288.6751345948131,5554.4634,54.46337890625,0.9902432528409092
2026-07-29,Tamil Nadu,Thiruchirappalli,KKNagar(Uzhavar Sandhai ),Safeda,5000.0,5000.0,5000.0,2026,7,29,210,2,31,5500.0,5500.0,5000.0,-500.0,-500.0,5500.0,5500.0,288.6751345948131,5160.955,160.955078125,3.2191015625
2026-07-29,Tamil Nadu,Thiruchirappalli,Lalgudi(Uzhavar Sandhai ),Safeda,4000.0,4000.0,4000.0,2026,7,29,210,2,31,4000.0,4000.0,4000.0,0.0,0.0,4000.0,4000.0,0.0,4010.621,10.62109375,0.26552734375
2026-07-12,Tamil Nadu,Thiruchirappalli,Musiri(Uzhavar Sandhai ),Safeda,3000.0,3000.0,3000.0,2026,7,12,193,6,28,3000.0,2750.0,2750.0,0.0,250.0,2916.6666666666665,2892.8571428571427,133.6306209562122,2982.597,-17.403076171875,-0.5801025390625
2026-07-13,Tamil Nadu,Thiruchirappalli,Musiri(Uzhavar Sandhai ),Safeda,3000.0,3000.0,3000.0,2026,7,13,194,0,29,3000.0,3000.0,3000.0,0.0,0.0,3000.0,2928.5714285714284,121.98750911856672,2966.3848,-33.615234375,-1.1205078125
2026-07-14,Tamil Nadu,Thiruchirappalli,Musiri(Uzhavar Sandhai ),Safeda,3000.0,3000.0,3000.0,2026,7,14,195,1,29,3000.0,3000.0,3000.0,0.0,0.0,3000.0,2928.5714285714284,121.98750911856672,2968.1106,-31.889404296875,-1.0629801432291668
2026-07-15,Tamil Nadu,Thiruchirappalli,Musiri(Uzhavar Sandhai ),Safeda,2500.0,3000.0,2750.0,2026,7,15,196,2,29,3000.0,3000.0,2750.0,-250.0,-250.0,3000.0,2928.5714285714284,121.98750911856672,2831.017,81.01708984375,2.9460759943181816
2026-07-16,Tamil Nadu,Thiruchirappalli,Musiri(Uzhavar Sandhai ),Safeda,2500.0,3000.0,2750.0,2026,7,16,197,3,29,2750.0,3000.0,2750.0,0.0,-250.0,2916.6666666666665,2928.5714285714284,121.98750911856672,2810.6038,60.603759765625,2.2037730823863635
2026-07-17,Tamil Nadu,Thiruchirappalli,Musiri(Uzhavar Sandhai ),Safeda,3000.0,3000.0,3000.0,2026,7,17,198,4,29,2750.0,3000.0,3000.0,250.0,0.0,2833.3333333333335,2928.5714285714284,121.98750911856672,2904.2344,-95.765625,-3.1921875
2026-07-18,Tamil Nadu,Thiruchirappalli,Musiri(Uzhavar Sandhai ),Safeda,3000.0,3000.0,3000.0,2026,7,18,199,5,29,3000.0,2750.0,3000.0,0.0,250.0,2833.3333333333335,2928.5714285714284,121.98750911856672,2945.6387,-54.361328125,-1.8120442708333333
2026-07-19,Tamil Nadu,Thiruchirappalli,Musiri(Uzhavar Sandhai ),Safeda,3000.0,3000.0,3000.0,2026,7,19,200,6,29,3000.0,2750.0,3000.0,0.0,250.0,2916.6666666666665,2928.5714285714284,121.98750911856672,2974.666,-25.333984375,-0.8444661458333333
2026-07-20,Tamil Nadu,Thiruchirappalli,Musiri(Uzhavar Sandhai ),Safeda,3000.0,3000.0,3000.0,2026,7,20,201,0,30,3000.0,3000.0,3000.0,0.0,0.0,3000.0,2928.5714285714284,121.98750911856672,2958.4539,-41.546142578125,-1.3848714192708333
2026-07-21,Tamil Nadu,Thiruchirappalli,Musiri(Uzhavar Sandhai ),Safeda,3000.0,3000.0,3000.0,2026,7,21,202,1,30,3000.0,3000.0,3000.0,0.0,0.0,3000.0,2928.5714285714284,121.98750911856672,2960.1797,-39.8203125,-1.32734375
2026-07-22,Tamil Nadu,Thiruchirappalli,Musiri(Uzhavar Sandhai ),Safeda,2500.0,3000.0,2750.0,2026,7,22,203,2,30,3000.0,3000.0,2750.0,-250.0,-250.0,3000.0,2928.5714285714284,121.98750911856672,2838.913,88.9130859375,3.2332031249999997
2026-07-23,Tamil Nadu,Thiruchirappalli,Musiri(Uzhavar Sandhai ),Safeda,2500.0,3000.0,2750.0,2026,7,23,204,3,30,2750.0,3000.0,2750.0,0.0,-250.0,2916.6666666666665,2928.5714285714284,121.98750911856672,2820.279,70.279052734375,2.5556019176136364
2026-07-24,Tamil Nadu,Thiruchirappalli,Musiri(Uzhavar Sandhai ),Safeda,3000.0,3000.0,3000.0,2026,7,24,205,4,30,2750.0,3000.0,3000.0,250.0,0.0,2833.3333333333335,2928.5714285714284,121.98750911856672,2916.245,-83.7548828125,-2.7918294270833335
2026-07-25,Tamil Nadu,Thiruchirappalli,Musiri(Uzhavar Sandhai ),Safeda,3000.0,3000.0,3000.0,2026,7,25,206,5,30,3000.0,2750.0,3000.0,0.0,250.0,2833.3333333333335,2928.5714285714284,121.98750911856672,2948.4226,-51.577392578125,-1.7192464192708332
2026-07-26,Tamil Nadu,Thiruchirappalli,Musiri(Uzhavar Sandhai ),Safeda,3000.0,3000.0,3000.0,2026,7,26,207,6,30,3000.0,2750.0,3000.0,0.0,250.0,2916.6666666666665,2928.5714285714284,121.98750911856672,2975.7654,-24.234619140625,-0.8078206380208333
2026-07-27,Tamil Nadu,Thiruchirappalli,Musiri(Uzhavar Sandhai ),Safeda,3000.0,3000.0,3000.0,2026,7,27,208,0,31,3000.0,3000.0,3000.0,0.0,0.0,3000.0,2928.5714285714284,121.98750911856672,2960.952,-39.048095703125,-1.3016031901041667
2026-07-28,Tamil Nadu,Thiruchirappalli,Musiri(Uzhavar Sandhai ),Safeda,2500.0,3000.0,2750.0,2026,7,28,209,1,31,3000.0,3000.0,3000.0,-250.0,-250.0,3000.0,2928.5714285714284,121.98750911856672,2850.0698,100.06982421875,3.6389026988636366
2026-07-29,Tamil Nadu,Thiruchirappalli,Musiri(Uzhavar Sandhai ),Safeda,3000.0,3000.0,3000.0,2026,7,29,210,2,31,2750.0,3000.0,2750.0,250.0,0.0,2916.6666666666665,2892.8571428571427,133.6306209562122,2944.5833,-55.416748046875,-1.8472249348958334
2026-07-14,Tamil Nadu,Thiruchirappalli,Thuraiyur APMC,Safeda,8000.0,9000.0,8500.0,2026,7,14,195,1,29,8500.0,8500.0,7500.0,0.0,0.0,8500.0,8071.428571428572,1017.7004891982148,8297.694,-202.3056640625,-2.380066636029412
2026-07-15,Tamil Nadu,Thiruchirappalli,Thuraiyur APMC,Safeda,8000.0,9000.0,8500.0,2026,7,15,196,2,29,8500.0,8500.0,6000.0,0.0,0.0,8500.0,8214.285714285714,994.0297973880048,8176.352,-323.64794921875,-3.8076229319852937
2026-07-17,Tamil Nadu,Thiruchirappalli,Thuraiyur APMC,Safeda,7000.0,10000.0,8500.0,2026,7,17,198,4,29,8500.0,8500.0,9000.0,0.0,0.0,8500.0,8571.42857142857,188.98223650461512,8235.975,-264.025390625,-3.1061810661764704
2026-07-18,Tamil Nadu,Thiruchirappalli,Thuraiyur APMC,Safeda,6000.0,7000.0,6500.0,2026,7,18,199,5,29,8500.0,8500.0,8500.0,-2000.0,-2000.0,8500.0,8500.0,0.0,7338.524,838.52392578125,12.900368088942308
2026-07-19,Tamil Nadu,Thiruchirappalli,Thuraiyur APMC,Safeda,6000.0,7000.0,6500.0,2026,7,19,200,6,29,6500.0,8500.0,8500.0,0.0,-2000.0,7833.333333333333,8214.285714285714,755.9289460184543,6875.4717,375.4716796875,5.776487379807692
2026-07-21,Tamil Nadu,Thiruchirappalli,Thuraiyur APMC,Safeda,8000.0,9000.0,8500.0,2026,7,21,202,1,30,6500.0,8500.0,8500.0,2000.0,0.0,7166.666666666667,7928.571428571428,975.900072948533,7337.766,-1162.23388671875,-13.673339843749998
2026-07-22,Tamil Nadu,Thiruchirappalli,Thuraiyur APMC,Safeda,8000.0,9000.0,8500.0,2026,7,22,203,2,30,8500.0,6500.0,8500.0,0.0,2000.0,7166.666666666667,7928.571428571428,975.900072948533,7794.2207,-705.779296875,-8.303285845588235
2026-07-23,Tamil Nadu,Thiruchirappalli,Thuraiyur APMC,Safeda,5000.0,7000.0,6000.0,2026,7,23,204,3,30,8500.0,6500.0,8500.0,-2500.0,-500.0,7833.333333333333,7928.571428571428,975.900072948533,7081.4844,1081.484375,18.024739583333332
2026-07-24,Tamil Nadu,Thiruchirappalli,Thuraiyur APMC,Safeda,8000.0,9000.0,8500.0,2026,7,24,205,4,30,6000.0,8500.0,8500.0,2500.0,0.0,7666.666666666667,7571.428571428572,1170.063083362439,7708.958,-791.0419921875,-9.30637637867647
2026-07-25,Tamil Nadu,Thiruchirappalli,Thuraiyur APMC,Safeda,7000.0,9000.0,8000.0,2026,7,25,206,5,30,8500.0,8500.0,8500.0,-500.0,-500.0,7666.666666666667,7571.428571428572,1170.063083362439,7985.4785,-14.521484375,-0.1815185546875
2026-07-27,Tamil Nadu,Thiruchirappalli,Thuraiyur APMC,Safeda,9000.0,10000.0,9500.0,2026,7,27,208,0,31,8000.0,6000.0,6500.0,1500.0,3500.0,7500.0,7500.0,1118.033988749895,8677.333,-822.6669921875,-8.659652549342105
2026-07-28,Tamil Nadu,Thiruchirappalli,Thuraiyur APMC,Safeda,7000.0,10000.0,8500.0,2026,7,28,209,1,31,9500.0,8500.0,6500.0,-1000.0,0.0,8666.666666666666,7928.571428571428,1239.239398064105,8386.572,-113.427734375,-1.3344439338235294
2026-07-29,Tamil Nadu,Thiruchirappalli,Thuraiyur APMC,Safeda,8000.0,10000.0,9000.0,2026,7,29,210,2,31,8500.0,8000.0,8500.0,500.0,1000.0,8666.666666666666,8214.285714285714,1074.5984853711195,8811.978,-188.0224609375,-2.089138454861111
2026-07-14,Tamil Nadu,Thirunelveli,Palayamkottai(Uzhavar Sandhai ),Safeda,6000.0,8000.0,7000.0,2026,7,14,195,1,29,7000.0,7000.0,6000.0,0.0,0.0,7000.0,6571.428571428572,534.5224838248488,7015.2104,15.21044921875,0.21729213169642855
2026-07-15,Tamil Nadu,Thirunelveli,Palayamkottai(Uzhavar Sandhai ),Safeda,6000.0,8000.0,7000.0,2026,7,15,196,2,29,7000.0,7000.0,7000.0,0.0,0.0,7000.0,6714.285714285715,487.9500364742664,7171.4854,171.4853515625,2.449790736607143
2026-07-16,Tamil Nadu,Thirunelveli,Palayamkottai(Uzhavar Sandhai ),Safeda,6000.0,8000.0,7000.0,2026,7,16,197,3,29,7000.0,7000.0,6000.0,0.0,0.0,7000.0,6714.285714285715,487.9500364742664,7083.0005,83.00048828125,1.1857212611607142
2026-07-17,Tamil Nadu,Thirunelveli,Palayamkottai(Uzhavar Sandhai ),Safeda,6000.0,8000.0,7000.0,2026,7,17,198,4,29,7000.0,7000.0,6000.0,0.0,0.0,7000.0,6857.142857142857,377.9644730092269,7085.1494,85.1494140625,1.2164202008928573
2026-07-18,Tamil Nadu,Thirunelveli,Palayamkottai(Uzhavar Sandhai ),Safeda,6000.0,8000.0,7000.0,2026,7,18,199,5,29,7000.0,7000.0,7000.0,0.0,0.0,7000.0,7000.0,0.0,7347.4023,347.40234375,4.962890625
2026-07-19,Tamil Nadu,Thirunelveli,Palayamkottai(Uzhavar Sandhai ),Safeda,6000.0,8000.0,7000.0,2026,7,19,200,6,29,7000.0,7000.0,7000.0,0.0,0.0,7000.0,7000.0,0.0,7420.985,420.98486328125,6.014069475446428
2026-07-20,Tamil Nadu,Thirunelveli,Palayamkottai(Uzhavar Sandhai ),Safeda,6000.0,8000.0,7000.0,2026,7,20,201,0,30,7000.0,7000.0,7000.0,0.0,0.0,7000.0,7000.0,0.0,7275.525,275.52490234375,3.936070033482143
2026-07-21,Tamil Nadu,Thirunelveli,Palayamkottai(Uzhavar Sandhai ),Safeda,6000.0,8000.0,7000.0,2026,7,21,202,1,30,7000.0,7000.0,7000.0,0.0,0.0,7000.0,7000.0,0.0,7311.163,311.1630859375,4.445186941964286
2026-07-22,Tamil Nadu,Thirunelveli,Palayamkottai(Uzhavar Sandhai ),Safeda,6000.0,8000.0,7000.0,2026,7,22,203,2,30,7000.0,7000.0,7000.0,0.0,0.0,7000.0,7000.0,0.0,7326.5723,326.572265625,4.665318080357142
2026-07-23,Tamil Nadu,Thirunelveli,Palayamkottai(Uzhavar Sandhai ),Safeda,6000.0,8000.0,7000.0,2026,7,23,204,3,30,7000.0,7000.0,7000.0,0.0,0.0,7000.0,7000.0,0.0,7326.8325,326.83251953125,4.669035993303571
2026-07-24,Tamil Nadu,Thirunelveli,Palayamkottai(Uzhavar Sandhai ),Safeda,6000.0,8000.0,7000.0,2026,7,24,205,4,30,7000.0,7000.0,7000.0,0.0,0.0,7000.0,7000.0,0.0,7297.856,297.85595703125,4.255085100446428
2026-07-25,Tamil Nadu,Thirunelveli,Palayamkottai(Uzhavar Sandhai ),Safeda,6000.0,8000.0,7000.0,2026,7,25,206,5,30,7000.0,7000.0,7000.0,0.0,0.0,7000.0,7000.0,0.0,7370.9536,370.95361328125,5.299337332589285
2026-07-26,Tamil Nadu,Thirunelveli,Palayamkottai(Uzhavar Sandhai ),Safeda,6000.0,8000.0,7000.0,2026,7,26,207,6,30,7000.0,7000.0,7000.0,0.0,0.0,7000.0,7000.0,0.0,7429.1787,429.1787109375,6.131124441964285
2026-07-27,Tamil Nadu,Thirunelveli,Palayamkottai(Uzhavar Sandhai ),Safeda,6000.0,8000.0,7000.0,2026,7,27,208,0,31,7000.0,7000.0,7000.0,0.0,0.0,7000.0,7000.0,0.0,7274.3164,274.31640625,3.9188058035714284
2026-07-28,Tamil Nadu,Thirunelveli,Palayamkottai(Uzhavar Sandhai ),Safeda,6000.0,8000.0,7000.0,2026,7,28,209,1,31,7000.0,7000.0,7000.0,0.0,0.0,7000.0,7000.0,0.0,7398.808,398.80810546875,5.6972586495535715
2026-07-29,Tamil Nadu,Thirunelveli,Palayamkottai(Uzhavar Sandhai ),Safeda,6000.0,8000.0,7000.0,2026,7,29,210,2,31,7000.0,7000.0,7000.0,0.0,0.0,7000.0,7000.0,0.0,7397.39,397.39013671875,5.677001953125
2026-07-13,Tamil Nadu,Thirupathur,Natrampalli(Uzhavar Sandhai ),Safeda,2500.0,3000.0,2750.0,2026,7,13,194,0,29,3000.0,3000.0,3500.0,-250.0,-250.0,3500.0,3321.4285714285716,590.0968443520824,2929.6667,179.666748046875,6.533336292613637
2026-07-14,Tamil Nadu,Thirupathur,Natrampalli(Uzhavar Sandhai ),Safeda,2000.0,3000.0,2500.0,2026,7,14,195,1,29,2750.0,4500.0,2750.0,-250.0,-2000.0,3416.6666666666665,3214.285714285714,619.6196990320527,2928.9626,428.962646484375,17.158505859375
2026-07-15,Tamil Nadu,Thirupathur,Natrampalli(Uzhavar Sandhai ),Safeda,3000.0,4000.0,3500.0,2026,7,15,196,2,29,2500.0,3000.0,3500.0,1000.0,500.0,2750.0,3178.5714285714284,656.9228410153046,3398.9092,-101.0908203125,-2.8883091517857142
2026-07-16,Tamil Nadu,Thirupathur,Natrampalli(Uzhavar Sandhai ),Safeda,2000.0,3000.0,2500.0,2026,7,16,197,3,29,3500.0,2750.0,3000.0,-1000.0,-250.0,2916.6666666666665,3178.5714285714284,656.9228410153046,2835.8684,335.868408203125,13.434736328125
2026-07-17,Tamil Nadu,Thirupathur,Natrampalli(Uzhavar Sandhai ),Safeda,2500.0,3000.0,2750.0,2026,7,17,198,4,29,2500.0,2500.0,3000.0,250.0,250.0,2833.3333333333335,3107.1428571428573,704.9991556901397,2796.102,46.10205078125,1.6764382102272726
2026-07-18,Tamil Nadu,Thirupathur,Natrampalli(Uzhavar Sandhai ),Safeda,3000.0,3000.0,3000.0,2026,7,18,199,5,29,2750.0,3500.0,4500.0,250.0,-500.0,2916.6666666666665,3071.4285714285716,717.552055519983,2897.1316,-102.868408203125,-3.428946940104167
2026-07-19,Tamil Nadu,Thirupathur,Natrampalli(Uzhavar Sandhai ),Safeda,2500.0,3000.0,2750.0,2026,7,19,200,6,29,3000.0,2500.0,3000.0,-250.0,250.0,2750.0,2857.1428571428573,349.3190655028869,2737.7834,-12.216552734375,-0.44423828125000003
2026-07-20,Tamil Nadu,Thirupathur,Natrampalli(Uzhavar Sandhai ),Safeda,2000.0,3000.0,2500.0,2026,7,20,201,0,30,2750.0,2750.0,2750.0,-250.0,-250.0,2833.3333333333335,2821.4285714285716,345.0327796711781,2562.1802,62.18017578125,2.48720703125
2026-07-21,Tamil Nadu,Thirupathur,Natrampalli(Uzhavar Sandhai ),Safeda,2500.0,3000.0,2750.0,2026,7,21,202,1,30,2500.0,3000.0,2500.0,250.0,-250.0,2750.0,2785.714285714286,365.9625273557009,2711.8386,-38.161376953125,-1.387686434659091
2026-07-22,Tamil Nadu,Thirupathur,Natrampalli(Uzhavar Sandhai ),Safeda,2500.0,3000.0,2750.0,2026,7,22,203,2,30,2750.0,2750.0,3500.0,0.0,0.0,2666.6666666666665,2821.4285714285716,345.0327796711781,2711.2903,-38.709716796875,-1.4076260653409092
2026-07-23,Tamil Nadu,Thirupathur,Natrampalli(Uzhavar Sandhai ),Safeda,2500.0,3000.0,2750.0,2026,7,23,204,3,30,2750.0,2500.0,2500.0,0.0,250.0,2666.6666666666665,2714.285714285714,172.51638983559096,2714.4387,-35.561279296875,-1.2931374289772728
2026-07-24,Tamil Nadu,Thirupathur,Natrampalli(Uzhavar Sandhai ),Safeda,2500.0,3000.0,2750.0,2026,7,24,205,4,30,2750.0,2750.0,2750.0,0.0,0.0,2750.0,2750.0,144.33756729740918,2742.1685,-7.83154296875,-0.2847833806818182
2026-07-25,Tamil Nadu,Thirupathur,Natrampalli(Uzhavar Sandhai ),Safeda,2500.0,3000.0,2750.0,2026,7,25,206,5,30,2750.0,2750.0,3000.0,0.0,0.0,2750.0,2750.0,144.33756729740918,2740.8167,-9.183349609375,-0.33393998579545453
2026-07-26,Tamil Nadu,Thirupathur,Natrampalli(Uzhavar Sandhai ),Safeda,2000.0,3000.0,2500.0,2026,7,26,207,6,30,2750.0,2750.0,2750.0,-250.0,-250.0,2750.0,2714.285714285714,94.49111825231122,2593.3733,93.373291015625,3.7349316406249997
2026-07-27,Tamil Nadu,Thirupathur,Natrampalli(Uzhavar Sandhai ),Safeda,2000.0,3000.0,2500.0,2026,7,27,208,0,31,2500.0,2750.0,2500.0,0.0,-250.0,2666.6666666666665,2678.5714285714284,121.9875091185702,2606.8286,106.82861328125,4.27314453125
2026-07-28,Tamil Nadu,Thirupathur,Natrampalli(Uzhavar Sandhai ),Safeda,2000.0,3000.0,2500.0,2026,7,28,209,1,31,2500.0,2750.0,2750.0,0.0,-250.0,2583.3333333333335,2678.5714285714284,121.9875091185702,2619.6526,119.652587890625,4.786103515625
2026-07-29,Tamil Nadu,Thirupathur,Natrampalli(Uzhavar Sandhai ),Safeda,2000.0,3000.0,2500.0,2026,7,29,210,2,31,2500.0,2500.0,2750.0,0.0,0.0,2500.0,2642.8571428571427,133.63062095621552,2651.264,151.263916015625,6.050556640625
2026-07-16,Tamil Nadu,Thirupathur,Vaniyampadi(Uzhavar Sandhai ),Safeda,3000.0,3000.0,3000.0,2026,7,16,197,3,29,4000.0,4000.0,4000.0,-1000.0,-1000.0,4000.0,4000.0,0.0,3039.3127,39.312744140625,1.3104248046875
2026-07-17,Tamil Nadu,Thirupathur,Vaniyampadi(Uzhavar Sandhai ),Safeda,3000.0,3000.0,3000.0,2026,7,17,198,4,29,3000.0,4000.0,4000.0,0.0,-1000.0,3666.6666666666665,3857.142857142858,377.9644730092273,3063.0947,63.0947265625,2.1031575520833337
2026-07-18,Tamil Nadu,Thirupathur,Vaniyampadi(Uzhavar Sandhai ),Safeda,4000.0,4000.0,4000.0,2026,7,18,199,5,29,3000.0,4000.0,4000.0,1000.0,0.0,3333.3333333333335,3714.285714285714,487.95003647426665,3733.5576,-266.4423828125,-6.661059570312499
2026-07-20,Tamil Nadu,Thirupathur,Vaniyampadi(Uzhavar Sandhai ),Safeda,4000.0,4000.0,4000.0,2026,7,20,201,0,30,4000.0,3000.0,4000.0,0.0,1000.0,3333.3333333333335,3714.285714285714,487.95003647426665,3924.649,-75.35107421875,-1.88377685546875
2026-07-21,Tamil Nadu,Thirupathur,Vaniyampadi(Uzhavar Sandhai ),Safeda,3000.0,3000.0,3000.0,2026,7,21,202,1,30,4000.0,3000.0,4000.0,-1000.0,0.0,3666.6666666666665,3714.285714285714,487.95003647426665,3154.3252,154.3251953125,5.144173177083333
2026-07-22,Tamil Nadu,Thirupathur,Vaniyampadi(Uzhavar Sandhai ),Safeda,3000.0,3000.0,3000.0,2026,7,22,203,2,30,3000.0,4000.0,4000.0,0.0,-1000.0,3666.6666666666665,3571.4285714285716,534.5224838248488,3090.283,90.282958984375,3.0094319661458333
2026-07-23,Tamil Nadu,Thirupathur,Vaniyampadi(Uzhavar Sandhai ),Safeda,3000.0,3000.0,3000.0,2026,7,23,204,3,30,3000.0,4000.0,4000.0,0.0,-1000.0,3333.3333333333335,3428.5714285714284,534.5224838248487,3016.5093,16.50927734375,0.5503092447916667
2026-07-24,Tamil Nadu,Thirupathur,Vaniyampadi(Uzhavar Sandhai ),Safeda,3000.0,3000.0,3000.0,2026,7,24,205,4,30,3000.0,3000.0,3000.0,0.0,0.0,3000.0,3285.714285714286,487.9500364742662,3011.8525,11.8525390625,0.39508463541666666
2026-07-25,Tamil Nadu,Thirupathur,Vaniyampadi(Uzhavar Sandhai ),Safeda,4000.0,4000.0,4000.0,2026,7,25,206,5,30,3000.0,3000.0,3000.0,1000.0,1000.0,3000.0,3285.714285714286,487.9500364742662,3518.835,-481.1650390625,-12.0291259765625
2026-07-27,Tamil Nadu,Thirupathur,Vaniyampadi(Uzhavar Sandhai ),Safeda,4000.0,4000.0,4000.0,2026,7,27,208,0,31,4000.0,3000.0,4000.0,0.0,1000.0,3333.3333333333335,3428.5714285714284,534.5224838248487,3775.4824,-224.517578125,-5.6129394531250005
2026-07-28,Tamil Nadu,Thirupathur,Vaniyampadi(Uzhavar Sandhai ),Safeda,3000.0,3000.0,3000.0,2026,7,28,209,1,31,4000.0,3000.0,4000.0,-1000.0,0.0,3666.6666666666665,3428.5714285714284,534.5224838248487,3135.303,135.302978515625,4.510099283854166
2026-07-29,Tamil Nadu,Thirupathur,Vaniyampadi(Uzhavar Sandhai ),Safeda,3000.0,3000.0,3000.0,2026,7,29,210,2,31,3000.0,4000.0,3000.0,0.0,-1000.0,3666.6666666666665,3285.714285714286,487.9500364742662,3119.1958,119.19580078125,3.9731933593749997
2026-07-14,Tamil Nadu,Thirupur,Dharapuram(Uzhavar Sandhai ),Safeda,4000.0,6000.0,5000.0,2026,7,14,195,1,29,5500.0,5750.0,5750.0,-500.0,-750.0,5666.666666666667,5714.285714285715,94.49111825230688,5077.002,77.001953125,1.5400390625
2026-07-15,Tamil Nadu,Thirupur,Dharapuram(Uzhavar Sandhai ),Safeda,5500.0,6000.0,5750.0,2026,7,15,196,2,29,5000.0,5750.0,5750.0,750.0,0.0,5416.666666666667,5607.142857142857,283.4733547569207,5606.787,-143.212890625,-2.490658967391304
2026-07-16,Tamil Nadu,Thirupur,Dharapuram(Uzhavar Sandhai ),Safeda,5500.0,6000.0,5750.0,2026,7,16,197,3,29,5750.0,5500.0,5750.0,0.0,250.0,5416.666666666667,5607.142857142857,283.4733547569207,5795.701,45.701171875,0.7948029891304349
2026-07-17,Tamil Nadu,Thirupur,Dharapuram(Uzhavar Sandhai ),Safeda,5500.0,6000.0,5750.0,2026,7,17,198,4,29,5750.0,5000.0,5750.0,0.0,750.0,5500.0,5607.142857142857,283.4733547569207,5862.0776,112.07763671875,1.9491762907608696
2026-07-18,Tamil Nadu,Thirupur,Dharapuram(Uzhavar Sandhai ),Safeda,5500.0,6000.0,5750.0,2026,7,18,199,5,29,5750.0,5750.0,5750.0,0.0,0.0,5750.0,5607.142857142857,283.4733547569207,5823.2534,73.25341796875,1.2739724864130435
2026-07-19,Tamil Nadu,Thirupur,Dharapuram(Uzhavar Sandhai ),Safeda,5500.0,6000.0,5750.0,2026,7,19,200,6,29,5750.0,5750.0,5750.0,0.0,0.0,5750.0,5607.142857142857,283.4733547569207,5896.836,146.8359375,2.5536684782608696
2026-07-20,Tamil Nadu,Thirupur,Dharapuram(Uzhavar Sandhai ),Safeda,5000.0,6000.0,5500.0,2026,7,20,201,0,30,5750.0,5750.0,5500.0,-250.0,-250.0,5750.0,5607.142857142857,283.4733547569207,5627.867,127.8671875,2.3248579545454544
2026-07-21,Tamil Nadu,Thirupur,Dharapuram(Uzhavar Sandhai ),Safeda,4000.0,6000.0,5000.0,2026,7,21,202,1,30,5500.0,5750.0,5000.0,-500.0,-750.0,5666.666666666667,5607.142857142857,283.4733547569207,5002.7085,2.70849609375,0.054169921875
2026-07-22,Tamil Nadu,Thirupur,Dharapuram(Uzhavar Sandhai ),Safeda,5500.0,6000.0,5750.0,2026,7,22,203,2,30,5000.0,5750.0,5750.0,750.0,0.0,5416.666666666667,5607.142857142857,283.4733547569207,5658.555,-91.44482421875,-1.5903447690217392
2026-07-23,Tamil Nadu,Thirupur,Dharapuram(Uzhavar Sandhai ),Safeda,5500.0,6000.0,5750.0,2026,7,23,204,3,30,5750.0,5500.0,5750.0,0.0,250.0,5416.666666666667,5607.142857142857,283.4733547569207,5800.2407,50.24072265625,0.8737516983695651
2026-07-24,Tamil Nadu,Thirupur,Dharapuram(Uzhavar Sandhai ),Safeda,5500.0,6000.0,5750.0,2026,7,24,205,4,30,5750.0,5000.0,5750.0,0.0,750.0,5500.0,5607.142857142857,283.4733547569207,5875.202,125.2021484375,2.177428668478261
2026-07-25,Tamil Nadu,Thirupur,Dharapuram(Uzhavar Sandhai ),Safeda,5500.0,6000.0,5750.0,2026,7,25,206,5,30,5750.0,5750.0,5750.0,0.0,0.0,5750.0,5607.142857142857,283.4733547569207,5842.8813,92.88134765625,1.6153277853260868
2026-07-26,Tamil Nadu,Thirupur,Dharapuram(Uzhavar Sandhai ),Safeda,5500.0,6000.0,5750.0,2026,7,26,207,6,30,5750.0,5750.0,5750.0,0.0,0.0,5750.0,5607.142857142857,283.4733547569207,5913.8237,163.82373046875,2.849108355978261
2026-07-27,Tamil Nadu,Thirupur,Dharapuram(Uzhavar Sandhai ),Safeda,5000.0,6000.0,5500.0,2026,7,27,208,0,31,5750.0,5750.0,5500.0,-250.0,-250.0,5750.0,5607.142857142857,283.4733547569207,5633.117,133.1171875,2.4203125
2026-07-28,Tamil Nadu,Thirupur,Dharapuram(Uzhavar Sandhai ),Safeda,6000.0,6000.0,6000.0,2026,7,28,209,1,31,5500.0,5750.0,5000.0,500.0,250.0,5666.666666666667,5607.142857142857,283.4733547569207,5785.0903,-214.90966796875,-3.581827799479167
2026-07-29,Tamil Nadu,Thirupur,Dharapuram(Uzhavar Sandhai ),Safeda,5500.0,6000.0,5750.0,2026,7,29,210,2,31,6000.0,5750.0,5750.0,-250.0,0.0,5750.0,5750.0,144.33756729740628,5878.5635,128.5634765625,2.2358865489130437
2026-07-14,Tamil Nadu,Thirupur,Tiruppur (North) (Uzhavar Sandhai ),Other,4500.0,5000.0,4750.0,2026,7,14,195,1,29,4750.0,4750.0,4750.0,0.0,0.0,4750.0,4750.0,0.0,4844.418,94.41796875,1.9877467105263158
2026-07-15,Tamil Nadu,Thirupur,Tiruppur (North) (Uzhavar Sandhai ),Other,4500.0,5000.0,4750.0,2026,7,15,196,2,29,4750.0,4750.0,4750.0,0.0,0.0,4750.0,4750.0,0.0,4814.068,64.06787109375,1.3487972861842106
2026-07-16,Tamil Nadu,Thirupur,Tiruppur (North) (Uzhavar Sandhai ),Other,4500.0,5000.0,4750.0,2026,7,16,197,3,29,4750.0,4750.0,4750.0,0.0,0.0,4750.0,4750.0,0.0,4814.362,64.36181640625,1.3549856085526315
2026-07-17,Tamil Nadu,Thirupur,Tiruppur (North) (Uzhavar Sandhai ),Other,4500.0,5000.0,4750.0,2026,7,17,198,4,29,4750.0,4750.0,4750.0,0.0,0.0,4750.0,4750.0,0.0,4808.7236,58.7236328125,1.2362870065789475
2026-07-18,Tamil Nadu,Thirupur,Tiruppur (North) (Uzhavar Sandhai ),Other,4500.0,5000.0,4750.0,2026,7,18,199,5,29,4750.0,4750.0,4750.0,0.0,0.0,4750.0,4750.0,0.0,4767.697,17.69677734375,0.3725637335526316
2026-07-19,Tamil Nadu,Thirupur,Tiruppur (North) (Uzhavar Sandhai ),Other,4500.0,5000.0,4750.0,2026,7,19,200,6,29,4750.0,4750.0,4750.0,0.0,0.0,4750.0,4750.0,0.0,4846.0596,96.0595703125,2.0223067434210527
2026-07-15,Tamil Nadu,Thirupur,Tiruppur (South) (Uzhavar Sandhai ),Other,3000.0,4000.0,3500.0,2026,7,15,196,2,29,3500.0,3500.0,3750.0,0.0,0.0,3500.0,3607.142857142858,133.6306209562122,3592.9878,92.98779296875,2.6567940848214286
2026-07-18,Tamil Nadu,Thirupur,Tiruppur (South) (Uzhavar Sandhai ),Other,5000.0,6000.0,5500.0,2026,7,18,199,5,29,3500.0,3500.0,3750.0,2000.0,2000.0,3500.0,3571.4285714285716,121.98750911856672,4704.713,-795.287109375,-14.459765625000001
2026-07-19,Tamil Nadu,Thirupur,Tiruppur (South) (Uzhavar Sandhai ),Other,4500.0,6000.0,5250.0,2026,7,19,200,6,29,5500.0,3500.0,3750.0,-250.0,1750.0,4166.666666666667,3821.428571428571,746.021192090157,4604.5005,-645.49951171875,-12.295228794642856
2026-07-22,Tamil Nadu,Thirupur,Tiruppur (South) (Uzhavar Sandhai ),Other,5000.0,6000.0,5500.0,2026,7,22,203,2,30,5250.0,3500.0,3500.0,250.0,2000.0,4750.0,4035.714285714286,917.748279628954,4909.657,-590.3427734375,-10.733504971590909
2026-07-27,Tamil Nadu,Thirupur,Tiruppur (South) (Uzhavar Sandhai ),Safeda,5000.0,6000.0,5500.0,2026,7,27,208,0,31,5500.0,5500.0,3500.0,0.0,0.0,5500.0,5214.285714285715,755.9289460184544,5402.9727,-97.02734375,-1.7641335227272725
2026-07-13,Tamil Nadu,Thiruvannamalai,Arani(Uzhavar Sandhai ),Safeda,4000.0,5000.0,4500.0,2026,7,13,194,0,29,4500.0,4500.0,4500.0,0.0,0.0,4500.0,4642.857142857143,377.96447300922733,4621.8857,121.8857421875,2.708572048611111
2026-07-14,Tamil Nadu,Thiruvannamalai,Arani(Uzhavar Sandhai ),Safeda,4000.0,5000.0,4500.0,2026,7,14,195,1,29,4500.0,4500.0,4500.0,0.0,0.0,4500.0,4642.857142857143,377.96447300922733,4617.058,117.05810546875,2.601291232638889
2026-07-15,Tamil Nadu,Thiruvannamalai,Arani(Uzhavar Sandhai ),Safeda,4000.0,4500.0,4250.0,2026,7,15,196,2,29,4500.0,4500.0,5500.0,-250.0,-250.0,4500.0,4642.857142857143,377.96447300922733,4348.027,98.02685546875,2.3065142463235295
2026-07-16,Tamil Nadu,Thiruvannamalai,Arani(Uzhavar Sandhai ),Safeda,4000.0,5000.0,4500.0,2026,7,16,197,3,29,4250.0,4500.0,4500.0,250.0,0.0,4416.666666666667,4464.285714285715,94.49111825230688,4486.172,-13.828125,-0.30729166666666663
2026-07-17,Tamil Nadu,Thiruvannamalai,Arani(Uzhavar Sandhai ),Safeda,4000.0,5000.0,4500.0,2026,7,17,198,4,29,4500.0,4500.0,4500.0,0.0,0.0,4416.666666666667,4464.285714285715,94.49111825230688,4498.7095,-1.29052734375,-0.028678385416666667
2026-07-18,Tamil Nadu,Thiruvannamalai,Arani(Uzhavar Sandhai ),Safeda,4000.0,5000.0,4500.0,2026,7,18,199,5,29,4500.0,4250.0,4500.0,0.0,250.0,4416.666666666667,4464.285714285715,94.49111825230688,4453.523,-46.47705078125,-1.0328233506944444
2026-07-19,Tamil Nadu,Thiruvannamalai,Arani(Uzhavar Sandhai ),Safeda,4000.0,5000.0,4500.0,2026,7,19,200,6,29,4500.0,4500.0,4500.0,0.0,0.0,4500.0,4464.285714285715,94.49111825230688,4581.174,81.173828125,1.803862847222222
2026-07-20,Tamil Nadu,Thiruvannamalai,Arani(Uzhavar Sandhai ),Safeda,4000.0,5000.0,4500.0,2026,7,20,201,0,30,4500.0,4500.0,4500.0,0.0,0.0,4500.0,4464.285714285715,94.49111825230688,4507.9707,7.970703125,0.1771267361111111
2026-07-21,Tamil Nadu,Thiruvannamalai,Arani(Uzhavar Sandhai ),Safeda,4000.0,5000.0,4500.0,2026,7,21,202,1,30,4500.0,4500.0,4500.0,0.0,0.0,4500.0,4464.285714285715,94.49111825230688,4503.143,3.14306640625,0.06984592013888889
2026-07-22,Tamil Nadu,Thiruvannamalai,Arani(Uzhavar Sandhai ),Safeda,4000.0,5000.0,4500.0,2026,7,22,203,2,30,4500.0,4500.0,4250.0,0.0,0.0,4500.0,4464.285714285715,94.49111825230688,4527.987,27.98681640625,0.6219292534722223
2026-07-23,Tamil Nadu,Thiruvannamalai,Arani(Uzhavar Sandhai ),Safeda,4000.0,5000.0,4500.0,2026,7,23,204,3,30,4500.0,4500.0,4500.0,0.0,0.0,4500.0,4500.0,0.0,4568.765,68.76513671875,1.5281141493055557
2026-07-24,Tamil Nadu,Thiruvannamalai,Arani(Uzhavar Sandhai ),Safeda,4000.0,5000.0,4500.0,2026,7,24,205,4,30,4500.0,4500.0,4500.0,0.0,0.0,4500.0,4500.0,0.0,4533.2476,33.24755859375,0.7388346354166667
2026-07-25,Tamil Nadu,Thiruvannamalai,Arani(Uzhavar Sandhai ),Safeda,4000.0,5000.0,4500.0,2026,7,25,206,5,30,4500.0,4500.0,4500.0,0.0,0.0,4500.0,4500.0,0.0,4511.6475,11.6474609375,0.2588324652777778
2026-07-26,Tamil Nadu,Thiruvannamalai,Arani(Uzhavar Sandhai ),Safeda,4000.0,5000.0,4500.0,2026,7,26,207,6,30,4500.0,4500.0,4500.0,0.0,0.0,4500.0,4500.0,0.0,4582.59,82.58984375,1.835329861111111
2026-07-27,Tamil Nadu,Thiruvannamalai,Arani(Uzhavar Sandhai ),Safeda,4000.0,5000.0,4500.0,2026,7,27,208,0,31,4500.0,4500.0,4500.0,0.0,0.0,4500.0,4500.0,0.0,4510.995,10.9951171875,0.2443359375
2026-07-28,Tamil Nadu,Thiruvannamalai,Arani(Uzhavar Sandhai ),Safeda,4000.0,5000.0,4500.0,2026,7,28,209,1,31,4500.0,4500.0,4500.0,0.0,0.0,4500.0,4500.0,0.0,4572.5024,72.50244140625,1.6111653645833335
2026-07-29,Tamil Nadu,Thiruvannamalai,Arani(Uzhavar Sandhai ),Safeda,4000.0,5000.0,4500.0,2026,7,29,210,2,31,4500.0,4500.0,4500.0,0.0,0.0,4500.0,4500.0,0.0,4583.16,83.16015625,1.8480034722222223
2026-07-14,Tamil Nadu,Thiruvannamalai,Chengam(Uzhavar Sandhai ),Safeda,3300.0,4000.0,3650.0,2026,7,14,195,1,29,3750.0,3650.0,3650.0,-100.0,0.0,3683.3333333333335,3700.0,64.54972243679025,3704.484,54.48388671875,1.4927092251712328
2026-07-15,Tamil Nadu,Thiruvannamalai,Chengam(Uzhavar Sandhai ),Safeda,3300.0,4000.0,3650.0,2026,7,15,196,2,29,3650.0,3650.0,3650.0,0.0,0.0,3683.3333333333335,3700.0,64.54972243679025,3703.2495,53.24951171875,1.458890732020548
2026-07-16,Tamil Nadu,Thiruvannamalai,Chengam(Uzhavar Sandhai ),Safeda,3300.0,4000.0,3650.0,2026,7,16,197,3,29,3650.0,3750.0,3750.0,0.0,-100.0,3683.3333333333335,3700.0,64.54972243679025,3696.512,46.511962890625,1.2743003531678083
2026-07-17,Tamil Nadu,Thiruvannamalai,Chengam(Uzhavar Sandhai ),Safeda,3300.0,4000.0,3650.0,2026,7,17,198,4,29,3650.0,3650.0,3800.0,0.0,0.0,3650.0,3685.714285714286,62.67831705280082,3709.0273,59.02734375,1.6171874999999998
2026-07-18,Tamil Nadu,Thiruvannamalai,Chengam(Uzhavar Sandhai ),Safeda,3300.0,4000.0,3650.0,2026,7,18,199,5,29,3650.0,3650.0,3650.0,0.0,0.0,3650.0,3664.285714285714,37.79644730092276,3726.133,76.133056640625,2.0858371682363015
2026-07-19,Tamil Nadu,Thiruvannamalai,Chengam(Uzhavar Sandhai ),Safeda,3600.0,4000.0,3800.0,2026,7,19,200,6,29,3650.0,3650.0,3650.0,150.0,150.0,3650.0,3664.285714285714,37.79644730092276,3876.906,76.906005859375,2.023842259457237
2026-07-20,Tamil Nadu,Thiruvannamalai,Chengam(Uzhavar Sandhai ),Safeda,3600.0,4000.0,3800.0,2026,7,20,201,0,30,3800.0,3650.0,3750.0,0.0,150.0,3700.0,3685.714285714286,62.67831705280082,3896.2307,96.230712890625,2.5323871813322367
2026-07-21,Tamil Nadu,Thiruvannamalai,Chengam(Uzhavar Sandhai ),Safeda,3300.0,4000.0,3650.0,2026,7,21,202,1,30,3800.0,3650.0,3650.0,-150.0,0.0,3750.0,3692.857142857142,73.19250547113998,3707.1406,57.140625,1.5654965753424657
2026-07-22,Tamil Nadu,Thiruvannamalai,Chengam(Uzhavar Sandhai ),Safeda,3300.0,4000.0,3650.0,2026,7,22,203,2,30,3650.0,3800.0,3650.0,0.0,-150.0,3750.0,3692.857142857142,73.19250547113998,3697.6245,47.62451171875,1.304781142979452
2026-07-23,Tamil Nadu,Thiruvannamalai,Chengam(Uzhavar Sandhai ),Safeda,3300.0,4000.0,3650.0,2026,7,23,204,3,30,3650.0,3800.0,3650.0,0.0,-150.0,3700.0,3692.857142857142,73.19250547113998,3701.474,51.47412109375,1.410249892979452
2026-07-24,Tamil Nadu,Thiruvannamalai,Chengam(Uzhavar Sandhai ),Safeda,3300.0,4000.0,3650.0,2026,7,24,205,4,30,3650.0,3650.0,3650.0,0.0,0.0,3650.0,3692.857142857142,73.19250547113998,3721.038,71.0380859375,1.9462489297945207
2026-07-25,Tamil Nadu,Thiruvannamalai,Chengam(Uzhavar Sandhai ),Safeda,3500.0,4000.0,3750.0,2026,7,25,206,5,30,3650.0,3650.0,3650.0,100.0,100.0,3650.0,3692.857142857142,73.19250547113998,3790.6853,40.685302734375,1.08494140625
2026-07-26,Tamil Nadu,Thiruvannamalai,Chengam(Uzhavar Sandhai ),Safeda,3300.0,4000.0,3650.0,2026,7,26,207,6,30,3750.0,3650.0,3800.0,-100.0,0.0,3683.3333333333335,3707.142857142858,73.19250547113998,3743.3938,93.393798828125,2.5587342144691783
2026-07-27,Tamil Nadu,Thiruvannamalai,Chengam(Uzhavar Sandhai ),Safeda,3500.0,4000.0,3750.0,2026,7,27,208,0,31,3650.0,3650.0,3800.0,100.0,100.0,3683.3333333333335,3685.714285714286,62.67831705280094,3768.949,18.948974609375,0.5053059895833333
2026-07-28,Tamil Nadu,Thiruvannamalai,Chengam(Uzhavar Sandhai ),Safeda,3500.0,4000.0,3750.0,2026,7,28,209,1,31,3750.0,3750.0,3650.0,0.0,0.0,3716.6666666666665,3678.571428571429,48.79500364742674,3833.55,83.550048828125,2.2280013020833334
2026-07-29,Tamil Nadu,Thiruvannamalai,Chengam(Uzhavar Sandhai ),Safeda,3300.0,4000.0,3650.0,2026,7,29,210,2,31,3750.0,3650.0,3650.0,-100.0,0.0,3716.6666666666665,3692.857142857142,53.452248382484775,3725.7466,75.74658203125,2.0752488227739727
2026-07-15,Tamil Nadu,Thiruvannamalai,Keelpennathur(Uzhavar Sandhai ),Other,5000.0,6000.0,5500.0,2026,7,15,196,2,29,5500.0,5500.0,5500.0,0.0,0.0,5500.0,5500.0,0.0,5421.247,-78.7529296875,-1.4318714488636364
2026-07-16,Tamil Nadu,Thiruvannamalai,Keelpennathur(Uzhavar Sandhai ),Other,5000.0,6000.0,5500.0,2026,7,16,197,3,29,5500.0,5500.0,5500.0,0.0,0.0,5500.0,5500.0,0.0,5462.868,-37.1318359375,-0.6751242897727273
2026-07-18,Tamil Nadu,Thiruvannamalai,Keelpennathur(Uzhavar Sandhai ),Other,5000.0,6000.0,5500.0,2026,7,18,199,5,29,5500.0,5500.0,5500.0,0.0,0.0,5500.0,5500.0,0.0,5448.611,-51.38916015625,-0.9343483664772728
2026-07-19,Tamil Nadu,Thiruvannamalai,Keelpennathur(Uzhavar Sandhai ),Other,5000.0,6000.0,5500.0,2026,7,19,200,6,29,5500.0,5500.0,5500.0,0.0,0.0,5500.0,5500.0,0.0,5522.1934,22.193359375,0.403515625
2026-07-22,Tamil Nadu,Thiruvannamalai,Keelpennathur(Uzhavar Sandhai ),Other,5000.0,6000.0,5500.0,2026,7,22,203,2,30,5500.0,5500.0,5500.0,0.0,0.0,5500.0,5500.0,0.0,5482.657,-17.3427734375,-0.3153231534090909
2026-07-23,Tamil Nadu,Thiruvannamalai,Keelpennathur(Uzhavar Sandhai ),Other,5000.0,6000.0,5500.0,2026,7,23,204,3,30,5500.0,5500.0,5500.0,0.0,0.0,5500.0,5500.0,0.0,5484.7305,-15.26953125,-0.27762784090909093
2026-07-24,Tamil Nadu,Thiruvannamalai,Keelpennathur(Uzhavar Sandhai ),Other,5000.0,6000.0,5500.0,2026,7,24,205,4,30,5500.0,5500.0,5500.0,0.0,0.0,5500.0,5500.0,0.0,5483.8877,-16.1123046875,-0.29295099431818183
2026-07-25,Tamil Nadu,Thiruvannamalai,Keelpennathur(Uzhavar Sandhai ),Other,5000.0,6000.0,5500.0,2026,7,25,206,5,30,5500.0,5500.0,5500.0,0.0,0.0,5500.0,5500.0,0.0,5466.792,-33.2080078125,-0.6037819602272727
2026-07-26,Tamil Nadu,Thiruvannamalai,Keelpennathur(Uzhavar Sandhai ),Other,5000.0,6000.0,5500.0,2026,7,26,207,6,30,5500.0,5500.0,5500.0,0.0,0.0,5500.0,5500.0,0.0,5537.7344,37.734375,0.6860795454545454
2026-07-27,Tamil Nadu,Thiruvannamalai,Keelpennathur(Uzhavar Sandhai ),Other,5000.0,6000.0,5500.0,2026,7,27,208,0,31,5500.0,5500.0,5500.0,0.0,0.0,5500.0,5500.0,0.0,5469.0435,-30.95654296875,-0.5628462357954546
2026-07-13,Tamil Nadu,Thiruvannamalai,Polur(Uzhavar Sandhai ),Safeda,4200.0,5000.0,4600.0,2026,7,13,194,0,29,4600.0,4600.0,4600.0,0.0,0.0,4600.0,4600.0,0.0,4583.1313,-16.86865234375,-0.3667098335597826
2026-07-14,Tamil Nadu,Thiruvannamalai,Polur(Uzhavar Sandhai ),Safeda,4200.0,5000.0,4600.0,2026,7,14,195,1,29,4600.0,4600.0,4600.0,0.0,0.0,4600.0,4600.0,0.0,4623.8994,23.8994140625,0.5195524796195652
2026-07-15,Tamil Nadu,Thiruvannamalai,Polur(Uzhavar Sandhai ),Safeda,4200.0,5000.0,4600.0,2026,7,15,196,2,29,4600.0,4600.0,4600.0,0.0,0.0,4600.0,4600.0,0.0,4604.663,4.6630859375,0.10137143342391305
2026-07-16,Tamil Nadu,Thiruvannamalai,Polur(Uzhavar Sandhai ),Safeda,4200.0,5000.0,4600.0,2026,7,16,197,3,29,4600.0,4600.0,4600.0,0.0,0.0,4600.0,4600.0,0.0,4604.957,4.95703125,0.10776154891304349
2026-07-17,Tamil Nadu,Thiruvannamalai,Polur(Uzhavar Sandhai ),Safeda,4200.0,5000.0,4600.0,2026,7,17,198,4,29,4600.0,4600.0,4600.0,0.0,0.0,4600.0,4600.0,0.0,4569.4395,-30.560546875,-0.6643597146739131
2026-07-18,Tamil Nadu,Thiruvannamalai,Polur(Uzhavar Sandhai ),Safeda,4200.0,5000.0,4600.0,2026,7,18,199,5,29,4600.0,4600.0,4600.0,0.0,0.0,4600.0,4600.0,0.0,4582.9033,-17.0966796875,-0.37166694972826086
2026-07-19,Tamil Nadu,Thiruvannamalai,Polur(Uzhavar Sandhai ),Safeda,4200.0,5000.0,4600.0,2026,7,19,200,6,29,4600.0,4600.0,4600.0,0.0,0.0,4600.0,4600.0,0.0,4661.266,61.26611328125,1.331872027853261
2026-07-20,Tamil Nadu,Thiruvannamalai,Polur(Uzhavar Sandhai ),Safeda,4200.0,5000.0,4600.0,2026,7,20,201,0,30,4600.0,4600.0,4600.0,0.0,0.0,4600.0,4600.0,0.0,4601.562,1.56201171875,0.033956776494565216
2026-07-21,Tamil Nadu,Thiruvannamalai,Polur(Uzhavar Sandhai ),Safeda,4000.0,5000.0,4500.0,2026,7,21,202,1,30,4600.0,4600.0,4600.0,-100.0,-100.0,4600.0,4600.0,0.0,4603.418,103.41796875,2.2981770833333335
2026-07-22,Tamil Nadu,Thiruvannamalai,Polur(Uzhavar Sandhai ),Safeda,4000.0,5000.0,4500.0,2026,7,22,203,2,30,4500.0,4600.0,4600.0,0.0,-100.0,4566.666666666667,4585.714285714285,37.79644730092264,4591.9097,91.90966796875,2.0424370659722224
2026-07-23,Tamil Nadu,Thiruvannamalai,Polur(Uzhavar Sandhai ),Safeda,4200.0,5000.0,4600.0,2026,7,23,204,3,30,4500.0,4600.0,4600.0,100.0,0.0,4533.333333333333,4571.428571428572,48.795003647426554,4622.567,22.56689453125,0.49058466372282605
2026-07-24,Tamil Nadu,Thiruvannamalai,Polur(Uzhavar Sandhai ),Safeda,4200.0,5000.0,4600.0,2026,7,24,205,4,30,4600.0,4500.0,4600.0,0.0,100.0,4533.333333333333,4571.428571428572,48.795003647426554,4612.143,12.14306640625,0.2639797044836956
2026-07-25,Tamil Nadu,Thiruvannamalai,Polur(Uzhavar Sandhai ),Safeda,4200.0,5000.0,4600.0,2026,7,25,206,5,30,4600.0,4500.0,4600.0,0.0,100.0,4566.666666666667,4571.428571428572,48.795003647426554,4591.685,-8.31494140625,-0.1807595957880435
2026-07-26,Tamil Nadu,Thiruvannamalai,Polur(Uzhavar Sandhai ),Safeda,4200.0,5000.0,4600.0,2026,7,26,207,6,30,4600.0,4600.0,4600.0,0.0,0.0,4600.0,4571.428571428572,48.795003647426554,4674.849,74.84912109375,1.6271548063858696
2026-07-27,Tamil Nadu,Thiruvannamalai,Polur(Uzhavar Sandhai ),Safeda,4200.0,5000.0,4600.0,2026,7,27,208,0,31,4600.0,4600.0,4600.0,0.0,0.0,4600.0,4571.428571428572,48.795003647426554,4608.814,8.81396484375,0.19160793138586957
2026-07-28,Tamil Nadu,Thiruvannamalai,Polur(Uzhavar Sandhai ),Safeda,4200.0,5000.0,4600.0,2026,7,28,209,1,31,4600.0,4600.0,4500.0,0.0,0.0,4600.0,4571.428571428572,48.795003647426554,4610.777,10.77685546875,0.23427946671195654
2026-07-29,Tamil Nadu,Thiruvannamalai,Polur(Uzhavar Sandhai ),Safeda,4000.0,5000.0,4500.0,2026,7,29,210,2,31,4600.0,4600.0,4500.0,-100.0,-100.0,4600.0,4585.714285714285,37.79644730092243,4593.9517,93.95166015625,2.0878146701388887
2026-07-12,Tamil Nadu,Thiruvannamalai,Tamarainagar(Uzhavar Sandhai ),Safeda,5000.0,6000.0,5500.0,2026,7,12,193,6,28,5500.0,5500.0,5500.0,0.0,0.0,5500.0,5357.142857142857,377.9644730092272,5482.721,-17.27880859375,-0.31416015625
2026-07-13,Tamil Nadu,Thiruvannamalai,Tamarainagar(Uzhavar Sandhai ),Safeda,5000.0,6000.0,5500.0,2026,7,13,194,0,29,5500.0,5500.0,5500.0,0.0,0.0,5500.0,5357.142857142857,377.9644730092272,5414.14,-85.85986328125,-1.5610884232954545
2026-07-14,Tamil Nadu,Thiruvannamalai,Tamarainagar(Uzhavar Sandhai ),Safeda,6000.0,7000.0,6500.0,2026,7,14,195,1,29,5500.0,5500.0,5500.0,1000.0,1000.0,5500.0,5357.142857142857,377.9644730092272,5861.8433,-638.15673828125,-9.817795973557693
2026-07-15,Tamil Nadu,Thiruvannamalai,Tamarainagar(Uzhavar Sandhai ),Safeda,6000.0,7000.0,6500.0,2026,7,15,196,2,29,6500.0,5500.0,4500.0,0.0,1000.0,5833.333333333333,5500.0,577.3502691896258,6072.827,-427.1728515625,-6.571890024038461
2026-07-16,Tamil Nadu,Thiruvannamalai,Tamarainagar(Uzhavar Sandhai ),Safeda,5000.0,6000.0,5500.0,2026,7,16,197,3,29,6500.0,5500.0,5500.0,-1000.0,0.0,6166.666666666667,5785.714285714285,487.9500364742665,5616.3403,116.34033203125,2.1152787642045454
2026-07-17,Tamil Nadu,Thiruvannamalai,Tamarainagar(Uzhavar Sandhai ),Safeda,5000.0,6000.0,5500.0,2026,7,17,198,4,29,5500.0,6500.0,5500.0,0.0,-1000.0,6166.666666666667,5785.714285714285,487.9500364742665,5601.121,101.12109375,1.838565340909091
2026-07-18,Tamil Nadu,Thiruvannamalai,Tamarainagar(Uzhavar Sandhai ),Safeda,5000.0,6000.0,5500.0,2026,7,18,199,5,29,5500.0,6500.0,5500.0,0.0,-1000.0,5833.333333333333,5785.714285714285,487.9500364742665,5577.7437,77.74365234375,1.4135209517045455
2026-07-19,Tamil Nadu,Thiruvannamalai,Tamarainagar(Uzhavar Sandhai ),Safeda,5000.0,6000.0,5500.0,2026,7,19,200,6,29,5500.0,5500.0,5500.0,0.0,0.0,5500.0,5785.714285714285,487.9500364742665,5561.748,61.748046875,1.1226917613636362
2026-07-20,Tamil Nadu,Thiruvannamalai,Tamarainagar(Uzhavar Sandhai ),Safeda,5000.0,6000.0,5500.0,2026,7,20,201,0,30,5500.0,5500.0,5500.0,0.0,0.0,5500.0,5785.714285714285,487.9500364742665,5502.4595,2.45947265625,0.044717684659090914
2026-07-21,Tamil Nadu,Thiruvannamalai,Tamarainagar(Uzhavar Sandhai ),Safeda,6000.0,7000.0,6500.0,2026,7,21,202,1,30,5500.0,5500.0,6500.0,1000.0,1000.0,5500.0,5785.714285714285,487.9500364742665,6143.2856,-356.71435546875,-5.487913161057692
2026-07-22,Tamil Nadu,Thiruvannamalai,Tamarainagar(Uzhavar Sandhai ),Safeda,6000.0,7000.0,6500.0,2026,7,22,203,2,30,6500.0,5500.0,6500.0,0.0,1000.0,5833.333333333333,5785.714285714285,487.9500364742665,6352.845,-147.15478515625,-2.2639197716346153
2026-07-23,Tamil Nadu,Thiruvannamalai,Tamarainagar(Uzhavar Sandhai ),Safeda,5000.0,6000.0,5500.0,2026,7,23,204,3,30,6500.0,5500.0,5500.0,-1000.0,0.0,6166.666666666667,5785.714285714285,487.9500364742665,5654.2603,154.26025390625,2.8047318892045454
2026-07-24,Tamil Nadu,Thiruvannamalai,Tamarainagar(Uzhavar Sandhai ),Safeda,5000.0,6000.0,5500.0,2026,7,24,205,4,30,5500.0,6500.0,5500.0,0.0,-1000.0,6166.666666666667,5785.714285714285,487.9500364742665,5633.189,133.18896484375,2.4216175426136366
2026-07-25,Tamil Nadu,Thiruvannamalai,Tamarainagar(Uzhavar Sandhai ),Safeda,5000.0,6000.0,5500.0,2026,7,25,206,5,30,5500.0,6500.0,5500.0,0.0,-1000.0,5833.333333333333,5785.714285714285,487.9500364742665,5605.6626,105.66259765625,1.9211381392045455
2026-07-26,Tamil Nadu,Thiruvannamalai,Tamarainagar(Uzhavar Sandhai ),Safeda,5000.0,6000.0,5500.0,2026,7,26,207,6,30,5500.0,5500.0,5500.0,0.0,0.0,5500.0,5785.714285714285,487.9500364742665,5577.289,77.2890625,1.4052556818181818
2026-07-27,Tamil Nadu,Thiruvannamalai,Tamarainagar(Uzhavar Sandhai ),Safeda,5000.0,6000.0,5500.0,2026,7,27,208,0,31,5500.0,5500.0,5500.0,0.0,0.0,5500.0,5785.714285714285,487.9500364742665,5508.598,8.59814453125,0.15632990056818183
2026-07-28,Tamil Nadu,Thiruvannamalai,Tamarainagar(Uzhavar Sandhai ),Safeda,6000.0,7000.0,6500.0,2026,7,28,209,1,31,5500.0,5500.0,6500.0,1000.0,1000.0,5500.0,5785.714285714285,487.9500364742665,6249.6753,-250.32470703125,-3.851149338942308
2026-07-29,Tamil Nadu,Thiruvannamalai,Tamarainagar(Uzhavar Sandhai ),Safeda,6000.0,7000.0,6500.0,2026,7,29,210,2,31,6500.0,5500.0,6500.0,0.0,1000.0,5833.333333333333,5785.714285714285,487.9500364742665,6417.31,-82.68994140625,-1.2721529447115385
2026-07-13,Tamil Nadu,Thiruvannamalai,Tiruvannamalai(Uzhavar Sandhai ),Safeda,5000.0,6000.0,5500.0,2026,7,13,194,0,29,5500.0,5500.0,5500.0,0.0,0.0,5500.0,5500.0,0.0,5425.6104,-74.3896484375,-1.3525390625
2026-07-14,Tamil Nadu,Thiruvannamalai,Tiruvannamalai(Uzhavar Sandhai ),Safeda,5000.0,6000.0,5500.0,2026,7,14,195,1,29,5500.0,5500.0,5500.0,0.0,0.0,5500.0,5500.0,0.0,5466.3784,-33.62158203125,-0.6113014914772728
2026-07-15,Tamil Nadu,Thiruvannamalai,Tiruvannamalai(Uzhavar Sandhai ),Safeda,5000.0,6000.0,5500.0,2026,7,15,196,2,29,5500.0,5500.0,5500.0,0.0,0.0,5500.0,5500.0,0.0,5454.839,-45.1611328125,-0.8211115056818182
2026-07-16,Tamil Nadu,Thiruvannamalai,Tiruvannamalai(Uzhavar Sandhai ),Safeda,5000.0,6000.0,5500.0,2026,7,16,197,3,29,5500.0,5500.0,5500.0,0.0,0.0,5500.0,5500.0,0.0,5496.46,-3.5400390625,-0.06436434659090909
2026-07-18,Tamil Nadu,Thiruvannamalai,Tiruvannamalai(Uzhavar Sandhai ),Safeda,5000.0,6000.0,5500.0,2026,7,18,199,5,29,5500.0,5500.0,5500.0,0.0,0.0,5500.0,5500.0,0.0,5470.6167,-29.38330078125,-0.5342418323863636
2026-07-19,Tamil Nadu,Thiruvannamalai,Tiruvannamalai(Uzhavar Sandhai ),Safeda,5000.0,6000.0,5500.0,2026,7,19,200,6,29,5500.0,5500.0,5500.0,0.0,0.0,5500.0,5500.0,0.0,5544.199,44.19921875,0.8036221590909091
2026-07-20,Tamil Nadu,Thiruvannamalai,Tiruvannamalai(Uzhavar Sandhai ),Safeda,5000.0,6000.0,5500.0,2026,7,20,201,0,30,5500.0,5500.0,5500.0,0.0,0.0,5500.0,5500.0,0.0,5484.9106,-15.08935546875,-0.27435191761363636
2026-07-21,Tamil Nadu,Thiruvannamalai,Tiruvannamalai(Uzhavar Sandhai ),Safeda,5000.0,6000.0,5500.0,2026,7,21,202,1,30,5500.0,5500.0,5500.0,0.0,0.0,5500.0,5500.0,0.0,5518.514,18.51416015625,0.33662109375
2026-07-22,Tamil Nadu,Thiruvannamalai,Tiruvannamalai(Uzhavar Sandhai ),Safeda,5000.0,6000.0,5500.0,2026,7,22,203,2,30,5500.0,5500.0,5500.0,0.0,0.0,5500.0,5500.0,0.0,5534.5425,34.54248046875,0.6280450994318182
2026-07-23,Tamil Nadu,Thiruvannamalai,Tiruvannamalai(Uzhavar Sandhai ),Safeda,5000.0,6000.0,5500.0,2026,7,23,204,3,30,5500.0,5500.0,5500.0,0.0,0.0,5500.0,5500.0,0.0,5536.6157,36.61572265625,0.6657404119318182
2026-07-24,Tamil Nadu,Thiruvannamalai,Tiruvannamalai(Uzhavar Sandhai ),Safeda,5000.0,6000.0,5500.0,2026,7,24,205,4,30,5500.0,5500.0,5500.0,0.0,0.0,5500.0,5500.0,0.0,5505.8936,5.8935546875,0.10715553977272727
2026-07-25,Tamil Nadu,Thiruvannamalai,Tiruvannamalai(Uzhavar Sandhai ),Safeda,5000.0,6000.0,5500.0,2026,7,25,206,5,30,5500.0,5500.0,5500.0,0.0,0.0,5500.0,5500.0,0.0,5488.798,-11.2021484375,-0.20367542613636364
2026-07-26,Tamil Nadu,Thiruvannamalai,Tiruvannamalai(Uzhavar Sandhai ),Safeda,5000.0,6000.0,5500.0,2026,7,26,207,6,30,5500.0,5500.0,5500.0,0.0,0.0,5500.0,5500.0,0.0,5559.74,59.740234375,1.0861860795454545
2026-07-27,Tamil Nadu,Thiruvannamalai,Tiruvannamalai(Uzhavar Sandhai ),Safeda,5000.0,6000.0,5500.0,2026,7,27,208,0,31,5500.0,5500.0,5500.0,0.0,0.0,5500.0,5500.0,0.0,5491.0493,-8.95068359375,-0.16273970170454544
2026-07-28,Tamil Nadu,Thiruvannamalai,Tiruvannamalai(Uzhavar Sandhai ),Safeda,5000.0,6000.0,5500.0,2026,7,28,209,1,31,5500.0,5500.0,5500.0,0.0,0.0,5500.0,5500.0,0.0,5550.406,50.40576171875,0.9164683948863637
2026-07-29,Tamil Nadu,Thiruvannamalai,Tiruvannamalai(Uzhavar Sandhai ),Safeda,5000.0,6000.0,5500.0,2026,7,29,210,2,31,5500.0,5500.0,5500.0,0.0,0.0,5500.0,5500.0,0.0,5549.607,49.60693359375,0.9019442471590909
2026-07-13,Tamil Nadu,Thiruvarur,Mannargudi I(Uzhavar Sandhai ),Safeda,4000.0,4000.0,4000.0,2026,7,13,194,0,29,4500.0,4500.0,4000.0,-500.0,-500.0,4500.0,4428.571428571428,188.98223650461367,4089.6067,89.606689453125,2.240167236328125
2026-07-14,Tamil Nadu,Thiruvarur,Mannargudi I(Uzhavar Sandhai ),Safeda,4000.0,4000.0,4000.0,2026,7,14,195,1,29,4000.0,4500.0,4500.0,0.0,-500.0,4333.333333333333,4428.571428571428,188.9822365046136,3896.3845,-103.615478515625,-2.590386962890625
2026-07-15,Tamil Nadu,Thiruvarur,Mannargudi I(Uzhavar Sandhai ),Safeda,4000.0,5000.0,4500.0,2026,7,15,196,2,29,4000.0,4500.0,4500.0,500.0,0.0,4166.666666666667,4357.142857142857,243.97501823713313,4256.091,-243.9091796875,-5.420203993055556
2026-07-16,Tamil Nadu,Thiruvarur,Mannargudi I(Uzhavar Sandhai ),Safeda,4000.0,4000.0,4000.0,2026,7,16,197,3,29,4500.0,4000.0,4500.0,-500.0,0.0,4166.666666666667,4357.142857142857,243.97501823713313,3965.0251,-34.974853515625,-0.874371337890625
2026-07-17,Tamil Nadu,Thiruvarur,Mannargudi I(Uzhavar Sandhai ),Safeda,4000.0,5000.0,4500.0,2026,7,17,198,4,29,4000.0,4000.0,4500.0,500.0,500.0,4166.666666666667,4285.714285714285,267.26124191242417,4234.985,-265.01513671875,-5.889225260416667
2026-07-18,Tamil Nadu,Thiruvarur,Mannargudi I(Uzhavar Sandhai ),Safeda,4000.0,6000.0,5000.0,2026,7,18,199,5,29,4500.0,4500.0,4500.0,500.0,500.0,4333.333333333333,4285.714285714285,267.26124191242417,4735.988,-264.01220703125,-5.280244140624999
2026-07-19,Tamil Nadu,Thiruvarur,Mannargudi I(Uzhavar Sandhai ),Safeda,4000.0,5000.0,4500.0,2026,7,19,200,6,29,5000.0,4000.0,4500.0,-500.0,500.0,4500.0,4357.142857142857,377.9644730092271,4499.3877,-0.6123046875,-0.013606770833333334
2026-07-20,Tamil Nadu,Thiruvarur,Mannargudi I(Uzhavar Sandhai ),Safeda,4000.0,4000.0,4000.0,2026,7,20,201,0,30,4500.0,4500.0,4000.0,-500.0,-500.0,4666.666666666667,4357.142857142857,377.9644730092271,4101.535,101.53515625,2.5383789062499997
2026-07-21,Tamil Nadu,Thiruvarur,Mannargudi I(Uzhavar Sandhai ),Safeda,4000.0,5000.0,4500.0,2026,7,21,202,1,30,4000.0,5000.0,4000.0,500.0,-500.0,4500.0,4357.142857142857,377.9644730092271,4297.8413,-202.15869140625,-4.492415364583334
2026-07-22,Tamil Nadu,Thiruvarur,Mannargudi I(Uzhavar Sandhai ),Safeda,4000.0,5000.0,4500.0,2026,7,22,203,2,30,4500.0,4500.0,4500.0,0.0,0.0,4333.333333333333,4428.571428571428,345.0327796711771,4466.916,-33.083984375,-0.7351996527777778
2026-07-23,Tamil Nadu,Thiruvarur,Mannargudi I(Uzhavar Sandhai ),Safeda,4000.0,6000.0,5000.0,2026,7,23,204,3,30,4500.0,4000.0,4000.0,500.0,1000.0,4333.333333333333,4428.571428571428,345.0327796711771,4533.6284,-466.37158203125,-9.327431640625
2026-07-24,Tamil Nadu,Thiruvarur,Mannargudi I(Uzhavar Sandhai ),Safeda,5000.0,5000.0,5000.0,2026,7,24,205,4,30,5000.0,4500.0,4500.0,0.0,500.0,4666.666666666667,4571.428571428572,345.0327796711771,4957.7974,-42.20263671875,-0.8440527343750001
2026-07-25,Tamil Nadu,Thiruvarur,Mannargudi I(Uzhavar Sandhai ),Safeda,5000.0,5000.0,5000.0,2026,7,25,206,5,30,5000.0,4500.0,5000.0,0.0,500.0,4833.333333333333,4642.857142857143,377.9644730092271,5049.1357,49.1357421875,0.9827148437500001
2026-07-26,Tamil Nadu,Thiruvarur,Mannargudi I(Uzhavar Sandhai ),Safeda,5000.0,5000.0,5000.0,2026,7,26,207,6,30,5000.0,5000.0,4500.0,0.0,0.0,5000.0,4642.857142857143,377.9644730092271,5128.0537,128.0537109375,2.56107421875
2026-07-27,Tamil Nadu,Thiruvarur,Mannargudi I(Uzhavar Sandhai ),Safeda,5000.0,5000.0,5000.0,2026,7,27,208,0,31,5000.0,5000.0,4000.0,0.0,0.0,5000.0,4714.285714285715,393.3978962347214,5073.2314,73.2314453125,1.46462890625
2026-07-28,Tamil Nadu,Thiruvarur,Mannargudi I(Uzhavar Sandhai ),Safeda,5000.0,6000.0,5500.0,2026,7,28,209,1,31,5000.0,5000.0,4500.0,500.0,500.0,5000.0,4857.142857142857,243.97501823713264,5361.1797,-138.8203125,-2.5240056818181817
2026-07-29,Tamil Nadu,Thiruvarur,Mannargudi I(Uzhavar Sandhai ),Safeda,5000.0,6000.0,5500.0,2026,7,29,210,2,31,5500.0,5000.0,4500.0,0.0,500.0,5166.666666666667,5000.0,288.67513459481177,5390.437,-109.56298828125,-1.9920543323863635
2026-07-13,Tamil Nadu,Thiruvarur,Mannargudi II(Uzhavar Sandhai ),Safeda,4000.0,5000.0,4500.0,2026,7,13,194,0,29,4500.0,4500.0,4000.0,0.0,0.0,4500.0,4357.142857142857,243.97501823713327,4520.413,20.4130859375,0.45362413194444445
2026-07-14,Tamil Nadu,Thiruvarur,Mannargudi II(Uzhavar Sandhai ),Safeda,4000.0,5000.0,4500.0,2026,7,14,195,1,29,4500.0,4500.0,4000.0,0.0,0.0,4500.0,4428.571428571428,188.98223650461372,4514.037,14.037109375,0.3119357638888889
2026-07-15,Tamil Nadu,Thiruvarur,Mannargudi II(Uzhavar Sandhai ),Safeda,4000.0,5000.0,4500.0,2026,7,15,196,2,29,4500.0,4500.0,4500.0,0.0,0.0,4500.0,4500.0,0.0,4526.4575,26.45751953125,0.5879448784722222
2026-07-16,Tamil Nadu,Thiruvarur,Mannargudi II(Uzhavar Sandhai ),Safeda,4000.0,5000.0,4500.0,2026,7,16,197,3,29,4500.0,4500.0,4500.0,0.0,0.0,4500.0,4500.0,0.0,4526.7515,26.75146484375,0.5944769965277777
2026-07-17,Tamil Nadu,Thiruvarur,Mannargudi II(Uzhavar Sandhai ),Safeda,4000.0,5000.0,4500.0,2026,7,17,198,4,29,4500.0,4500.0,4500.0,0.0,0.0,4500.0,4500.0,0.0,4491.234,-8.76611328125,-0.19480251736111112
2026-07-18,Tamil Nadu,Thiruvarur,Mannargudi II(Uzhavar Sandhai ),Safeda,4000.0,6000.0,5000.0,2026,7,18,199,5,29,4500.0,4500.0,4500.0,500.0,500.0,4500.0,4500.0,0.0,4818.1943,-181.8056640625,-3.63611328125
2026-07-19,Tamil Nadu,Thiruvarur,Mannargudi II(Uzhavar Sandhai ),Safeda,4000.0,5000.0,4500.0,2026,7,19,200,6,29,5000.0,4500.0,4500.0,-500.0,0.0,4666.666666666667,4571.428571428572,188.9822365046136,4635.9766,135.9765625,3.021701388888889
2026-07-20,Tamil Nadu,Thiruvarur,Mannargudi II(Uzhavar Sandhai ),Safeda,4000.0,4000.0,4000.0,2026,7,20,201,0,30,4500.0,4500.0,4500.0,-500.0,-500.0,4666.666666666667,4571.428571428572,188.9822365046136,4116.8164,116.81640625,2.92041015625
2026-07-21,Tamil Nadu,Thiruvarur,Mannargudi II(Uzhavar Sandhai ),Safeda,4000.0,4000.0,4000.0,2026,7,21,202,1,30,4000.0,5000.0,4500.0,0.0,-1000.0,4500.0,4500.0,288.6751345948131,4019.8123,19.812255859375,0.49530639648437497
2026-07-22,Tamil Nadu,Thiruvarur,Mannargudi II(Uzhavar Sandhai ),Safeda,4000.0,5000.0,4500.0,2026,7,22,203,2,30,4000.0,4500.0,4500.0,500.0,0.0,4166.666666666667,4428.571428571428,345.0327796711775,4232.6963,-267.3037109375,-5.940082465277778
2026-07-23,Tamil Nadu,Thiruvarur,Mannargudi II(Uzhavar Sandhai ),Safeda,4000.0,6000.0,5000.0,2026,7,23,204,3,30,4500.0,4000.0,4500.0,500.0,1000.0,4166.666666666667,4428.571428571428,345.0327796711775,4554.9673,-445.03271484375,-8.900654296875
2026-07-24,Tamil Nadu,Thiruvarur,Mannargudi II(Uzhavar Sandhai ),Safeda,4000.0,4000.0,4000.0,2026,7,24,205,4,30,5000.0,4000.0,4500.0,-1000.0,0.0,4500.0,4500.0,408.2482904638631,4042.649,42.64892578125,1.06622314453125
2026-07-25,Tamil Nadu,Thiruvarur,Mannargudi II(Uzhavar Sandhai ),Safeda,4000.0,4000.0,4000.0,2026,7,25,206,5,30,4000.0,4500.0,5000.0,0.0,-500.0,4500.0,4428.571428571428,449.8677054212189,4018.645,18.64501953125,0.46612548828125
2026-07-26,Tamil Nadu,Thiruvarur,Mannargudi II(Uzhavar Sandhai ),Safeda,5000.0,5000.0,5000.0,2026,7,26,207,6,30,4000.0,5000.0,4500.0,1000.0,0.0,4333.333333333333,4285.714285714285,393.3978962347221,4739.193,-260.80712890625,-5.216142578125
2026-07-27,Tamil Nadu,Thiruvarur,Mannargudi II(Uzhavar Sandhai ),Safeda,5000.0,6000.0,5500.0,2026,7,27,208,0,31,5000.0,4000.0,4000.0,500.0,1500.0,4333.333333333333,4357.142857142857,475.5948656056712,4863.3726,-636.62744140625,-11.575044389204546
2026-07-28,Tamil Nadu,Thiruvarur,Mannargudi II(Uzhavar Sandhai ),Safeda,5000.0,5000.0,5000.0,2026,7,28,209,1,31,5500.0,4000.0,4000.0,-500.0,1000.0,4833.333333333333,4571.428571428572,607.4928962939557,4818.453,-181.546875,-3.6309375
2026-07-29,Tamil Nadu,Thiruvarur,Mannargudi II(Uzhavar Sandhai ),Safeda,5000.0,6000.0,5500.0,2026,7,29,210,2,31,5000.0,5000.0,4500.0,500.0,500.0,5166.666666666667,4714.285714285715,566.9467095138403,5397.697,-102.30322265625,-1.86005859375
2026-07-13,Tamil Nadu,Thiruvarur,Tiruthuraipoondi(Uzhavar Sandhai ),Safeda,3000.0,3000.0,3000.0,2026,7,13,194,0,29,3000.0,3000.0,3000.0,0.0,0.0,3000.0,3000.0,0.0,2940.3022,-59.69775390625,-1.9899251302083334
2026-07-14,Tamil Nadu,Thiruvarur,Tiruthuraipoondi(Uzhavar Sandhai ),Safeda,3000.0,3000.0,3000.0,2026,7,14,195,1,29,3000.0,3000.0,3000.0,0.0,0.0,3000.0,3000.0,0.0,2979.1218,-20.878173828125,-0.6959391276041667
2026-07-15,Tamil Nadu,Thiruvarur,Tiruthuraipoondi(Uzhavar Sandhai ),Safeda,3000.0,3000.0,3000.0,2026,7,15,196,2,29,3000.0,3000.0,3000.0,0.0,0.0,3000.0,3000.0,0.0,2969.5098,-30.490234375,-1.0163411458333333
2026-07-16,Tamil Nadu,Thiruvarur,Tiruthuraipoondi(Uzhavar Sandhai ),Safeda,3000.0,3000.0,3000.0,2026,7,16,197,3,29,3000.0,3000.0,3000.0,0.0,0.0,3000.0,3000.0,0.0,2969.805,-30.195068359375,-1.0065022786458333
2026-07-17,Tamil Nadu,Thiruvarur,Tiruthuraipoondi(Uzhavar Sandhai ),Safeda,3000.0,3000.0,3000.0,2026,7,17,198,4,29,3000.0,3000.0,3000.0,0.0,0.0,3000.0,3000.0,0.0,2934.2874,-65.712646484375,-2.190421549479167
2026-07-18,Tamil Nadu,Thiruvarur,Tiruthuraipoondi(Uzhavar Sandhai ),Safeda,3000.0,3000.0,3000.0,2026,7,18,199,5,29,3000.0,3000.0,3000.0,0.0,0.0,3000.0,3000.0,0.0,2966.8574,-33.142578125,-1.1047526041666667
2026-07-19,Tamil Nadu,Thiruvarur,Tiruthuraipoondi(Uzhavar Sandhai ),Safeda,3000.0,3000.0,3000.0,2026,7,19,200,6,29,3000.0,3000.0,3000.0,0.0,0.0,3000.0,3000.0,0.0,2989.541,-10.458984375,-0.3486328125
2026-07-20,Tamil Nadu,Thiruvarur,Tiruthuraipoondi(Uzhavar Sandhai ),Safeda,3000.0,3000.0,3000.0,2026,7,20,201,0,30,3000.0,3000.0,3000.0,0.0,0.0,3000.0,3000.0,0.0,2952.9963,-47.003662109375,-1.5667887369791669
2026-07-21,Tamil Nadu,Thiruvarur,Tiruthuraipoondi(Uzhavar Sandhai ),Safeda,3000.0,3000.0,3000.0,2026,7,21,202,1,30,3000.0,3000.0,3000.0,0.0,0.0,3000.0,3000.0,0.0,2991.816,-8.18408203125,-0.27280273437499997
2026-07-22,Tamil Nadu,Thiruvarur,Tiruthuraipoondi(Uzhavar Sandhai ),Safeda,3000.0,3000.0,3000.0,2026,7,22,203,2,30,3000.0,3000.0,3000.0,0.0,0.0,3000.0,3000.0,0.0,3009.7441,9.744140625,0.3248046875
2026-07-23,Tamil Nadu,Thiruvarur,Tiruthuraipoondi(Uzhavar Sandhai ),Safeda,3000.0,3000.0,3000.0,2026,7,23,204,3,30,3000.0,3000.0,3000.0,0.0,0.0,3000.0,3000.0,0.0,3011.8186,11.818603515625,0.3939534505208333
2026-07-24,Tamil Nadu,Thiruvarur,Tiruthuraipoondi(Uzhavar Sandhai ),Safeda,3000.0,3000.0,3000.0,2026,7,24,205,4,30,3000.0,3000.0,3000.0,0.0,0.0,3000.0,3000.0,0.0,2976.301,-23.698974609375,-0.7899658203125
2026-07-25,Tamil Nadu,Thiruvarur,Tiruthuraipoondi(Uzhavar Sandhai ),Safeda,4000.0,4000.0,4000.0,2026,7,25,206,5,30,3000.0,3000.0,3000.0,1000.0,1000.0,3000.0,3000.0,0.0,3565.717,-434.282958984375,-10.857073974609376
2026-07-26,Tamil Nadu,Thiruvarur,Tiruthuraipoondi(Uzhavar Sandhai ),Safeda,4000.0,4000.0,4000.0,2026,7,26,207,6,30,4000.0,3000.0,3000.0,0.0,1000.0,3333.3333333333335,3142.8571428571427,377.9644730092273,3761.8318,-238.168212890625,-5.954205322265625
2026-07-27,Tamil Nadu,Thiruvarur,Tiruthuraipoondi(Uzhavar Sandhai ),Safeda,4000.0,4000.0,4000.0,2026,7,27,208,0,31,4000.0,3000.0,3000.0,0.0,1000.0,3666.6666666666665,3285.714285714286,487.95003647426665,3803.0034,-196.99658203125,-4.92491455078125
2026-07-28,Tamil Nadu,Thiruvarur,Tiruthuraipoondi(Uzhavar Sandhai ),Safeda,4000.0,4000.0,4000.0,2026,7,28,209,1,31,4000.0,4000.0,3000.0,0.0,0.0,4000.0,3428.5714285714284,534.5224838248488,3832.1013,-167.898681640625,-4.197467041015625
2026-07-29,Tamil Nadu,Thiruvarur,Tiruthuraipoondi(Uzhavar Sandhai ),Safeda,4000.0,4000.0,4000.0,2026,7,29,210,2,31,4000.0,4000.0,3000.0,0.0,0.0,4000.0,3571.4285714285716,534.5224838248487,3975.184,-24.81591796875,-0.62039794921875
2026-07-14,Tamil Nadu,Tuticorin,Tuticorin(Uzhavar Sandhai ),Safeda,4500.0,5000.0,4750.0,2026,7,14,195,1,29,4750.0,4750.0,4500.0,0.0,0.0,4750.0,4678.571428571428,121.9875091185667,4823.7446,73.74462890625,1.5525185032894737
2026-07-15,Tamil Nadu,Tuticorin,Tuticorin(Uzhavar Sandhai ),Safeda,4500.0,5000.0,4750.0,2026,7,15,196,2,29,4750.0,4750.0,4500.0,0.0,0.0,4750.0,4714.285714285715,94.49111825230698,4801.298,51.2978515625,1.0799547697368421
2026-07-16,Tamil Nadu,Tuticorin,Tuticorin(Uzhavar Sandhai ),Safeda,4000.0,5000.0,4500.0,2026,7,16,197,3,29,4750.0,4750.0,4750.0,-250.0,-250.0,4750.0,4750.0,0.0,4600.2505,100.25048828125,2.227788628472222
2026-07-17,Tamil Nadu,Tuticorin,Tuticorin(Uzhavar Sandhai ),Safeda,4000.0,5000.0,4500.0,2026,7,17,198,4,29,4500.0,4750.0,4750.0,0.0,-250.0,4666.666666666667,4714.285714285715,94.49111825230688,4608.3457,108.345703125,2.4076822916666667
2026-07-18,Tamil Nadu,Tuticorin,Tuticorin(Uzhavar Sandhai ),Safeda,4500.0,5000.0,4750.0,2026,7,18,199,5,29,4500.0,4750.0,4750.0,250.0,0.0,4583.333333333333,4678.571428571428,121.98750911856692,4783.4478,33.44775390625,0.7041632401315789
2026-07-19,Tamil Nadu,Tuticorin,Tuticorin(Uzhavar Sandhai ),Safeda,4500.0,5000.0,4750.0,2026,7,19,200,6,29,4750.0,4500.0,4750.0,0.0,250.0,4583.333333333333,4678.571428571428,121.98750911856692,4900.633,150.6328125,3.1712171052631577
2026-07-20,Tamil Nadu,Tuticorin,Tuticorin(Uzhavar Sandhai ),Safeda,4000.0,5000.0,4500.0,2026,7,20,201,0,30,4750.0,4500.0,4750.0,-250.0,0.0,4666.666666666667,4678.571428571428,121.98750911856692,4645.067,145.06689453125,3.223708767361111
2026-07-21,Tamil Nadu,Tuticorin,Tuticorin(Uzhavar Sandhai ),Safeda,4500.0,5000.0,4750.0,2026,7,21,202,1,30,4500.0,4750.0,4750.0,250.0,0.0,4666.666666666667,4642.857142857143,133.63062095621277,4861.4395,111.439453125,2.34609375
2026-07-22,Tamil Nadu,Tuticorin,Tuticorin(Uzhavar Sandhai ),Safeda,4000.0,5000.0,4500.0,2026,7,22,203,2,30,4750.0,4750.0,4750.0,-250.0,-250.0,4666.666666666667,4642.857142857143,133.63062095621277,4611.7944,111.79443359375,2.4843207465277777
2026-07-23,Tamil Nadu,Tuticorin,Tuticorin(Uzhavar Sandhai ),Safeda,4500.0,5000.0,4750.0,2026,7,23,204,3,30,4500.0,4500.0,4500.0,250.0,250.0,4583.333333333333,4607.142857142857,133.63062095621322,4745.067,-4.93310546875,-0.10385485197368421
2026-07-24,Tamil Nadu,Tuticorin,Tuticorin(Uzhavar Sandhai ),Safeda,4000.0,5000.0,4500.0,2026,7,24,205,4,30,4750.0,4750.0,4500.0,-250.0,-250.0,4666.666666666667,4642.857142857143,133.63062095621277,4601.8257,101.82568359375,2.26279296875
2026-07-25,Tamil Nadu,Tuticorin,Tuticorin(Uzhavar Sandhai ),Safeda,4500.0,5000.0,4750.0,2026,7,25,206,5,30,4500.0,4500.0,4750.0,250.0,250.0,4583.333333333333,4642.857142857143,133.63062095621277,4850.092,100.091796875,2.1071957236842103
2026-07-26,Tamil Nadu,Tuticorin,Tuticorin(Uzhavar Sandhai ),Safeda,4000.0,5000.0,4500.0,2026,7,26,207,6,30,4750.0,4750.0,4750.0,-250.0,-250.0,4666.666666666667,4642.857142857143,133.63062095621277,4639.1187,139.11865234375,3.091525607638889
2026-07-27,Tamil Nadu,Tuticorin,Tuticorin(Uzhavar Sandhai ),Safeda,4500.0,5000.0,4750.0,2026,7,27,208,0,31,4500.0,4500.0,4500.0,250.0,250.0,4583.333333333333,4607.142857142857,133.63062095621322,4734.6104,-15.3896484375,-0.32399259868421054
2026-07-28,Tamil Nadu,Tuticorin,Tuticorin(Uzhavar Sandhai ),Safeda,4500.0,5000.0,4750.0,2026,7,28,209,1,31,4750.0,4750.0,4750.0,0.0,0.0,4666.666666666667,4642.857142857143,133.63062095621277,4886.4727,136.47265625,2.873108552631579
2026-07-15,Tamil Nadu,Vellore,Gudiyatham(Uzhavar Sandhai ),Neelam,3000.0,4000.0,3500.0,2026,7,15,196,2,29,2000.0,4000.0,4000.0,1500.0,-500.0,3333.3333333333335,3714.285714285714,755.9289460184544,3470.4236,-29.576416015625,-0.8450404575892858
2026-07-16,Tamil Nadu,Vellore,Gudiyatham(Uzhavar Sandhai ),Neelam,3500.0,4000.0,3750.0,2026,7,16,197,3,29,3500.0,4000.0,4000.0,250.0,-250.0,3166.6666666666665,3642.857142857142,748.0132415430957,3716.4778,-33.522216796875,-0.89392578125
2026-07-17,Tamil Nadu,Vellore,Gudiyatham(Uzhavar Sandhai ),Neelam,3000.0,3000.0,3000.0,2026,7,17,198,4,29,3750.0,2000.0,4000.0,-750.0,1000.0,3083.3333333333335,3607.142857142858,733.9553638951596,3046.6929,46.69287109375,1.5564290364583333
2026-07-18,Tamil Nadu,Vellore,Gudiyatham(Uzhavar Sandhai ),Neelam,3500.0,3500.0,3500.0,2026,7,18,199,5,29,3000.0,3500.0,4000.0,500.0,0.0,3416.6666666666665,3464.285714285714,742.0210496308296,3531.8394,31.83935546875,0.9096958705357143
2026-07-19,Tamil Nadu,Vellore,Gudiyatham(Uzhavar Sandhai ),Neelam,4000.0,4000.0,4000.0,2026,7,19,200,6,29,3500.0,3750.0,4000.0,500.0,250.0,3416.6666666666665,3392.8571428571427,704.9991556901394,3679.182,-320.818115234375,-8.020452880859374
2026-07-20,Tamil Nadu,Vellore,Gudiyatham(Uzhavar Sandhai ),Neelam,4000.0,4000.0,4000.0,2026,7,20,201,0,30,4000.0,3000.0,4000.0,0.0,1000.0,3500.0,3392.8571428571427,704.9991556901394,3869.064,-130.93603515625,-3.2734008789062496
2026-07-21,Tamil Nadu,Vellore,Gudiyatham(Uzhavar Sandhai ),Neelam,3500.0,4000.0,3750.0,2026,7,21,202,1,30,4000.0,3500.0,2000.0,-250.0,250.0,3833.3333333333335,3392.8571428571427,704.9991556901394,3759.3435,9.343505859375,0.24916015625000001
2026-07-22,Tamil Nadu,Vellore,Gudiyatham(Uzhavar Sandhai ),Neelam,4000.0,4000.0,4000.0,2026,7,22,203,2,30,3750.0,4000.0,3500.0,250.0,0.0,3916.6666666666665,3642.857142857142,349.3190655028861,3904.1843,-95.815673828125,-2.395391845703125
2026-07-23,Tamil Nadu,Vellore,Gudiyatham(Uzhavar Sandhai ),Neelam,4000.0,4000.0,4000.0,2026,7,23,204,3,30,4000.0,4000.0,3750.0,0.0,0.0,3916.6666666666665,3714.285714285714,365.9625273557001,3943.693,-56.306884765625,-1.407672119140625
2026-07-24,Tamil Nadu,Vellore,Gudiyatham(Uzhavar Sandhai ),Neelam,3000.0,4000.0,3500.0,2026,7,24,205,4,30,4000.0,3750.0,3000.0,-500.0,-250.0,3916.6666666666665,3750.0,381.8813079129868,3658.607,158.60693359375,4.531626674107143
2026-07-25,Tamil Nadu,Vellore,Gudiyatham(Uzhavar Sandhai ),Neelam,3000.0,4000.0,3500.0,2026,7,25,206,5,30,3500.0,4000.0,3500.0,0.0,-500.0,3833.3333333333335,3821.428571428571,237.79743280283583,3613.3508,113.350830078125,3.2385951450892856
2026-07-26,Tamil Nadu,Vellore,Gudiyatham(Uzhavar Sandhai ),Neelam,3000.0,4000.0,3500.0,2026,7,26,207,6,30,3500.0,4000.0,4000.0,0.0,-500.0,3666.6666666666665,3821.428571428571,237.79743280283583,3676.133,176.133056640625,5.0323730468750005
2026-07-27,Tamil Nadu,Vellore,Gudiyatham(Uzhavar Sandhai ),Neelam,3500.0,4000.0,3750.0,2026,7,27,208,0,31,3500.0,3500.0,4000.0,250.0,250.0,3500.0,3750.0,250.00000000000023,3738.568,-11.431884765625,-0.3048502604166667
2026-07-28,Tamil Nadu,Vellore,Gudiyatham(Uzhavar Sandhai ),Neelam,3500.0,4000.0,3750.0,2026,7,28,209,1,31,3750.0,3500.0,3750.0,0.0,250.0,3583.3333333333335,3714.285714285714,224.93385271060953,3812.9775,62.9775390625,1.6794010416666667
2026-07-29,Tamil Nadu,Vellore,Gudiyatham(Uzhavar Sandhai ),Neelam,4000.0,4000.0,4000.0,2026,7,29,210,2,31,3750.0,3500.0,4000.0,250.0,500.0,3666.6666666666665,3714.285714285714,224.93385271060953,3915.9062,-84.09375,-2.1023437499999997
2026-07-15,Tamil Nadu,Vellore,Kahithapattarai(Uzhavar Sandhai ),Safeda,5000.0,6000.0,5500.0,2026,7,15,196,2,29,5500.0,5500.0,5500.0,0.0,0.0,5500.0,5500.0,0.0,5454.839,-45.1611328125,-0.8211115056818182
2026-07-17,Tamil Nadu,Vellore,Kahithapattarai(Uzhavar Sandhai ),Safeda,5000.0,6000.0,5500.0,2026,7,17,198,4,29,5500.0,5500.0,5500.0,0.0,0.0,5500.0,5500.0,0.0,5457.153,-42.84716796875,-0.7790394176136364
2026-07-18,Tamil Nadu,Vellore,Kahithapattarai(Uzhavar Sandhai ),Safeda,5000.0,6000.0,5500.0,2026,7,18,199,5,29,5500.0,5500.0,5500.0,0.0,0.0,5500.0,5500.0,0.0,5470.6167,-29.38330078125,-0.5342418323863636
2026-07-19,Tamil Nadu,Vellore,Kahithapattarai(Uzhavar Sandhai ),Safeda,5000.0,6000.0,5500.0,2026,7,19,200,6,29,5500.0,5500.0,5500.0,0.0,0.0,5500.0,5500.0,0.0,5544.199,44.19921875,0.8036221590909091
2026-07-20,Tamil Nadu,Vellore,Kahithapattarai(Uzhavar Sandhai ),Safeda,4000.0,5000.0,4500.0,2026,7,20,201,0,30,5500.0,5500.0,5500.0,-1000.0,-1000.0,5500.0,5500.0,0.0,4646.409,146.4091796875,3.253537326388889
2026-07-21,Tamil Nadu,Vellore,Kahithapattarai(Uzhavar Sandhai ),Safeda,5000.0,6000.0,5500.0,2026,7,21,202,1,30,4500.0,5500.0,5500.0,1000.0,0.0,5166.666666666667,5357.142857142857,377.9644730092272,5359.133,-140.8671875,-2.5612215909090907
2026-07-22,Tamil Nadu,Vellore,Kahithapattarai(Uzhavar Sandhai ),Safeda,5000.0,6000.0,5500.0,2026,7,22,203,2,30,5500.0,5500.0,5500.0,0.0,0.0,5166.666666666667,5357.142857142857,377.9644730092272,5406.0483,-93.95166015625,-1.7082120028409091
2026-07-23,Tamil Nadu,Vellore,Kahithapattarai(Uzhavar Sandhai ),Safeda,5000.0,6000.0,5500.0,2026,7,23,204,3,30,5500.0,4500.0,5500.0,0.0,1000.0,5166.666666666667,5357.142857142857,377.9644730092272,5314.438,-185.56201171875,-3.373854758522727
2026-07-14,Tamil Nadu,Vellore,Katpadi (Uzhavar Sandhai ),Safeda,7000.0,8000.0,7500.0,2026,7,14,195,1,29,7500.0,6500.0,5000.0,0.0,1000.0,6833.333333333333,6428.571428571428,731.9250547114,6749.667,-750.3330078125,-10.004440104166665
2026-07-15,Tamil Nadu,Vellore,Katpadi (Uzhavar Sandhai ),Safeda,7000.0,8000.0,7500.0,2026,7,15,196,2,29,7500.0,6500.0,6500.0,0.0,1000.0,7166.666666666667,6785.714285714285,487.95003647426694,7236.5635,-263.4365234375,-3.5124869791666664
2026-07-16,Tamil Nadu,Vellore,Katpadi (Uzhavar Sandhai ),Safeda,4000.0,5000.0,4500.0,2026,7,16,197,3,29,7500.0,7500.0,6500.0,-3000.0,-3000.0,7500.0,6928.571428571428,534.5224838248492,4837.9507,337.95068359375,7.510015190972222
2026-07-17,Tamil Nadu,Vellore,Katpadi (Uzhavar Sandhai ),Safeda,4000.0,6000.0,5000.0,2026,7,17,198,4,29,4500.0,7500.0,6500.0,500.0,-2500.0,6500.0,6642.857142857143,1069.0449676496978,5255.639,255.63916015625,5.112783203125
2026-07-18,Tamil Nadu,Vellore,Katpadi (Uzhavar Sandhai ),Safeda,7000.0,8000.0,7500.0,2026,7,18,199,5,29,5000.0,7500.0,6500.0,2500.0,0.0,5666.666666666667,6428.571428571428,1239.2393980641054,7031.96,-468.0400390625,-6.240533854166666
2026-07-19,Tamil Nadu,Vellore,Katpadi (Uzhavar Sandhai ),Safeda,7000.0,8000.0,7500.0,2026,7,19,200,6,29,7500.0,4500.0,6500.0,0.0,3000.0,5666.666666666667,6571.428571428572,1304.7532151257392,7154.309,-345.69091796875,-4.609212239583333
2026-07-20,Tamil Nadu,Vellore,Katpadi (Uzhavar Sandhai ),Safeda,7000.0,8000.0,7500.0,2026,7,20,201,0,30,7500.0,5000.0,7500.0,0.0,2500.0,6666.666666666667,6714.285714285715,1349.6031162636566,6817.58,-682.419921875,-9.098932291666667
2026-07-21,Tamil Nadu,Vellore,Katpadi (Uzhavar Sandhai ),Safeda,7000.0,8000.0,7500.0,2026,7,21,202,1,30,7500.0,7500.0,7500.0,0.0,0.0,7500.0,6714.285714285715,1349.6031162636566,7302.6274,-197.37255859375,-2.6316341145833335
2026-07-22,Tamil Nadu,Vellore,Katpadi (Uzhavar Sandhai ),Safeda,7000.0,8000.0,7500.0,2026,7,22,203,2,30,7500.0,7500.0,7500.0,0.0,0.0,7500.0,6714.285714285715,1349.6031162636566,7307.637,-192.36279296875,-2.5648372395833334
2026-07-23,Tamil Nadu,Vellore,Katpadi (Uzhavar Sandhai ),Safeda,4000.0,5000.0,4500.0,2026,7,23,204,3,30,7500.0,7500.0,4500.0,-3000.0,-3000.0,7500.0,6714.285714285715,1349.6031162636566,4457.66,-42.33984375,-0.9408854166666666
2026-07-24,Tamil Nadu,Vellore,Katpadi (Uzhavar Sandhai ),Safeda,4000.0,4000.0,4000.0,2026,7,24,205,4,30,4500.0,7500.0,5000.0,-500.0,-3500.0,6500.0,6714.285714285715,1349.6031162636566,4249.8174,249.8173828125,6.2454345703125
2026-07-25,Tamil Nadu,Vellore,Katpadi (Uzhavar Sandhai ),Safeda,7000.0,8000.0,7500.0,2026,7,25,206,5,30,4000.0,7500.0,7500.0,3500.0,0.0,5333.333333333333,6571.428571428572,1592.3926292577112,7159.6826,-340.3173828125,-4.537565104166666
2026-07-26,Tamil Nadu,Vellore,Katpadi (Uzhavar Sandhai ),Safeda,7000.0,8000.0,7500.0,2026,7,26,207,6,30,7500.0,4500.0,7500.0,0.0,3000.0,5333.333333333333,6571.428571428572,1592.3926292577112,7128.7026,-371.29736328125,-4.950631510416667
2026-07-27,Tamil Nadu,Vellore,Katpadi (Uzhavar Sandhai ),Safeda,7000.0,8000.0,7500.0,2026,7,27,208,0,31,7500.0,4000.0,7500.0,0.0,3500.0,6333.333333333333,6571.428571428572,1592.3926292577112,7278.976,-221.02392578125,-2.9469856770833336
2026-07-28,Tamil Nadu,Vellore,Katpadi (Uzhavar Sandhai ),Safeda,7000.0,8000.0,7500.0,2026,7,28,209,1,31,7500.0,7500.0,7500.0,0.0,0.0,7500.0,6571.428571428572,1592.3926292577112,7393.6626,-106.33740234375,-1.41783203125
2026-07-29,Tamil Nadu,Vellore,Katpadi (Uzhavar Sandhai ),Safeda,7000.0,8000.0,7500.0,2026,7,29,210,2,31,7500.0,7500.0,7500.0,0.0,0.0,7500.0,6571.428571428572,1592.3926292577112,7386.5566,-113.443359375,-1.5125781249999999
2026-07-29,Tamil Nadu,Vellore,Pallikonda(Uzhavar Sandhai),Other,7000.0,8000.0,7500.0,2026,7,29,210,2,31,5000.0,4500.0,4500.0,2500.0,3000.0,4833.333333333333,4642.857142857143,243.97501823713347,6857.242,-642.7578125,-8.570104166666667
2026-07-24,Tamil Nadu,Vellore,Pallikonda(Uzhavar Sandhai),Safeda,4000.0,4000.0,4000.0,2026,7,24,205,4,30,5000.0,5000.0,4500.0,-1000.0,-1000.0,4833.333333333333,5000.0,408.248290463863,4234.2397,234.23974609375,5.85599365234375
2026-07-25,Tamil Nadu,Vellore,Pallikonda(Uzhavar Sandhai),Safeda,4000.0,4000.0,4000.0,2026,7,25,206,5,30,4000.0,4500.0,5000.0,0.0,-500.0,4500.0,4928.571428571428,534.5224838248488,4049.126,49.1259765625,1.2281494140625
2026-07-26,Tamil Nadu,Vellore,Pallikonda(Uzhavar Sandhai),Safeda,4000.0,4000.0,4000.0,2026,7,26,207,6,30,4000.0,5000.0,5500.0,0.0,-1000.0,4333.333333333333,4785.714285714285,636.2090102803517,4085.055,85.054931640625,2.126373291015625
2026-07-27,Tamil Nadu,Vellore,Pallikonda(Uzhavar Sandhai),Safeda,4000.0,4000.0,4000.0,2026,7,27,208,0,31,4000.0,4000.0,5500.0,0.0,0.0,4000.0,4571.428571428572,607.4928962939555,3977.232,-22.76806640625,-0.56920166015625
2026-07-28,Tamil Nadu,Vellore,Pallikonda(Uzhavar Sandhai),Safeda,4000.0,4000.0,4000.0,2026,7,28,209,1,31,4000.0,4000.0,5000.0,0.0,0.0,4000.0,4357.142857142857,475.59486560567007,4004.1807,4.1806640625,0.10451660156249999
2026-07-18,Tamil Nadu,Vellore,Perampet(Uzhavar Sandhai),Neelam,3500.0,3500.0,3500.0,2026,7,18,199,5,29,3500.0,3500.0,4000.0,0.0,0.0,3500.0,3571.4285714285716,188.9822365046136,3622.1404,122.140380859375,3.489725167410714
2026-07-19,Tamil Nadu,Vellore,Perampet(Uzhavar Sandhai),Neelam,3000.0,3800.0,3400.0,2026,7,19,200,6,29,3500.0,3500.0,3500.0,-100.0,-100.0,3500.0,3500.0,0.0,3320.6301,-79.369873046875,-2.334408030790441
2026-07-20,Tamil Nadu,Vellore,Perampet(Uzhavar Sandhai),Neelam,3000.0,3500.0,3250.0,2026,7,20,201,0,30,3400.0,3500.0,3500.0,-150.0,-250.0,3466.6666666666665,3485.714285714286,37.796447300922736,3192.8677,-57.13232421875,-1.7579176682692308
2026-07-21,Tamil Nadu,Vellore,Perampet(Uzhavar Sandhai),Neelam,3000.0,3500.0,3250.0,2026,7,21,202,1,30,3250.0,3500.0,3500.0,0.0,-250.0,3383.3333333333335,3450.0,95.74271077563384,3219.709,-30.291015625,-0.9320312500000001
2026-07-22,Tamil Nadu,Vellore,Perampet(Uzhavar Sandhai),Neelam,3000.0,3500.0,3250.0,2026,7,22,203,2,30,3250.0,3400.0,3500.0,0.0,-150.0,3300.0,3414.285714285714,118.01936887041649,3247.6191,-2.380859375,-0.07325721153846154
2026-07-23,Tamil Nadu,Vellore,Perampet(Uzhavar Sandhai),Neelam,1500.0,2000.0,1750.0,2026,7,23,204,3,30,3250.0,3250.0,3500.0,-1500.0,-1500.0,3250.0,3378.5714285714284,125.35663410560171,2107.3843,357.38427734375,20.42195870535714
2026-07-24,Tamil Nadu,Vellore,Perampet(Uzhavar Sandhai),Neelam,4000.0,4000.0,4000.0,2026,7,24,205,4,30,1750.0,3250.0,3500.0,2250.0,750.0,2750.0,3128.5714285714284,618.3695920571712,3525.632,-474.367919921875,-11.859197998046875
2026-07-25,Tamil Nadu,Vellore,Perampet(Uzhavar Sandhai),Neelam,3500.0,4000.0,3750.0,2026,7,25,206,5,30,4000.0,3250.0,3500.0,-250.0,500.0,3000.0,3200.0,692.8203230275509,3628.668,-121.33203125,-3.2355208333333336
2026-07-26,Tamil Nadu,Vellore,Perampet(Uzhavar Sandhai),Neelam,3500.0,4000.0,3750.0,2026,7,26,207,6,30,3750.0,1750.0,3400.0,0.0,2000.0,3166.6666666666665,3235.714285714286,716.8881163951397,3671.6948,-78.30517578125,-2.0881380208333336
2026-07-27,Tamil Nadu,Vellore,Perampet(Uzhavar Sandhai),Neelam,3500.0,4000.0,3750.0,2026,7,27,208,0,31,3750.0,4000.0,3250.0,0.0,-250.0,3833.3333333333335,3285.714285714286,742.0210496308296,3638.2964,-111.70361328125,-2.978763020833333
2026-07-28,Tamil Nadu,Vellore,Perampet(Uzhavar Sandhai),Neelam,3500.0,4000.0,3750.0,2026,7,28,209,1,31,3750.0,3750.0,3250.0,0.0,0.0,3750.0,3357.1428571428573,761.811750275055,3686.6387,-63.361328125,-1.6896354166666665
2026-07-29,Tamil Nadu,Vellore,Perampet(Uzhavar Sandhai),Neelam,3500.0,4000.0,3750.0,2026,7,29,210,2,31,3750.0,3750.0,3250.0,0.0,0.0,3750.0,3428.5714285714284,773.4431367038469,3704.99,-45.010009765625,-1.2002669270833333
2026-07-13,Tamil Nadu,Vellore,Thirupathur APMC,Safeda,4000.0,4000.0,4000.0,2026,7,13,194,0,29,4000.0,4000.0,4000.0,0.0,0.0,4000.0,4000.0,0.0,3933.468,-66.531982421875,-1.663299560546875
2026-07-14,Tamil Nadu,Vellore,Thirupathur APMC,Safeda,4000.0,4000.0,4000.0,2026,7,14,195,1,29,4000.0,4000.0,4000.0,0.0,0.0,4000.0,4000.0,0.0,3972.2876,-27.71240234375,-0.69281005859375
2026-07-15,Tamil Nadu,Vellore,Thirupathur APMC,Safeda,4000.0,4000.0,4000.0,2026,7,15,196,2,29,4000.0,4000.0,4000.0,0.0,0.0,4000.0,4000.0,0.0,3962.6755,-37.324462890625,-0.933111572265625
2026-07-16,Tamil Nadu,Vellore,Thirupathur APMC,Safeda,4000.0,4000.0,4000.0,2026,7,16,197,3,29,4000.0,4000.0,4000.0,0.0,0.0,4000.0,4000.0,0.0,3962.9707,-37.029296875,-0.9257324218749999
2026-07-17,Tamil Nadu,Vellore,Thirupathur APMC,Safeda,4000.0,4000.0,4000.0,2026,7,17,198,4,29,4000.0,4000.0,4000.0,0.0,0.0,4000.0,4000.0,0.0,3927.4531,-72.546875,-1.8136718749999998
2026-07-18,Tamil Nadu,Vellore,Thirupathur APMC,Safeda,4000.0,4000.0,4000.0,2026,7,18,199,5,29,4000.0,4000.0,4000.0,0.0,0.0,4000.0,4000.0,0.0,3940.917,-59.0830078125,-1.4770751953124999
2026-07-19,Tamil Nadu,Vellore,Thirupathur APMC,Safeda,4000.0,4000.0,4000.0,2026,7,19,200,6,29,4000.0,4000.0,4000.0,0.0,0.0,4000.0,4000.0,0.0,4013.5432,13.543212890625,0.338580322265625
2026-07-20,Tamil Nadu,Vellore,Thirupathur APMC,Safeda,4000.0,4000.0,4000.0,2026,7,20,201,0,30,4000.0,4000.0,4000.0,0.0,0.0,4000.0,4000.0,0.0,3946.162,-53.837890625,-1.345947265625
2026-07-21,Tamil Nadu,Vellore,Thirupathur APMC,Safeda,4000.0,4000.0,4000.0,2026,7,21,202,1,30,4000.0,4000.0,4000.0,0.0,0.0,4000.0,4000.0,0.0,3984.9817,-15.018310546875,-0.375457763671875
2026-07-22,Tamil Nadu,Vellore,Thirupathur APMC,Safeda,4000.0,4000.0,4000.0,2026,7,22,203,2,30,4000.0,4000.0,4000.0,0.0,0.0,4000.0,4000.0,0.0,4002.91,2.909912109375,0.072747802734375
2026-07-23,Tamil Nadu,Vellore,Thirupathur APMC,Safeda,4000.0,4000.0,4000.0,2026,7,23,204,3,30,4000.0,4000.0,4000.0,0.0,0.0,4000.0,4000.0,0.0,4004.9844,4.984375,0.12460937500000001
2026-07-24,Tamil Nadu,Vellore,Thirupathur APMC,Safeda,4000.0,4000.0,4000.0,2026,7,24,205,4,30,4000.0,4000.0,4000.0,0.0,0.0,4000.0,4000.0,0.0,3969.4668,-30.533203125,-0.763330078125
2026-07-25,Tamil Nadu,Vellore,Thirupathur APMC,Safeda,4000.0,4000.0,4000.0,2026,7,25,206,5,30,4000.0,4000.0,4000.0,0.0,0.0,4000.0,4000.0,0.0,3947.8672,-52.1328125,-1.3033203125
2026-07-26,Tamil Nadu,Vellore,Thirupathur APMC,Safeda,4000.0,4000.0,4000.0,2026,7,26,207,6,30,4000.0,4000.0,4000.0,0.0,0.0,4000.0,4000.0,0.0,4018.8088,18.808837890625,0.47022094726562497
2026-07-27,Tamil Nadu,Vellore,Thirupathur APMC,Safeda,4000.0,4000.0,4000.0,2026,7,27,208,0,31,4000.0,4000.0,4000.0,0.0,0.0,4000.0,4000.0,0.0,3947.2134,-52.78662109375,-1.31966552734375
2026-07-28,Tamil Nadu,Vellore,Thirupathur APMC,Safeda,4000.0,4000.0,4000.0,2026,7,28,209,1,31,4000.0,4000.0,4000.0,0.0,0.0,4000.0,4000.0,0.0,4006.5168,6.516845703125,0.162921142578125
2026-07-29,Tamil Nadu,Vellore,Thirupathur APMC,Safeda,4000.0,4000.0,4000.0,2026,7,29,210,2,31,4000.0,4000.0,4000.0,0.0,0.0,4000.0,4000.0,0.0,4010.621,10.62109375,0.26552734375
2026-07-21,Tamil Nadu,Vellore,Vellore APMC,Neelam,4000.0,4000.0,4000.0,2026,7,21,202,1,30,3500.0,3500.0,5500.0,500.0,500.0,3500.0,4214.285714285715,951.1897312113416,3900.7524,-99.24755859375,-2.4811889648437497
2026-07-22,Tamil Nadu,Vellore,Vellore APMC,Neelam,3000.0,4000.0,3500.0,2026,7,22,203,2,30,4000.0,3500.0,4500.0,-500.0,0.0,3666.6666666666665,4000.0,763.7626158259731,3705.8518,205.851806640625,5.881480189732143
2026-07-23,Tamil Nadu,Vellore,Vellore APMC,Neelam,2500.0,4000.0,3250.0,2026,7,23,204,3,30,3500.0,3500.0,5500.0,-250.0,-250.0,3666.6666666666665,3857.142857142858,748.0132415430952,3316.2634,66.263427734375,2.038874699519231
2026-07-24,Tamil Nadu,Vellore,Vellore APMC,Neelam,4000.0,5000.0,4500.0,2026,7,24,205,4,30,3250.0,4000.0,3500.0,1250.0,500.0,3583.3333333333335,3535.714285714286,224.93385271060663,3977.1775,-522.822509765625,-11.618277994791667
2026-07-25,Tamil Nadu,Vellore,Vellore APMC,Neelam,4000.0,5000.0,4500.0,2026,7,25,206,5,30,4500.0,3500.0,3500.0,0.0,1000.0,3750.0,3678.571428571429,426.0840516231723,4481.9663,-18.03369140625,-0.4007486979166666
2026-07-26,Tamil Nadu,Vellore,Vellore APMC,Neelam,3000.0,4000.0,3500.0,2026,7,26,207,6,30,4500.0,3250.0,3500.0,-1000.0,250.0,4083.3333333333335,3821.428571428571,514.6658647908872,3786.9746,286.974609375,8.199274553571428
2026-07-28,Tamil Nadu,Vellore,Vellore APMC,Neelam,3000.0,4000.0,3500.0,2026,7,28,209,1,31,3500.0,4500.0,3500.0,0.0,-1000.0,4166.666666666667,3821.428571428571,514.6658647908872,3613.4756,113.4755859375,3.2421595982142857
2026-07-21,Tamil Nadu,Villupuram,Tindivanam APMC,Safeda,5000.0,5000.0,5000.0,2026,7,21,202,1,30,5000.0,5000.0,5000.0,0.0,0.0,5000.0,5000.0,0.0,5152.5947,152.5947265625,3.05189453125
2026-07-23,Tamil Nadu,Villupuram,Tindivanam APMC,Safeda,5000.0,5000.0,5000.0,2026,7,23,204,3,30,5000.0,5000.0,5000.0,0.0,0.0,5000.0,5000.0,0.0,5151.8574,151.857421875,3.0371484375
2026-07-24,Tamil Nadu,Villupuram,Tindivanam APMC,Safeda,5000.0,5000.0,5000.0,2026,7,24,205,4,30,5000.0,5000.0,5000.0,0.0,0.0,5000.0,5000.0,0.0,5112.5503,112.55029296875,2.251005859375
2026-07-25,Tamil Nadu,Villupuram,Tindivanam APMC,Safeda,5000.0,5000.0,5000.0,2026,7,25,206,5,30,5000.0,5000.0,5000.0,0.0,0.0,5000.0,5000.0,0.0,5090.95,90.9501953125,1.81900390625
2026-07-26,Tamil Nadu,Villupuram,Tindivanam APMC,Safeda,5000.0,5000.0,5000.0,2026,7,26,207,6,30,5000.0,5000.0,5000.0,0.0,0.0,5000.0,5000.0,0.0,5161.8926,161.892578125,3.2378515625
2026-07-28,Tamil Nadu,Villupuram,Tindivanam APMC,Safeda,5000.0,5000.0,5000.0,2026,7,28,209,1,31,5000.0,5000.0,5000.0,0.0,0.0,5000.0,5000.0,0.0,5172.234,172.23388671875,3.444677734375
2026-07-29,Tamil Nadu,Villupuram,Tindivanam APMC,Safeda,5000.0,5000.0,5000.0,2026,7,29,210,2,31,5000.0,5000.0,5000.0,0.0,0.0,5000.0,5000.0,0.0,5155.5996,155.599609375,3.1119921875000003
2026-07-13,Tamil Nadu,Villupuram,Villupuram(Uzhavar Sandhai ),Safeda,5000.0,6000.0,5500.0,2026,7,13,194,0,29,8500.0,5000.0,6000.0,-3000.0,500.0,7333.333333333333,6285.714285714285,1577.3697214335127,5834.2627,334.2626953125,6.077503551136363
2026-07-14,Tamil Nadu,Villupuram,Villupuram(Uzhavar Sandhai ),Safeda,5000.0,6000.0,5500.0,2026,7,14,195,1,29,5500.0,8500.0,6000.0,0.0,-3000.0,7500.0,6214.285714285715,1603.567451474546,5809.6836,309.68359375,5.630610795454546
2026-07-15,Tamil Nadu,Villupuram,Villupuram(Uzhavar Sandhai ),Safeda,7000.0,7000.0,7000.0,2026,7,15,196,2,29,5500.0,8500.0,5000.0,1500.0,-1500.0,6500.0,6142.857142857143,1625.686668105863,6542.328,-457.671875,-6.538169642857143
2026-07-16,Tamil Nadu,Villupuram,Villupuram(Uzhavar Sandhai ),Safeda,7000.0,7000.0,7000.0,2026,7,16,197,3,29,7000.0,5500.0,5000.0,0.0,1500.0,6000.0,6428.571428571428,1566.0079668957474,6713.232,-286.76806640625,-4.0966866629464285
2026-07-17,Tamil Nadu,Villupuram,Villupuram(Uzhavar Sandhai ),Safeda,7000.0,7000.0,7000.0,2026,7,17,198,4,29,7000.0,5500.0,5000.0,0.0,1500.0,6500.0,6714.285714285715,1439.2458342578484,6673.781,-326.21923828125,-4.660274832589286
2026-07-18,Tamil Nadu,Villupuram,Villupuram(Uzhavar Sandhai ),Safeda,7000.0,10000.0,8500.0,2026,7,18,199,5,29,7000.0,7000.0,8500.0,1500.0,1500.0,7000.0,7000.0,1224.7448713915885,7817.6294,-682.37060546875,-8.02788947610294
2026-07-19,Tamil Nadu,Villupuram,Villupuram(Uzhavar Sandhai ),Safeda,7000.0,10000.0,8500.0,2026,7,19,200,6,29,8500.0,7000.0,8500.0,0.0,1500.0,7500.0,7000.0,1224.7448713915885,7985.2197,-514.7802734375,-6.056238511029412
2026-07-20,Tamil Nadu,Villupuram,Villupuram(Uzhavar Sandhai ),Safeda,7000.0,10000.0,8500.0,2026,7,20,201,0,30,8500.0,7000.0,5500.0,0.0,1500.0,8000.0,7000.0,1224.7448713915885,8003.062,-496.93798828125,-5.846329273897059
2026-07-21,Tamil Nadu,Villupuram,Villupuram(Uzhavar Sandhai ),Safeda,7000.0,10000.0,8500.0,2026,7,21,202,1,30,8500.0,8500.0,5500.0,0.0,0.0,8500.0,7428.571428571428,1133.89341902768,7990.4517,-509.54833984375,-5.994686351102941
2026-07-22,Tamil Nadu,Villupuram,Villupuram(Uzhavar Sandhai ),Safeda,7000.0,7000.0,7000.0,2026,7,22,203,2,30,8500.0,8500.0,7000.0,-1500.0,-1500.0,8500.0,7857.142857142857,801.7837257372698,7534.026,534.02587890625,7.628941127232143
2026-07-23,Tamil Nadu,Villupuram,Villupuram(Uzhavar Sandhai ),Safeda,7000.0,7000.0,7000.0,2026,7,23,204,3,30,7000.0,8500.0,7000.0,0.0,-1500.0,8000.0,7857.142857142857,801.7837257372698,7533.5474,533.54736328125,7.622105189732142
2026-07-24,Tamil Nadu,Villupuram,Villupuram(Uzhavar Sandhai ),Safeda,7000.0,7000.0,7000.0,2026,7,24,205,4,30,7000.0,8500.0,7000.0,0.0,-1500.0,7500.0,7857.142857142857,801.7837257372698,7280.4185,280.41845703125,4.005977957589286
2026-07-25,Tamil Nadu,Villupuram,Villupuram(Uzhavar Sandhai ),Safeda,7000.0,7000.0,7000.0,2026,7,25,206,5,30,7000.0,7000.0,8500.0,0.0,0.0,7000.0,7857.142857142857,801.7837257372698,7200.4785,200.478515625,2.863978794642857
2026-07-26,Tamil Nadu,Villupuram,Villupuram(Uzhavar Sandhai ),Safeda,7000.0,7000.0,7000.0,2026,7,26,207,6,30,7000.0,7000.0,8500.0,0.0,0.0,7000.0,7642.857142857143,801.7837257372703,7247.1323,247.13232421875,3.5304617745535714
2026-07-27,Tamil Nadu,Villupuram,Villupuram(Uzhavar Sandhai ),Safeda,7000.0,10000.0,8500.0,2026,7,27,208,0,31,7000.0,7000.0,8500.0,1500.0,1500.0,7000.0,7428.571428571428,731.9250547113971,7843.1807,-656.8193359375,-7.727286305147059
2026-07-28,Tamil Nadu,Villupuram,Villupuram(Uzhavar Sandhai ),Safeda,7000.0,7000.0,7000.0,2026,7,28,209,1,31,8500.0,7000.0,8500.0,-1500.0,0.0,7500.0,7428.571428571428,731.9250547113971,7390.5723,390.572265625,5.579603794642858
2026-07-29,Tamil Nadu,Villupuram,Villupuram(Uzhavar Sandhai ),Safeda,7000.0,10000.0,8500.0,2026,7,29,210,2,31,7000.0,7000.0,7000.0,1500.0,1500.0,7500.0,7214.285714285715,566.9467095138381,8007.467,-492.533203125,-5.794508272058824
2026-07-13,Tamil Nadu,Virudhunagar,Aruppukottai(Uzhavar Sandhai ),Safeda,5000.0,6000.0,5500.0,2026,7,13,194,0,29,5750.0,5750.0,5500.0,-250.0,-250.0,5750.0,5642.857142857143,133.63062095621214,5627.0337,127.03369140625,2.3097034801136362
2026-07-14,Tamil Nadu,Virudhunagar,Aruppukottai(Uzhavar Sandhai ),Safeda,5500.0,6000.0,5750.0,2026,7,14,195,1,29,5500.0,5750.0,5750.0,250.0,0.0,5666.666666666667,5642.857142857143,133.63062095621214,5648.807,-101.19287109375,-1.7598760190217393
2026-07-15,Tamil Nadu,Virudhunagar,Aruppukottai(Uzhavar Sandhai ),Safeda,5000.0,6000.0,5500.0,2026,7,15,196,2,29,5750.0,5750.0,5500.0,-250.0,-250.0,5666.666666666667,5642.857142857143,133.63062095621214,5594.5767,94.57666015625,1.7195756392045454
2026-07-16,Tamil Nadu,Virudhunagar,Aruppukottai(Uzhavar Sandhai ),Safeda,5000.0,6000.0,5500.0,2026,7,16,197,3,29,5500.0,5500.0,5500.0,0.0,0.0,5583.333333333333,5642.857142857143,133.63062095621214,5534.4336,34.43359375,0.6260653409090909
2026-07-17,Tamil Nadu,Virudhunagar,Aruppukottai(Uzhavar Sandhai ),Safeda,5500.0,6000.0,5750.0,2026,7,17,198,4,29,5500.0,5750.0,5750.0,250.0,0.0,5583.333333333333,5642.857142857143,133.63062095621214,5701.428,-48.57177734375,-0.8447265625
2026-07-18,Tamil Nadu,Virudhunagar,Aruppukottai(Uzhavar Sandhai ),Safeda,5500.0,6000.0,5750.0,2026,7,18,199,5,29,5750.0,5500.0,5750.0,0.0,250.0,5583.333333333333,5642.857142857143,133.63062095621214,5817.5723,67.572265625,1.1751698369565218
2026-07-19,Tamil Nadu,Virudhunagar,Aruppukottai(Uzhavar Sandhai ),Safeda,5500.0,6000.0,5750.0,2026,7,19,200,6,29,5750.0,5500.0,5750.0,0.0,250.0,5666.666666666667,5642.857142857143,133.63062095621214,5874.579,124.5791015625,2.166593070652174
2026-07-20,Tamil Nadu,Virudhunagar,Aruppukottai(Uzhavar Sandhai ),Safeda,5000.0,6000.0,5500.0,2026,7,20,201,0,30,5750.0,5750.0,5500.0,-250.0,-250.0,5750.0,5642.857142857143,133.63062095621214,5660.5884,160.58837890625,2.9197887073863638
2026-07-21,Tamil Nadu,Virudhunagar,Aruppukottai(Uzhavar Sandhai ),Safeda,5000.0,6000.0,5500.0,2026,7,21,202,1,30,5500.0,5750.0,5750.0,0.0,-250.0,5666.666666666667,5642.857142857143,133.63062095621214,5523.54,23.5400390625,0.4280007102272727
2026-07-22,Tamil Nadu,Virudhunagar,Aruppukottai(Uzhavar Sandhai ),Safeda,5000.0,6000.0,5500.0,2026,7,22,203,2,30,5500.0,5750.0,5500.0,0.0,-250.0,5583.333333333333,5607.142857142857,133.63062095621214,5487.888,-12.11181640625,-0.22021484375
2026-07-23,Tamil Nadu,Virudhunagar,Aruppukottai(Uzhavar Sandhai ),Safeda,5000.0,6000.0,5500.0,2026,7,23,204,3,30,5500.0,5500.0,5500.0,0.0,0.0,5500.0,5607.142857142857,133.63062095621214,5507.329,7.3291015625,0.13325639204545453
2026-07-24,Tamil Nadu,Virudhunagar,Aruppukottai(Uzhavar Sandhai ),Safeda,5500.0,6000.0,5750.0,2026,7,24,205,4,30,5500.0,5500.0,5750.0,250.0,250.0,5500.0,5607.142857142857,133.63062095621214,5677.5337,-72.46630859375,-1.2602836277173912
2026-07-25,Tamil Nadu,Virudhunagar,Aruppukottai(Uzhavar Sandhai ),Safeda,5500.0,6000.0,5750.0,2026,7,25,206,5,30,5750.0,5500.0,5750.0,0.0,250.0,5583.333333333333,5607.142857142857,133.63062095621214,5799.5376,49.53759765625,0.8615234374999999
2026-07-26,Tamil Nadu,Virudhunagar,Aruppukottai(Uzhavar Sandhai ),Safeda,5500.0,6000.0,5750.0,2026,7,26,207,6,30,5750.0,5500.0,5750.0,0.0,250.0,5666.666666666667,5607.142857142857,133.63062095621214,5853.9043,103.904296875,1.80703125
2026-07-27,Tamil Nadu,Virudhunagar,Aruppukottai(Uzhavar Sandhai ),Safeda,5500.0,6000.0,5750.0,2026,7,27,208,0,31,5750.0,5750.0,5500.0,0.0,0.0,5750.0,5607.142857142857,133.63062095621214,5830.334,80.333984375,1.3971127717391305
2026-07-28,Tamil Nadu,Virudhunagar,Aruppukottai(Uzhavar Sandhai ),Safeda,5000.0,6000.0,5500.0,2026,7,28,209,1,31,5750.0,5750.0,5500.0,-250.0,-250.0,5750.0,5642.857142857143,133.63062095621214,5673.929,173.92919921875,3.1623490767045452
2026-07-29,Tamil Nadu,Virudhunagar,Aruppukottai(Uzhavar Sandhai ),Safeda,5000.0,6000.0,5500.0,2026,7,29,210,2,31,5500.0,5750.0,5500.0,0.0,-250.0,5666.666666666667,5642.857142857143,133.63062095621214,5540.042,40.0419921875,0.7280362215909091
2026-07-14,Tamil Nadu,Virudhunagar,Srivilliputhur(Uzhavar Sandhai ),Safeda,3500.0,4000.0,3750.0,2026,7,14,195,1,29,3750.0,3750.0,3750.0,0.0,0.0,3750.0,3750.0,0.0,3821.1375,71.137451171875,1.8969986979166666
2026-07-15,Tamil Nadu,Virudhunagar,Srivilliputhur(Uzhavar Sandhai ),Safeda,3500.0,4000.0,3750.0,2026,7,15,196,2,29,3750.0,3750.0,3750.0,0.0,0.0,3750.0,3750.0,0.0,3811.5254,61.525390625,1.6406770833333333
2026-07-16,Tamil Nadu,Virudhunagar,Srivilliputhur(Uzhavar Sandhai ),Safeda,3500.0,4000.0,3750.0,2026,7,16,197,3,29,3750.0,3750.0,3750.0,0.0,0.0,3750.0,3750.0,0.0,3811.8206,61.820556640625,1.6485481770833335
2026-07-17,Tamil Nadu,Virudhunagar,Srivilliputhur(Uzhavar Sandhai ),Safeda,3500.0,4000.0,3750.0,2026,7,17,198,4,29,3750.0,3750.0,3750.0,0.0,0.0,3750.0,3750.0,0.0,3776.303,26.302978515625,0.7014127604166667
2026-07-18,Tamil Nadu,Virudhunagar,Srivilliputhur(Uzhavar Sandhai ),Safeda,3500.0,4000.0,3750.0,2026,7,18,199,5,29,3750.0,3750.0,3750.0,0.0,0.0,3750.0,3750.0,0.0,3808.873,58.873046875,1.5699479166666666
2026-07-19,Tamil Nadu,Virudhunagar,Srivilliputhur(Uzhavar Sandhai ),Safeda,3500.0,4000.0,3750.0,2026,7,19,200,6,29,3750.0,3750.0,3750.0,0.0,0.0,3750.0,3750.0,0.0,3820.0461,70.046142578125,1.8678971354166667
2026-07-22,Tamil Nadu,Virudhunagar,Srivilliputhur(Uzhavar Sandhai ),Safeda,3500.0,4000.0,3750.0,2026,7,22,203,2,30,3750.0,3750.0,3750.0,0.0,0.0,3750.0,3750.0,0.0,3851.7598,101.759765625,2.71359375
2026-07-23,Tamil Nadu,Virudhunagar,Srivilliputhur(Uzhavar Sandhai ),Safeda,3500.0,4000.0,3750.0,2026,7,23,204,3,30,3750.0,3750.0,3750.0,0.0,0.0,3750.0,3750.0,0.0,3853.8342,103.834228515625,2.7689127604166663
2026-07-17,Telangana,Ranga Reddy,Gaddiannaram APMC,Badami,2222.24,11666.76,3333.36,2026,7,17,198,4,29,3611.14,3333.36,3333.36,-277.77999999999975,0.0,3518.5466666666666,3650.8228571428567,406.6282833954652,3206.6943,-126.66566406250013,-3.799939522358825
2026-07-18,Telangana,Ranga Reddy,Gaddiannaram APMC,Badami,2777.8,10277.86,3333.36,2026,7,18,199,5,29,3333.36,3611.14,3333.36,0.0,-277.77999999999975,3518.5466666666666,3650.8228571428567,406.6282833954652,3257.1309,-76.22914062500013,-2.2868559239026127
2026-07-20,Telangana,Ranga Reddy,Gaddiannaram APMC,Badami,2777.8,12222.32,5555.6,2026,7,20,201,0,30,3333.36,3611.14,4444.48,2222.24,1944.4600000000005,3425.9533333333334,3650.8228571428567,406.6282833954652,4395.058,-1160.5418945312504,-20.889586984866625
2026-07-21,Telangana,Ranga Reddy,Gaddiannaram APMC,Badami,2777.8,14444.56,8888.96,2026,7,21,202,1,30,5555.6,3333.36,3888.92,3333.3599999999988,5555.5999999999985,4074.106666666667,3809.5542857142855,797.2864399293633,7434.02,-1454.9399804687491,-16.367943836722734
2026-07-22,Telangana,Ranga Reddy,Gaddiannaram APMC,Badami,2777.8,4722.26,2777.8,2026,7,22,203,2,30,8888.96,3333.36,3333.36,-6111.159999999999,-555.56,5925.973333333332,4523.845714285714,2083.129528016738,2599.7695,-178.03046875000018,-6.409045602635185
2026-07-23,Telangana,Ranga Reddy,Gaddiannaram APMC,Badami,6666.72,13333.44,9444.52,2026,7,23,204,3,30,2777.8,5555.6,3611.14,6666.72,3888.92,5740.786666666667,4444.4800000000005,2145.6894294996805,7474.019,-1970.5009570312504,-20.86396086864394
2026-07-20,Telangana,Ranga Reddy,Gaddiannaram APMC,Langra,2000.0,6000.0,3000.0,2026,7,20,201,0,30,3000.0,3000.0,3600.0,0.0,0.0,3000.0,3342.8571428571427,320.71349029490926,3056.168,56.16796875,1.872265625
2026-07-21,Telangana,Ranga Reddy,Gaddiannaram APMC,Langra,2000.0,6000.0,3000.0,2026,7,21,202,1,30,3000.0,3000.0,3600.0,0.0,0.0,3000.0,3257.1428571428573,320.71349029490926,3052.6777,52.677734375,1.7559244791666668
2026-07-22,Telangana,Ranga Reddy,Gaddiannaram APMC,Langra,2000.0,6000.0,3000.0,2026,7,22,203,2,30,3000.0,3000.0,3600.0,0.0,0.0,3000.0,3171.4285714285716,292.77002188456,3059.4702,59.47021484375,1.9823404947916667
2026-07-23,Telangana,Ranga Reddy,Gaddiannaram APMC,Langra,2000.0,6000.0,2800.0,2026,7,23,204,3,30,3000.0,3000.0,3600.0,-200.0,-200.0,3000.0,3085.714285714286,226.7786838055364,2980.8254,180.825439453125,6.458051409040179
2026-07-24,Telangana,Ranga Reddy,Gaddiannaram APMC,Langra,1111.12,5000.04,2777.8,2026,7,24,205,4,30,2800.0,3000.0,3000.0,-22.199999999999815,-222.19999999999985,2933.3333333333335,2971.4285714285716,75.59289460184547,2864.9365,87.13652343749982,3.136889748632004
2026-07-27,Telangana,Ranga Reddy,Gaddiannaram APMC,Langra,2000.0,6000.0,2800.0,2026,7,27,208,0,31,2777.8,3000.0,3000.0,22.199999999999815,-200.0,2859.2666666666664,2939.6857142857143,103.20541698592235,2860.6829,60.682861328125,2.1672450474330356
2026-07-28,Telangana,Ranga Reddy,Gaddiannaram APMC,Langra,2000.0,6000.0,2800.0,2026,7,28,209,1,31,2800.0,2800.0,3000.0,0.0,0.0,2792.6,2911.1142857142854,111.10666689524751,2934.0225,134.0224609375,4.786516462053571
2026-07-29,Telangana,Ranga Reddy,Gaddiannaram APMC,Langra,2000.0,6000.0,3000.0,2026,7,29,210,2,31,2800.0,2777.8,3000.0,200.0,222.19999999999985,2792.6,2882.542857142857,110.1510910392764,3058.917,58.9169921875,1.9638997395833333
2026-07-17,Telangana,Ranga Reddy,Gaddiannaram APMC,Neelam,1666.68,5000.04,3333.36,2026,7,17,198,4,29,1388.9,2777.8,2222.24,1944.46,555.56,1851.8666666666668,1944.46,555.56,2782.3145,-551.0455468750001,-16.531234156376755
2026-07-18,Telangana,Ranga Reddy,Gaddiannaram APMC,Neelam,1666.68,4444.48,2777.8,2026,7,18,199,5,29,3333.36,1388.9,1388.9,-555.56,1388.9,2037.0533333333333,2103.191428571429,766.7456442964766,2887.9521,110.15214843749982,3.965445620185032
2026-07-20,Telangana,Ranga Reddy,Gaddiannaram APMC,Neelam,1388.9,4444.48,2222.24,2026,7,20,201,0,30,2777.8,1388.9,2222.24,-555.5600000000004,833.3399999999997,2500.0200000000004,2301.6057142857144,729.9201071089253,2473.598,251.35790039062522,11.3110150294579
2026-07-21,Telangana,Ranga Reddy,Gaddiannaram APMC,Neelam,1111.12,4444.48,2777.8,2026,7,21,202,1,30,2222.24,3333.36,2222.24,555.5600000000004,-555.56,2777.7999999999997,2301.6057142857144,729.9201071089253,2650.3723,-127.42768554687518,-4.58735998080766
2026-07-22,Telangana,Ranga Reddy,Gaddiannaram APMC,Neelam,1111.12,3888.92,2777.8,2026,7,22,203,2,30,2777.8,2777.8,2777.8,0.0,0.0,2592.6133333333332,2380.971428571429,749.7855072714368,2743.369,-34.43110351562518,-1.2395098104840225
2026-07-23,Telangana,Ranga Reddy,Gaddiannaram APMC,Neelam,1388.9,5000.04,3888.92,2026,7,23,204,3,30,2777.8,2222.24,1388.9,1111.12,1666.6800000000003,2592.6133333333332,2380.9714285714285,749.7855072714368,3505.695,-383.2249316406251,-9.854276550832237
2026-07-27,Telangana,Ranga Reddy,Gaddiannaram APMC,Neelam,1388.9,5000.04,3055.58,2026,7,27,208,0,31,3888.92,2777.8,1388.9,-833.3400000000001,277.77999999999975,3148.1733333333336,2738.117142857143,792.6644506076598,3067.8435,12.263505859375073,0.40134789006915456
2026-07-28,Telangana,Ranga Reddy,Gaddiannaram APMC,Neelam,1666.68,6666.72,3333.36,2026,7,28,209,1,31,3055.58,2777.8,3333.36,277.7800000000002,555.56,3240.7666666666664,2976.214285714286,524.954856562516,3259.755,-73.60511718750013,-2.2081358505381994
2026-07-29,Telangana,Ranga Reddy,Gaddiannaram APMC,Neelam,1666.68,6111.16,4444.48,2026,7,29,210,2,31,3333.36,3888.92,2777.8,1111.1199999999994,555.5599999999995,3425.9533333333334,2976.214285714286,524.954856562516,3791.9446,-652.5354199218746,-14.681929492806237
2026-07-18,Telangana,Ranga Reddy,Gaddiannaram APMC,Other,1400.0,1400.0,1400.0,2026,7,18,199,5,29,918.0,1300.0,1400.0,482.0,100.0,1072.6666666666667,1202.571428571429,195.56657616854093,1389.9768,-10.023193359375,-0.7159423828125
2026-07-20,Telangana,Ranga Reddy,Gaddiannaram APMC,Other,950.0,1980.0,1500.0,2026,7,20,201,0,30,1400.0,1000.0,1300.0,100.0,500.0,1106.0,1202.571428571429,195.56657616854093,1497.2482,-2.7518310546875,-0.18345540364583332
2026-07-21,Telangana,Ranga Reddy,Gaddiannaram APMC,Other,2400.0,2400.0,2400.0,2026,7,21,202,1,30,1500.0,918.0,1400.0,900.0,1482.0,1272.6666666666667,1231.142857142857,224.6237065044772,2107.7869,-292.213134765625,-12.175547281901041
2026-07-22,Telangana,Ranga Reddy,Gaddiannaram APMC,Other,1111.12,2222.24,1666.68,2026,7,22,203,2,30,2400.0,1400.0,1100.0,-733.3199999999999,266.68000000000006,1766.6666666666667,1374.0,499.598505468808,1921.8873,255.20732910156244,15.312317247555765
2026-07-23,Telangana,Ranga Reddy,Gaddiannaram APMC,Other,2700.0,2700.0,2700.0,2026,7,23,204,3,30,1666.68,1500.0,1300.0,1033.32,1200.0,1855.56,1454.9542857142858,493.67708875529627,2336.8723,-363.127685546875,-13.449173538773149
2026-07-27,Telangana,Ranga Reddy,Gaddiannaram APMC,Other,2000.0,2000.0,2000.0,2026,7,27,208,0,31,2700.0,2400.0,1000.0,-700.0,-400.0,2255.56,1654.9542857142858,671.8668528524863,2150.3013,150.30126953125,7.5150634765625
2026-07-20,Telangana,Ranga Reddy,Gaddiannaram APMC,Raspuri,555.56,1666.68,1111.12,2026,7,20,201,0,30,1111.12,555.56,4444.48,0.0,555.56,925.9333333333332,5079.405714285714,5075.8909119052105,2654.6794,1543.559443359375,138.91923854843537
2026-07-21,Telangana,Ranga Reddy,Gaddiannaram APMC,Raspuri,555.56,1944.46,1111.12,2026,7,21,202,1,30,1111.12,1111.12,4444.48,0.0,0.0,1111.12,4603.211428571429,5296.930638912277,3312.3606,2201.240595703125,198.11006873273143
2026-07-23,Telangana,Ranga Reddy,Gaddiannaram APMC,Raspuri,555.56,1666.68,1111.12,2026,7,23,204,3,30,1111.12,1111.12,13889.0,0.0,0.0,1111.12,4127.017142857143,5460.876380453094,2856.768,1745.64806640625,157.10706912000956
2026-07-17,Telangana,Ranga Reddy,Gaddiannaram APMC,Totapuri,1111.12,3333.36,2222.24,2026,7,17,198,4,29,1666.68,2777.8,2222.24,555.5599999999997,-555.5600000000004,2037.0533333333333,2023.8257142857144,473.43051143954034,2110.4382,-111.80176757812478,-5.031039292701274
2026-07-20,Telangana,Ranga Reddy,Gaddiannaram APMC,Totapuri,1111.12,3888.92,2222.24,2026,7,20,201,0,30,2222.24,1666.68,1388.9,0.0,555.5599999999997,1851.8666666666668,2023.8257142857144,473.43051143954034,2326.1204,103.88036132812522,4.67457886313473
2026-07-21,Telangana,Ranga Reddy,Gaddiannaram APMC,Totapuri,1111.12,3888.92,2777.8,2026,7,21,202,1,30,2222.24,1666.68,2222.24,555.5600000000004,1111.12,2037.0533333333333,2142.8742857142856,383.3728221482384,2502.0916,-275.7084472656252,-9.925424698164921
2026-07-22,Telangana,Ranga Reddy,Gaddiannaram APMC,Totapuri,1111.12,3333.36,2222.24,2026,7,22,203,2,30,2777.8,2222.24,2222.24,-555.5600000000004,0.0,2407.4266666666663,2222.24,453.6128405002076,2298.923,76.68309570312522,3.4507117009470276
2026-07-23,Telangana,Ranga Reddy,Gaddiannaram APMC,Totapuri,1111.12,4444.48,2777.8,2026,7,23,204,3,30,2222.24,2222.24,2777.8,555.5600000000004,555.5600000000004,2407.4266666666663,2222.24,453.6128405002076,2633.3591,-144.44086914062518,-5.199829690424982
2026-07-24,Telangana,Ranga Reddy,Gaddiannaram APMC,Totapuri,694.45,3888.92,2222.24,2026,7,24,205,4,30,2777.8,2777.8,1666.68,-555.5600000000004,-555.5600000000004,2592.6133333333332,2222.24,453.6128405002076,2266.5396,44.29955078125022,1.9934638374455602
2026-07-27,Telangana,Ranga Reddy,Gaddiannaram APMC,Totapuri,1111.12,3888.92,2500.02,2026,7,27,208,0,31,2222.24,2222.24,1666.68,277.7800000000002,277.7800000000002,2407.4266666666667,2301.605714285714,383.3728221482385,2438.0437,-61.97629882812498,-2.479032120868032
2026-07-28,Telangana,Ranga Reddy,Gaddiannaram APMC,Totapuri,1111.12,3333.36,2222.24,2026,7,28,209,1,31,2500.02,2777.8,2222.24,-277.7800000000002,-555.5600000000004,2500.02,2420.6542857142854,264.22148353588705,2271.9646,49.72459960937522,2.237589081709231
2026-07-29,Telangana,Ranga Reddy,Gaddiannaram APMC,Totapuri,1666.68,4444.48,2777.8,2026,7,29,210,2,31,2222.24,2222.24,2222.24,555.5600000000004,555.5600000000004,2314.8333333333335,2420.654285714286,264.22148353588705,2766.256,-11.543896484375182,-0.415576948821916
2026-07-18,Uttar Pradesh,Aligarh,Atrauli APMC,Dusheri,1800.0,1900.0,1850.0,2026,7,18,199,5,29,1850.0,1950.0,1950.0,0.0,-100.0,1900.0,1928.571428571429,39.33978962347219,1871.6744,21.6744384765625,1.1715912690033783
2026-07-19,Uttar Pradesh,Aligarh,Atrauli APMC,Dusheri,1800.0,1900.0,1850.0,2026,7,19,200,6,29,1850.0,1900.0,1950.0,0.0,-50.0,1866.6666666666667,1914.2857142857144,47.55948656056712,1833.9298,-16.0701904296875,-0.8686589421452703
2026-07-20,Uttar Pradesh,Aligarh,Atrauli APMC,Dusheri,1800.0,1900.0,1850.0,2026,7,20,201,0,30,1850.0,1850.0,1950.0,0.0,0.0,1850.0,1900.0,50.000000000000014,1826.0519,-23.9481201171875,-1.2944929793074325
2026-07-16,Uttar Pradesh,Badaun,Shahaswan APMC,Other,2500.0,3000.0,2900.0,2026,7,16,197,3,29,2600.0,2600.0,2500.0,300.0,300.0,2600.0,2700.0,208.16659994661327,2839.0293,-60.970703125,-2.102438038793103
2026-07-17,Uttar Pradesh,Badaun,Shahaswan APMC,Other,2000.0,2500.0,2200.0,2026,7,17,198,4,29,2900.0,2600.0,2600.0,-700.0,-400.0,2700.0,2757.1428571428573,198.80595947760096,2272.8044,72.804443359375,3.3092928799715913
2026-07-18,Uttar Pradesh,Badaun,Shahaswan APMC,Other,2200.0,2600.0,2500.0,2026,7,18,199,5,29,2200.0,2600.0,3000.0,300.0,-100.0,2566.6666666666665,2700.0,288.67513459481285,2486.85,-13.14990234375,-0.52599609375
2026-07-20,Uttar Pradesh,Badaun,Shahaswan APMC,Other,2500.0,3200.0,3000.0,2026,7,20,201,0,30,2500.0,2900.0,3000.0,500.0,100.0,2533.3333333333335,2628.5714285714284,262.7691364061218,2834.1157,-165.88427734375,-5.529475911458333
2026-07-21,Uttar Pradesh,Badaun,Shahaswan APMC,Other,2500.0,3000.0,2600.0,2026,7,21,202,1,30,3000.0,2200.0,2600.0,-400.0,400.0,2566.6666666666665,2628.5714285714284,262.7691364061218,2591.229,-8.77099609375,-0.3373460036057692
2026-07-22,Uttar Pradesh,Badaun,Shahaswan APMC,Other,2500.0,2800.0,2600.0,2026,7,22,203,2,30,2600.0,2500.0,2600.0,0.0,100.0,2700.0,2628.5714285714284,262.7691364061218,2590.298,-9.701904296875,-0.3731501652644231
2026-07-23,Uttar Pradesh,Badaun,Shahaswan APMC,Other,2500.0,2600.0,2550.0,2026,7,23,204,3,30,2600.0,3000.0,2600.0,-50.0,-450.0,2733.3333333333335,2628.5714285714284,262.7691364061218,2595.069,45.069091796875,1.7674153645833333
2026-07-24,Uttar Pradesh,Badaun,Shahaswan APMC,Other,2500.0,2800.0,2600.0,2026,7,24,205,4,30,2550.0,2600.0,2900.0,50.0,0.0,2583.3333333333335,2621.4285714285716,264.3500565177779,2636.79,36.7900390625,1.4150015024038463
2026-07-25,Uttar Pradesh,Badaun,Shahaswan APMC,Other,2500.0,2800.0,2600.0,2026,7,25,206,5,30,2600.0,2600.0,2200.0,0.0,0.0,2583.3333333333335,2578.5714285714284,234.2668401224388,2637.541,37.541015625,1.4438852163461537
2026-07-27,Uttar Pradesh,Badaun,Shahaswan APMC,Other,2500.0,2600.0,2550.0,2026,7,27,208,0,31,2600.0,2550.0,2500.0,-50.0,0.0,2583.3333333333335,2635.714285714286,165.11179473891252,2605.7827,55.78271484375,2.187557444852941
2026-07-28,Uttar Pradesh,Badaun,Shahaswan APMC,Other,2500.0,3200.0,3000.0,2026,7,28,209,1,31,2550.0,2600.0,3000.0,450.0,400.0,2583.3333333333335,2642.8571428571427,159.23926292577116,2942.9973,-57.002685546875,-1.9000895182291668
2026-07-29,Uttar Pradesh,Badaun,Shahaswan APMC,Other,2500.0,3050.0,3000.0,2026,7,29,210,2,31,3000.0,2600.0,2600.0,0.0,400.0,2716.6666666666665,2642.8571428571427,159.23926292577116,2963.8674,-36.132568359375,-1.2044189453125
2026-07-18,Uttar Pradesh,Mau(Maunathbhanjan),Kopaganj APMC,Dusheri,3200.0,3360.0,3300.0,2026,7,18,199,5,29,3260.0,3330.0,3795.0,40.0,-30.0,3303.3333333333335,3323.5714285714284,265.96858031407714,3191.3542,-108.645751953125,-3.2922955137310606
2026-07-20,Uttar Pradesh,Mau(Maunathbhanjan),Kopaganj APMC,Dusheri,3250.0,3380.0,3260.0,2026,7,20,201,0,30,3300.0,3320.0,2880.0,-40.0,-60.0,3293.3333333333335,3252.8571428571427,167.20389605850352,3168.6484,-91.3515625,-2.8021951687116564
2026-07-21,Uttar Pradesh,Mau(Maunathbhanjan),Kopaganj APMC,Dusheri,3310.0,3390.0,3330.0,2026,7,21,202,1,30,3260.0,3260.0,3360.0,70.0,70.0,3273.3333333333335,3307.1428571428573,36.83941988065042,3206.962,-123.0380859375,-3.6948374155405403
2026-07-22,Uttar Pradesh,Mau(Maunathbhanjan),Kopaganj APMC,Dusheri,3300.0,3340.0,3320.0,2026,7,22,203,2,30,3330.0,3300.0,3320.0,-10.0,20.0,3296.6666666666665,3302.8571428571427,30.93772546815397,3217.792,-102.2080078125,-3.078554452183735
2026-07-23,Uttar Pradesh,Mau(Maunathbhanjan),Kopaganj APMC,Dusheri,3300.0,3390.0,3380.0,2026,7,23,204,3,30,3320.0,3260.0,3330.0,60.0,120.0,3303.3333333333335,3302.8571428571427,30.93772546815397,3240.7878,-139.212158203125,-4.1187029054179
2026-07-24,Uttar Pradesh,Mau(Maunathbhanjan),Kopaganj APMC,Dusheri,3310.0,3340.0,3320.0,2026,7,24,205,4,30,3380.0,3330.0,3320.0,-60.0,-10.0,3343.3333333333335,3310.0,42.03173404306171,3225.165,-94.8349609375,-2.8564747270331323
2026-07-25,Uttar Pradesh,Mau(Maunathbhanjan),Kopaganj APMC,Dusheri,3310.0,3330.0,3320.0,2026,7,25,206,5,30,3320.0,3320.0,3260.0,0.0,0.0,3340.0,3310.0,42.03173404306171,3296.1575,-23.842529296875,-0.7181484727974398
2026-07-27,Uttar Pradesh,Mau(Maunathbhanjan),Kopaganj APMC,Dusheri,3320.0,3380.0,3340.0,2026,7,27,208,0,31,3320.0,3380.0,3300.0,20.0,-40.0,3340.0,3318.5714285714284,35.790395093549684,3213.0403,-126.959716796875,-3.8011891256549397
2026-07-28,Uttar Pradesh,Mau(Maunathbhanjan),Kopaganj APMC,Dusheri,3325.0,3390.0,3350.0,2026,7,28,209,1,31,3340.0,3320.0,3260.0,10.0,30.0,3326.6666666666665,3324.285714285714,35.523298860110984,3241.0217,-108.978271484375,-3.2530827308768653
2026-07-29,Uttar Pradesh,Mau(Maunathbhanjan),Kopaganj APMC,Dusheri,3330.0,3400.0,3340.0,2026,7,29,210,2,31,3350.0,3320.0,3330.0,-10.0,20.0,3336.6666666666665,3337.1428571428573,22.146697055682587,3264.7583,-75.24169921875,-2.2527454855913174
2026-07-17,Uttar Pradesh,Rampur,Bilaspur APMC,Dusheri,2300.0,2700.0,2500.0,2026,7,17,198,4,29,2500.0,2400.0,2850.0,0.0,100.0,2466.6666666666665,2428.5714285714284,217.67166186932187,2533.7559,33.755859375,1.3502343749999999
2026-07-18,Uttar Pradesh,Rampur,Bilaspur APMC,Dusheri,2400.0,2800.0,2600.0,2026,7,18,199,5,29,2500.0,2500.0,2250.0,100.0,100.0,2500.0,2378.5714285714284,125.35663410560169,2598.8,-1.199951171875,-0.046151968149038464
2026-07-21,Uttar Pradesh,Rampur,Bilaspur APMC,Dusheri,2500.0,3000.0,2750.0,2026,7,21,202,1,30,2600.0,2500.0,2250.0,150.0,250.0,2533.3333333333335,2428.5714285714284,134.96031162636558,2644.3318,-105.668212890625,-3.8424804687500003
2026-07-22,Uttar Pradesh,Rampur,Bilaspur APMC,Dusheri,2500.0,3000.0,2750.0,2026,7,22,203,2,30,2750.0,2500.0,2250.0,0.0,250.0,2616.6666666666665,2500.0,155.45631755148037,2652.3882,-97.61181640625,-3.549520596590909
2026-07-25,Uttar Pradesh,Rampur,Bilaspur APMC,Dusheri,2500.0,3100.0,2800.0,2026,7,25,206,5,30,2750.0,2600.0,2400.0,50.0,200.0,2700.0,2571.4285714285716,134.96031162636604,2790.2825,-9.717529296875,-0.3470546177455357
2026-07-27,Uttar Pradesh,Rampur,Bilaspur APMC,Dusheri,2800.0,3200.0,3000.0,2026,7,27,208,0,31,2800.0,2750.0,2500.0,200.0,250.0,2766.6666666666665,2628.5714285714284,134.96031162636623,2912.518,-87.48193359375,-2.9160644531249997
2026-07-29,Uttar Pradesh,Rampur,Bilaspur APMC,Dusheri,2700.0,3100.0,2900.0,2026,7,29,210,2,31,3000.0,2750.0,2500.0,-100.0,150.0,2850.0,2700.0,180.2775637732003,2935.94,35.93994140625,1.2393083243534484
2026-07-17,Uttar Pradesh,Shamli,Kairana APMC,Dusheri,2300.0,2400.0,2350.0,2026,7,17,198,4,29,2350.0,2350.0,2350.0,0.0,0.0,2350.0,2378.5714285714284,48.795003647426654,2352.3452,2.34521484375,0.09979637632978723
2026-07-18,Uttar Pradesh,Shamli,Kairana APMC,Dusheri,2300.0,2400.0,2350.0,2026,7,18,199,5,29,2350.0,2350.0,2350.0,0.0,0.0,2350.0,2378.5714285714284,48.795003647426654,2354.6072,4.607177734375,0.196050116356383
2026-07-20,Uttar Pradesh,Shamli,Kairana APMC,Dusheri,2300.0,2400.0,2350.0,2026,7,20,201,0,30,2350.0,2350.0,2450.0,0.0,0.0,2350.0,2378.5714285714284,48.795003647426654,2340.7063,-9.293701171875,-0.3954766456117021
2026-07-22,Uttar Pradesh,Shamli,Kairana APMC,Dusheri,2300.0,2400.0,2350.0,2026,7,22,203,2,30,2350.0,2350.0,2450.0,0.0,0.0,2350.0,2364.285714285714,37.79644730092285,2356.7988,6.798828125,0.289311835106383
2026-07-23,Uttar Pradesh,Shamli,Kairana APMC,Dusheri,2300.0,2400.0,2350.0,2026,7,23,204,3,30,2350.0,2350.0,2350.0,0.0,0.0,2350.0,2350.0,0.0,2426.0603,76.060302734375,3.236608626994681
2026-07-24,Uttar Pradesh,Shamli,Kairana APMC,Dusheri,2300.0,2400.0,2350.0,2026,7,24,205,4,30,2350.0,2350.0,2350.0,0.0,0.0,2350.0,2350.0,0.0,2420.4224,70.42236328125,2.996696309840426
2026-07-25,Uttar Pradesh,Shamli,Kairana APMC,Dusheri,2300.0,2400.0,2350.0,2026,7,25,206,5,30,2350.0,2350.0,2350.0,0.0,0.0,2350.0,2350.0,0.0,2417.929,67.928955078125,2.8905938331117023
2026-07-27,Uttar Pradesh,Shamli,Kairana APMC,Dusheri,2300.0,2400.0,2350.0,2026,7,27,208,0,31,2350.0,2350.0,2350.0,0.0,0.0,2350.0,2350.0,0.0,2400.2454,50.245361328125,2.1381004820478724
2026-07-28,Uttar Pradesh,Shamli,Kairana APMC,Dusheri,2300.0,2400.0,2350.0,2026,7,28,209,1,31,2350.0,2350.0,2350.0,0.0,0.0,2350.0,2350.0,0.0,2477.4436,127.443603515625,5.423132064494681
2026-07-21,Uttar Pradesh,Shamli,Khandhla APMC,Dusheri,4900.0,4940.0,4920.0,2026,7,21,202,1,30,4920.0,4940.0,5110.0,0.0,-20.0,4926.666666666667,4972.857142857143,69.2132660006462,5006.776,86.77587890625,1.7637373761432928
2026-07-22,Uttar Pradesh,Shamli,Khandhla APMC,Dusheri,4900.0,4940.0,4920.0,2026,7,22,203,2,30,4920.0,4920.0,5020.0,0.0,0.0,4920.0,4945.714285714285,35.523298860111304,5023.511,103.51123046875,2.103886798145325
2026-07-29,Uttar Pradesh,Shamli,Khandhla APMC,Dusheri,4800.0,4900.0,4850.0,2026,7,29,210,2,31,4920.0,4920.0,4950.0,-70.0,-70.0,4920.0,4931.428571428572,14.63850109422845,4978.4185,128.41845703125,2.647803237757732
2026-07-17,Uttarakhand,Dehradoon,Dehradoon APMC,Other,2200.0,3500.0,3000.0,2026,7,17,198,4,29,3500.0,1500.0,2500.0,-500.0,1500.0,2666.6666666666665,2750.0,1008.7120500916008,3052.2004,52.200439453125,1.7400146484375
2026-07-18,Uttarakhand,Dehradoon,Dehradoon APMC,Other,1850.0,3500.0,2050.0,2026,7,18,199,5,29,3000.0,3000.0,2050.0,-950.0,-950.0,3166.6666666666665,2821.4285714285716,1005.7572366369624,2443.935,393.93505859375,19.216344321646343
2026-07-20,Uttarakhand,Dehradoon,Dehradoon APMC,Other,2000.0,3500.0,2500.0,2026,7,20,201,0,30,2050.0,3500.0,4500.0,450.0,-1000.0,2850.0,2821.4285714285716,1005.7572366369624,2539.8372,39.837158203125,1.593486328125
2026-07-21,Uttarakhand,Dehradoon,Dehradoon APMC,Other,1800.0,3500.0,2500.0,2026,7,21,202,1,30,2500.0,3000.0,2200.0,0.0,-500.0,2516.6666666666665,2535.714285714286,681.1230222423634,2584.4592,84.459228515625,3.378369140625
2026-07-23,Uttarakhand,Dehradoon,Dehradoon APMC,Other,1850.0,2200.0,2050.0,2026,7,23,204,3,30,2500.0,2050.0,1500.0,-450.0,0.0,2350.0,2578.5714285714284,665.7434083145589,2277.8943,227.894287109375,11.116794493140244
2026-07-24,Uttarakhand,Dehradoon,Dehradoon APMC,Other,1525.0,3275.0,2125.0,2026,7,24,205,4,30,2050.0,2500.0,3000.0,75.0,-375.0,2350.0,2657.1428571428573,537.2992426855598,2293.8127,168.812744140625,7.944129136029411
2026-07-25,Uttarakhand,Dehradoon,Dehradoon APMC,Other,1975.0,3350.0,2650.0,2026,7,25,206,5,30,2125.0,2500.0,3500.0,525.0,150.0,2225.0,2532.1428571428573,545.9537308146871,2440.9,-209.10009765625,-7.890569722877358
2026-07-27,Uttarakhand,Dehradoon,Dehradoon APMC,Other,2025.0,3125.0,2750.0,2026,7,27,208,0,31,2650.0,2050.0,3000.0,100.0,700.0,2275.0,2410.714285714286,356.44574822624946,2627.8967,-122.103271484375,-4.440118963068182
2026-07-28,Uttarakhand,Dehradoon,Dehradoon APMC,Other,1850.0,3500.0,2050.0,2026,7,28,209,1,31,2750.0,2125.0,2050.0,-700.0,-75.0,2508.3333333333335,2375.0,294.7456530637888,2336.2656,286.265625,13.964176829268293
2026-07-29,Uttarakhand,Dehradoon,Dehradoon APMC,Other,1850.0,2500.0,2000.0,2026,7,29,210,2,31,2050.0,2650.0,2500.0,-50.0,-650.0,2483.3333333333335,2375.0,294.7456530637888,2161.2595,161.259521484375,8.06297607421875
2026-07-22,Uttarakhand,Dehradoon,Rishikesh APMC,Chausa,4000.0,4850.0,4500.0,2026,7,22,203,2,30,4500.0,4200.0,4500.0,0.0,300.0,4400.0,4357.142857142857,151.18578920369103,4434.816,-65.18408203125,-1.44853515625
2026-07-23,Uttarakhand,Dehradoon,Rishikesh APMC,Chausa,4000.0,4800.0,4500.0,2026,7,23,204,3,30,4500.0,4500.0,4400.0,0.0,0.0,4500.0,4357.142857142857,151.18578920369103,4520.45,20.4501953125,0.45444878472222217
2026-07-24,Uttarakhand,Dehradoon,Rishikesh APMC,Chausa,4000.0,4800.0,4600.0,2026,7,24,205,4,30,4500.0,4500.0,4200.0,100.0,100.0,4500.0,4371.428571428572,160.35674514745477,4550.657,-49.3427734375,-1.072668987771739
2026-07-25,Uttarakhand,Dehradoon,Rishikesh APMC,Chausa,4500.0,5500.0,5000.0,2026,7,25,206,5,30,4600.0,4500.0,4200.0,400.0,500.0,4533.333333333333,4428.571428571428,160.35674514745477,4800.9434,-199.056640625,-3.9811328125000003
2026-07-27,Uttarakhand,Dehradoon,Rishikesh APMC,Chausa,4800.0,5600.0,5000.0,2026,7,27,208,0,31,5000.0,4500.0,4200.0,0.0,500.0,4700.0,4542.857142857143,237.0453040886412,4935.6416,-64.3583984375,-1.28716796875
2026-07-28,Uttarakhand,Dehradoon,Rishikesh APMC,Chausa,4800.0,6000.0,5000.0,2026,7,28,209,1,31,5000.0,4600.0,4500.0,0.0,400.0,4866.666666666667,4657.142857142857,237.04530408864164,5020.897,20.89697265625,0.417939453125
2026-07-29,Uttarakhand,Dehradoon,Rishikesh APMC,Chausa,4800.0,6000.0,5050.0,2026,7,29,210,2,31,5000.0,5000.0,4500.0,50.0,50.0,5000.0,4728.571428571428,256.34797778466344,5042.878,-7.1220703125,-0.1410310952970297
2026-07-17,Uttarakhand,Dehradoon,Rishikesh APMC,Dusheri,2000.0,3800.0,3000.0,2026,7,17,198,4,29,2800.0,1500.0,2000.0,200.0,1500.0,2366.6666666666665,2392.8571428571427,549.5669290667057,2939.3037,-60.6962890625,-2.0232096354166664
2026-07-18,Uttarakhand,Dehradoon,Rishikesh APMC,Dusheri,2000.0,3850.0,3000.0,2026,7,18,199,5,29,3000.0,2800.0,2000.0,0.0,200.0,2866.6666666666665,2535.714285714286,560.2932905439538,2969.957,-30.04296875,-1.0014322916666667
2026-07-19,Uttarakhand,Dehradoon,Rishikesh APMC,Dusheri,2000.0,3800.0,3050.0,2026,7,19,200,6,29,3000.0,2800.0,2850.0,50.0,250.0,2933.3333333333335,2678.5714285714284,527.4602219260576,3022.3809,-27.619140625,-0.9055455942622951
2026-07-20,Uttarakhand,Dehradoon,Rishikesh APMC,Dusheri,2500.0,4200.0,3500.0,2026,7,20,201,0,30,3050.0,3000.0,2800.0,450.0,500.0,3016.6666666666665,2707.1428571428573,543.467701760779,3260.797,-239.202880859375,-6.834368024553572
2026-07-21,Uttarakhand,Dehradoon,Rishikesh APMC,Dusheri,2500.0,4000.0,3500.0,2026,7,21,202,1,30,3500.0,3000.0,1500.0,0.0,500.0,3183.3333333333335,2807.1428571428573,622.1123769254314,3459.4358,-40.564208984375,-1.1589773995535715
2026-07-22,Uttarakhand,Dehradoon,Rishikesh APMC,Dusheri,2600.0,4100.0,3500.0,2026,7,22,203,2,30,3500.0,3050.0,2800.0,0.0,450.0,3350.0,3092.8571428571427,294.9979822368458,3448.61,-51.389892578125,-1.4682826450892856
2026-07-23,Uttarakhand,Dehradoon,Rishikesh APMC,Dusheri,2600.0,4000.0,3550.0,2026,7,23,204,3,30,3500.0,3500.0,2800.0,50.0,50.0,3500.0,3192.8571428571427,297.8094628961229,3441.3179,-108.68212890625,-3.0614684198943665
2026-07-24,Uttarakhand,Dehradoon,Rishikesh APMC,Dusheri,2650.0,4000.0,3500.0,2026,7,24,205,4,30,3550.0,3500.0,3000.0,-50.0,0.0,3516.6666666666665,3300.0,266.14532371119077,3457.389,-42.611083984375,-1.2174595424107144
2026-07-25,Uttarakhand,Dehradoon,Rishikesh APMC,Dusheri,2800.0,4500.0,3800.0,2026,7,25,206,5,30,3500.0,3500.0,3000.0,300.0,300.0,3516.6666666666665,3371.4285714285716,237.7974328028381,3705.6216,-94.37841796875,-2.483642578125
2026-07-17,Uttarakhand,Dehradoon,Rishikesh APMC,Langra,2000.0,3650.0,2800.0,2026,7,17,198,4,29,2800.0,2800.0,2100.0,0.0,0.0,2800.0,2585.714285714286,367.0993118515816,2871.3372,71.337158203125,2.547755650111607
2026-07-18,Uttarakhand,Dehradoon,Rishikesh APMC,Langra,2000.0,3600.0,2800.0,2026,7,18,199,5,29,2800.0,2800.0,2000.0,0.0,0.0,2800.0,2685.714285714286,302.3715784073817,2879.0728,79.07275390625,2.8240269252232144
2026-07-19,Uttarakhand,Dehradoon,Rishikesh APMC,Langra,2000.0,3700.0,2800.0,2026,7,19,200,6,29,2800.0,2800.0,2800.0,0.0,0.0,2800.0,2800.0,0.0,2877.6082,77.608154296875,2.7717197963169644
2026-07-20,Uttarakhand,Dehradoon,Rishikesh APMC,Langra,2200.0,3800.0,3200.0,2026,7,20,201,0,30,2800.0,2800.0,2800.0,400.0,400.0,2800.0,2800.0,0.0,3089.2378,-110.76220703125,-3.4613189697265625
2026-07-21,Uttarakhand,Dehradoon,Rishikesh APMC,Langra,2200.0,3850.0,3200.0,2026,7,21,202,1,30,3200.0,2800.0,2800.0,0.0,400.0,2933.3333333333335,2857.1428571428573,151.18578920369086,3142.507,-57.492919921875,-1.7966537475585938
2026-07-22,Uttarakhand,Dehradoon,Rishikesh APMC,Langra,2200.0,3800.0,3250.0,2026,7,22,203,2,30,3200.0,2800.0,2800.0,50.0,450.0,3066.6666666666665,2914.285714285714,195.1800145897065,3139.704,-110.2958984375,-3.393719951923077
2026-07-23,Uttarakhand,Dehradoon,Rishikesh APMC,Langra,2200.0,3850.0,3250.0,2026,7,23,204,3,30,3250.0,3200.0,2800.0,0.0,50.0,3216.6666666666665,2978.5714285714284,223.34044054078575,3235.0225,-14.9775390625,-0.46084735576923075
2026-07-24,Uttarakhand,Dehradoon,Rishikesh APMC,Langra,2200.0,3800.0,3200.0,2026,7,24,205,4,30,3250.0,3200.0,2800.0,-50.0,0.0,3233.3333333333335,3042.8571428571427,228.08728487973488,3190.7202,-9.27978515625,-0.2899932861328125
2026-07-25,Uttarakhand,Dehradoon,Rishikesh APMC,Langra,2400.0,4000.0,3500.0,2026,7,25,206,5,30,3200.0,3250.0,2800.0,300.0,250.0,3233.3333333333335,3100.0,206.1552812808824,3522.3325,22.33251953125,0.6380719866071429
2026-07-27,Uttarakhand,Dehradoon,Rishikesh APMC,Langra,2500.0,4500.0,3600.0,2026,7,27,208,0,31,3500.0,3250.0,2800.0,100.0,350.0,3316.6666666666665,3200.0,206.15528128088212,3544.9734,-55.026611328125,-1.5285169813368054
2026-07-28,Uttarakhand,Dehradoon,Rishikesh APMC,Langra,2500.0,4600.0,3650.0,2026,7,28,209,1,31,3600.0,3200.0,3200.0,50.0,450.0,3433.3333333333335,3314.285714285714,165.11179473891107,3662.9568,12.956787109375,0.35498046875
2026-07-29,Uttarakhand,Dehradoon,Rishikesh APMC,Langra,2500.0,4700.0,3600.0,2026,7,29,210,2,31,3650.0,3500.0,3200.0,-50.0,100.0,3583.3333333333335,3378.5714285714284,197.60470401186944,3653.1282,53.128173828125,1.4757826063368056
2026-07-18,Uttarakhand,Dehradoon,Rishikesh APMC,Other,1200.0,2300.0,1650.0,2026,7,18,199,5,29,1600.0,1600.0,1000.0,50.0,50.0,1566.6666666666667,1307.142857142857,262.08868001208333,1615.0463,-34.9537353515625,-2.118408203125
2026-07-19,Uttarakhand,Dehradoon,Rishikesh APMC,Other,1200.0,2300.0,1600.0,2026,7,19,200,6,29,1650.0,1500.0,1000.0,-50.0,100.0,1583.3333333333333,1400.0,250.00000000000003,1623.6033,23.603271484375,1.4752044677734375
2026-07-20,Uttarakhand,Dehradoon,Rishikesh APMC,Other,1500.0,2000.0,1800.0,2026,7,20,201,0,30,1600.0,1600.0,1200.0,200.0,200.0,1616.6666666666667,1485.7142857142858,184.1970994032518,1736.6012,-63.3988037109375,-3.5221557617187504
2026-07-22,Uttarakhand,Dehradoon,Rishikesh APMC,Other,1600.0,2000.0,1850.0,2026,7,22,203,2,30,1800.0,1650.0,1250.0,50.0,200.0,1683.3333333333333,1571.428571428571,167.97108594721203,1824.6226,-25.37744140625,-1.371753589527027
2026-07-23,Uttarakhand,Dehradoon,Rishikesh APMC,Other,1650.0,2000.0,1825.0,2026,7,23,204,3,30,1850.0,1600.0,1600.0,-25.0,225.0,1750.0,1657.142857142857,123.92393980641027,1839.8801,14.880126953125,0.815349422089041
2026-07-24,Uttarakhand,Dehradoon,Rishikesh APMC,Other,1600.0,2000.0,1850.0,2026,7,24,205,4,30,1825.0,1800.0,1500.0,25.0,50.0,1825.0,1689.2857142857142,135.29069232054124,1850.545,0.5450439453125,0.029461834881756757
2026-07-25,Uttarakhand,Dehradoon,Rishikesh APMC,Other,2000.0,2800.0,2500.0,2026,7,25,206,5,30,1850.0,1850.0,1600.0,650.0,650.0,1841.6666666666667,1739.2857142857142,117.1334200612191,2336.725,-163.27490234375,-6.53099609375
2026-07-21,Uttarakhand,Dehradoon,Vikasnagar APMC,Other,300.0,800.0,800.0,2026,7,21,202,1,30,1200.0,1200.0,1200.0,-400.0,-400.0,1433.3333333333333,1300.0,264.575131106459,681.82874,-118.1712646484375,-14.771408081054688
2026-07-22,Uttarakhand,Dehradoon,Vikasnagar APMC,Other,400.0,900.0,900.0,2026,7,22,203,2,30,800.0,1900.0,1200.0,100.0,-1000.0,1300.0,1242.857142857143,325.86880211286905,824.18506,-75.81494140625,-8.423882378472221
2026-07-26,Uttarakhand,Dehradoon,Vikasnagar APMC,Other,400.0,1000.0,1000.0,2026,7,26,207,6,30,900.0,1200.0,1200.0,100.0,-200.0,966.6666666666666,1200.0,351.1884584284246,927.10614,-72.89385986328125,-7.289385986328124
2026-07-27,Uttarakhand,Dehradoon,Vikasnagar APMC,Other,400.0,1000.0,1000.0,2026,7,27,208,0,31,1000.0,800.0,1200.0,0.0,200.0,900.0,1171.428571428571,359.23198500080565,942.04944,-57.9505615234375,-5.79505615234375
2026-07-28,Uttarakhand,Dehradoon,Vikasnagar APMC,Other,400.0,800.0,800.0,2026,7,28,209,1,31,1000.0,900.0,1200.0,-200.0,-100.0,966.6666666666666,1142.857142857143,364.4957377763736,684.8504,-115.14959716796875,-14.393699645996094
2026-07-29,Uttarakhand,Dehradoon,Vikasnagar APMC,Other,500.0,900.0,900.0,2026,7,29,210,2,31,800.0,1000.0,1900.0,100.0,-100.0,933.3333333333334,1085.7142857142858,384.83144114694954,1063.3456,163.3455810546875,18.14950900607639
2026-07-14,Uttarakhand,Garhwal (Pauri),Kotadwara APMC,Other,2000.0,2000.0,2000.0,2026,7,14,195,1,29,2100.0,1800.0,2500.0,-100.0,200.0,1866.6666666666667,2042.857142857143,335.9421718944242,2033.5226,33.5225830078125,1.676129150390625
2026-07-15,Uttarakhand,Garhwal (Pauri),Kotadwara APMC,Other,1500.0,1500.0,1500.0,2026,7,15,196,2,29,2000.0,1700.0,2500.0,-500.0,-200.0,1933.3333333333333,1971.428571428571,269.03708365381965,1754.496,254.4959716796875,16.966398111979167
2026-07-16,Uttarakhand,Garhwal (Pauri),Kotadwara APMC,Other,2100.0,2100.0,2100.0,2026,7,16,197,3,29,1500.0,2100.0,1800.0,600.0,0.0,1866.6666666666667,1828.571428571429,197.6047040118708,1991.2957,-108.704345703125,-5.176397414434524
2026-07-17,Uttarakhand,Garhwal (Pauri),Kotadwara APMC,Other,2000.0,2000.0,2000.0,2026,7,17,198,4,29,2100.0,2000.0,1900.0,-100.0,0.0,1866.6666666666667,1871.428571428571,221.4669705568283,2032.5968,32.5968017578125,1.6298400878906252
2026-07-18,Uttarakhand,Garhwal (Pauri),Kotadwara APMC,Other,2100.0,2100.0,2100.0,2026,7,18,199,5,29,2000.0,1500.0,1800.0,100.0,600.0,1866.6666666666667,1885.7142857142856,226.77868380553633,2075.8167,-24.183349609375,-1.1515880766369047
2026-07-20,Uttarakhand,Garhwal (Pauri),Kotadwara APMC,Other,1800.0,1800.0,1800.0,2026,7,20,201,0,30,2100.0,2100.0,1700.0,-300.0,-300.0,2066.6666666666665,1928.571428571429,236.03873774083297,1886.9083,86.9083251953125,4.828240288628472
2026-07-21,Uttarakhand,Garhwal (Pauri),Kotadwara APMC,Other,1900.0,1900.0,1900.0,2026,7,21,202,1,30,1800.0,2000.0,2100.0,100.0,-100.0,1966.6666666666667,1942.857142857143,222.5394561056747,1904.2665,4.2664794921875,0.22455155222039472
2026-07-22,Uttarakhand,Garhwal (Pauri),Kotadwara APMC,Other,2000.0,2000.0,2000.0,2026,7,22,203,2,30,1900.0,2100.0,2000.0,100.0,-100.0,1933.3333333333333,1914.2857142857144,211.57009420498153,2045.6698,45.6697998046875,2.2834899902343753
2026-07-23,Uttarakhand,Garhwal (Pauri),Kotadwara APMC,Other,2100.0,2100.0,2100.0,2026,7,23,204,3,30,2000.0,1800.0,1500.0,100.0,300.0,1900.0,1914.2857142857144,211.57009420498153,2115.2888,15.288818359375,0.7280389694940476
2026-07-24,Uttarakhand,Garhwal (Pauri),Kotadwara APMC,Other,2500.0,2500.0,2500.0,2026,7,24,205,4,30,2100.0,1900.0,2100.0,400.0,600.0,2000.0,2000.0,115.47005383792504,2413.832,-86.16796875,-3.4467187500000005
2026-07-25,Uttarakhand,Garhwal (Pauri),Kotadwara APMC,Other,2500.0,2500.0,2500.0,2026,7,25,206,5,30,2500.0,2000.0,2000.0,0.0,500.0,2200.0,2057.1428571428573,222.5394561056746,2496.8884,-3.111572265625,-0.124462890625
2026-07-27,Uttarakhand,Garhwal (Pauri),Kotadwara APMC,Other,2800.0,2800.0,2800.0,2026,7,27,208,0,31,2500.0,2100.0,2100.0,300.0,700.0,2366.6666666666665,2128.5714285714284,275.1622897751173,2751.0107,-48.9892578125,-1.7496163504464284
2026-07-28,Uttarakhand,Garhwal (Pauri),Kotadwara APMC,Other,2800.0,2800.0,2800.0,2026,7,28,209,1,31,2800.0,2500.0,1800.0,0.0,300.0,2600.0,2228.5714285714284,372.8908942943215,2743.8787,-56.121337890625,-2.00433349609375
2026-07-29,Uttarakhand,Garhwal (Pauri),Kotadwara APMC,Other,2800.0,2800.0,2800.0,2026,7,29,210,2,31,2800.0,2500.0,1900.0,0.0,300.0,2700.0,2371.4285714285716,372.8908942943213,2752.7102,-47.289794921875,-1.6889212472098216
2026-07-18,Uttarakhand,Haridwar,Bhagwanpur(Naveen Mandi Sthal) APMC,Other,1200.0,1500.0,1300.0,2026,7,18,199,5,29,700.0,1150.0,600.0,600.0,150.0,950.0,992.8571428571428,300.59464875001163,1276.7616,-23.2384033203125,-1.7875694861778848
2026-07-20,Uttarakhand,Haridwar,Bhagwanpur(Naveen Mandi Sthal) APMC,Other,800.0,1200.0,1001.0,2026,7,20,201,0,30,1300.0,1000.0,900.0,-299.0,1.0,1000.0,1092.857142857143,262.0886800120833,1087.1329,86.1329345703125,8.604688768262987
2026-07-21,Uttarakhand,Haridwar,Bhagwanpur(Naveen Mandi Sthal) APMC,Other,1000.0,1300.0,1200.0,2026,7,21,202,1,30,1001.0,700.0,1500.0,199.0,500.0,1000.3333333333334,1107.2857142857142,252.29923654641672,1241.8766,41.8765869140625,3.489715576171875
2026-07-23,Uttarakhand,Haridwar,Bhagwanpur(Naveen Mandi Sthal) APMC,Other,1500.0,2500.0,1650.0,2026,7,23,204,3,30,1200.0,1300.0,1100.0,450.0,350.0,1167.0,1064.428571428571,192.97828646668785,1686.8829,36.8829345703125,2.2353293678977275
2026-07-24,Uttarakhand,Haridwar,Bhagwanpur(Naveen Mandi Sthal) APMC,Other,600.0,800.0,750.0,2026,7,24,205,4,30,1650.0,1001.0,1150.0,-900.0,-251.0,1283.6666666666667,1143.0,294.91750258900083,1092.6146,342.6146240234375,45.681949869791666
2026-07-26,Uttarakhand,Haridwar,Bhagwanpur(Naveen Mandi Sthal) APMC,Other,1200.0,1600.0,1500.0,2026,7,26,207,6,30,750.0,1200.0,1000.0,750.0,300.0,1200.0,1085.857142857143,330.00021645014544,1360.7565,-139.2435302734375,-9.282902018229166
2026-07-27,Uttarakhand,Haridwar,Bhagwanpur(Naveen Mandi Sthal) APMC,Other,600.0,1400.0,800.0,2026,7,27,208,0,31,1500.0,1650.0,700.0,-700.0,-850.0,1300.0,1157.2857142857142,360.9777067381097,1137.4634,337.46337890625,42.18292236328125
2026-07-17,Uttarakhand,Haridwar,Haridwar Union APMC,Dusheri,1000.0,2500.0,1500.0,2026,7,17,198,4,29,1200.0,1600.0,2000.0,300.0,-100.0,1433.3333333333333,1542.857142857143,237.0453040886408,1563.8832,63.8831787109375,4.258878580729167
2026-07-18,Uttarakhand,Haridwar,Haridwar Union APMC,Dusheri,1000.0,2200.0,1500.0,2026,7,18,199,5,29,1500.0,1500.0,1500.0,0.0,0.0,1400.0,1471.428571428571,125.35663410560178,1594.8757,94.875732421875,6.325048828125
2026-07-21,Uttarakhand,Haridwar,Haridwar Union APMC,Dusheri,1000.0,2000.0,1300.0,2026,7,21,202,1,30,1500.0,1200.0,1500.0,-200.0,100.0,1400.0,1471.428571428571,125.35663410560178,1506.2756,206.275634765625,15.867356520432693
2026-07-21,Uttarakhand,Haridwar,Haridwar Union APMC,Other,2000.0,3500.0,2500.0,2026,7,21,202,1,30,2200.0,2500.0,2000.0,300.0,0.0,2400.0,2385.714285714286,203.54009783964293,2534.5913,34.59130859375,1.38365234375
2026-07-22,Uttarakhand,Haridwar,Haridwar Union APMC,Other,2000.0,3500.0,2500.0,2026,7,22,203,2,30,2500.0,2500.0,2500.0,0.0,0.0,2400.0,2457.1428571428573,113.38934190276812,2600.7773,100.77734375,4.03109375
2026-07-23,Uttarakhand,Haridwar,Haridwar Union APMC,Other,1500.0,2500.0,2000.0,2026,7,23,204,3,30,2500.0,2200.0,2500.0,-500.0,-200.0,2400.0,2457.1428571428573,113.38934190276812,2265.2568,265.2568359375,13.262841796875
2026-07-24,Uttarakhand,Haridwar,Haridwar Union APMC,Other,2000.0,3000.0,2500.0,2026,7,24,205,4,30,2000.0,2500.0,2500.0,500.0,0.0,2333.3333333333335,2385.714285714286,203.54009783964293,2427.9348,-72.065185546875,-2.882607421875
2026-07-25,Uttarakhand,Haridwar,Haridwar Union APMC,Other,2000.0,3500.0,2500.0,2026,7,25,206,5,30,2500.0,2500.0,2500.0,0.0,0.0,2333.3333333333335,2385.714285714286,203.54009783964293,2586.004,86.00390625,3.4401562500000002
2026-07-27,Uttarakhand,Haridwar,Haridwar Union APMC,Other,1500.0,2500.0,2000.0,2026,7,27,208,0,31,2500.0,2000.0,2500.0,-500.0,0.0,2333.3333333333335,2385.714285714286,203.54009783964293,2232.7397,232.73974609375,11.6369873046875
2026-07-28,Uttarakhand,Haridwar,Haridwar Union APMC,Other,2000.0,3000.0,2500.0,2026,7,28,209,1,31,2000.0,2500.0,2200.0,500.0,0.0,2333.3333333333335,2314.285714285714,241.029537806548,2441.1938,-58.80615234375,-2.35224609375
2026-07-29,Uttarakhand,Haridwar,Haridwar Union APMC,Other,1500.0,2500.0,2000.0,2026,7,29,210,2,31,2500.0,2500.0,2500.0,-500.0,-500.0,2333.3333333333335,2357.1428571428573,243.97501823713327,2246.1553,246.1552734375,12.307763671875
2026-07-14,Uttarakhand,Haridwar,Manglaur APMC,Other,800.0,1200.0,900.0,2026,7,14,195,1,29,800.0,900.0,1200.0,100.0,0.0,900.0,1057.142857142857,161.8347187425374,1036.7128,136.7127685546875,15.190307617187502
2026-07-15,Uttarakhand,Haridwar,Manglaur APMC,Other,800.0,1100.0,900.0,2026,7,15,196,2,29,900.0,1000.0,1200.0,0.0,-100.0,900.0,1014.2857142857144,157.3591584938886,1027.0513,127.05126953125,14.116807725694445
2026-07-16,Uttarakhand,Haridwar,Manglaur APMC,Other,800.0,1000.0,900.0,2026,7,16,197,3,29,900.0,800.0,1200.0,0.0,100.0,866.6666666666666,971.4285714285714,138.0131118684708,1034.4404,134.4404296875,14.937825520833334
2026-07-17,Uttarakhand,Haridwar,Manglaur APMC,Other,800.0,1200.0,900.0,2026,7,17,198,4,29,900.0,900.0,1100.0,0.0,0.0,900.0,928.5714285714286,95.11897312113403,1017.82214,117.8221435546875,13.091349283854168
2026-07-18,Uttarakhand,Haridwar,Manglaur APMC,Other,800.0,1200.0,1000.0,2026,7,18,199,5,29,900.0,900.0,900.0,100.0,100.0,900.0,900.0,57.735026918962355,1111.5912,111.5911865234375,11.15911865234375
2026-07-21,Uttarakhand,Haridwar,Manglaur APMC,Other,800.0,1500.0,1200.0,2026,7,21,202,1,30,1000.0,900.0,1000.0,200.0,300.0,933.3333333333334,914.2857142857144,69.00655593423522,1278.7047,78.7047119140625,6.558725992838542
2026-07-22,Uttarakhand,Haridwar,Manglaur APMC,Other,900.0,1400.0,1200.0,2026,7,22,203,2,30,1200.0,900.0,800.0,0.0,300.0,1033.3333333333333,942.8571428571428,127.24180205607026,1268.028,68.0279541015625,5.668996175130208
2026-07-23,Uttarakhand,Haridwar,Manglaur APMC,Other,1000.0,1500.0,1200.0,2026,7,23,204,3,30,1200.0,1000.0,900.0,0.0,200.0,1133.3333333333333,1000.0,141.42135623730937,1271.8778,71.8778076171875,5.989817301432292
2026-07-27,Uttarakhand,Haridwar,Manglaur APMC,Other,1000.0,2000.0,1500.0,2026,7,27,208,0,31,1200.0,1200.0,900.0,300.0,300.0,1200.0,1042.857142857143,151.18578920369075,1478.7207,-21.279296875,-1.4186197916666667
2026-07-28,Uttarakhand,Haridwar,Manglaur APMC,Other,1000.0,1500.0,1200.0,2026,7,28,209,1,31,1500.0,1200.0,900.0,-300.0,0.0,1300.0,1128.571428571429,213.8089935299394,1342.273,142.27294921875,11.8560791015625
2026-07-29,Uttarakhand,Haridwar,Manglaur APMC,Other,1000.0,1800.0,1500.0,2026,7,29,210,2,31,1200.0,1200.0,900.0,300.0,300.0,1300.0,1171.428571428571,188.98223650461344,1468.3997,-31.600341796875,-2.106689453125
2026-07-12,Uttarakhand,Haridwar,Roorkee APMC,Other,1100.0,1600.0,1400.0,2026,7,12,193,6,28,1300.0,1300.0,1200.0,100.0,100.0,1300.0,1271.428571428571,48.79500364742664,1395.6155,-4.384521484375,-0.3131801060267857
2026-07-13,Uttarakhand,Haridwar,Roorkee APMC,Other,1100.0,1600.0,1400.0,2026,7,13,194,0,29,1400.0,1300.0,1300.0,0.0,100.0,1333.3333333333333,1300.0,57.73502691896247,1411.2782,11.2781982421875,0.8055855887276786
2026-07-14,Uttarakhand,Haridwar,Roorkee APMC,Other,1100.0,1800.0,1350.0,2026,7,14,195,1,29,1400.0,1300.0,1300.0,-50.0,50.0,1366.6666666666667,1314.2857142857142,69.0065559342353,1426.3469,76.346923828125,5.655327690972222
2026-07-16,Uttarakhand,Haridwar,Roorkee APMC,Other,1200.0,1600.0,1400.0,2026,7,16,197,3,29,1350.0,1400.0,1200.0,50.0,0.0,1383.3333333333333,1321.428571428571,69.86381310057703,1418.0023,18.0023193359375,1.2858799525669642
2026-07-17,Uttarakhand,Haridwar,Roorkee APMC,Other,1200.0,1600.0,1400.0,2026,7,17,198,4,29,1400.0,1400.0,1300.0,0.0,0.0,1383.3333333333333,1350.0,49.99999999999959,1419.8966,19.8966064453125,1.4211861746651786
2026-07-18,Uttarakhand,Haridwar,Roorkee APMC,Other,1200.0,2000.0,1500.0,2026,7,18,199,5,29,1400.0,1350.0,1300.0,100.0,150.0,1383.3333333333333,1364.2857142857142,47.5594865605666,1571.0839,71.0838623046875,4.738924153645834
2026-07-19,Uttarakhand,Haridwar,Roorkee APMC,Other,1200.0,1800.0,1500.0,2026,7,19,200,6,29,1500.0,1400.0,1300.0,0.0,100.0,1433.3333333333333,1392.857142857143,60.749289629395086,1571.446,71.446044921875,4.763069661458333
2026-07-20,Uttarakhand,Haridwar,Roorkee APMC,Other,1200.0,1800.0,1500.0,2026,7,20,201,0,30,1500.0,1400.0,1400.0,0.0,100.0,1466.6666666666667,1421.428571428571,56.69467095138336,1566.2513,66.2513427734375,4.416756184895833
2026-07-21,Uttarakhand,Haridwar,Roorkee APMC,Other,1200.0,1800.0,1500.0,2026,7,21,202,1,30,1500.0,1500.0,1400.0,0.0,0.0,1500.0,1435.7142857142858,62.678317052800125,1567.6514,67.6513671875,4.510091145833333
2026-07-22,Uttarakhand,Haridwar,Roorkee APMC,Other,1200.0,2000.0,1500.0,2026,7,22,203,2,30,1500.0,1500.0,1350.0,0.0,0.0,1500.0,1450.0,64.5497224367895,1621.9928,121.9927978515625,8.132853190104166
2026-07-23,Uttarakhand,Haridwar,Roorkee APMC,Other,1200.0,2000.0,1500.0,2026,7,23,204,3,30,1500.0,1500.0,1400.0,0.0,0.0,1500.0,1471.428571428571,48.79500364742548,1625.8427,125.8426513671875,8.389510091145834
2026-07-24,Uttarakhand,Haridwar,Roorkee APMC,Other,1200.0,1800.0,1500.0,2026,7,24,205,4,30,1500.0,1500.0,1400.0,0.0,0.0,1500.0,1485.7142857142858,37.79644730092106,1590.9622,90.962158203125,6.064143880208333
2026-07-25,Uttarakhand,Haridwar,Roorkee APMC,Other,1200.0,2000.0,1500.0,2026,7,25,206,5,30,1500.0,1500.0,1500.0,0.0,0.0,1500.0,1500.0,0.0,1592.0991,92.09912109375,6.13994140625
2026-07-26,Uttarakhand,Haridwar,Roorkee APMC,Other,1200.0,1800.0,1500.0,2026,7,26,207,6,30,1500.0,1500.0,1500.0,0.0,0.0,1500.0,1500.0,0.0,1562.9996,62.9996337890625,4.1999755859375005
2026-07-27,Uttarakhand,Haridwar,Roorkee APMC,Other,1300.0,2000.0,1600.0,2026,7,27,208,0,31,1500.0,1500.0,1500.0,100.0,100.0,1500.0,1500.0,0.0,1610.1313,10.13134765625,0.633209228515625
2026-07-28,Uttarakhand,Haridwar,Roorkee APMC,Other,1300.0,2000.0,1600.0,2026,7,28,209,1,31,1600.0,1500.0,1500.0,0.0,100.0,1533.3333333333333,1514.2857142857142,37.796447300922736,1645.3372,45.337158203125,2.8335723876953125
2026-07-29,Uttarakhand,Haridwar,Roorkee APMC,Other,1200.0,2000.0,1500.0,2026,7,29,210,2,31,1600.0,1500.0,1500.0,-100.0,0.0,1566.6666666666667,1528.571428571429,48.79500364742671,1641.6224,141.6224365234375,9.441495768229165
2026-07-21,Uttarakhand,Nanital,Haldwani APMC,Other,1500.0,3000.0,2200.0,2026,7,21,202,1,30,2250.0,3000.0,1900.0,-50.0,-800.0,2150.0,2021.428571428571,641.5197729202266,2325.507,125.507080078125,5.704867276278409
2026-07-22,Uttarakhand,Nanital,Haldwani APMC,Other,1500.0,3000.0,2000.0,2026,7,22,203,2,30,2200.0,1200.0,1400.0,-200.0,800.0,1883.3333333333333,2064.285714285714,642.0762452870413,2254.8926,254.892578125,12.74462890625
2026-07-23,Uttarakhand,Nanital,Haldwani APMC,Other,1600.0,2200.0,1800.0,2026,7,23,204,3,30,2000.0,2250.0,1800.0,-200.0,-450.0,2150.0,2150.0,575.1811308912467,1946.7754,146.775390625,8.154188368055555
2026-07-24,Uttarakhand,Nanital,Haldwani APMC,Other,1500.0,3000.0,2500.0,2026,7,24,205,4,30,1800.0,2200.0,2600.0,700.0,300.0,2000.0,2150.0,575.1811308912467,2401.2173,-98.78271484375,-3.95130859375
2026-07-27,Uttarakhand,Nanital,Haldwani APMC,Other,2000.0,2500.0,2200.0,2026,7,27,208,0,31,2500.0,2000.0,3000.0,-300.0,200.0,2100.0,2135.714285714286,563.2600684958102,2255.001,55.0009765625,2.5000443892045454
2026-07-28,Uttarakhand,Nanital,Haldwani APMC,Other,700.0,2500.0,1500.0,2026,7,28,209,1,31,2200.0,1800.0,1200.0,-700.0,-300.0,2166.6666666666665,2021.428571428571,422.1543387367774,1889.8087,389.8087158203125,25.987247721354166
2026-07-29,Uttarakhand,Nanital,Haldwani APMC,Other,800.0,2500.0,1500.0,2026,7,29,210,2,31,1500.0,2500.0,2250.0,0.0,-1000.0,2066.6666666666665,2064.285714285714,330.0432872042263,1759.37,259.3699951171875,17.2913330078125
2026-07-23,Uttarakhand,Nanital,Ramnagar APMC,Other,2000.0,3000.0,2500.0,2026,7,23,204,3,30,2500.0,2500.0,2000.0,0.0,0.0,2500.0,2428.5714285714284,188.9822365046136,2548.5496,48.549560546875,1.941982421875
2026-07-25,Uttarakhand,Nanital,Ramnagar APMC,Other,2000.0,3000.0,2500.0,2026,7,25,206,5,30,2500.0,2500.0,2500.0,0.0,0.0,2500.0,2500.0,0.0,2698.9631,198.963134765625,7.958525390625
2026-07-27,Uttarakhand,Udhamsinghnagar,Jaspur(UC) APMC,Other,3000.0,3500.0,3265.0,2026,7,27,208,0,31,2631.0,2339.0,2000.0,634.0,926.0,2590.0,2234.8571428571427,367.9793601872388,3056.9705,-208.029541015625,-6.37150202191807
2026-07-28,Uttarakhand,Udhamsinghnagar,Jaspur(UC) APMC,Other,3200.0,3500.0,3425.0,2026,7,28,209,1,31,3265.0,2800.0,2000.0,160.0,625.0,2898.6666666666665,2415.5714285714284,514.7630060337985,3227.0525,-197.947509765625,-5.779489336222627
2026-07-29,Uttarakhand,Udhamsinghnagar,Jaspur(UC) APMC,Other,2800.0,2800.0,2800.0,2026,7,29,210,2,31,3425.0,2631.0,1800.0,-625.0,169.0,3107.0,2619.1428571428573,598.0583663187145,2829.1548,29.15478515625,1.0412423270089286
2026-07-18,Uttarakhand,Udhamsinghnagar,Kashipur APMC,Other,2400.0,2500.0,2450.0,2026,7,18,199,5,29,2250.0,2300.0,1450.0,200.0,150.0,2350.0,2142.8571428571427,334.69958100333724,2443.9495,-6.050537109375,-0.24696069834183673
2026-07-20,Uttarakhand,Udhamsinghnagar,Kashipur APMC,Other,2200.0,2400.0,2300.0,2026,7,20,201,0,30,2450.0,2500.0,2100.0,-150.0,-200.0,2400.0,2285.714285714286,154.68862734076967,2360.0774,60.077392578125,2.612060546875
2026-07-21,Uttarakhand,Udhamsinghnagar,Kashipur APMC,Other,2000.0,2000.0,2000.0,2026,7,21,202,1,30,2300.0,2250.0,2100.0,-300.0,-250.0,2333.3333333333335,2314.285714285714,131.38456820306135,2152.538,152.5380859375,7.626904296875001
2026-07-22,Uttarakhand,Udhamsinghnagar,Kashipur APMC,Other,2500.0,2500.0,2500.0,2026,7,22,203,2,30,2000.0,2450.0,2300.0,500.0,50.0,2250.0,2300.0,160.72751268321622,2351.4136,-148.58642578125,-5.9434570312499995
2026-07-23,Uttarakhand,Udhamsinghnagar,Kashipur APMC,Other,2200.0,2200.0,2200.0,2026,7,23,204,3,30,2500.0,2300.0,2300.0,-300.0,-100.0,2266.6666666666665,2328.5714285714284,177.61649430055527,2263.7666,63.7666015625,2.8984818892045454
2026-07-24,Uttarakhand,Udhamsinghnagar,Kicchha APMC,Chausa,3000.0,4000.0,3500.0,2026,7,24,205,4,30,3500.0,3600.0,4500.0,0.0,-100.0,3533.3333333333335,3657.142857142858,373.5288603626359,3587.6526,87.652587890625,2.5043596540178568
2026-07-25,Uttarakhand,Udhamsinghnagar,Kicchha APMC,Chausa,3000.0,4000.0,3500.0,2026,7,25,206,5,30,3500.0,3500.0,3500.0,0.0,0.0,3500.0,3514.285714285714,37.796447300924285,3571.8853,71.88525390625,2.0538643973214286
2026-07-27,Uttarakhand,Udhamsinghnagar,Kicchha APMC,Chausa,3000.0,4000.0,3500.0,2026,7,27,208,0,31,3500.0,3500.0,3500.0,0.0,0.0,3500.0,3514.285714285714,37.796447300924285,3535.1653,35.165283203125,1.0047223772321427
2026-07-29,Uttarakhand,Udhamsinghnagar,Kicchha APMC,Chausa,3000.0,4000.0,3500.0,2026,7,29,210,2,31,3500.0,3500.0,3500.0,0.0,0.0,3500.0,3514.285714285714,37.796447300924285,3563.5867,63.586669921875,1.8167619977678573
2026-07-17,Uttarakhand,Udhamsinghnagar,Rudrapur APMC,Other,2000.0,4000.0,3000.0,2026,7,17,198,4,29,3000.0,3000.0,2000.0,0.0,0.0,3000.0,2857.1428571428573,377.9644730092272,3024.9312,24.93115234375,0.8310384114583333
2026-07-18,Uttarakhand,Udhamsinghnagar,Rudrapur APMC,Other,2000.0,5000.0,3000.0,2026,7,18,199,5,29,3000.0,3000.0,3000.0,0.0,0.0,3000.0,3000.0,0.0,3032.8552,32.855224609375,1.0951741536458333
2026-07-21,Uttarakhand,Udhamsinghnagar,Rudrapur APMC,Other,3000.0,6000.0,5000.0,2026,7,21,202,1,30,3000.0,3000.0,3000.0,2000.0,2000.0,3000.0,3000.0,0.0,4074.351,-925.64892578125,-18.512978515625
2026-07-22,Uttarakhand,Udhamsinghnagar,Rudrapur APMC,Other,2000.0,5000.0,4000.0,2026,7,22,203,2,30,5000.0,3000.0,3000.0,-1000.0,1000.0,3666.6666666666665,3285.714285714286,755.9289460184544,3915.38,-84.6201171875,-2.1155029296875
2026-07-25,Uttarakhand,Udhamsinghnagar,Rudrapur APMC,Other,4000.0,6500.0,5000.0,2026,7,25,206,5,30,4000.0,3000.0,3000.0,1000.0,2000.0,4000.0,3428.5714285714284,786.7957924694432,4254.072,-745.92822265625,-14.918564453124999
2026-07-28,Uttarakhand,Udhamsinghnagar,Rudrapur APMC,Other,4000.0,6000.0,5000.0,2026,7,28,209,1,31,5000.0,5000.0,3000.0,0.0,0.0,4666.666666666667,3714.285714285714,951.1897312113416,4733.761,-266.23876953125,-5.324775390625
2026-07-29,Uttarakhand,Udhamsinghnagar,Rudrapur APMC,Other,4000.0,8000.0,6000.0,2026,7,29,210,2,31,5000.0,4000.0,3000.0,1000.0,2000.0,4666.666666666667,4000.0,999.9999999999995,5343.3384,-656.66162109375,-10.9443603515625
2026-07-15,Uttarakhand,Udhamsinghnagar,Sitarganj APMC,Dusheri,1500.0,3500.0,2000.0,2026,7,15,196,2,29,2000.0,2000.0,2500.0,0.0,0.0,2000.0,2000.0,288.67513459481285,2222.5886,222.588623046875,11.129431152343749
2026-07-17,Uttarakhand,Udhamsinghnagar,Sitarganj APMC,Dusheri,1500.0,3500.0,2000.0,2026,7,17,198,4,29,2000.0,2000.0,1500.0,0.0,0.0,2000.0,1928.571428571429,188.9822365046136,2223.4727,223.47265625,11.173632812500001
2026-07-18,Uttarakhand,Udhamsinghnagar,Sitarganj APMC,Dusheri,2500.0,5000.0,3000.0,2026,7,18,199,5,29,2000.0,2000.0,2000.0,1000.0,1000.0,2000.0,2000.0,0.0,3066.2607,66.2607421875,2.2086914062500003
2026-07-21,West Bengal,Kolkata,Mechua APMC,Other,5600.0,6000.0,5800.0,2026,7,21,202,1,30,5600.0,5400.0,4500.0,200.0,400.0,5533.333333333333,5242.857142857143,390.9694909544003,5748.0337,-51.96630859375,-0.8959708378232758
2026-07-22,West Bengal,Kolkata,Mechua APMC,Other,5600.0,6000.0,5800.0,2026,7,22,203,2,30,5800.0,5600.0,5000.0,0.0,200.0,5666.666666666667,5428.571428571428,269.0370836538202,5871.3545,71.3544921875,1.2302498653017242
2026-07-23,West Bengal,Kolkata,Mechua APMC,Other,5800.0,6200.0,6000.0,2026,7,23,204,3,30,5800.0,5600.0,5200.0,200.0,400.0,5733.333333333333,5542.857142857143,222.53945610567536,6102.0674,102.0673828125,1.7011230468749998
2026-07-25,West Bengal,Kolkata,Mechua APMC,Other,6000.0,6400.0,6200.0,2026,7,25,206,5,30,6000.0,5800.0,5400.0,200.0,400.0,5866.666666666667,5657.142857142857,222.53945610567536,6268.656,68.65576171875,1.1073509954637097
2026-07-26,West Bengal,Kolkata,Mechua APMC,Other,6000.0,6400.0,6200.0,2026,7,26,207,6,30,6200.0,5800.0,5400.0,0.0,400.0,6000.0,5771.428571428572,269.0370836538202,6328.7593,128.75927734375,2.0767625378024195
2026-07-28,West Bengal,Kolkata,Mechua APMC,Other,6300.0,6700.0,6500.0,2026,7,28,209,1,31,6200.0,6000.0,5600.0,300.0,500.0,6133.333333333333,5885.714285714285,254.48360411214108,6564.8076,64.8076171875,0.9970402644230769
2026-07-29,West Bengal,Kolkata,Mechua APMC,Other,6300.0,6700.0,6500.0,2026,7,29,210,2,31,6500.0,6200.0,5600.0,0.0,300.0,6300.0,6014.285714285715,307.8342163598855,6476.067,-23.93310546875,-0.36820162259615385
