date,state,district,market,commodity,variety,grade,min_price,max_price,modal_price
2026-07-02,Andhra Pradesh,Chittor,Bangarupalyam APMC,Mango,Badami,Grade B,2500.0,3500.0,3000.0
2026-07-02,Tamil Nadu,Kallakuruchi,Kallakurichi(Uzhavar Sandhai ),Mango,Other,Local,4000.0,4000.0,4000.0
2026-07-02,Tamil Nadu,Kallakuruchi,Sankarapuram(Uzhavar Sandhai ),Mango,Safeda,Local,5000.0,5000.0,5000.0
2026-07-02,Tamil Nadu,Kancheepuram,Kancheepuram(Uzhavar Sandhai ),Mango,Safeda,Local,2500.0,4500.0,3500.0
2026-07-02,Tamil Nadu,Kancheepuram,Kundrathur(Uzhavar Sandhai ),Mango,Safeda,Local,4000.0,5000.0,4500.0
2026-07-02,Tamil Nadu,Kancheepuram,Padappai(Uzhavar Sandhai ),Mango,Safeda,Local,2500.0,5000.0,3750.0
2026-07-02,Tamil Nadu,Karur,Gandhigramam(Uzhavar Sandhai),Mango,Other,Local,5000.0,8000.0,6500.0
2026-07-02,Tamil Nadu,Karur,Karur(Uzhavar Sandhai ),Mango,Neelam,Local,7500.0,8000.0,7750.0
2026-07-02,Tamil Nadu,Karur,Kulithalai(Uzhavar Sandhai ),Mango,Neelam,Local,5000.0,6000.0,5500.0
2026-07-02,Tamil Nadu,Karur,Pallapatti (Uzhavar Sandhai ),Mango,Other,Local,2500.0,3000.0,2750.0
2026-07-02,Tamil Nadu,Krishnagiri,Hosur(Uzhavar Sandhai ),Mango,Other,Local,6000.0,8000.0,7000.0
2026-07-02,Tamil Nadu,Krishnagiri,Krishnagiri(Uzhavar Sandhai ),Mango,Neelam,Local,2000.0,2500.0,2250.0
2026-07-02,Tamil Nadu,Madurai,Anaiyur(Uzhavar Sandhai ),Mango,Safeda,Local,3000.0,6000.0,4500.0
2026-07-02,Tamil Nadu,Madurai,Anna nagar(Uzhavar Sandhai ),Mango,Safeda,Local,5000.0,6000.0,5500.0
2026-07-02,Tamil Nadu,Erode,Sampath Nagar(Uzhavar Sandhai ),Mango,Safeda,Local,4000.0,6000.0,5000.0
2026-07-02,Tamil Nadu,Madurai,Chokkikulam(Uzhavar Sandhai ),Mango,Safeda,Local,3000.0,6000.0,4500.0
2026-07-02,Tamil Nadu,Nagapattinam,Nagapattinam(Uzhavar Sandhai ),Mango,Other,Local,4000.0,4500.0,4250.0
2026-07-02,Tamil Nadu,Nagercoil (Kannyiakumari),Myladi(Uzhavar Sandhai ),Mango,Safeda,Local,4500.0,5000.0,4750.0
2026-07-02,Tamil Nadu,Nagercoil (Kannyiakumari),Vadaseri APMC,Mango,Safeda,Local,7000.0,7500.0,7250.0
2026-07-02,Tamil Nadu,Namakkal,Mohanur(Uzhavar Sandhai ),Mango,Neelam,Local,3500.0,4000.0,3750.0
2026-07-02,Tamil Nadu,Namakkal,Namakkal(Uzhavar Sandhai ),Mango,Other,Local,2000.0,2500.0,2250.0
2026-07-02,Tamil Nadu,Perambalur,Perambalur(Uzhavar Sandhai ),Mango,Other,Local,4000.0,5000.0,4500.0
2026-07-02,Tamil Nadu,Pudukkottai,Pudukottai(Uzhavar Sandhai ),Mango,Other,Local,6000.0,7000.0,6500.0
2026-07-02,Tamil Nadu,Ranipet,Arcot(Uzhavar Sandhai ),Mango,Other,Local,2000.0,2000.0,2000.0
2026-07-02,Tamil Nadu,Salem,Ammapet(Uzhavar Sandhai ),Mango,Other,Local,6000.0,7000.0,6500.0
2026-07-02,Tamil Nadu,Salem,Athur(Uzhavar Sandhai ),Mango,Safeda,Local,3000.0,5000.0,4000.0
2026-07-02,Tamil Nadu,Salem,Edapadi (Uzhavar Sandhai ),Mango,Neelam,Local,4000.0,5000.0,4500.0
2026-07-02,Tamil Nadu,Salem,Elampillai(Uzhavar Sandhai ),Mango,Neelam,Local,3000.0,4000.0,3500.0
2026-07-02,Tamil Nadu,Salem,Hasthampatti(Uzhavar Sandhai ),Mango,Other,Local,6000.0,7000.0,6500.0
2026-07-02,Tamil Nadu,Madurai,Thirumangalam(Uzhavar Sandhai ),Mango,Safeda,Local,5000.0,6000.0,5500.0
2026-07-02,Tamil Nadu,Salem,Sooramangalam(Uzhavar Sandhai ),Mango,Other,Local,8000.0,10000.0,9000.0
2026-07-02,Tamil Nadu,Erode,Perundurai(Uzhavar Sandhai ),Mango,Safeda,Local,4500.0,5000.0,4750.0
2026-07-02,Tamil Nadu,Dindigul,Palani(Uzhavar Sandhai ),Mango,Other,Local,2000.0,3000.0,2500.0
2026-07-02,Punjab,Ropar (Rupnagar),Ropar APMC,Mango,Langra,Medium,4500.0,5200.0,5000.0
2026-07-02,Punjab,Ropar (Rupnagar),Ropar APMC,Mango,Safeda,Medium,5000.0,5500.0,5200.0
2026-07-02,Punjab,Sangrur,Dhuri APMC,Mango,Dusheri,Medium,3500.0,6500.0,5000.0
2026-07-02,Rajasthan,Ganganagar,Sriganganagar (F&V) APMC,Mango,Amrapali,Grade C,3500.0,3900.0,3700.0
2026-07-02,Rajasthan,Jaipur,Jaipur (F&V) APMC,Mango,Other,Medium,500.0,12000.0,6250.0
2026-07-02,Rajasthan,Jodhpur,Jodhpur (F&V) APMC,Mango,Badami,Medium,2000.0,4500.0,3250.0
2026-07-02,Rajasthan,Jodhpur,Jodhpur (F&V) APMC,Mango,Langra,Medium,1000.0,4000.0,2500.0
2026-07-02,Rajasthan,Udaipur,Udaipur (F&V) APMC,Mango,Other,Medium,2000.0,4000.0,3000.0
2026-07-02,Tamil Nadu,Chengalpattu,Guduvancheri(Uzhavar Sandhai ),Mango,Other,Local,5000.0,6000.0,5500.0
2026-07-02,Tamil Nadu,Chengalpattu,Jameenrayapettai(Uzhavar Sandhai ),Mango,Other,Local,5000.0,6000.0,5500.0
2026-07-02,Tamil Nadu,Chengalpattu,Nanganallur(Uzhavar Sandhai ),Mango,Other,Local,5000.0,6000.0,5500.0
2026-07-02,Tamil Nadu,Chengalpattu,Pallavaram(Uzhavar Sandhai ),Mango,Other,Local,5000.0,6000.0,5500.0
2026-07-02,Tamil Nadu,Coimbatore,Kurichi(Uzhavar Sandhai ),Mango,Neelam,Local,5000.0,6000.0,5500.0
2026-07-02,Tamil Nadu,Erode,Periyar Nagar(Uzhavar Sandhai ),Mango,Other,Local,4500.0,5000.0,4750.0
2026-07-02,Tamil Nadu,Coimbatore,Mettupalayam(Uzhavar Sandhai ),Mango,Safeda,Local,6000.0,10000.0,8000.0
2026-07-02,Tamil Nadu,Coimbatore,RSPuram(Uzhavar Sandhai ),Mango,Neelam,Local,6000.0,7000.0,6500.0
2026-07-02,Tamil Nadu,Coimbatore,Singanallur(Uzhavar Sandhai ),Mango,Safeda,Local,9000.0,12000.0,10500.0
2026-07-02,Tamil Nadu,Coimbatore,Sundarapuram(Uzhavar Sandhai ),Mango,Neelam,Local,5000.0,6000.0,5500.0
2026-07-02,Tamil Nadu,Coimbatore,Vadavalli(Uzhavar Sandhai ),Mango,Safeda,Local,7000.0,12000.0,9500.0
2026-07-02,Tamil Nadu,Cuddalore,Cuddalore(Uzhavar Sandhai ),Mango,Safeda,Local,3000.0,5000.0,4000.0
2026-07-02,Tamil Nadu,Cuddalore,Vadalur(Uzhavar Sandhai ),Mango,Neelam,Local,3000.0,3000.0,3000.0
2026-07-02,Tamil Nadu,Dharmapuri,AJattihalli(Uzhavar Sandhai ),Mango,Neelam,Local,6000.0,6000.0,6000.0
2026-07-02,Tamil Nadu,Dharmapuri,Dharmapuri(Uzhavar Sandhai ),Mango,Safeda,Local,4600.0,5000.0,4800.0
2026-07-02,Tamil Nadu,Dharmapuri,Karimangalam(Uzhavar Sandhai),Mango,Safeda,Local,3800.0,4000.0,3900.0
2026-07-02,Tamil Nadu,Dharmapuri,Palacode(Uzhavar Sandhai ),Mango,Safeda,Local,4600.0,5000.0,4800.0
2026-07-02,Tamil Nadu,Dharmapuri,Pennagaram(Uzhavar Sandhai ),Mango,Safeda,Local,3700.0,4000.0,3850.0
2026-07-02,Tamil Nadu,Dindigul,Chinnalapatti(Uzhavar Sandhai ),Mango,Neelam,Local,5000.0,6000.0,5500.0
2026-07-02,Tamil Nadu,Dindigul,Dindigul(Uzhavar Sandhai ),Mango,Safeda,Local,5000.0,6000.0,5500.0
2026-07-02,Tamil Nadu,Coimbatore,Pollachi(Uzhavar Sandhai ),Mango,Safeda,Local,5000.0,10000.0,7500.0
2026-07-02,Punjab,Ropar (Rupnagar),Ropar APMC,Mango,Dusheri,Medium,4000.0,4500.0,4200.0
2026-07-02,Tamil Nadu,Salem,Thammampatti (Uzhavar Sandhai ),Mango,Safeda,Local,4000.0,5000.0,4500.0
2026-07-02,Tamil Nadu,Salem,Vazhapadi(Uzhavar Sandhai),Mango,Other,Local,5000.0,5000.0,5000.0
2026-07-02,Tamil Nadu,Tuticorin,Tuticorin(Uzhavar Sandhai ),Mango,Safeda,Local,4000.0,5000.0,4500.0
2026-07-02,Tamil Nadu,Vellore,Gudiyatham(Uzhavar Sandhai ),Mango,Other,Local,4000.0,4000.0,4000.0
2026-07-02,Tamil Nadu,Vellore,Kahithapattarai(Uzhavar Sandhai ),Mango,Other,Local,4000.0,5000.0,4500.0
2026-07-02,Tamil Nadu,Vellore,Katpadi (Uzhavar Sandhai ),Mango,Safeda,Local,4000.0,6000.0,5000.0
2026-07-02,Tamil Nadu,Vellore,Pallikonda(Uzhavar Sandhai),Mango,Other,Local,4000.0,5000.0,4500.0
2026-07-02,Tamil Nadu,Vellore,Perampet(Uzhavar Sandhai),Mango,Safeda,Local,3000.0,4000.0,3500.0
2026-07-02,Tamil Nadu,Vellore,Thirupathur APMC,Mango,Safeda,Local,4000.0,4000.0,4000.0
2026-07-02,Tamil Nadu,Vellore,Vellore APMC,Mango,Other,Local,2500.0,3000.0,2750.0
2026-07-02,Tamil Nadu,Villupuram,Tindivanam APMC,Mango,Other,Local,7000.0,7000.0,7000.0
2026-07-02,Tamil Nadu,Villupuram,Villupuram(Uzhavar Sandhai ),Mango,Safeda,Local,5000.0,7000.0,6000.0
2026-07-02,Tamil Nadu,Virudhunagar,Aruppukottai(Uzhavar Sandhai ),Mango,Safeda,Local,5000.0,6000.0,5500.0
2026-07-02,Tamil Nadu,Virudhunagar,Srivilliputhur(Uzhavar Sandhai ),Mango,Safeda,Local,3500.0,4000.0,3750.0
2026-07-02,Uttar Pradesh,Farukhabad,Kayamganj APMC,Mango,Dusheri,Medium,4100.0,4200.0,4150.0
2026-07-02,Tamil Nadu,Thiruvellore,Tiruthani(Uzhavar Sandhai ),Mango,Other,Local,4000.0,4000.0,4000.0
2026-07-02,Uttarakhand,Dehradoon,Dehradoon APMC,Mango,Other,Grade B,1650.0,3000.0,2500.0
2026-07-02,Uttarakhand,Dehradoon,Rishikesh APMC,Mango,Langra,Medium,1600.0,2200.0,2100.0
2026-07-02,Uttarakhand,Dehradoon,Rishikesh APMC,Mango,Other,Medium,800.0,1500.0,1000.0
2026-07-02,Uttarakhand,Garhwal (Pauri),Kotadwara APMC,Mango,Other,Medium,2500.0,2500.0,2500.0
2026-07-02,Uttarakhand,Haridwar,Manglaur APMC,Mango,Other,Local,1000.0,1500.0,1200.0
2026-07-02,Uttarakhand,Haridwar,Roorkee APMC,Mango,Other,Local,1000.0,1600.0,1200.0
2026-07-02,Uttarakhand,Nanital,Haldwani APMC,Mango,Other,Grade A,1400.0,2200.0,1900.0
2026-07-02,Uttarakhand,Nanital,Ramnagar APMC,Mango,Other,Local,1500.0,2500.0,2000.0
2026-07-02,Uttarakhand,Udhamsinghnagar,Kashipur APMC,Mango,Other,Local,1100.0,1800.0,1450.0
2026-07-02,Uttarakhand,Udhamsinghnagar,Khateema APMC,Mango,Other,Grade A,1400.0,2200.0,2000.0
2026-07-02,Uttarakhand,Udhamsinghnagar,Kicchha APMC,Mango,Langra,Medium,2100.0,3000.0,2600.0
2026-07-02,Uttarakhand,Udhamsinghnagar,Rudrapur APMC,Mango,Other,Medium,1500.0,3000.0,2000.0
2026-07-02,Uttarakhand,Udhamsinghnagar,Sitarganj APMC,Mango,Dusheri,Local,1500.0,4000.0,2500.0
2026-07-02,West Bengal,Kolkata,Mechua APMC,Mango,Other,Grade A,4400.0,4700.0,4500.0
2026-07-02,Uttarakhand,Dehradoon,Rishikesh APMC,Mango,Dusheri,Medium,1800.0,2600.0,2000.0
2026-07-02,Tamil Nadu,Salem,Thathakapatti(Uzhavar Sandhai ),Mango,Other,Local,5000.0,6000.0,5500.0
2026-07-02,Tamil Nadu,Thiruvellore,Naravarikuppam(Uzhavar Sandhai ),Mango,Other,Local,5000.0,5000.0,5000.0
2026-07-02,Tamil Nadu,Thiruvarur,Mannargudi II(Uzhavar Sandhai ),Mango,Safeda,Local,4000.0,4000.0,4000.0
2026-07-02,Tamil Nadu,Sivaganga,Singampunari(Uzhavar Sandhai ),Mango,Other,Local,2600.0,3200.0,2900.0
2026-07-02,Tamil Nadu,Sivaganga,Sivagangai (Uzhavar Sandhai ),Mango,Safeda,Local,3500.0,6500.0,5000.0
2026-07-02,Tamil Nadu,Tenkasi,Sankarankoil(Uzhavar Sandhai ),Mango,Safeda,Local,4000.0,4000.0,4000.0
2026-07-02,Tamil Nadu,Tenkasi,Tenkasi(Uzhavar Sandhai ),Mango,Other,Local,4000.0,4000.0,4000.0
2026-07-02,Tamil Nadu,Thanjavur,Kumbakonam (Uzhavar Sandhai ),Mango,Safeda,Local,3000.0,9000.0,6000.0
2026-07-02,Tamil Nadu,Thanjavur,Thanjavur(Uzhavar Sandhai ),Mango,Other,Local,6000.0,6000.0,6000.0
2026-07-02,Tamil Nadu,The Nilgiris,Udhagamandalam(Uzhavar Sandhai ),Mango,Safeda,Local,10000.0,13000.0,11500.0
2026-07-02,Tamil Nadu,Theni,Bodinayakanur(Uzhavar Sandhai ),Mango,Safeda,Local,5000.0,5000.0,5000.0
2026-07-02,Tamil Nadu,Theni,Devaram(Uzhavar Sandhai ),Mango,Safeda,Local,5000.0,5000.0,5000.0
2026-07-02,Tamil Nadu,Theni,Kambam(Uzhavar Sandhai ),Mango,Other,Local,3000.0,4000.0,3500.0
2026-07-02,Tamil Nadu,Theni,Theni(Uzhavar Sandhai ),Mango,Neelam,Local,3000.0,5000.0,4000.0
2026-07-02,Tamil Nadu,Thiruchirappalli,KKNagar(Uzhavar Sandhai ),Mango,Other,Local,6000.0,7000.0,6500.0
2026-07-02,Tamil Nadu,Thiruchirappalli,Lalgudi(Uzhavar Sandhai ),Mango,Safeda,Local,4000.0,4000.0,4000.0
2026-07-02,Tamil Nadu,Thiruvarur,Tiruthuraipoondi(Uzhavar Sandhai ),Mango,Safeda,Local,3000.0,3000.0,3000.0
2026-07-02,Tamil Nadu,Thiruchirappalli,Musiri(Uzhavar Sandhai ),Mango,Safeda,Local,2500.0,3000.0,2750.0
2026-07-02,Tamil Nadu,Thirunelveli,Palayamkottai(Uzhavar Sandhai ),Mango,Safeda,Local,5000.0,7000.0,6000.0
2026-07-02,Tamil Nadu,Thirupathur,Natrampalli(Uzhavar Sandhai ),Mango,Safeda,Local,3000.0,4000.0,3500.0
2026-07-02,Tamil Nadu,Thirupathur,Vaniyampadi(Uzhavar Sandhai ),Mango,Safeda,Local,4000.0,4000.0,4000.0
2026-07-02,Tamil Nadu,Thirupur,Dharapuram(Uzhavar Sandhai ),Mango,Safeda,Local,5500.0,6000.0,5750.0
2026-07-02,Tamil Nadu,Thirupur,Tiruppur (North) (Uzhavar Sandhai ),Mango,Other,Local,4500.0,5000.0,4750.0
2026-07-02,Tamil Nadu,Thirupur,Tiruppur (South) (Uzhavar Sandhai ),Mango,Other,Local,3500.0,4000.0,3750.0
2026-07-02,Tamil Nadu,Thiruvannamalai,Arani(Uzhavar Sandhai ),Mango,Safeda,Local,4000.0,5000.0,4500.0
2026-07-02,Tamil Nadu,Thiruvannamalai,Chengam(Uzhavar Sandhai ),Mango,Safeda,Local,3300.0,4000.0,3650.0
2026-07-02,Tamil Nadu,Thiruvannamalai,Keelpennathur(Uzhavar Sandhai ),Mango,Other,Local,5000.0,6000.0,5500.0
2026-07-02,Tamil Nadu,Thiruvannamalai,Polur(Uzhavar Sandhai ),Mango,Safeda,Local,4200.0,5000.0,4600.0
2026-07-02,Tamil Nadu,Thiruvannamalai,Tamarainagar(Uzhavar Sandhai ),Mango,Safeda,Local,5000.0,6000.0,5500.0
2026-07-02,Tamil Nadu,Thiruvannamalai,Tiruvannamalai(Uzhavar Sandhai ),Mango,Other,Local,5000.0,6000.0,5500.0
2026-07-02,Tamil Nadu,Thiruvarur,Mannargudi I(Uzhavar Sandhai ),Mango,Safeda,Local,4000.0,4000.0,4000.0
2026-07-02,Tamil Nadu,Thiruchirappalli,Thuraiyur APMC,Mango,Safeda,Local,5000.0,10000.0,7500.0
2026-07-02,Punjab,Ropar (Rupnagar),Morinda APMC,Mango,Other,Small,2000.0,5000.0,3500.0
2026-07-02,Tamil Nadu,Namakkal,Rasipuram(Uzhavar Sandhai ),Mango,Other,Local,3000.0,5000.0,4000.0
2026-07-02,Punjab,Patiala,Rajpura APMC,Mango,Dusheri,Grade A,6000.0,6500.0,6250.0
2026-07-02,Haryana,Panipat,Panipat APMC,Mango,Other,Local,2000.0,8000.0,5000.0
2026-07-02,Haryana,Panipat,Samalkha APMC,Mango,Other,Grade A,3000.0,3000.0,3000.0
2026-07-02,Haryana,Rohtak,Sampla APMC,Mango,Other,Local,3000.0,5000.0,3000.0
2026-07-02,Haryana,Sirsa,Sirsa APMC,Mango,Other,Medium,2200.0,7000.0,5000.0
2026-07-02,Haryana,Sonipat,Ganaur APMC,Mango,Other,Medium,6000.0,8000.0,7000.0
2026-07-02,Haryana,Sonipat,Gohana APMC,Mango,Other,Medium,3000.0,5000.0,4000.0
2026-07-02,Haryana,Sonipat,Sonepat APMC,Mango,Other,Medium,1500.0,5000.0,4000.0
2026-07-02,Haryana,Sonipat,Sonepat(Kharkhoda) APMC,Mango,Other,Grade A,4500.0,6200.0,5500.0
2026-07-02,Haryana,Yamuna Nagar,Jagadhri APMC,Mango,Other,Medium,1500.0,6000.0,4500.0
2026-07-02,Haryana,Yamuna Nagar,Radaur APMC,Mango,Other,Medium,1800.0,3000.0,2500.0
2026-07-02,Haryana,Yamuna Nagar,Sadhaura APMC,Mango,Other,Local,1500.0,2100.0,1800.0
2026-07-02,Himachal Pradesh,Bilaspur,PMY Bilaspur,Mango,Other,Grade C,5000.0,9000.0,7500.0
2026-07-02,Himachal Pradesh,Chamba,PMY Chamba,Mango,Dusheri,Medium,4000.0,4500.0,4250.0
2026-07-02,Haryana,Mewat,Tauru APMC,Mango,Other,Medium,3000.0,7000.0,4000.0
2026-07-02,Himachal Pradesh,Hamirpur,PMY Hamirpur,Mango,Other,Grade B,5000.0,9000.0,7000.0
2026-07-02,Himachal Pradesh,Kangra,PMY Kangra,Mango,Other,Medium,4000.0,10000.0,7000.0
2026-07-02,Himachal Pradesh,Kangra,SMY Baijnath,Mango,Dusheri,Grade B,2000.0,4500.0,4000.0
2026-07-02,Himachal Pradesh,Kangra,SMY Jaisinghpur,Mango,Dusheri,Medium,2500.0,6500.0,4500.0
2026-07-02,Himachal Pradesh,Kangra,SMY Jaisinghpur,Mango,Other,Medium,9500.0,10000.0,9800.0
2026-07-02,Himachal Pradesh,Kangra,SMY Jaisinghpur,Mango,Totapuri,Medium,4500.0,5500.0,5000.0
2026-07-02,Himachal Pradesh,Kangra,SMY Nagrota Bagwan,Mango,Other,Medium,4000.0,9000.0,6500.0
2026-07-02,Himachal Pradesh,Kangra,SMY Palampur,Mango,Dusheri,Medium,2000.0,6000.0,5000.0
2026-07-02,Himachal Pradesh,Kangra,SMY Palampur,Mango,Other,Medium,4000.0,5000.0,4600.0
2026-07-02,Himachal Pradesh,Kangra,SMY Palampur,Mango,Safeda,Medium,9000.0,10000.0,9600.0
2026-07-02,Himachal Pradesh,Kullu,SMY Bhuntar,Mango,Other,Medium,4000.0,8000.0,6000.0
2026-07-02,Himachal Pradesh,Mandi,PMY Kangni Mandi,Mango,Other,Grade B,3500.0,10000.0,7500.0
2026-07-02,Himachal Pradesh,Mandi,SMY Dhanotu,Mango,Other,Medium,5000.0,8000.0,6500.0
2026-07-02,Himachal Pradesh,Shimla,SMY Rohroo,Mango,Other,Grade B,3000.0,7000.0,5000.0
2026-07-02,Himachal Pradesh,Hamirpur,SMY Nadaun,Mango,Other,Grade B,5000.0,9000.0,7000.0
2026-07-02,Himachal Pradesh,Sirmore,PMY Paonta Sahib,Mango,Dusheri,Grade A,2500.0,4000.0,3200.0
2026-07-02,Haryana,Mahendragarh-Narnaul,Narnaul APMC,Mango,Mango,Medium,2000.0,5000.0,4000.0
2026-07-02,Haryana,Kurukshetra,Ladwa APMC,Mango,Dusheri,Medium,4000.0,7000.0,5000.0
2026-07-02,Andhra Pradesh,Chittor,Chittoor APMC,Mango,Totapuri,Local,300.0,600.0,400.0
2026-07-02,Andhra Pradesh,East Godavari,Rajahmundry APMC,Mango,Other,Local,600.0,1500.0,1000.0
2026-07-02,Andhra Pradesh,East Godavari,Rajahmundry APMC,Mango,Safeda,Local,1000.0,4000.0,2500.0
2026-07-02,Andhra Pradesh,Tirupathi,Thiruchanur APMC,Mango,Badami,Grade A,1800.0,4000.0,2900.0
2026-07-02,Andhra Pradesh,Tirupathi,Thiruchanur APMC,Mango,Other,Grade A,900.0,1800.0,1350.0
2026-07-02,Andhra Pradesh,Tirupathi,Thiruchanur APMC,Mango,Totapuri,Grade A,800.0,1600.0,1200.0
2026-07-02,Bihar,Chhapra,Chhapra APMC,Mango,Dusheri,Grade A,4000.0,5000.0,4500.0
2026-07-02,Chandigarh,Chandigarh,Chandigarh (Grain/F&V) APMC,Mango,Other,Medium,1000.0,8000.0,6000.0
2026-07-02,Punjab,Ropar (Rupnagar),Chamkaur Sahib APMC,Mango,Other,Medium,6000.0,6000.0,6000.0
2026-07-02,Goa,North Goa,Mapusa APMC,Mango,Other,Grade A,5000.0,6000.0,5500.0
2026-07-02,Gujarat,Bharuch,Bharuch APMC,Mango,Dusheri,Local,2000.0,3300.0,2500.0
2026-07-02,Gujarat,Bharuch,Bharuch APMC,Mango,Langra,Local,2500.0,3500.0,3000.0
2026-07-02,Gujarat,Bharuch,Bharuch APMC,Mango,Totapuri,Local,2000.0,2700.0,2200.0
2026-07-02,Haryana,Kurukshetra,Thanesar APMC,Mango,Other,Medium,1000.0,6000.0,3500.0
2026-07-02,Gujarat,Mehsana,Mehsana(Mehsana Veg) APMC,Mango,Badami,Local,1750.0,7000.0,5000.0
2026-07-02,Gujarat,Mehsana,Mehsana(Mehsana Veg) APMC,Mango,Other,Local,3500.0,4000.0,3700.0
2026-07-02,Gujarat,Surendranagar,Vadhvan APMC,Mango,Keshar,Medium,6000.0,7500.0,6750.0
2026-07-02,Haryana,Ambala,Naraingarh APMC,Mango,Mango,Medium,1000.0,2500.0,2000.0
2026-07-02,Haryana,Ambala,Shahzadpur APMC,Mango,Langra,Medium,1000.0,2200.0,2200.0
2026-07-02,Haryana,Faridabad,Ballabhgarh APMC,Mango,Other,Grade A,5000.0,6000.0,5500.0
2026-07-02,Haryana,Faridabad,Faridabad APMC,Mango,Other,Grade B,6000.0,6000.0,6000.0
2026-07-02,Haryana,Fatehabad,Fatehabad APMC,Mango,Other,Local,8000.0,8000.0,8000.0
2026-07-02,Haryana,Gurgaon,Pataudi APMC,Mango,Other,Grade B,2300.0,3000.0,2800.0
2026-07-02,Haryana,Hissar,Barwala(Hisar) APMC,Mango,Other,Local,1000.0,7500.0,5500.0
2026-07-02,Haryana,Hissar,Hansi APMC,Mango,Other,Grade B,1000.0,6000.0,3000.0
2026-07-02,Haryana,Jhajar,Jhajjar APMC,Mango,Other,Medium,3000.0,3000.0,3000.0
2026-07-02,Haryana,Jind,Narwana APMC,Mango,Other,Local,3000.0,10000.0,6500.0
2026-07-02,Haryana,Karnal,Tarori APMC,Mango,Other,Grade A,2000.0,5500.0,4000.0
2026-07-02,Gujarat,Mehsana,Mehsana(Mehsana Veg) APMC,Mango,Keshar,Local,5500.0,14000.0,10000.0
2026-07-02,Himachal Pradesh,Sirmore,PMY Paonta Sahib,Mango,Safeda,Grade A,10000.0,12000.0,11000.0
2026-07-02,Chattisgarh,Durg,Durg APMC,Mango,Dusheri,Medium,5000.0,6000.0,6000.0
2026-07-02,Himachal Pradesh,Solan,PMY Kather Solan,Mango,Other,Medium,2500.0,8000.0,6000.0
2026-07-02,Maharashtra,Sangli,"Sangli(Phale, Bhajipala Market) APMC",Mango,Totapuri,Local,1000.0,3000.0,2000.0
2026-07-02,Maharashtra,Solapur,Akluj APMC,Mango,Other,Local,4000.0,7500.0,6000.0
2026-07-02,Maharashtra,Solapur,SHRI.SIDDHESHWAR  APMC,Mango,Other,Local,1000.0,3200.0,2000.0
2026-07-02,Odisha,Gajapati,Kasinagar APMC,Mango,Badami,Grade Range-1,2300.0,2500.0,2400.0
2026-07-02,Odisha,Mayurbhanja,Narasinghpur APMC,Mango,Amrapali,Local,2000.0,3000.0,2500.0
2026-07-02,Odisha,Mayurbhanja,Narasinghpur APMC,Mango,Langra,Local,2000.0,3000.0,2500.0
2026-07-02,Punjab,Bhatinda,Bathinda APMC,Mango,Other,Grade B,4000.0,9000.0,5000.0
2026-07-02,Punjab,Bhatinda,Bhagta Bhai Ka APMC,Mango,Other,Medium,3300.0,3300.0,3300.0
2026-07-02,Punjab,Bhatinda,Talwandi Sabo APMC,Mango,Other,Grade A,3500.0,4500.0,4000.0
2026-07-02,Punjab,Fatehgarh,Bassi Pathana APMC,Mango,Chausa,Medium,4000.0,4000.0,4000.0
2026-07-02,Punjab,Fazilka,Fazilka APMC,Mango,Other,Medium,6000.0,6000.0,6000.0
2026-07-02,Punjab,Gurdaspur,Dinanagar APMC,Mango,Dusheri,Medium,5500.0,6000.0,5800.0
2026-07-02,Punjab,Gurdaspur,Gurdaspur APMC,Mango,Other,Grade A,4800.0,4800.0,4800.0
2026-07-02,Maharashtra,Pune,Pune(Moshi) APMC,Mango,Other,Local,3000.0,10000.0,6500.0
2026-07-02,Punjab,Gurdaspur,Quadian APMC,Mango,Safeda,Grade A,3300.0,3500.0,3400.0
2026-07-02,Punjab,Hoshiarpur,Tanda Urmur APMC,Mango,Other,Grade B,4000.0,5000.0,4500.0
2026-07-02,Punjab,Hoshiarpur,Tanda Urmur APMC,Mango,Safeda,Grade A,4800.0,5500.0,5000.0
2026-07-02,Punjab,Jalandhar,Adampur APMC,Mango,Dusheri,Medium,2500.0,3000.0,3000.0
2026-07-02,Punjab,Jalandhar,Jalandhar City(Jalandhar) APMC,Mango,Other,Medium,2000.0,5500.0,4000.0
2026-07-02,Punjab,Ludhiana,Khanna APMC,Mango,Safeda,Grade A,5000.0,5000.0,5000.0
2026-07-02,Punjab,Ludhiana,Ludhiana APMC,Mango,Other,Medium,2000.0,6000.0,3500.0
2026-07-02,Punjab,Ludhiana,Raikot APMC,Mango,Dusheri,Grade A,5235.0,5235.0,5235.0
2026-07-02,Punjab,Mohali,Kharar APMC,Mango,Other,Medium,1800.0,6000.0,2500.0
2026-07-02,Punjab,Nawanshahr,Nawan Shahar(Subzi Mandi) APMC,Mango,Dusheri,Medium,3500.0,4000.0,3800.0
2026-07-02,Punjab,Patiala,Nabha APMC,Mango,Other,Grade B,2000.0,4000.0,2800.0
2026-07-02,Punjab,Patiala,Patiala APMC,Mango,Other,Grade B,4000.0,4300.0,4200.0
2026-07-02,Punjab,Patiala,Patran APMC,Mango,Other,Grade A,4080.0,4080.0,4080.0
2026-07-02,Himachal Pradesh,Sirmore,SMY Nahan,Mango,Dusheri,Grade A,3000.0,3500.0,3200.0
2026-07-02,Punjab,Hoshiarpur,Garh Shankar APMC,Mango,Other,Medium,3000.0,3000.0,3000.0
2026-07-02,Maharashtra,Nashik,Nasik APMC,Mango,Other,Local,3000.0,5000.0,4500.0
2026-07-02,Punjab,Muktsar,Muktsar APMC,Mango,Other,Medium,2000.0,6000.0,4000.0
2026-07-02,Maharashtra,Nagpur,Nagpur APMC,Mango,Other,Local,3000.0,4000.0,3750.0
2026-07-02,Himachal Pradesh,Solan,SMY Nalagarh,Mango,Other,Medium,2000.0,3000.0,2500.0
2026-07-02,Maharashtra,Nagpur,Nagpur APMC,Mango,Totapuri,Local,1500.0,1800.0,1725.0
2026-07-02,Himachal Pradesh,Una,PMY Una,Mango,Dusheri,Grade A,3500.0,5000.0,4200.0
2026-07-02,Himachal Pradesh,Una,PMY Una,Mango,Safeda,Grade A,8000.0,9000.0,8500.0
2026-07-02,Himachal Pradesh,Una,SMY Takarla,Mango,Other,Grade A,4500.0,7500.0,6500.0
2026-07-02,Jammu and Kashmir,Kathua,Kathua (F&V),Mango,Dusheri,Grade B,3000.0,5000.0,4000.0
2026-07-02,Jammu and Kashmir,Kathua,Kathua (F&V),Mango,Safeda,Grade B,7000.0,8000.0,7500.0
2026-07-02,Jammu and Kashmir,Kathua,Kathua (F&V),Mango,Totapuri,Grade B,3500.0,4500.0,4000.0
2026-07-02,Jammu and Kashmir,Rajouri,Rajouri (Phaliana) (F&V),Mango,Totapuri,Grade B,5000.0,5000.0,5000.0
2026-07-02,Karnataka,Bengaluru,"Binny Mill (F&V), Bengaluru APMC",Mango,Badami,Local,3000.0,5000.0,4000.0
2026-07-02,Karnataka,Bengaluru,"Binny Mill (F&V), Bengaluru APMC",Mango,Neelam,Local,1500.0,2500.0,2000.0
2026-07-02,Karnataka,Bengaluru,"Binny Mill (F&V), Bengaluru APMC",Mango,Totapuri,Local,800.0,1200.0,1000.0
2026-07-02,Keralam,Idukki,Kattappana Market,Mango,Other,Medium,7000.0,8000.0,7800.0
2026-07-02,Keralam,Idukki,Kattappana Market,Mango,Other,Small,3000.0,4000.0,3200.0
2026-07-02,Himachal Pradesh,Una,SMY Santoshgarh,Mango,Dusheri,Grade A,3200.0,4000.0,3600.0
2026-07-02,Keralam,Palakad,vadakarapathy Market,Mango,Other,Grade A,1000.0,1500.0,1250.0
2026-07-02,Keralam,Palakad,Palakkad Market,Mango,Other,Medium,4000.0,5000.0,4600.0
2026-07-02,Maharashtra,Chattrapati Sambhajinagar,Chattrapati Sambhajinagar APMC,Mango,Other,Local,1500.0,3500.0,2500.0
2026-07-02,Maharashtra,Amarawati,Amrawati(Frui & Veg. Market) APMC,Mango,Totapuri,Local,1600.0,2200.0,1900.0
2026-07-02,Maharashtra,Ahilyanagar,Shrirampur APMC,Mango,Other,Local,4000.0,6000.0,5000.0
2026-07-02,Madhya Pradesh,Shivpuri,Karera(F&V) APMC,Mango,Dusheri,Local,2400.0,4000.0,3000.0
2026-07-02,Maharashtra,Chandrapur,Chandrapur(Ganjwad) APMC,Mango,Other,Local,4000.0,6000.0,5000.0
2026-07-02,Maharashtra,Mumbai,Mumbai- Fruit Market APMC,Mango,Other,Local,5000.0,14000.0,9500.0
2026-07-02,Madhya Pradesh,Burhanpur,Burhanpur(F&V) APMC,Mango,Badami,Grade A,2000.0,6500.0,6000.0
2026-07-02,Madhya Pradesh,Sheopur,Sheopurkalan(F&V) APMC,Mango,Dusheri,Medium,1800.0,2000.0,1900.0
2026-07-02,Madhya Pradesh,Indore,Indore(F&V) APMC,Mango,Other,Local,1500.0,6000.0,4500.0
2026-07-02,Maharashtra,Jalgaon,Jalgaon APMC,Mango,Other,Local,2000.0,4000.0,3000.0
2026-07-02,Madhya Pradesh,Morena,Morena APMC,Mango,Other,Non-FAQ,1500.0,1500.0,1500.0
2026-07-02,Madhya Pradesh,Sagar,Sagar(F&V) APMC,Mango,Other,Local,3000.0,5000.0,4000.0
2026-07-04,Tamil Nadu,Namakkal,Kumarapalayam(Uzhavar Sandhai ),Mango,Safeda,Local,4500.0,5000.0,4750.0
2026-07-04,Tamil Nadu,Madurai,Anaiyur(Uzhavar Sandhai ),Mango,Safeda,Local,5000.0,6000.0,5500.0
2026-07-04,Tamil Nadu,Krishnagiri,Hosur(Uzhavar Sandhai ),Mango,Other,Local,6000.0,8000.0,7000.0
2026-07-04,Tamil Nadu,Madurai,Chokkikulam(Uzhavar Sandhai ),Mango,Safeda,Local,3000.0,6000.0,4500.0
2026-07-04,Tamil Nadu,Madurai,Melur(Uzhavar Sandhai ),Mango,Safeda,Local,4500.0,5000.0,4750.0
2026-07-04,Tamil Nadu,Madurai,Thirumangalam(Uzhavar Sandhai ),Mango,Safeda,Local,5000.0,6000.0,5500.0
2026-07-04,Tamil Nadu,Nagapattinam,Nagapattinam(Uzhavar Sandhai ),Mango,Other,Local,3500.0,3500.0,3500.0
2026-07-04,Tamil Nadu,Nagercoil (Kannyiakumari),Myladi(Uzhavar Sandhai ),Mango,Safeda,Local,4500.0,5000.0,4750.0
2026-07-04,Tamil Nadu,Nagercoil (Kannyiakumari),Vadaseri APMC,Mango,Safeda,Local,6500.0,7000.0,6750.0
2026-07-04,Tamil Nadu,Krishnagiri,Krishnagiri(Uzhavar Sandhai ),Mango,Safeda,Local,2500.0,3000.0,2750.0
2026-07-04,Tamil Nadu,Madurai,Anna nagar(Uzhavar Sandhai ),Mango,Other,Local,5000.0,5000.0,5000.0
2026-07-04,Tamil Nadu,Ranipet,Arcot(Uzhavar Sandhai ),Mango,Malgoa,Local,8000.0,8000.0,8000.0
2026-07-04,Tamil Nadu,Namakkal,Rasipuram(Uzhavar Sandhai ),Mango,Other,Local,3000.0,5000.0,4000.0
2026-07-04,Tamil Nadu,Namakkal,Tiruchengode APMC,Mango,Other,Local,2000.0,4000.0,3000.0
2026-07-04,Tamil Nadu,Perambalur,Perambalur(Uzhavar Sandhai ),Mango,Other,Local,5000.0,5000.0,5000.0
2026-07-04,Tamil Nadu,Pudukkottai,Pudukottai(Uzhavar Sandhai ),Mango,Other,Local,6000.0,7000.0,6500.0
2026-07-04,Tamil Nadu,Salem,Ammapet(Uzhavar Sandhai ),Mango,Other,Local,6000.0,7000.0,6500.0
2026-07-04,Tamil Nadu,Salem,Athur(Uzhavar Sandhai ),Mango,Safeda,Local,3000.0,5000.0,4000.0
2026-07-04,Tamil Nadu,Salem,Edapadi (Uzhavar Sandhai ),Mango,Neelam,Local,4500.0,5000.0,4750.0
2026-07-04,Tamil Nadu,Salem,Elampillai(Uzhavar Sandhai ),Mango,Neelam,Local,3000.0,4000.0,3500.0
2026-07-04,Tamil Nadu,Salem,Hasthampatti(Uzhavar Sandhai ),Mango,Other,Local,8000.0,9000.0,8500.0
2026-07-04,Tamil Nadu,Karur,Pallapatti (Uzhavar Sandhai ),Mango,Other,Local,2500.0,3000.0,2750.0
2026-07-04,Tamil Nadu,Salem,Thammampatti (Uzhavar Sandhai ),Mango,Safeda,Local,4000.0,5000.0,4500.0
2026-07-04,Tamil Nadu,Salem,Thathakapatti(Uzhavar Sandhai ),Mango,Other,Local,5000.0,6000.0,5500.0
2026-07-04,Tamil Nadu,Namakkal,Namakkal(Uzhavar Sandhai ),Mango,Other,Local,2000.0,2500.0,2250.0
2026-07-04,Tamil Nadu,Karur,Karur(Uzhavar Sandhai ),Mango,Neelam,Local,7500.0,8000.0,7750.0
2026-07-04,Tamil Nadu,Dharmapuri,Harur(Uzhavar Sandhai ),Mango,Other,Local,4000.0,5000.0,4500.0
2026-07-04,Tamil Nadu,Kancheepuram,Padappai(Uzhavar Sandhai ),Mango,Safeda,Local,2500.0,4000.0,3250.0
2026-07-04,Tamil Nadu,Chengalpattu,Pallavaram(Uzhavar Sandhai ),Mango,Other,Local,5000.0,6000.0,5500.0
2026-07-04,Tamil Nadu,Salem,Vazhapadi(Uzhavar Sandhai),Mango,Other,Local,5000.0,5000.0,5000.0
2026-07-04,Tamil Nadu,Coimbatore,Kurichi(Uzhavar Sandhai ),Mango,Neelam,Local,7000.0,9000.0,8000.0
2026-07-04,Tamil Nadu,Coimbatore,Mettupalayam(Uzhavar Sandhai ),Mango,Safeda,Local,6000.0,10000.0,8000.0
2026-07-04,Tamil Nadu,Coimbatore,Pollachi(Uzhavar Sandhai ),Mango,Safeda,Local,5000.0,10000.0,7500.0
2026-07-04,Tamil Nadu,Coimbatore,RSPuram(Uzhavar Sandhai ),Mango,Neelam,Local,6000.0,7000.0,6500.0
2026-07-04,Tamil Nadu,Coimbatore,Singanallur(Uzhavar Sandhai ),Mango,Safeda,Local,6000.0,10000.0,8000.0
2026-07-04,Tamil Nadu,Coimbatore,Sundarapuram(Uzhavar Sandhai ),Mango,Neelam,Local,8000.0,9000.0,8500.0
2026-07-04,Tamil Nadu,Coimbatore,Vadavalli(Uzhavar Sandhai ),Mango,Safeda,Local,7000.0,12000.0,9500.0
2026-07-04,Tamil Nadu,Cuddalore,Cuddalore(Uzhavar Sandhai ),Mango,Safeda,Local,3000.0,5000.0,4000.0
2026-07-04,Tamil Nadu,Cuddalore,Vadalur(Uzhavar Sandhai ),Mango,Neelam,Local,3000.0,4000.0,3500.0
2026-07-04,Tamil Nadu,Karur,Gandhigramam(Uzhavar Sandhai),Mango,Neelam,Local,5000.0,6000.0,5500.0
2026-07-04,Tamil Nadu,Dharmapuri,AJattihalli(Uzhavar Sandhai ),Mango,Neelam,Local,6000.0,6000.0,6000.0
2026-07-04,Tamil Nadu,Dharmapuri,Karimangalam(Uzhavar Sandhai),Mango,Safeda,Local,3500.0,4000.0,3750.0
2026-07-04,Tamil Nadu,Dharmapuri,Palacode(Uzhavar Sandhai ),Mango,Neelam,Local,4500.0,5000.0,4750.0
2026-07-04,Tamil Nadu,Dharmapuri,Pennagaram(Uzhavar Sandhai ),Mango,Safeda,Local,3600.0,4000.0,3800.0
2026-07-04,Tamil Nadu,Dindigul,Chinnalapatti(Uzhavar Sandhai ),Mango,Safeda,Local,4000.0,5000.0,4500.0
2026-07-04,Tamil Nadu,Dindigul,Dindigul(Uzhavar Sandhai ),Mango,Safeda,Local,4000.0,5000.0,4500.0
2026-07-04,Tamil Nadu,Erode,Periyar Nagar(Uzhavar Sandhai ),Mango,Safeda,Local,3500.0,5000.0,4250.0
2026-07-04,Tamil Nadu,Erode,Perundurai(Uzhavar Sandhai ),Mango,Other,Local,4500.0,5000.0,4750.0
2026-07-04,Tamil Nadu,Erode,Sampath Nagar(Uzhavar Sandhai ),Mango,Safeda,Local,3500.0,6000.0,4750.0
2026-07-04,Tamil Nadu,Kallakuruchi,Kallakurichi(Uzhavar Sandhai ),Mango,Other,Local,4000.0,4000.0,4000.0
2026-07-04,Tamil Nadu,Kallakuruchi,Sankarapuram(Uzhavar Sandhai ),Mango,Safeda,Local,5000.0,5000.0,5000.0
2026-07-04,Tamil Nadu,Kancheepuram,Kancheepuram(Uzhavar Sandhai ),Mango,Safeda,Local,2500.0,5000.0,3750.0
2026-07-04,Tamil Nadu,Dharmapuri,Dharmapuri(Uzhavar Sandhai ),Mango,Safeda,Local,4500.0,5000.0,4750.0
2026-07-04,Tamil Nadu,Sivaganga,Singampunari(Uzhavar Sandhai ),Mango,Other,Local,2600.0,3200.0,2900.0
2026-07-04,Tamil Nadu,Vellore,Vellore APMC,Mango,Other,Local,2500.0,3000.0,2750.0
2026-07-04,Tamil Nadu,Tenkasi,Sankarankoil(Uzhavar Sandhai ),Mango,Safeda,Local,4000.0,4000.0,4000.0
2026-07-04,Tamil Nadu,Villupuram,Villupuram(Uzhavar Sandhai ),Mango,Safeda,Local,5000.0,7000.0,6000.0
2026-07-04,Tamil Nadu,Virudhunagar,Aruppukottai(Uzhavar Sandhai ),Mango,Safeda,Local,5500.0,6000.0,5750.0
2026-07-04,Tamil Nadu,Virudhunagar,Srivilliputhur(Uzhavar Sandhai ),Mango,Safeda,Local,3500.0,4000.0,3750.0
2026-07-04,Uttar Pradesh,Aligarh,Atrauli APMC,Mango,Dusheri,Medium,1900.0,2000.0,1950.0
2026-07-04,Uttar Pradesh,Mau(Maunathbhanjan),Kopaganj APMC,Mango,Dusheri,Grade B,3700.0,3800.0,3795.0
2026-07-04,Uttar Pradesh,Rampur,Bilaspur APMC,Mango,Dusheri,Medium,2600.0,3100.0,2850.0
2026-07-04,Uttar Pradesh,Rampur,Bilaspur APMC,Mango,Langra,Medium,2500.0,3000.0,2750.0
2026-07-04,Uttar Pradesh,Shamli,Kairana APMC,Mango,Dusheri,Medium,2300.0,2400.0,2350.0
2026-07-04,Uttar Pradesh,Shamli,Khandhla APMC,Mango,Dusheri,Medium,5100.0,5120.0,5110.0
2026-07-04,Uttarakhand,Dehradoon,Dehradoon APMC,Mango,Other,Grade B,1850.0,3500.0,2050.0
2026-07-04,Uttarakhand,Dehradoon,Rishikesh APMC,Mango,Dusheri,Medium,1800.0,2400.0,2000.0
2026-07-04,Tamil Nadu,Vellore,Thirupathur APMC,Mango,Safeda,Local,4000.0,4000.0,4000.0
2026-07-04,Uttarakhand,Dehradoon,Rishikesh APMC,Mango,Langra,Medium,1500.0,2300.0,2000.0
2026-07-04,Uttarakhand,Garhwal (Pauri),Kotadwara APMC,Mango,Other,Medium,2500.0,2500.0,2500.0
2026-07-04,Uttarakhand,Haridwar,Haridwar Union APMC,Mango,Dusheri,Grade Range-2,1500.0,3000.0,2000.0
2026-07-04,Uttarakhand,Haridwar,Haridwar Union APMC,Mango,Other,Grade C,1500.0,3500.0,2000.0
2026-07-04,Uttarakhand,Haridwar,Manglaur APMC,Mango,Other,Local,1000.0,1300.0,1200.0
2026-07-04,Uttarakhand,Haridwar,Roorkee APMC,Mango,Other,Local,1100.0,1600.0,1300.0
2026-07-04,Uttarakhand,Udhamsinghnagar,Jaspur(UC) APMC,Mango,Other,Grade B,2000.0,2000.0,2000.0
2026-07-04,Uttarakhand,Udhamsinghnagar,Khateema APMC,Mango,Other,Grade B,1800.0,2500.0,2000.0
2026-07-04,Uttarakhand,Udhamsinghnagar,Kicchha APMC,Mango,Langra,Medium,2200.0,3000.0,2600.0
2026-07-04,Uttarakhand,Udhamsinghnagar,Rudrapur APMC,Mango,Other,Medium,2000.0,4000.0,3000.0
2026-07-04,Uttarakhand,Udhamsinghnagar,Sitarganj APMC,Mango,Dusheri,Local,1000.0,2500.0,1500.0
2026-07-04,Tamil Nadu,Chengalpattu,Nanganallur(Uzhavar Sandhai ),Mango,Other,Local,6000.0,7000.0,6500.0
2026-07-04,Uttarakhand,Dehradoon,Rishikesh APMC,Mango,Other,Medium,800.0,1600.0,1000.0
2026-07-04,Tamil Nadu,Sivaganga,Sivagangai (Uzhavar Sandhai ),Mango,Safeda,Local,3500.0,6500.0,5000.0
2026-07-04,Tamil Nadu,Vellore,Perampet(Uzhavar Sandhai),Mango,Safeda,Local,4000.0,4000.0,4000.0
2026-07-04,Tamil Nadu,Vellore,Katpadi (Uzhavar Sandhai ),Mango,Safeda,Local,6000.0,7000.0,6500.0
2026-07-04,Tamil Nadu,Tenkasi,Tenkasi(Uzhavar Sandhai ),Mango,Other,Local,4000.0,4000.0,4000.0
2026-07-04,Tamil Nadu,Thanjavur,Kumbakonam (Uzhavar Sandhai ),Mango,Safeda,Local,3000.0,9000.0,6000.0
2026-07-04,Tamil Nadu,Thanjavur,Thanjavur(Uzhavar Sandhai ),Mango,Other,Local,6000.0,6000.0,6000.0
2026-07-04,Tamil Nadu,The Nilgiris,Udhagamandalam(Uzhavar Sandhai ),Mango,Safeda,Local,12000.0,13000.0,12500.0
2026-07-04,Tamil Nadu,Theni,Bodinayakanur(Uzhavar Sandhai ),Mango,Safeda,Local,5000.0,5000.0,5000.0
2026-07-04,Tamil Nadu,Theni,Chinnamanur(Uzhavar Sandhai ),Mango,Other,Local,4000.0,4000.0,4000.0
2026-07-04,Tamil Nadu,Theni,Devaram(Uzhavar Sandhai ),Mango,Safeda,Local,4000.0,4000.0,4000.0
2026-07-04,Tamil Nadu,Theni,Kambam(Uzhavar Sandhai ),Mango,Safeda,Local,4000.0,5000.0,4500.0
2026-07-04,Tamil Nadu,Theni,Theni(Uzhavar Sandhai ),Mango,Neelam,Local,3000.0,5000.0,4000.0
2026-07-04,Tamil Nadu,Thiruchirappalli,KKNagar(Uzhavar Sandhai ),Mango,Other,Local,7000.0,8000.0,7500.0
2026-07-04,Tamil Nadu,Thiruchirappalli,Musiri(Uzhavar Sandhai ),Mango,Safeda,Local,3000.0,3000.0,3000.0
2026-07-04,Tamil Nadu,Vellore,Pallikonda(Uzhavar Sandhai),Mango,Other,Local,4000.0,5000.0,4500.0
2026-07-04,Tamil Nadu,Thiruchirappalli,Thuraiyur APMC,Mango,Safeda,Local,5000.0,7000.0,6000.0
2026-07-04,Tamil Nadu,Thirupathur,Natrampalli(Uzhavar Sandhai ),Mango,Safeda,Local,2500.0,3000.0,2750.0
2026-07-04,Tamil Nadu,Thirupur,Tiruppur (South) (Uzhavar Sandhai ),Mango,Other,Local,3500.0,4000.0,3750.0
2026-07-04,Tamil Nadu,Thiruvannamalai,Arani(Uzhavar Sandhai ),Mango,Safeda,Local,4000.0,5000.0,4500.0
2026-07-04,Tamil Nadu,Thiruvannamalai,Polur(Uzhavar Sandhai ),Mango,Safeda,Local,4200.0,5000.0,4600.0
2026-07-04,Tamil Nadu,Thiruvannamalai,Tamarainagar(Uzhavar Sandhai ),Mango,Safeda,Local,5000.0,6000.0,5500.0
2026-07-04,Tamil Nadu,Thiruvannamalai,Tiruvannamalai(Uzhavar Sandhai ),Mango,Safeda,Local,5000.0,6000.0,5500.0
2026-07-04,Tamil Nadu,Thiruvarur,Mannargudi I(Uzhavar Sandhai ),Mango,Safeda,Local,4000.0,5000.0,4500.0
2026-07-04,Tamil Nadu,Thiruvarur,Mannargudi II(Uzhavar Sandhai ),Mango,Safeda,Local,4000.0,4000.0,4000.0
2026-07-04,Tamil Nadu,Thiruvarur,Tiruthuraipoondi(Uzhavar Sandhai ),Mango,Safeda,Local,3000.0,3000.0,3000.0
2026-07-04,Tamil Nadu,Vellore,Gudiyatham(Uzhavar Sandhai ),Mango,Other,Local,4000.0,4000.0,4000.0
2026-07-04,Tamil Nadu,Vellore,Kahithapattarai(Uzhavar Sandhai ),Mango,Other,Local,4000.0,5000.0,4500.0
2026-07-04,Tamil Nadu,Thirunelveli,NGO Colony(Uzhavar Sandhai ),Mango,Safeda,Local,5500.0,6000.0,5750.0
2026-07-04,Tamil Nadu,Chengalpattu,Guduvancheri(Uzhavar Sandhai ),Mango,Other,Local,5000.0,6000.0,5500.0
2026-07-04,Madhya Pradesh,Sehore,Sehore(F&V) APMC,Mango,Badami,Grade Range-1,3000.0,4000.0,3500.0
2026-07-04,Rajasthan,Ganganagar,Sriganganagar (F&V) APMC,Mango,Amrapali,Grade A,4300.0,4700.0,4500.0
2026-07-04,Haryana,Kurukshetra,Thanesar APMC,Mango,Other,Medium,500.0,6000.0,3250.0
2026-07-04,Haryana,Mahendragarh-Narnaul,Mohindergarh APMC,Mango,Other,Medium,2500.0,4000.0,3500.0
2026-07-04,Haryana,Mahendragarh-Narnaul,Narnaul APMC,Mango,Mango,Medium,2000.0,5000.0,4000.0
2026-07-04,Haryana,Mewat,Tauru APMC,Mango,Other,Medium,3000.0,4000.0,3000.0
2026-07-04,Haryana,Panipat,Panipat APMC,Mango,Other,Local,2000.0,8000.0,5000.0
2026-07-04,Haryana,Panipat,Samalkha APMC,Mango,Other,Grade A,2000.0,3500.0,3000.0
2026-07-04,Haryana,Rohtak,Meham APMC,Mango,Other,Medium,1800.0,4500.0,3000.0
2026-07-04,Haryana,Rohtak,Rohtak APMC,Mango,Other,Medium,4000.0,7000.0,5000.0
2026-07-04,Haryana,Rohtak,Sampla APMC,Mango,Other,Local,3000.0,6000.0,3000.0
2026-07-04,Haryana,Sonipat,Ganaur APMC,Mango,Other,Medium,3000.0,6000.0,4500.0
2026-07-04,Haryana,Sonipat,Gohana APMC,Mango,Other,Medium,3000.0,5000.0,4000.0
2026-07-04,Haryana,Kurukshetra,Shahabad APMC,Mango,Other,Medium,1200.0,6000.0,4000.0
2026-07-04,Haryana,Sonipat,Sonepat APMC,Mango,Other,Medium,1500.0,5500.0,3500.0
2026-07-04,Haryana,Yamuna Nagar,Chhachrauli APMC,Mango,Other,Local,1500.0,1800.0,1800.0
2026-07-04,Haryana,Yamuna Nagar,Jagadhri APMC,Mango,Other,Medium,1800.0,6000.0,4000.0
2026-07-04,Himachal Pradesh,Chamba,PMY Chamba,Mango,Dusheri,Medium,4000.0,4500.0,4250.0
2026-07-04,Himachal Pradesh,Hamirpur,PMY Hamirpur,Mango,Other,Grade B,5000.0,9000.0,7000.0
2026-07-04,Himachal Pradesh,Kangra,PMY Kangra,Mango,Other,Medium,4000.0,11000.0,7000.0
2026-07-04,Himachal Pradesh,Kangra,SMY Baijnath,Mango,Safeda,Grade B,7000.0,9000.0,8000.0
2026-07-04,Himachal Pradesh,Kangra,SMY Jaisinghpur,Mango,Dusheri,Medium,2500.0,6500.0,4500.0
2026-07-04,Himachal Pradesh,Kangra,SMY Jaisinghpur,Mango,Other,Medium,9500.0,10000.0,9800.0
2026-07-04,Himachal Pradesh,Kangra,SMY Jaisinghpur,Mango,Totapuri,Medium,4500.0,5500.0,5000.0
2026-07-04,Himachal Pradesh,Kangra,SMY Nagrota Bagwan,Mango,Other,Medium,4000.0,10000.0,6000.0
2026-07-04,Himachal Pradesh,Kangra,SMY Palampur,Mango,Dusheri,Medium,2000.0,6000.0,4500.0
2026-07-04,Haryana,Sonipat,Sonepat(Kharkhoda) APMC,Mango,Other,Grade A,1500.0,6200.0,5550.0
2026-07-04,Himachal Pradesh,Kangra,SMY Palampur,Mango,Other,Medium,4000.0,5000.0,4600.0
2026-07-04,Haryana,Kurukshetra,Ladwa APMC,Mango,Dusheri,Medium,4000.0,6000.0,5000.0
2026-07-04,Haryana,Jind,Narwana APMC,Mango,Other,Local,3000.0,9000.0,6000.0
2026-07-04,Rajasthan,Udaipur,Udaipur (F&V) APMC,Mango,Other,Medium,2000.0,4000.0,3000.0
2026-07-04,Andhra Pradesh,Chittor,Bangarupalyam APMC,Mango,Badami,Grade B,1500.0,3500.0,2500.0
2026-07-04,Andhra Pradesh,Chittor,Chittoor APMC,Mango,Neelam,Local,800.0,1200.0,1000.0
2026-07-04,Andhra Pradesh,Chittor,Chittoor APMC,Mango,Totapuri,Local,300.0,600.0,400.0
2026-07-04,Andhra Pradesh,East Godavari,Rajahmundry APMC,Mango,Other,Local,600.0,1500.0,1000.0
2026-07-04,Andhra Pradesh,East Godavari,Rajahmundry APMC,Mango,Safeda,Local,1000.0,4000.0,2500.0
2026-07-04,Andhra Pradesh,Tirupathi,Thiruchanur APMC,Mango,Badami,Grade A,1800.0,4000.0,2900.0
2026-07-04,Andhra Pradesh,Tirupathi,Thiruchanur APMC,Mango,Other,Grade A,1500.0,2400.0,1950.0
2026-07-04,Andhra Pradesh,Tirupathi,Thiruchanur APMC,Mango,Totapuri,Grade A,800.0,1600.0,1200.0
2026-07-04,Chandigarh,Chandigarh,Chandigarh (Grain/F&V) APMC,Mango,Other,Medium,1000.0,8000.0,6000.0
2026-07-04,Chattisgarh,Bilaspur,Tiphra APMC,Mango,Dusheri,Grade B,4500.0,5000.0,4800.0
2026-07-04,Haryana,Jind,Safidon APMC,Mango,Other,Medium,2000.0,4000.0,3000.0
2026-07-04,Chattisgarh,Durg,Durg APMC,Mango,Dusheri,Medium,5000.0,7000.0,7000.0
2026-07-04,Gujarat,Mehsana,Mehsana(Mehsana Veg) APMC,Mango,Badami,Local,1250.0,6000.0,4500.0
2026-07-04,Gujarat,Mehsana,Mehsana(Mehsana Veg) APMC,Mango,Keshar,Local,2000.0,16500.0,12000.0
2026-07-04,Gujarat,Mehsana,Mehsana(Mehsana Veg) APMC,Mango,Other,Local,3000.0,4000.0,3500.0
2026-07-04,Gujarat,Surendranagar,Vadhvan APMC,Mango,Keshar,Medium,6000.0,7500.0,6750.0
2026-07-04,Haryana,Ambala,Naraingarh APMC,Mango,Mango,Medium,1400.0,3000.0,2000.0
2026-07-04,Haryana,Ambala,Shahzadpur APMC,Mango,Langra,Medium,2000.0,2300.0,2300.0
2026-07-04,Haryana,Fatehabad,Fatehabad APMC,Mango,Other,Local,8000.0,8000.0,8000.0
2026-07-04,Haryana,Gurgaon,Pataudi APMC,Mango,Other,Grade B,2500.0,5500.0,3500.0
2026-07-04,Haryana,Hissar,Barwala(Hisar) APMC,Mango,Other,Local,2000.0,7500.0,4500.0
2026-07-04,Haryana,Hissar,Hansi APMC,Mango,Other,Grade B,1000.0,6000.0,3000.0
2026-07-04,Haryana,Hissar,Uklana APMC,Mango,Other,Medium,3500.0,4000.0,4000.0
2026-07-04,Goa,North Goa,Mapusa APMC,Mango,Neelam,Medium,5000.0,6000.0,5500.0
2026-07-04,Himachal Pradesh,Kangra,SMY Palampur,Mango,Safeda,Medium,9000.0,10000.0,9700.0
2026-07-04,Himachal Pradesh,Hamirpur,SMY Nadaun,Mango,Other,Grade B,5000.0,10000.0,7500.0
2026-07-04,Himachal Pradesh,Shimla,SMY Rohroo,Mango,Other,Grade B,3500.0,8000.0,5500.0
2026-07-04,Maharashtra,Nagpur,Nagpur APMC,Mango,Other,Local,3000.0,4000.0,3750.0
2026-07-04,Maharashtra,Nagpur,Nagpur APMC,Mango,Totapuri,Local,1500.0,1800.0,1725.0
2026-07-04,Maharashtra,Nashik,Nasik APMC,Mango,Other,Local,3000.0,5000.0,4500.0
2026-07-04,Maharashtra,Pune,Pune(Moshi) APMC,Mango,Other,Local,3000.0,10000.0,6500.0
2026-07-04,Maharashtra,Sangli,"Sangli(Phale, Bhajipala Market) APMC",Mango,Totapuri,Local,1000.0,4000.0,2500.0
2026-07-04,Maharashtra,Solapur,Akluj APMC,Mango,Other,Local,5000.0,8000.0,7000.0
2026-07-04,Maharashtra,Solapur,SHRI.SIDDHESHWAR  APMC,Mango,Other,Local,1500.0,3500.0,2500.0
2026-07-04,Himachal Pradesh,Mandi,PMY Kangni Mandi,Mango,Other,Grade B,1600.0,8500.0,5000.0
2026-07-04,NCT of Delhi,Delhi,APMC Azadpur,Mango,Dusheri,Grade A,2143.0,3571.0,2643.0
2026-07-04,NCT of Delhi,Delhi,APMC Azadpur,Mango,Fazli,Grade A,6429.0,8929.0,7857.0
2026-07-04,NCT of Delhi,Delhi,APMC Azadpur,Mango,Hapus(Alphaso),Grade A,10000.0,18333.0,14167.0
2026-07-04,NCT of Delhi,Delhi,APMC Azadpur,Mango,Keshar,Grade A,3571.0,5714.0,4286.0
2026-07-04,NCT of Delhi,Delhi,APMC Azadpur,Mango,Langra,Grade A,3000.0,5000.0,3600.0
2026-07-04,NCT of Delhi,Delhi,APMC Azadpur,Mango,Safeda,Grade A,2857.0,5000.0,3714.0
2026-07-04,NCT of Delhi,Delhi,APMC Azadpur,Mango,Saroli,Grade A,1000.0,2000.0,1600.0
2026-07-04,NCT of Delhi,Delhi,APMC Azadpur,Mango,Surkha,Grade A,3000.0,8000.0,4500.0
2026-07-04,NCT of Delhi,Delhi,APMC Azadpur,Mango,Totapuri,Grade A,2143.0,3571.0,2857.0
2026-07-04,NCT of Delhi,Delhi,APMC Keshopur,Mango,Other,Medium,3500.0,5500.0,5000.0
2026-07-04,Odisha,Gajapati,Kasinagar APMC,Mango,Badami,Grade Range-1,2300.0,2500.0,2400.0
2026-07-04,Odisha,Mayurbhanja,Narasinghpur APMC,Mango,Amrapali,Local,2000.0,3000.0,2500.0
2026-07-04,Odisha,Mayurbhanja,Narasinghpur APMC,Mango,Langra,Local,2000.0,3000.0,2500.0
2026-07-04,Punjab,Gurdaspur,Dinanagar APMC,Mango,Dusheri,Medium,5000.0,6000.0,5500.0
2026-07-04,Punjab,Gurdaspur,Quadian APMC,Mango,Safeda,Grade A,3500.0,3700.0,3600.0
2026-07-04,Punjab,Ludhiana,Khanna APMC,Mango,Safeda,Grade A,5000.0,5000.0,5000.0
2026-07-04,Punjab,Ludhiana,Ludhiana APMC,Mango,Other,Medium,2000.0,6000.0,3500.0
2026-07-04,Maharashtra,Nagpur,HINGNA - APMC,Mango,Other,Local,4000.0,5000.0,4500.0
2026-07-04,Maharashtra,Jalgaon,Jalgaon APMC,Mango,Other,Local,3000.0,4000.0,3500.0
2026-07-04,NCT of Delhi,Delhi,APMC Azadpur,Mango,Dinga,Grade A,2000.0,3000.0,2500.0
2026-07-04,Maharashtra,Chandrapur,Chandrapur(Ganjwad) APMC,Mango,Other,Local,4000.0,6000.0,5000.0
2026-07-04,Himachal Pradesh,Solan,PMY Kather Solan,Mango,Other,Medium,2000.0,7000.0,6000.0
2026-07-04,Himachal Pradesh,Solan,SMY Nalagarh,Mango,Other,Medium,1500.0,3000.0,2300.0
2026-07-04,Himachal Pradesh,Una,PMY Una,Mango,Dusheri,Grade A,3500.0,4500.0,4000.0
2026-07-04,Maharashtra,Chattrapati Sambhajinagar,Chattrapati Sambhajinagar APMC,Mango,Other,Local,1400.0,3000.0,2200.0
2026-07-04,Himachal Pradesh,Una,SMY Takarla,Mango,Other,Grade A,4000.0,6500.0,5500.0
2026-07-04,Jammu and Kashmir,Anantnag,Batengoo Anantnag (F&V),Mango,Other,Grade A,5000.0,5000.0,5000.0
2026-07-04,Jammu and Kashmir,Jammu,Narwal Jammu (F&V),Mango,Langra,Medium,4500.0,6000.0,5250.0
2026-07-04,Jammu and Kashmir,Kathua,Kathua (F&V),Mango,Dusheri,Grade B,3500.0,5000.0,4250.0
2026-07-04,Jammu and Kashmir,Kathua,Kathua (F&V),Mango,Safeda,Grade B,6000.0,7000.0,6500.0
2026-07-04,Jammu and Kashmir,Kathua,Kathua (F&V),Mango,Totapuri,Grade B,3500.0,4000.0,3750.0
2026-07-04,Keralam,Idukki,Kattappana Market,Mango,Other,Grade B,10000.0,11500.0,11000.0
2026-07-04,Keralam,Idukki,Kattappana Market,Mango,Other,Medium,7000.0,8500.0,7500.0
2026-07-04,Himachal Pradesh,Una,PMY Una,Mango,Safeda,Grade A,8000.0,10000.0,9000.0
2026-07-04,Keralam,Idukki,Thodupuzha Market,Mango,Other,Large,5900.0,6100.0,6100.0
2026-07-04,Keralam,Idukki,Kattappana Market,Mango,Other,Small,3400.0,3600.0,3500.0
2026-07-04,Maharashtra,Ahilyanagar,Shrirampur APMC,Mango,Other,Local,4000.0,6000.0,5000.0
2026-07-04,Maharashtra,Amarawati,Amrawati(Frui & Veg. Market) APMC,Mango,Totapuri,Local,1500.0,2000.0,1750.0
2026-07-04,Madhya Pradesh,Ujjain,Ujjain(F&V) APMC,Mango,Badami,Medium,1600.0,2900.0,1755.0
2026-07-04,Madhya Pradesh,Sheopur,Sheopurkalan(F&V) APMC,Mango,Dusheri,Medium,3000.0,3500.0,3200.0
2026-07-04,Maharashtra,Ahilyanagar,Ahilyanagar APMC,Mango,Totapuri,Local,2000.0,2500.0,2250.0
2026-07-04,Madhya Pradesh,Indore,Indore(F&V) APMC,Mango,Other,Local,1000.0,6000.0,4000.0
2026-07-04,Madhya Pradesh,Harda,Harda(F&V) APMC,Mango,Totapuri,Medium,2000.0,2200.0,2100.0
2026-07-04,Keralam,Palakad,Palakkad Market,Mango,Other,Medium,5000.0,6000.0,5600.0
2026-07-04,Keralam,Malappuram,Manjeri Market,Mango,Other,Local,5950.0,6050.0,6000.0
2026-07-05,Tamil Nadu,Nagercoil (Kannyiakumari),Vadaseri APMC,Mango,Safeda,Local,6500.0,7000.0,6750.0
2026-07-05,Tamil Nadu,Ranipet,Arcot(Uzhavar Sandhai ),Mango,Malgoa,Local,8000.0,8000.0,8000.0
2026-07-05,Tamil Nadu,Salem,Athur(Uzhavar Sandhai ),Mango,Safeda,Local,4000.0,5000.0,4500.0
2026-07-05,Tamil Nadu,Salem,Edapadi (Uzhavar Sandhai ),Mango,Neelam,Local,5500.0,6000.0,5750.0
2026-07-05,Tamil Nadu,Salem,Thammampatti (Uzhavar Sandhai ),Mango,Safeda,Local,4000.0,5000.0,4500.0
2026-07-05,Tamil Nadu,Thanjavur,Kumbakonam (Uzhavar Sandhai ),Mango,Safeda,Local,3000.0,9000.0,6000.0
2026-07-05,Tamil Nadu,The Nilgiris,Udhagamandalam(Uzhavar Sandhai ),Mango,Safeda,Local,10000.0,13000.0,11500.0
2026-07-05,Tamil Nadu,Namakkal,Kumarapalayam(Uzhavar Sandhai ),Mango,Safeda,Local,4500.0,5000.0,4750.0
2026-07-05,Tamil Nadu,Theni,Chinnamanur(Uzhavar Sandhai ),Mango,Other,Local,4000.0,4000.0,4000.0
2026-07-05,Tamil Nadu,Thiruvannamalai,Tiruvannamalai(Uzhavar Sandhai ),Mango,Safeda,Local,5000.0,6000.0,5500.0
2026-07-05,Tamil Nadu,Theni,Theni(Uzhavar Sandhai ),Mango,Neelam,Local,5000.0,6000.0,5500.0
2026-07-05,Tamil Nadu,Thirunelveli,NGO Colony(Uzhavar Sandhai ),Mango,Safeda,Local,5500.0,6000.0,5750.0
2026-07-05,Tamil Nadu,Thiruvannamalai,Tamarainagar(Uzhavar Sandhai ),Mango,Safeda,Local,5000.0,6000.0,5500.0
2026-07-05,Tamil Nadu,Vellore,Kahithapattarai(Uzhavar Sandhai ),Mango,Other,Local,4000.0,5000.0,4500.0
2026-07-05,Tamil Nadu,Vellore,Pallikonda(Uzhavar Sandhai),Mango,Other,Local,4000.0,5000.0,4500.0
2026-07-05,Uttar Pradesh,Amroha,Hasanpur APMC,Mango,Dusheri,Grade B,2500.0,3010.0,3000.0
2026-07-05,Uttar Pradesh,Badaun,Shahaswan APMC,Mango,Other,Medium,2000.0,2550.0,2500.0
2026-07-05,Uttarakhand,Haridwar,Roorkee APMC,Mango,Other,Local,1100.0,1600.0,1300.0
2026-07-05,Tamil Nadu,Madurai,Melur(Uzhavar Sandhai ),Mango,Safeda,Local,4500.0,5000.0,4750.0
2026-07-05,Tamil Nadu,Theni,Devaram(Uzhavar Sandhai ),Mango,Safeda,Local,4000.0,4000.0,4000.0
2026-07-05,Tamil Nadu,Madurai,Anna nagar(Uzhavar Sandhai ),Mango,Safeda,Local,5000.0,6000.0,5500.0
2026-07-05,Tamil Nadu,Thiruchirappalli,Musiri(Uzhavar Sandhai ),Mango,Safeda,Local,3000.0,3000.0,3000.0
2026-07-05,Tamil Nadu,Kallakuruchi,Sankarapuram(Uzhavar Sandhai ),Mango,Neelam,Local,5000.0,5000.0,5000.0
2026-07-05,Tamil Nadu,Kancheepuram,Kancheepuram(Uzhavar Sandhai ),Mango,Safeda,Local,2500.0,6000.0,4250.0
2026-07-05,Andhra Pradesh,Chittor,Chittoor APMC,Mango,Neelam,Local,800.0,1200.0,1000.0
2026-07-05,Andhra Pradesh,Chittor,Chittoor APMC,Mango,Totapuri,Local,300.0,600.0,400.0
2026-07-05,Haryana,Hissar,Hansi APMC,Mango,Other,Grade B,1000.0,6000.0,3000.0
2026-07-05,Maharashtra,Chattrapati Sambhajinagar,Chattrapati Sambhajinagar APMC,Mango,Other,Local,1200.0,3200.0,2200.0
2026-07-05,Tamil Nadu,Coimbatore,Kurichi(Uzhavar Sandhai ),Mango,Neelam,Local,7000.0,9000.0,8000.0
2026-07-05,Tamil Nadu,Coimbatore,Mettupalayam(Uzhavar Sandhai ),Mango,Safeda,Local,5000.0,10000.0,7500.0
2026-07-05,Tamil Nadu,Coimbatore,Pollachi(Uzhavar Sandhai ),Mango,Safeda,Local,5000.0,10000.0,7500.0
2026-07-05,Tamil Nadu,Coimbatore,RSPuram(Uzhavar Sandhai ),Mango,Neelam,Local,6000.0,7000.0,6500.0
2026-07-05,Tamil Nadu,Coimbatore,Singanallur(Uzhavar Sandhai ),Mango,Safeda,Local,9000.0,10000.0,9500.0
2026-07-05,Chandigarh,Chandigarh,Chandigarh (Grain/F&V) APMC,Mango,Other,Medium,2000.0,8500.0,6000.0
2026-07-05,Tamil Nadu,Coimbatore,Udumalpet APMC,Mango,Other,Local,4000.0,4500.0,4250.0
2026-07-05,Tamil Nadu,Coimbatore,Vadavalli(Uzhavar Sandhai ),Mango,Safeda,Local,7000.0,12000.0,9500.0
2026-07-05,Tamil Nadu,Cuddalore,Vadalur(Uzhavar Sandhai ),Mango,Neelam,Local,3000.0,4000.0,3500.0
2026-07-05,Tamil Nadu,Dharmapuri,Dharmapuri(Uzhavar Sandhai ),Mango,Safeda,Local,4500.0,5000.0,4750.0
2026-07-05,Tamil Nadu,Dharmapuri,Karimangalam(Uzhavar Sandhai),Mango,Safeda,Local,3800.0,4000.0,3900.0
2026-07-05,Tamil Nadu,Dharmapuri,Pennagaram(Uzhavar Sandhai ),Mango,Safeda,Local,3600.0,4000.0,3800.0
2026-07-05,Tamil Nadu,Dindigul,Chinnalapatti(Uzhavar Sandhai ),Mango,Safeda,Local,4000.0,6000.0,5000.0
2026-07-05,Tamil Nadu,Erode,Periyar Nagar(Uzhavar Sandhai ),Mango,Safeda,Local,3500.0,5000.0,4250.0
2026-07-05,Tamil Nadu,Coimbatore,Sundarapuram(Uzhavar Sandhai ),Mango,Neelam,Local,8000.0,9000.0,8500.0
2026-07-05,Tamil Nadu,Kallakuruchi,Kallakurichi(Uzhavar Sandhai ),Mango,Other,Local,4000.0,4000.0,4000.0
2026-07-08,Tamil Nadu,Nagercoil (Kannyiakumari),Vadaseri APMC,Mango,Safeda,Local,7000.0,7500.0,7250.0
2026-07-08,Tamil Nadu,Nagercoil (Kannyiakumari),Myladi(Uzhavar Sandhai ),Mango,Safeda,Local,6500.0,7000.0,6750.0
2026-07-08,Tamil Nadu,Nagapattinam,Nagapattinam(Uzhavar Sandhai ),Mango,Other,Local,6000.0,6500.0,6250.0
2026-07-08,Tamil Nadu,Madurai,Thirumangalam(Uzhavar Sandhai ),Mango,Safeda,Local,5000.0,6000.0,5500.0
2026-07-08,Tamil Nadu,Madurai,Melur(Uzhavar Sandhai ),Mango,Safeda,Local,4500.0,5000.0,4750.0
2026-07-08,Tamil Nadu,Madurai,Chokkikulam(Uzhavar Sandhai ),Mango,Safeda,Local,3000.0,6000.0,4500.0
2026-07-08,Tamil Nadu,Krishnagiri,Hosur(Uzhavar Sandhai ),Mango,Other,Local,6000.0,8000.0,7000.0
2026-07-08,Tamil Nadu,Madurai,Anaiyur(Uzhavar Sandhai ),Mango,Safeda,Local,3000.0,6000.0,4500.0
2026-07-08,Tamil Nadu,Krishnagiri,Krishnagiri(Uzhavar Sandhai ),Mango,Neelam,Local,1500.0,2500.0,2000.0
2026-07-08,Tamil Nadu,Karur,Pallapatti (Uzhavar Sandhai ),Mango,Other,Local,2500.0,3000.0,2750.0
2026-07-08,Tamil Nadu,Karur,Kulithalai(Uzhavar Sandhai ),Mango,Neelam,Local,5000.0,6000.0,5500.0
2026-07-08,Tamil Nadu,Karur,Karur(Uzhavar Sandhai ),Mango,Neelam,Local,7500.0,8000.0,7750.0
2026-07-08,Tamil Nadu,Namakkal,Kumarapalayam(Uzhavar Sandhai ),Mango,Safeda,Local,4500.0,5000.0,4750.0
2026-07-08,Tamil Nadu,Madurai,Anna nagar(Uzhavar Sandhai ),Mango,Other,Local,5000.0,5000.0,5000.0
2026-07-08,Tamil Nadu,Namakkal,Namakkal(Uzhavar Sandhai ),Mango,Neelam,Local,3500.0,4000.0,3750.0
2026-07-08,Tamil Nadu,Salem,Elampillai(Uzhavar Sandhai ),Mango,Neelam,Local,3000.0,4000.0,3500.0
2026-07-08,Tamil Nadu,Perambalur,Perambalur(Uzhavar Sandhai ),Mango,Other,Local,5000.0,5000.0,5000.0
2026-07-08,Tamil Nadu,Pudukkottai,Gandarvakottai(Uzhavar Sandhai ),Mango,Other,Local,7000.0,8000.0,7500.0
2026-07-08,Tamil Nadu,Pudukkottai,Pudukottai(Uzhavar Sandhai ),Mango,Neelam,Local,5000.0,6000.0,5500.0
2026-07-08,Tamil Nadu,Ranipet,Arcot(Uzhavar Sandhai ),Mango,Neelam,Local,6000.0,6000.0,6000.0
2026-07-08,Tamil Nadu,Ranipet,Ranipettai(Uzhavar Sandhai ),Mango,Safeda,Local,6000.0,10000.0,8000.0
2026-07-08,Tamil Nadu,Salem,Ammapet(Uzhavar Sandhai ),Mango,Neelam,Local,4000.0,5000.0,4500.0
2026-07-08,Tamil Nadu,Salem,Athur(Uzhavar Sandhai ),Mango,Safeda,Local,4000.0,5000.0,4500.0
2026-07-08,Tamil Nadu,Salem,Edapadi (Uzhavar Sandhai ),Mango,Neelam,Local,4500.0,5000.0,4750.0
2026-07-08,Tamil Nadu,Karur,Gandhigramam(Uzhavar Sandhai),Mango,Neelam,Local,6000.0,7000.0,6500.0
2026-07-08,Tamil Nadu,Salem,Hasthampatti(Uzhavar Sandhai ),Mango,Other,Local,6000.0,7000.0,6500.0
2026-07-08,Tamil Nadu,Salem,Mettur(Uzhavar Sandhai ),Mango,Neelam,Local,4000.0,5000.0,4500.0
2026-07-08,Tamil Nadu,Salem,Sooramangalam(Uzhavar Sandhai ),Mango,Neelam,Local,4000.0,5000.0,4500.0
2026-07-08,Tamil Nadu,Salem,Thammampatti (Uzhavar Sandhai ),Mango,Safeda,Local,4000.0,5000.0,4500.0
2026-07-08,Tamil Nadu,Salem,Thathakapatti(Uzhavar Sandhai ),Mango,Neelam,Local,4000.0,5000.0,4500.0
2026-07-08,Tamil Nadu,Namakkal,Rasipuram(Uzhavar Sandhai ),Mango,Other,Local,3000.0,5000.0,4000.0
2026-07-08,Tamil Nadu,Kancheepuram,Padappai(Uzhavar Sandhai ),Mango,Safeda,Local,3000.0,6000.0,4500.0
2026-07-08,Tamil Nadu,Dharmapuri,Palacode(Uzhavar Sandhai ),Mango,Neelam,Local,4600.0,5000.0,4800.0
2026-07-08,Tamil Nadu,Kallakuruchi,Sankarapuram(Uzhavar Sandhai ),Mango,Neelam,Local,5000.0,5000.0,5000.0
2026-07-08,Tamil Nadu,Coimbatore,RSPuram(Uzhavar Sandhai ),Mango,Neelam,Local,6000.0,7000.0,6500.0
2026-07-08,Tamil Nadu,Coimbatore,Pollachi(Uzhavar Sandhai ),Mango,Safeda,Local,5000.0,10000.0,7500.0
2026-07-08,Tamil Nadu,Coimbatore,Mettupalayam(Uzhavar Sandhai ),Mango,Safeda,Local,5000.0,10000.0,7500.0
2026-07-08,Tamil Nadu,Coimbatore,Kurichi(Uzhavar Sandhai ),Mango,Neelam,Local,8000.0,9000.0,8500.0
2026-07-08,Tamil Nadu,Chengalpattu,Pallavaram(Uzhavar Sandhai ),Mango,Other,Local,6000.0,7000.0,6500.0
2026-07-08,Tamil Nadu,Chengalpattu,Nanganallur(Uzhavar Sandhai ),Mango,Neelam,Local,4000.0,5000.0,4500.0
2026-07-08,Tamil Nadu,Coimbatore,Singanallur(Uzhavar Sandhai ),Mango,Safeda,Local,8000.0,10000.0,9000.0
2026-07-08,Tamil Nadu,Chengalpattu,Medavakkam(Uzhavar Sandhai ),Mango,Safeda,Local,4000.0,4000.0,4000.0
2026-07-08,Rajasthan,Udaipur,Udaipur (F&V) APMC,Mango,Other,Medium,2000.0,4000.0,3000.0
2026-07-08,Rajasthan,Kota,Kota (F&V) APMC,Mango,Other,Medium,5000.0,5000.0,5000.0
2026-07-08,Rajasthan,Jodhpur,Jodhpur (F&V) APMC,Mango,Langra,Medium,1000.0,3500.0,2250.0
2026-07-08,Rajasthan,Jodhpur,Jodhpur (F&V) APMC,Mango,Badami,Medium,2000.0,4500.0,3250.0
2026-07-08,Rajasthan,Jaipur,Jaipur (F&V) APMC,Mango,Other,Medium,1000.0,10000.0,5500.0
2026-07-08,Rajasthan,Ganganagar,Sriganganagar (F&V) APMC,Mango,Dusheri,Grade B,4300.0,4700.0,4500.0
2026-07-08,Tamil Nadu,Chengalpattu,Guduvancheri(Uzhavar Sandhai ),Mango,Other,Local,5000.0,6000.0,5500.0
2026-07-08,Tamil Nadu,Kancheepuram,Kancheepuram(Uzhavar Sandhai ),Mango,Safeda,Local,2500.0,6000.0,4250.0
2026-07-08,Tamil Nadu,Coimbatore,Sundarapuram(Uzhavar Sandhai ),Mango,Neelam,Local,8000.0,9000.0,8500.0
2026-07-08,Tamil Nadu,Cuddalore,Cuddalore(Uzhavar Sandhai ),Mango,Safeda,Local,3000.0,3000.0,3000.0
2026-07-08,Tamil Nadu,Kallakuruchi,Kallakurichi(Uzhavar Sandhai ),Mango,Other,Local,4000.0,4000.0,4000.0
2026-07-08,Tamil Nadu,Erode,Sampath Nagar(Uzhavar Sandhai ),Mango,Safeda,Local,2500.0,6000.0,4250.0
2026-07-08,Tamil Nadu,Erode,Perundurai(Uzhavar Sandhai ),Mango,Safeda,Local,4500.0,5000.0,4750.0
2026-07-08,Tamil Nadu,Erode,Periyar Nagar(Uzhavar Sandhai ),Mango,Safeda,Local,2500.0,6000.0,4250.0
2026-07-08,Tamil Nadu,Dindigul,Palani(Uzhavar Sandhai ),Mango,Neelam,Local,2500.0,3500.0,3000.0
2026-07-08,Tamil Nadu,Dindigul,Dindigul(Uzhavar Sandhai ),Mango,Safeda,Local,4000.0,5000.0,4500.0
2026-07-08,Tamil Nadu,Coimbatore,Vadavalli(Uzhavar Sandhai ),Mango,Safeda,Local,7000.0,12000.0,9500.0
2026-07-08,Tamil Nadu,Dindigul,Chinnalapatti(Uzhavar Sandhai ),Mango,Neelam,Local,4000.0,5000.0,4500.0
2026-07-08,Tamil Nadu,Salem,Vazhapadi(Uzhavar Sandhai),Mango,Neelam,Local,5000.0,5000.0,5000.0
2026-07-08,Tamil Nadu,Dharmapuri,Karimangalam(Uzhavar Sandhai),Mango,Safeda,Local,3800.0,4000.0,3900.0
2026-07-08,Tamil Nadu,Dharmapuri,Harur(Uzhavar Sandhai ),Mango,Other,Local,4500.0,5000.0,4750.0
2026-07-08,Tamil Nadu,Dharmapuri,Dharmapuri(Uzhavar Sandhai ),Mango,Safeda,Local,4600.0,5000.0,4800.0
2026-07-08,Tamil Nadu,Dharmapuri,AJattihalli(Uzhavar Sandhai ),Mango,Neelam,Local,5000.0,5000.0,5000.0
2026-07-08,Tamil Nadu,Cuddalore,Vadalur(Uzhavar Sandhai ),Mango,Neelam,Local,4000.0,4000.0,4000.0
2026-07-08,Tamil Nadu,Dharmapuri,Pennagaram(Uzhavar Sandhai ),Mango,Safeda,Local,3700.0,4000.0,3850.0
2026-07-08,Tamil Nadu,Sivaganga,Singampunari(Uzhavar Sandhai ),Mango,Other,Local,2600.0,3200.0,2900.0
2026-07-08,Tamil Nadu,Theni,Theni(Uzhavar Sandhai ),Mango,Neelam,Local,5000.0,6000.0,5500.0
2026-07-08,Tamil Nadu,Tenkasi,Sankarankoil(Uzhavar Sandhai ),Mango,Safeda,Local,4000.0,4000.0,4000.0
2026-07-08,Tamil Nadu,Villupuram,Tindivanam APMC,Mango,Other,Local,5000.0,5000.0,5000.0
2026-07-08,Tamil Nadu,Villupuram,Villupuram(Uzhavar Sandhai ),Mango,Safeda,Local,5000.0,5000.0,5000.0
2026-07-08,Tamil Nadu,Virudhunagar,Aruppukottai(Uzhavar Sandhai ),Mango,Safeda,Local,5000.0,6000.0,5500.0
2026-07-08,Tamil Nadu,Virudhunagar,Srivilliputhur(Uzhavar Sandhai ),Mango,Safeda,Local,3500.0,4000.0,3750.0
2026-07-08,Telangana,Ranga Reddy,Gaddiannaram APMC,Mango,Badami,Medium,1666.68,6666.72,3333.36
2026-07-08,Telangana,Ranga Reddy,Gaddiannaram APMC,Mango,Neelam,Medium,1111.12,3611.14,2222.24
2026-07-08,Telangana,Ranga Reddy,Gaddiannaram APMC,Mango,Other,Medium,1200.0,1600.0,1400.0
2026-07-08,Telangana,Ranga Reddy,Gaddiannaram APMC,Mango,Raspuri,Medium,3888.92,5833.38,4444.48
2026-07-08,Telangana,Ranga Reddy,Gaddiannaram APMC,Mango,Totapuri,Medium,1111.12,3333.36,2222.24
2026-07-08,Uttar Pradesh,Aligarh,Atrauli APMC,Mango,Dusheri,Medium,1900.0,2000.0,1950.0
2026-07-08,Uttar Pradesh,Badaun,Shahaswan APMC,Mango,Other,Medium,2500.0,3000.0,2600.0
2026-07-08,Uttar Pradesh,Mau(Maunathbhanjan),Kopaganj APMC,Mango,Dusheri,Grade B,2865.0,2900.0,2880.0
2026-07-08,Uttar Pradesh,Rampur,Bilaspur APMC,Mango,Dusheri,Local,2000.0,2500.0,2250.0
2026-07-08,Uttar Pradesh,Shamli,Kairana APMC,Mango,Dusheri,Medium,2300.0,2400.0,2350.0
2026-07-08,Uttar Pradesh,Shamli,Khandhla APMC,Mango,Dusheri,Medium,5000.0,5040.0,5020.0
2026-07-08,Uttarakhand,Dehradoon,Dehradoon APMC,Mango,Other,Grade B,3300.0,5000.0,4500.0
2026-07-08,Uttarakhand,Dehradoon,Rishikesh APMC,Mango,Dusheri,Medium,1800.0,3200.0,2850.0
2026-07-08,Punjab,Tarntaran,Patti APMC,Mango,Other,Grade B,1500.0,1500.0,1500.0
2026-07-08,West Bengal,Kolkata,Mechua APMC,Mango,Other,Grade A,4900.0,5200.0,5000.0
2026-07-08,Uttarakhand,Udhamsinghnagar,Sitarganj APMC,Mango,Dusheri,Local,1500.0,3000.0,2000.0
2026-07-08,Uttarakhand,Udhamsinghnagar,Rudrapur APMC,Mango,Other,Medium,2000.0,4000.0,3000.0
2026-07-08,Uttarakhand,Udhamsinghnagar,Kicchha APMC,Mango,Langra,Medium,2100.0,3000.0,2500.0
2026-07-08,Uttarakhand,Udhamsinghnagar,Kashipur APMC,Mango,Other,Local,2000.0,2200.0,2100.0
2026-07-08,Tamil Nadu,Vellore,Vellore APMC,Mango,Neelam,Local,5000.0,6000.0,5500.0
2026-07-08,Uttarakhand,Nanital,Ramnagar APMC,Mango,Other,Local,2000.0,3000.0,2500.0
2026-07-08,Uttarakhand,Haridwar,Haridwar Union APMC,Mango,Other,Grade C,2200.0,3500.0,2500.0
2026-07-08,Uttarakhand,Haridwar,Haridwar Union APMC,Mango,Dusheri,Grade Range-2,1200.0,2500.0,1500.0
2026-07-08,Uttarakhand,Garhwal (Pauri),Kotadwara APMC,Mango,Other,Medium,1800.0,1800.0,1800.0
2026-07-08,Uttarakhand,Dehradoon,Vikasnagar APMC,Mango,Other,Medium,1200.0,1200.0,1200.0
2026-07-08,Uttarakhand,Dehradoon,Rishikesh APMC,Mango,Other,Medium,1000.0,2000.0,1200.0
2026-07-08,Uttarakhand,Dehradoon,Rishikesh APMC,Mango,Langra,Medium,2000.0,3000.0,2800.0
2026-07-08,Uttarakhand,Haridwar,Roorkee APMC,Mango,Other,Local,1100.0,1600.0,1200.0
2026-07-08,Tamil Nadu,Sivaganga,Sivagangai (Uzhavar Sandhai ),Mango,Safeda,Local,3500.0,6500.0,5000.0
2026-07-08,Tamil Nadu,Vellore,Thirupathur APMC,Mango,Safeda,Local,4000.0,4000.0,4000.0
2026-07-08,Tamil Nadu,Vellore,Pallikonda(Uzhavar Sandhai),Mango,Other,Local,4000.0,5000.0,4500.0
2026-07-08,Tamil Nadu,Tenkasi,Tenkasi(Uzhavar Sandhai ),Mango,Neelam,Local,4000.0,4000.0,4000.0
2026-07-08,Tamil Nadu,Thanjavur,Kumbakonam (Uzhavar Sandhai ),Mango,Safeda,Local,3000.0,3000.0,3000.0
2026-07-08,Tamil Nadu,Thanjavur,Thanjavur(Uzhavar Sandhai ),Mango,Other,Local,6000.0,6000.0,6000.0
2026-07-08,Tamil Nadu,The Nilgiris,Udhagamandalam(Uzhavar Sandhai ),Mango,Safeda,Local,10000.0,12000.0,11000.0
2026-07-08,Tamil Nadu,Theni,Bodinayakanur(Uzhavar Sandhai ),Mango,Safeda,Local,4000.0,4000.0,4000.0
2026-07-08,Tamil Nadu,Theni,Chinnamanur(Uzhavar Sandhai ),Mango,Safeda,Local,4000.0,4000.0,4000.0
2026-07-08,Tamil Nadu,Theni,Devaram(Uzhavar Sandhai ),Mango,Safeda,Local,5000.0,5000.0,5000.0
2026-07-08,Tamil Nadu,Theni,Kambam(Uzhavar Sandhai ),Mango,Safeda,Local,3000.0,4000.0,3500.0
2026-07-08,Tamil Nadu,Thiruchirappalli,KKNagar(Uzhavar Sandhai ),Mango,Other,Local,8000.0,8000.0,8000.0
2026-07-08,Tamil Nadu,Thiruchirappalli,Musiri(Uzhavar Sandhai ),Mango,Safeda,Local,2500.0,3000.0,2750.0
2026-07-08,Tamil Nadu,Thiruchirappalli,Thuraiyur APMC,Mango,Other,Local,9000.0,9000.0,9000.0
2026-07-08,Tamil Nadu,Thirunelveli,NGO Colony(Uzhavar Sandhai ),Mango,Safeda,Local,5500.0,6000.0,5750.0
2026-07-08,Tamil Nadu,Thirunelveli,Palayamkottai(Uzhavar Sandhai ),Mango,Safeda,Local,6000.0,8000.0,7000.0
2026-07-08,Tamil Nadu,Thirupathur,Natrampalli(Uzhavar Sandhai ),Mango,Safeda,Local,3000.0,4000.0,3500.0
2026-07-08,Tamil Nadu,Thirupathur,Vaniyampadi(Uzhavar Sandhai ),Mango,Safeda,Local,4000.0,4000.0,4000.0
2026-07-08,Tamil Nadu,Thirupur,Dharapuram(Uzhavar Sandhai ),Mango,Safeda,Local,5500.0,6000.0,5750.0
2026-07-08,Tamil Nadu,Thirupur,Tiruppur (North) (Uzhavar Sandhai ),Mango,Other,Local,4500.0,5000.0,4750.0
2026-07-08,Tamil Nadu,Vellore,Katpadi (Uzhavar Sandhai ),Mango,Safeda,Local,6000.0,7000.0,6500.0
2026-07-08,Tamil Nadu,Vellore,Kahithapattarai(Uzhavar Sandhai ),Mango,Safeda,Local,5000.0,6000.0,5500.0
2026-07-08,Tamil Nadu,Vellore,Gudiyatham(Uzhavar Sandhai ),Mango,Neelam,Local,4000.0,4000.0,4000.0
2026-07-08,Tamil Nadu,Tuticorin,Tuticorin(Uzhavar Sandhai ),Mango,Safeda,Local,4000.0,5000.0,4500.0
2026-07-08,Tamil Nadu,Thiruvarur,Tiruthuraipoondi(Uzhavar Sandhai ),Mango,Safeda,Local,3000.0,3000.0,3000.0
2026-07-08,Tamil Nadu,Thiruvarur,Mannargudi II(Uzhavar Sandhai ),Mango,Safeda,Local,4000.0,5000.0,4500.0
2026-07-08,Tamil Nadu,Vellore,Perampet(Uzhavar Sandhai),Mango,Safeda,Local,3000.0,4000.0,3500.0
2026-07-08,Tamil Nadu,Thiruvarur,Mannargudi I(Uzhavar Sandhai ),Mango,Safeda,Local,4000.0,5000.0,4500.0
2026-07-08,Tamil Nadu,Thiruvannamalai,Tamarainagar(Uzhavar Sandhai ),Mango,Safeda,Local,4000.0,5000.0,4500.0
2026-07-08,Tamil Nadu,Thiruvannamalai,Polur(Uzhavar Sandhai ),Mango,Safeda,Local,4200.0,5000.0,4600.0
2026-07-08,Tamil Nadu,Thiruvannamalai,Keelpennathur(Uzhavar Sandhai ),Mango,Other,Local,5000.0,6000.0,5500.0
2026-07-08,Tamil Nadu,Thiruvannamalai,Chengam(Uzhavar Sandhai ),Mango,Safeda,Local,3300.0,4000.0,3650.0
2026-07-08,Tamil Nadu,Thiruvannamalai,Arani(Uzhavar Sandhai ),Mango,Safeda,Local,5000.0,6000.0,5500.0
2026-07-08,Tamil Nadu,Thirupur,Tiruppur (South) (Uzhavar Sandhai ),Mango,Other,Local,3500.0,4000.0,3750.0
2026-07-08,Tamil Nadu,Thiruvannamalai,Tiruvannamalai(Uzhavar Sandhai ),Mango,Safeda,Local,5000.0,6000.0,5500.0
2026-07-08,Punjab,Sangrur,Dhuri APMC,Mango,Safeda,Medium,5100.0,9800.0,8100.0
2026-07-08,Tamil Nadu,Chengalpattu,Jameenrayapettai(Uzhavar Sandhai ),Mango,Other,Local,5000.0,6000.0,5500.0
2026-07-08,Punjab,Ropar (Rupnagar),Ropar APMC,Mango,Langra,Medium,4000.0,5000.0,4500.0
2026-07-08,Haryana,Mewat,Punhana APMC,Mango,Other,Medium,2500.0,6000.0,4000.0
2026-07-08,Haryana,Panipat,Panipat APMC,Mango,Other,Local,2000.0,8000.0,5000.0
2026-07-08,Haryana,Panipat,Samalkha APMC,Mango,Other,Grade A,3500.0,4500.0,4000.0
2026-07-08,Haryana,Rewari,Kosli APMC,Mango,Other,Medium,3000.0,3000.0,3000.0
2026-07-08,Haryana,Rohtak,Meham APMC,Mango,Other,Medium,2000.0,3000.0,2500.0
2026-07-08,Haryana,Rohtak,Sampla APMC,Mango,Other,Local,3000.0,5000.0,3000.0
2026-07-08,Haryana,Sonipat,Ganaur APMC,Mango,Other,Medium,3000.0,6000.0,4500.0
2026-07-08,Haryana,Sonipat,Gohana APMC,Mango,Other,Medium,3000.0,6000.0,4000.0
2026-07-08,Haryana,Sonipat,Sonepat APMC,Mango,Dusheri,Medium,2000.0,3500.0,2000.0
2026-07-08,Haryana,Sonipat,Sonepat APMC,Mango,Safeda,Medium,4500.0,6000.0,4500.0
2026-07-08,Haryana,Sonipat,Sonepat(Kharkhoda) APMC,Mango,Other,Grade A,3000.0,6000.0,5200.0
2026-07-08,Haryana,Yamuna Nagar,Jagadhri APMC,Mango,Other,Medium,1800.0,6200.0,6000.0
2026-07-08,Haryana,Yamuna Nagar,Sadhaura APMC,Mango,Other,Local,2500.0,5000.0,3000.0
2026-07-08,Himachal Pradesh,Bilaspur,PMY Bilaspur,Mango,Other,Grade C,5000.0,11000.0,7500.0
2026-07-08,Himachal Pradesh,Chamba,PMY Chamba,Mango,Dusheri,Medium,4000.0,4500.0,4250.0
2026-07-08,Himachal Pradesh,Hamirpur,PMY Hamirpur,Mango,Other,Grade B,4500.0,11000.0,8000.0
2026-07-08,Himachal Pradesh,Hamirpur,SMY Nadaun,Mango,Other,Grade B,4500.0,11000.0,8000.0
2026-07-08,Himachal Pradesh,Solan,SMY Nalagarh,Mango,Other,Medium,2500.0,3500.0,3000.0
2026-07-08,Himachal Pradesh,Solan,PMY Kather Solan,Mango,Other,Medium,2000.0,11000.0,7000.0
2026-07-08,Himachal Pradesh,Shimla,SMY Rohroo,Mango,Other,Grade B,4000.0,13000.0,8000.0
2026-07-08,Himachal Pradesh,Shimla,SMY Rampur,Mango,Other,Medium,3000.0,5000.0,4000.0
2026-07-08,Himachal Pradesh,Shimla,PMY Dhalli Shimla,Mango,Other,Grade A,6000.0,16000.0,10000.0
2026-07-08,Himachal Pradesh,Mandi,SMY Dhanotu,Mango,Other,Medium,3000.0,5000.0,4000.0
2026-07-08,Haryana,Mahendragarh-Narnaul,Narnaul APMC,Mango,Mango,Medium,4000.0,6000.0,5000.0
2026-07-08,Himachal Pradesh,Mandi,PMY Kangni Mandi,Mango,Other,Grade B,5000.0,11500.0,7500.0
2026-07-08,Himachal Pradesh,Kullu,PMY Kullu,Mango,Other,Medium,4000.0,10000.0,7000.0
2026-07-08,Himachal Pradesh,Kangra,SMY Palampur,Mango,Other,Medium,2000.0,10000.0,6000.0
2026-07-08,Himachal Pradesh,Kangra,SMY Nagrota Bagwan,Mango,Other,Medium,4000.0,13000.0,8000.0
2026-07-08,Himachal Pradesh,Kangra,SMY Jaisinghpur,Mango,Other,Medium,2500.0,10000.0,6000.0
2026-07-08,Himachal Pradesh,Kangra,SMY Baijnath,Mango,Chausa,Grade A,4500.0,5200.0,4800.0
2026-07-08,Himachal Pradesh,Kangra,PMY Kangra,Mango,Other,Medium,5000.0,11000.0,7000.0
2026-07-08,Himachal Pradesh,Kullu,SMY Bhuntar,Mango,Other,Medium,4500.0,10000.0,7500.0
2026-07-08,Himachal Pradesh,Una,PMY Una,Mango,Dusheri,Grade A,4000.0,6000.0,5000.0
2026-07-08,Haryana,Mahendragarh-Narnaul,Mohindergarh APMC,Mango,Other,Medium,3000.0,4000.0,3500.0
2026-07-08,Haryana,Kurukshetra,Shahabad APMC,Mango,Other,Medium,1500.0,6500.0,4000.0
2026-07-08,Andhra Pradesh,Chittor,Bangarupalyam APMC,Mango,Badami,Grade B,2000.0,4500.0,3250.0
2026-07-08,Andhra Pradesh,Chittor,Chittoor APMC,Mango,Neelam,Local,1200.0,1800.0,1500.0
2026-07-08,Andhra Pradesh,Chittor,Chittoor APMC,Mango,Totapuri,Local,300.0,500.0,400.0
2026-07-08,Andhra Pradesh,East Godavari,Rajahmundry APMC,Mango,Other,Local,600.0,1500.0,1000.0
2026-07-08,Andhra Pradesh,East Godavari,Rajahmundry APMC,Mango,Safeda,Local,1000.0,3000.0,2000.0
2026-07-08,Andhra Pradesh,Tirupathi,Thiruchanur APMC,Mango,Badami,Grade A,1800.0,4500.0,3150.0
2026-07-08,Andhra Pradesh,Tirupathi,Thiruchanur APMC,Mango,Other,Grade A,900.0,2400.0,1650.0
2026-07-08,Andhra Pradesh,Tirupathi,Thiruchanur APMC,Mango,Totapuri,Grade A,800.0,1600.0,1200.0
2026-07-08,Bihar,East Champaran/ Motihari,Motihari APMC,Mango,Other,Grade A,6000.0,6500.0,6200.0
2026-07-08,Chandigarh,Chandigarh,Chandigarh (Grain/F&V) APMC,Mango,Other,Medium,1000.0,7000.0,6000.0
2026-07-08,Chattisgarh,Durg,Durg APMC,Mango,Dusheri,Medium,5000.0,7000.0,7000.0
2026-07-08,Goa,North Goa,Mapusa APMC,Mango,Neelam,Medium,4000.0,6000.0,5000.0
2026-07-08,Gujarat,Banaskanth,Deesa(Deesa Veg Yard) APMC,Mango,Other,Medium,2000.0,9000.0,5500.0
2026-07-08,Gujarat,Bharuch,Bharuch APMC,Mango,Langra,Local,2500.0,3000.0,2800.0
2026-07-08,Gujarat,Bharuch,Bharuch APMC,Mango,Totapuri,Local,1500.0,2500.0,2000.0
2026-07-08,Gujarat,Mehsana,Mehsana(Mehsana Veg) APMC,Mango,Badami,Local,1500.0,4600.0,4000.0
2026-07-08,Gujarat,Mehsana,Mehsana(Mehsana Veg) APMC,Mango,Keshar,Local,4000.0,8000.0,7000.0
2026-07-08,Haryana,Kurukshetra,Ladwa APMC,Mango,Dusheri,Medium,2500.0,4000.0,3000.0
2026-07-08,Haryana,Jind,Safidon APMC,Mango,Other,Medium,1800.0,3500.0,2500.0
2026-07-08,Haryana,Jind,Narwana APMC,Mango,Other,Local,4000.0,8000.0,6500.0
2026-07-08,Haryana,Jhajar,Jhajjar APMC,Mango,Other,Medium,3500.0,3500.0,3500.0
2026-07-08,Haryana,Hissar,Uklana APMC,Mango,Other,Medium,3500.0,4000.0,4000.0
2026-07-08,Haryana,Hissar,Hansi APMC,Mango,Other,Grade B,1000.0,6000.0,3000.0
2026-07-08,Haryana,Kurukshetra,Thanesar APMC,Mango,Other,Medium,1000.0,6000.0,3500.0
2026-07-08,Haryana,Hissar,Barwala(Hisar) APMC,Mango,Other,Local,2000.0,7500.0,4500.0
2026-07-08,Haryana,Gurgaon,Gurgaon APMC,Mango,Other,Grade C,3000.0,5000.0,4000.0
2026-07-08,Haryana,Fatehabad,Fatehabad APMC,Mango,Other,Local,9000.0,9000.0,9000.0
2026-07-08,Haryana,Faridabad,Ballabhgarh APMC,Mango,Other,Grade A,5000.0,5800.0,5500.0
2026-07-08,Haryana,Ambala,Shahzadpur APMC,Mango,Langra,Medium,2000.0,2000.0,2000.0
2026-07-08,Haryana,Ambala,Naraingarh APMC,Mango,Mango,Medium,1400.0,4000.0,3000.0
2026-07-08,Gujarat,Surendranagar,Vadhvan APMC,Mango,Keshar,Medium,6000.0,6500.0,6250.0
2026-07-08,Haryana,Gurgaon,Sohna APMC,Mango,Other,Local,2000.0,2000.0,2000.0
2026-07-08,Himachal Pradesh,Una,PMY Una,Mango,Safeda,Grade A,8000.0,11000.0,9000.0
2026-07-08,Haryana,Faridabad,Faridabad APMC,Mango,Other,Grade B,4500.0,4500.0,4500.0
2026-07-08,Himachal Pradesh,Una,SMY Takarla,Mango,Other,Grade A,4000.0,7000.0,5500.0
2026-07-08,NCT of Delhi,Delhi,APMC Azadpur,Mango,Totapuri,Grade A,2143.0,3571.0,2857.0
2026-07-08,Odisha,Angul,Talcher APMC,Mango,Other,Local,1750.45,1950.0,1880.0
2026-07-08,Odisha,Gajapati,Kasinagar APMC,Mango,Badami,Grade Range-1,1800.0,2000.0,1900.0
2026-07-08,Odisha,Mayurbhanja,Narasinghpur APMC,Mango,Amrapali,Local,2500.0,3500.0,3000.0
2026-07-08,Odisha,Mayurbhanja,Narasinghpur APMC,Mango,Langra,Local,2000.0,3000.0,2500.0
2026-07-08,Punjab,Bhatinda,Bathinda APMC,Mango,Other,Grade B,4000.0,7000.0,5000.0
2026-07-08,Punjab,Bhatinda,Bhagta Bhai Ka APMC,Mango,Other,Medium,3100.0,3100.0,3100.0
2026-07-08,Punjab,Fazilka,Fazilka APMC,Mango,Other,Medium,7000.0,7000.0,7000.0
2026-07-08,Punjab,Fazilka,Jalalabad APMC,Mango,Other,Medium,7000.0,7500.0,7200.0
2026-07-08,Punjab,Gurdaspur,Dinanagar APMC,Mango,Other,Medium,4500.0,5000.0,4800.0
2026-07-08,Punjab,Gurdaspur,Gurdaspur APMC,Mango,Other,Grade A,4500.0,4500.0,4500.0
2026-07-08,Punjab,Gurdaspur,Quadian APMC,Mango,Other,Grade A,4200.0,4400.0,4300.0
2026-07-08,Punjab,Hoshiarpur,Garh Shankar APMC,Mango,Other,Medium,3000.0,3000.0,3000.0
2026-07-08,Punjab,Hoshiarpur,Tanda Urmur APMC,Mango,Other,Grade A,4500.0,5500.0,5000.0
2026-07-08,Punjab,Hoshiarpur,Tanda Urmur APMC,Mango,Safeda,Grade A,5000.0,6000.0,5500.0
2026-07-08,Punjab,Hoshiarpur,Tanda Urmur APMC,Mango,Totapuri,Grade A,3500.0,5000.0,4000.0
2026-07-08,Punjab,Jalandhar,Jalandhar City(Jalandhar) APMC,Mango,Other,Medium,2000.0,5000.0,3800.0
2026-07-08,Himachal Pradesh,Una,SMY Santoshgarh,Mango,Dusheri,Grade A,4500.0,5000.0,4750.0
2026-07-08,Punjab,Ropar (Rupnagar),Ropar APMC,Mango,Dusheri,Medium,4000.0,4500.0,4200.0
2026-07-08,Punjab,Ropar (Rupnagar),Morinda APMC,Mango,Dusheri,Local,4000.0,5000.0,4500.0
2026-07-08,Punjab,Patiala,Rajpura APMC,Mango,Langra,Grade B,4000.0,4550.0,4250.0
2026-07-08,Punjab,Patiala,Rajpura APMC,Mango,Dusheri,Grade B,5000.0,5500.0,5250.0
2026-07-08,Punjab,Patiala,Patran APMC,Mango,Other,Grade A,4060.0,4060.0,4060.0
2026-07-08,NCT of Delhi,Delhi,APMC Azadpur,Mango,Surkha,Grade A,3000.0,8000.0,4500.0
2026-07-08,Punjab,Patiala,Patiala APMC,Mango,Other,Grade B,3000.0,3900.0,3500.0
2026-07-08,Punjab,Ropar (Rupnagar),Ropar APMC,Mango,Safeda,Medium,5800.0,6200.0,6000.0
2026-07-08,Punjab,Nawanshahr,Nawan Shahar(Subzi Mandi) APMC,Mango,Other,Medium,2700.0,3000.0,2800.0
2026-07-08,Punjab,Nawanshahr,Nawan Shahar(Subzi Mandi) APMC,Mango,Dusheri,Medium,2500.0,3000.0,2800.0
2026-07-08,Punjab,Ludhiana,Raikot APMC,Mango,Chausa,Grade A,5350.0,5350.0,5350.0
2026-07-08,Punjab,Ludhiana,Ludhiana APMC,Mango,Other,Medium,2000.0,6000.0,3500.0
2026-07-08,Punjab,Ludhiana,Khanna APMC,Mango,Safeda,Grade A,5000.0,5000.0,5000.0
2026-07-08,Punjab,Patiala,Nabha APMC,Mango,Other,Grade B,2500.0,6000.0,4000.0
2026-07-08,NCT of Delhi,Delhi,APMC Azadpur,Mango,Saroli,Grade A,1000.0,2000.0,1500.0
2026-07-08,Punjab,Mohali,Kharar APMC,Mango,Other,Medium,2000.0,6000.0,2500.0
2026-07-08,NCT of Delhi,Delhi,APMC Azadpur,Mango,Langra,Grade A,3000.0,5000.0,3600.0
2026-07-08,Madhya Pradesh,Indore,Indore(F&V) APMC,Mango,Other,Local,1500.0,6000.0,4500.0
2026-07-08,Keralam,Palakad,vadakarapathy Market,Mango,Other,Grade A,1500.0,2000.0,1700.0
2026-07-08,Karnataka,Mysuru,Mysuru APMC,Mango,Other,Local,2480.0,2857.0,2717.0
2026-07-08,Karnataka,Kolar,Mulbagal APMC,Mango,Totapuri,Local,300.0,400.0,350.0
2026-07-08,Karnataka,Kalaburagi,Kalaburagi APMC,Mango,Mango,Local,3000.0,5000.0,4000.0
2026-07-08,Karnataka,Davangere,Davangere APMC,Mango,Mango,Local,2000.0,5000.0,3000.0
2026-07-08,Madhya Pradesh,Morena,Morena APMC,Mango,Other,Non-FAQ,1500.0,1500.0,1500.0
2026-07-08,Karnataka,Bengaluru,"Binny Mill (F&V), Bengaluru APMC",Mango,Totapuri,Local,800.0,1200.0,1000.0
2026-07-08,Jammu and Kashmir,Rajouri,Rajouri (Phaliana) (F&V),Mango,Totapuri,Grade B,5600.0,5600.0,5600.0
2026-07-08,Jammu and Kashmir,Rajouri,Rajouri (Phaliana) (F&V),Mango,Dusheri,Grade B,5000.0,5000.0,5000.0
2026-07-08,Jammu and Kashmir,Kathua,Kathua (F&V),Mango,Totapuri,Grade B,4000.0,4500.0,4250.0
2026-07-08,Jammu and Kashmir,Kathua,Kathua (F&V),Mango,Dusheri,Grade B,3000.0,5000.0,4000.0
2026-07-08,NCT of Delhi,Delhi,APMC Azadpur,Mango,Safeda,Grade A,2857.0,5000.0,3714.0
2026-07-08,Jammu and Kashmir,Jammu,Narwal Jammu (F&V),Mango,Chausa,Medium,7500.0,8000.0,7750.0
2026-07-08,Karnataka,Bengaluru,"Binny Mill (F&V), Bengaluru APMC",Mango,Badami,Local,3000.0,5000.0,4000.0
2026-07-08,Madhya Pradesh,Sehore,Sehore(F&V) APMC,Mango,Badami,Grade Range-1,3000.0,4000.0,3500.0
2026-07-08,Karnataka,Bengaluru,"Binny Mill (F&V), Bengaluru APMC",Mango,Neelam,Local,1500.0,3500.0,2500.0
2026-07-08,Maharashtra,Amarawati,Amrawati(Frui & Veg. Market) APMC,Mango,Totapuri,Local,1500.0,2500.0,2000.0
2026-07-08,NCT of Delhi,Delhi,APMC Azadpur,Mango,Hapus(Alphaso),Grade A,10000.0,18333.0,14167.0
2026-07-08,NCT of Delhi,Delhi,APMC Azadpur,Mango,Keshar,Grade A,3571.0,5714.0,4286.0
2026-07-08,Maharashtra,Ahilyanagar,Shrirampur APMC,Mango,Other,Local,2500.0,4500.0,3500.0
2026-07-08,NCT of Delhi,Delhi,APMC Azadpur,Mango,Fazli,Grade A,4286.0,7143.0,5714.0
2026-07-08,NCT of Delhi,Delhi,APMC Azadpur,Mango,Dusheri,Grade A,2143.0,3571.0,2643.0
2026-07-08,NCT of Delhi,Delhi,APMC Azadpur,Mango,Dinga,Grade A,2000.0,3000.0,2400.0
2026-07-08,Maharashtra,Sangli,"Sangli(Phale, Bhajipala Market) APMC",Mango,Totapuri,Local,1000.0,3000.0,2000.0
2026-07-08,Maharashtra,Solapur,Akluj APMC,Mango,Other,Local,3000.0,6000.0,5000.0
2026-07-08,Maharashtra,Nagpur,Nagpur APMC,Mango,Other,Local,3500.0,4000.0,3875.0
2026-07-08,Maharashtra,Nagpur,HINGNA - APMC,Mango,Other,Local,4000.0,5000.0,4500.0
2026-07-08,Maharashtra,Mumbai,Mumbai- Fruit Market APMC,Mango,Other,Local,6000.0,16000.0,11000.0
2026-07-08,Maharashtra,Jalgaon,Jalgaon APMC,Mango,Other,Local,3000.0,4000.0,3500.0
2026-07-08,Maharashtra,Chattrapati Sambhajinagar,Chattrapati Sambhajinagar APMC,Mango,Other,Local,3000.0,9000.0,6000.0
2026-07-08,Maharashtra,Nagpur,Nagpur APMC,Mango,Totapuri,Local,1500.0,1800.0,1725.0
2026-07-09,Tamil Nadu,Salem,Ammapet(Uzhavar Sandhai ),Mango,Neelam,Local,6000.0,7000.0,6500.0
2026-07-09,Tamil Nadu,Salem,Mettur(Uzhavar Sandhai ),Mango,Neelam,Local,4000.0,5000.0,4500.0
2026-07-09,Tamil Nadu,Ranipet,Ranipettai(Uzhavar Sandhai ),Mango,Safeda,Local,6000.0,10000.0,8000.0
2026-07-09,Tamil Nadu,Ranipet,Arcot(Uzhavar Sandhai ),Mango,Neelam,Local,6000.0,6000.0,6000.0
2026-07-09,Tamil Nadu,Salem,Athur(Uzhavar Sandhai ),Mango,Safeda,Local,4000.0,5000.0,4500.0
2026-07-09,Tamil Nadu,Salem,Edapadi (Uzhavar Sandhai ),Mango,Neelam,Local,3500.0,4000.0,3750.0
2026-07-09,Tamil Nadu,Salem,Elampillai(Uzhavar Sandhai ),Mango,Neelam,Local,3000.0,4000.0,3500.0
2026-07-09,Tamil Nadu,Salem,Hasthampatti(Uzhavar Sandhai ),Mango,Other,Local,5000.0,6000.0,5500.0
2026-07-09,Tamil Nadu,Salem,Sooramangalam(Uzhavar Sandhai ),Mango,Neelam,Local,4000.0,5000.0,4500.0
2026-07-09,Tamil Nadu,Tenkasi,Sankarankoil(Uzhavar Sandhai ),Mango,Safeda,Local,4000.0,4000.0,4000.0
2026-07-09,Tamil Nadu,Salem,Thathakapatti(Uzhavar Sandhai ),Mango,Neelam,Local,4000.0,5000.0,4500.0
2026-07-09,Tamil Nadu,Salem,Vazhapadi(Uzhavar Sandhai),Mango,Neelam,Local,4500.0,5000.0,4750.0
2026-07-09,Tamil Nadu,Sivaganga,Singampunari(Uzhavar Sandhai ),Mango,Other,Local,2600.0,3200.0,2900.0
2026-07-09,Tamil Nadu,Sivaganga,Sivagangai (Uzhavar Sandhai ),Mango,Safeda,Local,3500.0,6500.0,5000.0
2026-07-09,Tamil Nadu,Tenkasi,Tenkasi(Uzhavar Sandhai ),Mango,Neelam,Local,4000.0,4000.0,4000.0
2026-07-09,Tamil Nadu,Thanjavur,Kumbakonam (Uzhavar Sandhai ),Mango,Safeda,Local,3000.0,3000.0,3000.0
2026-07-09,Tamil Nadu,Thanjavur,Thanjavur(Uzhavar Sandhai ),Mango,Safeda,Local,5000.0,6000.0,5500.0
2026-07-09,Tamil Nadu,Pudukkottai,Pudukottai(Uzhavar Sandhai ),Mango,Other,Local,6000.0,7000.0,6500.0
2026-07-09,Tamil Nadu,Theni,Bodinayakanur(Uzhavar Sandhai ),Mango,Safeda,Local,4000.0,4000.0,4000.0
2026-07-09,Tamil Nadu,The Nilgiris,Udhagamandalam(Uzhavar Sandhai ),Mango,Safeda,Local,10000.0,12000.0,11000.0
2026-07-09,Tamil Nadu,Salem,Thammampatti (Uzhavar Sandhai ),Mango,Safeda,Local,4000.0,5000.0,4500.0
2026-07-09,Tamil Nadu,Perambalur,Perambalur(Uzhavar Sandhai ),Mango,Other,Local,5000.0,5000.0,5000.0
2026-07-09,Tamil Nadu,Karur,Gandhigramam(Uzhavar Sandhai),Mango,Other,Local,5000.0,8000.0,6500.0
2026-07-09,Tamil Nadu,Namakkal,Namakkal(Uzhavar Sandhai ),Mango,Neelam,Local,4500.0,5000.0,4750.0
2026-07-09,Tamil Nadu,Erode,Perundurai(Uzhavar Sandhai ),Mango,Safeda,Local,4400.0,4800.0,4600.0
2026-07-09,Tamil Nadu,Theni,Chinnamanur(Uzhavar Sandhai ),Mango,Safeda,Local,4000.0,4000.0,4000.0
2026-07-09,Tamil Nadu,Erode,Sampath Nagar(Uzhavar Sandhai ),Mango,Safeda,Local,3000.0,6000.0,4500.0
2026-07-09,Tamil Nadu,Kallakuruchi,Kallakurichi(Uzhavar Sandhai ),Mango,Other,Local,4000.0,4000.0,4000.0
2026-07-09,Tamil Nadu,Kallakuruchi,Sankarapuram(Uzhavar Sandhai ),Mango,Safeda,Local,5000.0,5000.0,5000.0
2026-07-09,Tamil Nadu,Kancheepuram,Kancheepuram(Uzhavar Sandhai ),Mango,Safeda,Local,3000.0,6000.0,4500.0
2026-07-09,Tamil Nadu,Kancheepuram,Padappai(Uzhavar Sandhai ),Mango,Safeda,Local,3000.0,6000.0,4500.0
2026-07-09,Tamil Nadu,Kancheepuram,Sunguvarchatram(Uzhavar Sandhai ),Mango,Safeda,Local,4000.0,4000.0,4000.0
2026-07-09,Tamil Nadu,Karur,Karur(Uzhavar Sandhai ),Mango,Neelam,Local,7500.0,8000.0,7750.0
2026-07-09,Tamil Nadu,Karur,Kulithalai(Uzhavar Sandhai ),Mango,Neelam,Local,5000.0,6000.0,5500.0
2026-07-09,Tamil Nadu,Karur,Pallapatti (Uzhavar Sandhai ),Mango,Other,Local,2500.0,3000.0,2750.0
2026-07-09,Tamil Nadu,Krishnagiri,Krishnagiri(Uzhavar Sandhai ),Mango,Neelam,Local,2000.0,2500.0,2250.0
2026-07-09,Tamil Nadu,Madurai,Anaiyur(Uzhavar Sandhai ),Mango,Safeda,Local,3000.0,6000.0,4500.0
2026-07-09,Tamil Nadu,Madurai,Anna nagar(Uzhavar Sandhai ),Mango,Other,Local,5000.0,5000.0,5000.0
2026-07-09,Tamil Nadu,Madurai,Anna nagar(Uzhavar Sandhai ),Mango,Safeda,Local,5000.0,6000.0,5500.0
2026-07-09,Tamil Nadu,Madurai,Chokkikulam(Uzhavar Sandhai ),Mango,Safeda,Local,3000.0,6000.0,4500.0
2026-07-09,Tamil Nadu,Madurai,Thirumangalam(Uzhavar Sandhai ),Mango,Safeda,Local,5000.0,6000.0,5500.0
2026-07-09,Tamil Nadu,Nagapattinam,Nagapattinam(Uzhavar Sandhai ),Mango,Other,Local,7000.0,8000.0,7500.0
2026-07-09,Tamil Nadu,Nagercoil (Kannyiakumari),Myladi(Uzhavar Sandhai ),Mango,Safeda,Local,6500.0,7000.0,6750.0
2026-07-09,Tamil Nadu,Nagercoil (Kannyiakumari),Vadaseri APMC,Mango,Safeda,Local,7000.0,7500.0,7250.0
2026-07-09,Tamil Nadu,Namakkal,Mohanur(Uzhavar Sandhai ),Mango,Neelam,Local,4000.0,5000.0,4500.0
2026-07-09,Tamil Nadu,Namakkal,Rasipuram(Uzhavar Sandhai ),Mango,Other,Local,4500.0,5000.0,4750.0
2026-07-09,Tamil Nadu,Theni,Devaram(Uzhavar Sandhai ),Mango,Safeda,Local,5000.0,5000.0,5000.0
2026-07-09,Tamil Nadu,Virudhunagar,Srivilliputhur(Uzhavar Sandhai ),Mango,Safeda,Local,3500.0,4000.0,3750.0
2026-07-09,Tamil Nadu,Theni,Theni(Uzhavar Sandhai ),Mango,Neelam,Local,3000.0,5000.0,4000.0
2026-07-09,Tamil Nadu,Vellore,Perampet(Uzhavar Sandhai),Mango,Safeda,Local,3000.0,4000.0,3500.0
2026-07-09,Tamil Nadu,Vellore,Thirupathur APMC,Mango,Safeda,Local,4000.0,4000.0,4000.0
2026-07-09,Tamil Nadu,Vellore,Vellore APMC,Mango,Neelam,Local,4000.0,5000.0,4500.0
2026-07-09,Tamil Nadu,Villupuram,Tindivanam APMC,Mango,Other,Local,5000.0,5000.0,5000.0
2026-07-09,Tamil Nadu,Villupuram,Villupuram(Uzhavar Sandhai ),Mango,Safeda,Local,5000.0,5000.0,5000.0
2026-07-09,Tamil Nadu,Virudhunagar,Aruppukottai(Uzhavar Sandhai ),Mango,Safeda,Local,5000.0,6000.0,5500.0
2026-07-09,Uttar Pradesh,Rampur,Bilaspur APMC,Mango,Dusheri,Local,2000.0,2500.0,2250.0
2026-07-09,Uttar Pradesh,Shamli,Kairana APMC,Mango,Dusheri,Medium,2400.0,2500.0,2450.0
2026-07-09,Uttarakhand,Dehradoon,Vikasnagar APMC,Mango,Other,Medium,1000.0,1200.0,1200.0
2026-07-09,Tamil Nadu,Vellore,Pallikonda(Uzhavar Sandhai),Mango,Other,Local,4000.0,5000.0,4500.0
2026-07-09,Uttarakhand,Garhwal (Pauri),Kotadwara APMC,Mango,Other,Medium,1900.0,1900.0,1900.0
2026-07-09,Uttarakhand,Haridwar,Haridwar Union APMC,Mango,Dusheri,Grade Range-2,1000.0,2500.0,1500.0
2026-07-09,Uttarakhand,Haridwar,Manglaur APMC,Mango,Other,Local,1000.0,1400.0,1200.0
2026-07-09,Uttarakhand,Haridwar,Roorkee APMC,Mango,Other,Local,1100.0,1600.0,1300.0
2026-07-09,Uttarakhand,Nanital,Haldwani APMC,Mango,Other,Grade A,1200.0,1600.0,1400.0
2026-07-09,Uttarakhand,Nanital,Ramnagar APMC,Mango,Other,Local,2000.0,3000.0,2500.0
2026-07-09,Uttarakhand,Udhamsinghnagar,Kicchha APMC,Mango,Langra,Medium,2100.0,3000.0,2500.0
2026-07-09,Uttarakhand,Udhamsinghnagar,Rudrapur APMC,Mango,Other,Medium,2000.0,4000.0,3000.0
2026-07-09,Uttarakhand,Udhamsinghnagar,Sitarganj APMC,Mango,Dusheri,Local,1500.0,2500.0,2000.0
2026-07-09,Tamil Nadu,Erode,Periyar Nagar(Uzhavar Sandhai ),Mango,Neelam,Local,4000.0,4500.0,4250.0
2026-07-09,Uttarakhand,Haridwar,Bhagwanpur(Naveen Mandi Sthal) APMC,Mango,Other,Grade B,450.0,1200.0,600.0
2026-07-09,Tamil Nadu,Vellore,Katpadi (Uzhavar Sandhai ),Mango,Other,Local,6000.0,7000.0,6500.0
2026-07-09,Tamil Nadu,Vellore,Kahithapattarai(Uzhavar Sandhai ),Mango,Safeda,Local,5000.0,6000.0,5500.0
2026-07-09,Tamil Nadu,Vellore,Gudiyatham(Uzhavar Sandhai ),Mango,Neelam,Local,4000.0,4000.0,4000.0
2026-07-09,Tamil Nadu,Thiruchirappalli,KKNagar(Uzhavar Sandhai ),Mango,Neelam,Local,8000.0,8000.0,8000.0
2026-07-09,Tamil Nadu,Thiruchirappalli,Lalgudi(Uzhavar Sandhai ),Mango,Safeda,Local,4000.0,4000.0,4000.0
2026-07-09,Tamil Nadu,Thiruchirappalli,Musiri(Uzhavar Sandhai ),Mango,Safeda,Local,2500.0,3000.0,2750.0
2026-07-09,Tamil Nadu,Thiruchirappalli,Thuraiyur APMC,Mango,Safeda,Local,9000.0,9000.0,9000.0
2026-07-09,Tamil Nadu,Thirunelveli,NGO Colony(Uzhavar Sandhai ),Mango,Safeda,Local,5500.0,6000.0,5750.0
2026-07-09,Tamil Nadu,Thirunelveli,Palayamkottai(Uzhavar Sandhai ),Mango,Safeda,Local,5000.0,7000.0,6000.0
2026-07-09,Tamil Nadu,Thirupathur,Natrampalli(Uzhavar Sandhai ),Mango,Safeda,Local,2000.0,4000.0,3000.0
2026-07-09,Tamil Nadu,Thirupathur,Vaniyampadi(Uzhavar Sandhai ),Mango,Safeda,Local,4000.0,4000.0,4000.0
2026-07-09,Tamil Nadu,Thirupur,Dharapuram(Uzhavar Sandhai ),Mango,Safeda,Local,5500.0,6000.0,5750.0
2026-07-09,Tamil Nadu,Thirupur,Tiruppur (North) (Uzhavar Sandhai ),Mango,Other,Local,4500.0,5000.0,4750.0
2026-07-09,Tamil Nadu,Thirupur,Tiruppur (South) (Uzhavar Sandhai ),Mango,Other,Local,3000.0,4000.0,3500.0
2026-07-09,Tamil Nadu,Thiruvannamalai,Arani(Uzhavar Sandhai ),Mango,Safeda,Local,4000.0,5000.0,4500.0
2026-07-09,Tamil Nadu,Thiruvannamalai,Chengam(Uzhavar Sandhai ),Mango,Safeda,Local,3500.0,4000.0,3750.0
2026-07-09,Tamil Nadu,Thiruvannamalai,Keelpennathur(Uzhavar Sandhai ),Mango,Other,Local,5000.0,6000.0,5500.0
2026-07-09,Tamil Nadu,Thiruvannamalai,Polur(Uzhavar Sandhai ),Mango,Safeda,Local,4200.0,5000.0,4600.0
2026-07-09,Tamil Nadu,Thiruvannamalai,Tamarainagar(Uzhavar Sandhai ),Mango,Safeda,Local,5000.0,6000.0,5500.0
2026-07-09,Tamil Nadu,Thiruvannamalai,Tiruvannamalai(Uzhavar Sandhai ),Mango,Safeda,Local,5000.0,6000.0,5500.0
2026-07-09,Tamil Nadu,Thiruvarur,Mannargudi I(Uzhavar Sandhai ),Mango,Safeda,Local,4000.0,5000.0,4500.0
2026-07-09,Tamil Nadu,Thiruvarur,Mannargudi II(Uzhavar Sandhai ),Mango,Safeda,Local,4000.0,5000.0,4500.0
2026-07-09,Tamil Nadu,Thiruvarur,Tiruthuraipoondi(Uzhavar Sandhai ),Mango,Safeda,Local,3000.0,3000.0,3000.0
2026-07-09,Tamil Nadu,Tuticorin,Tuticorin(Uzhavar Sandhai ),Mango,Safeda,Local,4500.0,5000.0,4750.0
2026-07-09,Tamil Nadu,Theni,Kambam(Uzhavar Sandhai ),Mango,Safeda,Local,3000.0,4000.0,3500.0
2026-07-09,Tamil Nadu,Dindigul,Palani(Uzhavar Sandhai ),Mango,Neelam,Local,2500.0,4000.0,3250.0
2026-07-09,Tamil Nadu,Dharmapuri,Dharmapuri(Uzhavar Sandhai ),Mango,Safeda,Local,4600.0,5000.0,4800.0
2026-07-09,Tamil Nadu,Dindigul,Chinnalapatti(Uzhavar Sandhai ),Mango,Safeda,Local,4000.0,5000.0,4500.0
2026-07-09,Himachal Pradesh,Chamba,PMY Chamba,Mango,Dusheri,Medium,4000.0,4500.0,4250.0
2026-07-09,Himachal Pradesh,Hamirpur,PMY Hamirpur,Mango,Other,Grade B,4500.0,11000.0,8500.0
2026-07-09,Himachal Pradesh,Hamirpur,SMY Nadaun,Mango,Other,Grade B,4500.0,11000.0,7500.0
2026-07-09,Himachal Pradesh,Kangra,PMY Kangra,Mango,Other,Medium,4000.0,14000.0,7000.0
2026-07-09,Himachal Pradesh,Kangra,SMY Baijnath,Mango,Safeda,Grade B,10000.0,10000.0,10000.0
2026-07-09,Himachal Pradesh,Kangra,SMY Jaisinghpur,Mango,Other,Medium,3000.0,8500.0,6000.0
2026-07-09,Himachal Pradesh,Kangra,SMY Nagrota Bagwan,Mango,Other,Medium,4000.0,6000.0,4800.0
2026-07-09,Himachal Pradesh,Kangra,SMY Palampur,Mango,Other,Medium,3000.0,8000.0,5000.0
2026-07-09,Himachal Pradesh,Shimla,SMY Rohroo,Mango,Other,Grade B,4000.0,11000.0,8000.0
2026-07-09,Haryana,Yamuna Nagar,Sadhaura APMC,Mango,Other,Local,1800.0,2600.0,2300.0
2026-07-09,Himachal Pradesh,Solan,PMY Kather Solan,Mango,Other,Medium,2000.0,12000.0,7000.0
2026-07-09,Jammu and Kashmir,Jammu,Narwal Jammu (F&V),Mango,Totapuri,Medium,4500.0,5000.0,4750.0
2026-07-09,Jammu and Kashmir,Kathua,Kathua (F&V),Mango,Dusheri,Grade B,3000.0,5000.0,4000.0
2026-07-09,Jammu and Kashmir,Kathua,Kathua (F&V),Mango,Totapuri,Grade B,3500.0,4500.0,4000.0
2026-07-09,Jammu and Kashmir,Rajouri,Rajouri (Phaliana) (F&V),Mango,Chausa,Grade B,4500.0,4500.0,4500.0
2026-07-09,Jammu and Kashmir,Srinagar,Parimpore Srinagar (F&V),Mango,Dusheri,Medium,4000.0,5000.0,4500.0
2026-07-09,Jammu and Kashmir,Srinagar,Parimpore Srinagar (F&V),Mango,Safeda,Medium,11000.0,12000.0,11500.0
2026-07-09,Jammu and Kashmir,Srinagar,Parimpore Srinagar (F&V),Mango,Totapuri,Medium,6000.0,7000.0,6500.0
2026-07-09,Keralam,Idukki,Kattappana Market,Mango,Other,Medium,8000.0,9500.0,8800.0
2026-07-09,Keralam,Idukki,Kattappana Market,Mango,Other,Small,3200.0,3500.0,3500.0
2026-07-09,Himachal Pradesh,Una,SMY Takarla,Mango,Other,Grade A,4500.0,7000.0,6800.0
2026-07-09,Haryana,Sonipat,Gohana APMC,Mango,Other,Medium,3500.0,6000.0,5000.0
2026-07-09,Haryana,Sonipat,Ganaur APMC,Mango,Other,Medium,3000.0,6000.0,4500.0
2026-07-09,Haryana,Rewari,Kosli APMC,Mango,Other,Medium,3000.0,3000.0,3000.0
2026-07-09,Tamil Nadu,Dindigul,Dindigul(Uzhavar Sandhai ),Mango,Safeda,Local,4000.0,5000.0,4500.0
2026-07-09,Andhra Pradesh,Chittor,Bangarupalyam APMC,Mango,Badami,Grade B,2500.0,4500.0,3500.0
2026-07-09,Andhra Pradesh,Chittor,Chittoor APMC,Mango,Neelam,Local,1200.0,1800.0,1500.0
2026-07-09,Andhra Pradesh,Chittor,Chittoor APMC,Mango,Totapuri,Local,300.0,500.0,400.0
2026-07-09,Andhra Pradesh,Tirupathi,Thiruchanur APMC,Mango,Badami,Grade A,2000.0,4000.0,3000.0
2026-07-09,Andhra Pradesh,Tirupathi,Thiruchanur APMC,Mango,Other,Grade A,1000.0,2500.0,1750.0
2026-07-09,Andhra Pradesh,Tirupathi,Thiruchanur APMC,Mango,Totapuri,Grade A,1000.0,2000.0,1750.0
2026-07-09,Chandigarh,Chandigarh,Chandigarh (Grain/F&V) APMC,Mango,Other,Medium,1000.0,8000.0,6000.0
2026-07-09,Chattisgarh,Durg,Durg APMC,Mango,Dusheri,Medium,6000.0,7000.0,6000.0
2026-07-09,Goa,North Goa,Mapusa APMC,Mango,Neelam,Medium,4000.0,6000.0,5000.0
2026-07-09,Gujarat,Surendranagar,Vadhvan APMC,Mango,Badami,Medium,5000.0,6000.0,5500.0
2026-07-09,Haryana,Gurgaon,Gurgaon APMC,Mango,Other,Grade B,2000.0,4000.0,3000.0
2026-07-09,Haryana,Gurgaon,Sohna APMC,Mango,Other,Local,2500.0,2500.0,2500.0
2026-07-09,Haryana,Hissar,Barwala(Hisar) APMC,Mango,Other,Local,2000.0,8000.0,4500.0
2026-07-09,Haryana,Jhajar,Jhajjar APMC,Mango,Other,Medium,4000.0,4000.0,4000.0
2026-07-09,Haryana,Jind,Narwana APMC,Mango,Other,Local,4000.0,8000.0,6000.0
2026-07-09,Haryana,Karnal,Tarori APMC,Mango,Chausa,Grade A,2000.0,4000.0,3000.0
2026-07-09,Haryana,Kurukshetra,Ladwa APMC,Mango,Dusheri,Medium,3000.0,4000.0,3500.0
2026-07-09,Haryana,Mahendragarh-Narnaul,Narnaul APMC,Mango,Mango,Medium,4000.0,6000.0,5000.0
2026-07-09,Haryana,Panipat,Panipat APMC,Mango,Other,Local,2000.0,8000.0,5000.0
2026-07-09,Haryana,Panipat,Samalkha APMC,Mango,Other,Grade A,3500.0,4000.0,3800.0
2026-07-09,Keralam,Palakad,Palakkad Market,Mango,Other,Medium,4500.0,6000.0,5300.0
2026-07-09,Maharashtra,Ahilyanagar,Shrirampur APMC,Mango,Other,Local,3000.0,6000.0,4500.0
2026-07-09,Haryana,Kurukshetra,Shahabad APMC,Mango,Other,Medium,2000.0,7000.0,4000.0
2026-07-09,Maharashtra,Nagpur,Nagpur APMC,Mango,Totapuri,Local,1500.0,1800.0,1725.0
2026-07-09,Rajasthan,Jaipur,Jaipur (F&V) APMC,Mango,Other,Medium,1000.0,10000.0,5500.0
2026-07-09,Tamil Nadu,Chengalpattu,Guduvancheri(Uzhavar Sandhai ),Mango,Other,Local,5000.0,6000.0,5500.0
2026-07-09,Tamil Nadu,Chengalpattu,Jameenrayapettai(Uzhavar Sandhai ),Mango,Other,Local,5000.0,6800.0,5900.0
2026-07-09,Tamil Nadu,Chengalpattu,Medavakkam(Uzhavar Sandhai ),Mango,Safeda,Local,5000.0,5000.0,5000.0
2026-07-09,Tamil Nadu,Chengalpattu,Nanganallur(Uzhavar Sandhai ),Mango,Neelam,Local,4000.0,5000.0,4500.0
2026-07-09,Tamil Nadu,Chengalpattu,Pallavaram(Uzhavar Sandhai ),Mango,Other,Local,6000.0,7000.0,6500.0
2026-07-09,Tamil Nadu,Coimbatore,Kurichi(Uzhavar Sandhai ),Mango,Neelam,Local,8000.0,9000.0,8500.0
2026-07-09,Tamil Nadu,Coimbatore,Mettupalayam(Uzhavar Sandhai ),Mango,Safeda,Local,5000.0,10000.0,7500.0
2026-07-09,Tamil Nadu,Coimbatore,Pollachi(Uzhavar Sandhai ),Mango,Safeda,Local,5000.0,10000.0,7500.0
2026-07-09,Rajasthan,Ganganagar,Sriganganagar (F&V) APMC,Mango,Dusheri,Grade A,4100.0,4500.0,4300.0
2026-07-09,Tamil Nadu,Coimbatore,RSPuram(Uzhavar Sandhai ),Mango,Neelam,Local,6000.0,7000.0,6500.0
2026-07-09,Tamil Nadu,Coimbatore,Vadavalli(Uzhavar Sandhai ),Mango,Safeda,Local,7000.0,11000.0,9000.0
2026-07-09,Tamil Nadu,Cuddalore,Cuddalore(Uzhavar Sandhai ),Mango,Safeda,Local,3000.0,5000.0,4000.0
2026-07-09,Tamil Nadu,Cuddalore,Vadalur(Uzhavar Sandhai ),Mango,Neelam,Local,3000.0,4000.0,3500.0
2026-07-09,Tamil Nadu,Dharmapuri,AJattihalli(Uzhavar Sandhai ),Mango,Neelam,Local,5000.0,5000.0,5000.0
2026-07-09,Tamil Nadu,Dharmapuri,Harur(Uzhavar Sandhai ),Mango,Other,Local,4000.0,5000.0,4500.0
2026-07-09,Tamil Nadu,Dharmapuri,Karimangalam(Uzhavar Sandhai),Mango,Safeda,Local,3800.0,4000.0,3900.0
2026-07-09,Tamil Nadu,Dharmapuri,Palacode(Uzhavar Sandhai ),Mango,Neelam,Local,4500.0,5000.0,4750.0
2026-07-09,Maharashtra,Nagpur,Nagpur APMC,Mango,Other,Local,3500.0,4000.0,3875.0
2026-07-09,Tamil Nadu,Dharmapuri,Pennagaram(Uzhavar Sandhai ),Mango,Safeda,Local,3700.0,4000.0,3850.0
2026-07-09,Tamil Nadu,Coimbatore,Singanallur(Uzhavar Sandhai ),Mango,Other,Local,9000.0,12000.0,10500.0
2026-07-09,Punjab,Tarntaran,Patti APMC,Mango,Other,Grade B,1500.0,1500.0,1500.0
2026-07-09,Tamil Nadu,Coimbatore,Sundarapuram(Uzhavar Sandhai ),Mango,Neelam,Local,8000.0,9000.0,8500.0
2026-07-09,Punjab,Ropar (Rupnagar),Ropar APMC,Mango,Safeda,Medium,5000.0,5500.0,5200.0
2026-07-09,Maharashtra,Sangli,"Sangli(Phale, Bhajipala Market) APMC",Mango,Totapuri,Local,2000.0,2500.0,2250.0
2026-07-09,Punjab,Sangrur,Dhuri APMC,Mango,Dusheri,Medium,5000.0,9800.0,8000.0
2026-07-09,Maharashtra,Solapur,Akluj APMC,Mango,Other,Local,3000.0,6100.0,5000.0
2026-07-09,Odisha,Mayurbhanja,Narasinghpur APMC,Mango,Amrapali,Local,2000.0,3000.0,2500.0
2026-07-09,Odisha,Mayurbhanja,Narasinghpur APMC,Mango,Langra,Local,2000.0,3000.0,2500.0
2026-07-09,Punjab,Bhatinda,Bhagta Bhai Ka APMC,Mango,Other,Medium,3300.0,3300.0,3300.0
2026-07-09,Punjab,Fazilka,Jalalabad APMC,Mango,Other,Medium,7000.0,7500.0,7200.0
2026-07-09,Punjab,Gurdaspur,Quadian APMC,Mango,Other,Grade A,4400.0,4600.0,4500.0
2026-07-09,Punjab,Hoshiarpur,Garh Shankar APMC,Mango,Other,Medium,3500.0,3500.0,3500.0
2026-07-09,Punjab,Hoshiarpur,Tanda Urmur APMC,Mango,Other,Grade A,5000.0,6000.0,5500.0
2026-07-09,Punjab,Fazilka,Fazilka APMC,Mango,Other,Medium,7000.0,7000.0,7000.0
2026-07-09,Punjab,Hoshiarpur,Tanda Urmur APMC,Mango,Totapuri,Grade A,3500.0,4500.0,4000.0
2026-07-09,Punjab,Ropar (Rupnagar),Ropar APMC,Mango,Langra,Medium,4000.0,4500.0,4200.0
2026-07-09,Punjab,Ropar (Rupnagar),Ropar APMC,Mango,Dusheri,Medium,4000.0,4400.0,4200.0
2026-07-09,Punjab,Hoshiarpur,Tanda Urmur APMC,Mango,Safeda,Grade A,5000.0,6000.0,5500.0
2026-07-09,Punjab,Ropar (Rupnagar),Chamkaur Sahib APMC,Mango,Other,Medium,7000.0,7000.0,7000.0
2026-07-09,Punjab,Patiala,Patran APMC,Mango,Other,Grade A,3560.0,3560.0,3560.0
2026-07-09,Maharashtra,Pune,Pune(Moshi) APMC,Mango,Other,Local,4000.0,10000.0,7000.0
2026-07-09,Punjab,Mohali,Kharar APMC,Mango,Other,Small,1800.0,6000.0,3000.0
2026-07-09,Punjab,Ludhiana,Ludhiana APMC,Mango,Other,Medium,2000.0,6000.0,3500.0
2026-07-09,Punjab,Jalandhar,Jalandhar City(Jalandhar) APMC,Mango,Other,Medium,2100.0,5200.0,3700.0
2026-07-09,Punjab,Patiala,Nabha APMC,Mango,Other,Grade B,2800.0,5000.0,3700.0
2026-07-10,Tamil Nadu,Namakkal,Mohanur(Uzhavar Sandhai ),Mango,Neelam,Local,4000.0,5000.0,4500.0
2026-07-10,Tamil Nadu,Salem,Athur(Uzhavar Sandhai ),Mango,Safeda,Local,4000.0,5000.0,4500.0
2026-07-10,Tamil Nadu,Salem,Ammapet(Uzhavar Sandhai ),Mango,Neelam,Local,4000.0,5000.0,4500.0
2026-07-10,Tamil Nadu,Ranipet,Ranipettai(Uzhavar Sandhai ),Mango,Safeda,Local,8000.0,10000.0,9000.0
2026-07-10,Tamil Nadu,Ranipet,Arcot(Uzhavar Sandhai ),Mango,Neelam,Local,6000.0,6000.0,6000.0
2026-07-10,Tamil Nadu,Pudukkottai,Gandarvakottai(Uzhavar Sandhai ),Mango,Other,Local,7000.0,8000.0,7500.0
2026-07-10,Tamil Nadu,Nagercoil (Kannyiakumari),Vadaseri APMC,Mango,Safeda,Local,6500.0,7000.0,6750.0
2026-07-10,Tamil Nadu,Perambalur,Perambalur(Uzhavar Sandhai ),Mango,Other,Local,5000.0,5000.0,5000.0
2026-07-10,Tamil Nadu,Namakkal,Rasipuram(Uzhavar Sandhai ),Mango,Other,Local,4500.0,5000.0,4750.0
2026-07-10,Tamil Nadu,Salem,Edapadi (Uzhavar Sandhai ),Mango,Neelam,Local,5000.0,6000.0,5500.0
2026-07-10,Tamil Nadu,Nagercoil (Kannyiakumari),Myladi(Uzhavar Sandhai ),Mango,Safeda,Local,9000.0,10000.0,9500.0
2026-07-10,Tamil Nadu,Pudukkottai,Pudukottai(Uzhavar Sandhai ),Mango,Other,Local,6000.0,7000.0,6500.0
2026-07-10,Tamil Nadu,Namakkal,Namakkal(Uzhavar Sandhai ),Mango,Other,Local,4000.0,5000.0,4500.0
2026-07-10,Tamil Nadu,Tenkasi,Tenkasi(Uzhavar Sandhai ),Mango,Neelam,Local,5000.0,5000.0,5000.0
2026-07-10,Tamil Nadu,Salem,Hasthampatti(Uzhavar Sandhai ),Mango,Other,Local,5000.0,6000.0,5500.0
2026-07-10,Tamil Nadu,Salem,Mettur(Uzhavar Sandhai ),Mango,Neelam,Local,4000.0,5000.0,4500.0
2026-07-10,Tamil Nadu,Salem,Sooramangalam(Uzhavar Sandhai ),Mango,Neelam,Local,4000.0,5000.0,4500.0
2026-07-10,Tamil Nadu,Salem,Thammampatti (Uzhavar Sandhai ),Mango,Safeda,Local,3000.0,4000.0,3500.0
2026-07-10,Tamil Nadu,Salem,Thathakapatti(Uzhavar Sandhai ),Mango,Neelam,Local,4000.0,5000.0,4500.0
2026-07-10,Tamil Nadu,Salem,Vazhapadi(Uzhavar Sandhai),Mango,Neelam,Local,5000.0,5000.0,5000.0
2026-07-10,Tamil Nadu,Sivaganga,Singampunari(Uzhavar Sandhai ),Mango,Other,Local,2600.0,3200.0,2900.0
2026-07-10,Tamil Nadu,Sivaganga,Sivagangai (Uzhavar Sandhai ),Mango,Safeda,Local,3500.0,6500.0,5000.0
2026-07-10,Tamil Nadu,Thanjavur,Kumbakonam (Uzhavar Sandhai ),Mango,Safeda,Local,3000.0,3000.0,3000.0
2026-07-10,Tamil Nadu,Thanjavur,Thanjavur(Uzhavar Sandhai ),Mango,Safeda,Local,5000.0,8000.0,6500.0
2026-07-10,Tamil Nadu,The Nilgiris,Udhagamandalam(Uzhavar Sandhai ),Mango,Safeda,Local,10000.0,12000.0,11000.0
2026-07-10,Tamil Nadu,Theni,Bodinayakanur(Uzhavar Sandhai ),Mango,Safeda,Local,4000.0,4000.0,4000.0
2026-07-10,Tamil Nadu,Nagapattinam,Nagapattinam(Uzhavar Sandhai ),Mango,Other,Local,3800.0,4500.0,4150.0
2026-07-10,Tamil Nadu,Theni,Chinnamanur(Uzhavar Sandhai ),Mango,Other,Local,4000.0,4000.0,4000.0
2026-07-10,Tamil Nadu,Salem,Elampillai(Uzhavar Sandhai ),Mango,Neelam,Local,3000.0,4000.0,3500.0
2026-07-10,Tamil Nadu,Madurai,Thirumangalam(Uzhavar Sandhai ),Mango,Safeda,Local,5000.0,6000.0,5500.0
2026-07-10,Tamil Nadu,Dharmapuri,Palacode(Uzhavar Sandhai ),Mango,Neelam,Local,4500.0,5000.0,4750.0
2026-07-10,Tamil Nadu,Madurai,Chokkikulam(Uzhavar Sandhai ),Mango,Safeda,Local,3000.0,6000.0,4500.0
2026-07-10,Tamil Nadu,Theni,Devaram(Uzhavar Sandhai ),Mango,Safeda,Local,5000.0,5000.0,5000.0
2026-07-10,Tamil Nadu,Coimbatore,Sundarapuram(Uzhavar Sandhai ),Mango,Neelam,Local,8000.0,9000.0,8500.0
2026-07-10,Tamil Nadu,Coimbatore,Vadavalli(Uzhavar Sandhai ),Mango,Safeda,Local,10000.0,15000.0,12500.0
2026-07-10,Tamil Nadu,Cuddalore,Cuddalore(Uzhavar Sandhai ),Mango,Safeda,Local,3000.0,5000.0,4000.0
2026-07-10,Tamil Nadu,Cuddalore,Vadalur(Uzhavar Sandhai ),Mango,Neelam,Local,4000.0,4000.0,4000.0
2026-07-10,Tamil Nadu,Dharmapuri,AJattihalli(Uzhavar Sandhai ),Mango,Neelam,Local,5500.0,6000.0,5750.0
2026-07-10,Tamil Nadu,Dharmapuri,Dharmapuri(Uzhavar Sandhai ),Mango,Safeda,Local,4600.0,5000.0,4800.0
2026-07-10,Tamil Nadu,Dharmapuri,Harur(Uzhavar Sandhai ),Mango,Other,Local,3500.0,4000.0,3750.0
2026-07-10,Tamil Nadu,Dharmapuri,Karimangalam(Uzhavar Sandhai),Mango,Safeda,Local,3800.0,4000.0,3900.0
2026-07-10,Tamil Nadu,Dharmapuri,Pennagaram(Uzhavar Sandhai ),Mango,Safeda,Local,3700.0,4000.0,3850.0
2026-07-10,Tamil Nadu,Dindigul,Chinnalapatti(Uzhavar Sandhai ),Mango,Safeda,Local,4000.0,5000.0,4500.0
2026-07-10,Tamil Nadu,Dindigul,Dindigul(Uzhavar Sandhai ),Mango,Safeda,Local,4000.0,5000.0,4500.0
2026-07-10,Tamil Nadu,Dindigul,Palani(Uzhavar Sandhai ),Mango,Neelam,Local,2500.0,4000.0,3250.0
2026-07-10,Tamil Nadu,Madurai,Melur(Uzhavar Sandhai ),Mango,Safeda,Local,4500.0,5000.0,4750.0
2026-07-10,Tamil Nadu,Erode,Periyar Nagar(Uzhavar Sandhai ),Mango,Neelam,Local,4000.0,4500.0,4250.0
2026-07-10,Tamil Nadu,Erode,Sampath Nagar(Uzhavar Sandhai ),Mango,Safeda,Local,2500.0,6000.0,4250.0
2026-07-10,Tamil Nadu,Kallakuruchi,Kallakurichi(Uzhavar Sandhai ),Mango,Other,Local,4000.0,4000.0,4000.0
2026-07-10,Tamil Nadu,Kallakuruchi,Sankarapuram(Uzhavar Sandhai ),Mango,Neelam,Local,5000.0,5000.0,5000.0
2026-07-10,Tamil Nadu,Kancheepuram,Kancheepuram(Uzhavar Sandhai ),Mango,Safeda,Local,3000.0,6000.0,4500.0
2026-07-10,Tamil Nadu,Kancheepuram,Padappai(Uzhavar Sandhai ),Mango,Safeda,Local,3000.0,6000.0,4500.0
2026-07-10,Tamil Nadu,Kancheepuram,Sunguvarchatram(Uzhavar Sandhai ),Mango,Safeda,Local,4000.0,4000.0,4000.0
2026-07-10,Tamil Nadu,Karur,Gandhigramam(Uzhavar Sandhai),Mango,Neelam,Local,6000.0,7000.0,6500.0
2026-07-10,Tamil Nadu,Karur,Karur(Uzhavar Sandhai ),Mango,Neelam,Local,7500.0,8000.0,7750.0
2026-07-10,Tamil Nadu,Karur,Kulithalai(Uzhavar Sandhai ),Mango,Neelam,Local,5000.0,6000.0,5500.0
2026-07-10,Tamil Nadu,Karur,Pallapatti (Uzhavar Sandhai ),Mango,Other,Local,2500.0,3000.0,2750.0
2026-07-10,Tamil Nadu,Krishnagiri,Krishnagiri(Uzhavar Sandhai ),Mango,Safeda,Local,2000.0,2500.0,2250.0
2026-07-10,Tamil Nadu,Madurai,Anaiyur(Uzhavar Sandhai ),Mango,Safeda,Local,4000.0,6000.0,5000.0
2026-07-10,Tamil Nadu,Madurai,Anna nagar(Uzhavar Sandhai ),Mango,Other,Local,5000.0,5000.0,5000.0
2026-07-10,Tamil Nadu,Erode,Perundurai(Uzhavar Sandhai ),Mango,Safeda,Local,4500.0,5000.0,4750.0
2026-07-10,Tamil Nadu,Theni,Kambam(Uzhavar Sandhai ),Mango,Safeda,Local,4000.0,5000.0,4500.0
2026-07-10,Uttarakhand,Dehradoon,Rishikesh APMC,Mango,Dusheri,Medium,1800.0,3200.0,2800.0
2026-07-10,Tamil Nadu,Thiruchirappalli,KKNagar(Uzhavar Sandhai ),Mango,Safeda,Local,5000.0,5000.0,5000.0
2026-07-10,Telangana,Ranga Reddy,Gaddiannaram APMC,Mango,Dusheri,Medium,1666.68,3333.36,2222.24
2026-07-10,Telangana,Ranga Reddy,Gaddiannaram APMC,Mango,Langra,Medium,2400.0,6000.0,3600.0
2026-07-10,Telangana,Ranga Reddy,Gaddiannaram APMC,Mango,Neelam,Medium,833.34,1944.46,1388.9
2026-07-10,Telangana,Ranga Reddy,Gaddiannaram APMC,Mango,Other,Medium,1000.0,1500.0,1300.0
2026-07-10,Telangana,Ranga Reddy,Gaddiannaram APMC,Mango,Raspuri,Medium,4444.48,5277.82,4444.48
2026-07-10,Telangana,Ranga Reddy,Gaddiannaram APMC,Mango,Totapuri,Medium,833.34,2222.24,1388.9
2026-07-10,Uttar Pradesh,Aligarh,Atrauli APMC,Mango,Dusheri,Medium,1900.0,2000.0,1950.0
2026-07-10,Uttar Pradesh,Amroha,Hasanpur APMC,Mango,Dusheri,Grade A,2500.0,3010.0,3000.0
2026-07-10,Uttar Pradesh,Amroha,Hasanpur APMC,Mango,Dusheri,Grade C,250.0,4000.0,3000.0
2026-07-10,Uttar Pradesh,Amroha,Hasanpur APMC,Mango,Langra,Grade B,1450.0,3000.0,2500.0
2026-07-10,Uttar Pradesh,Badaun,Shahaswan APMC,Mango,Other,Medium,2500.0,3500.0,3000.0
2026-07-10,Uttar Pradesh,Shamli,Khandhla APMC,Mango,Dusheri,Medium,4900.0,5000.0,4950.0
2026-07-10,Uttarakhand,Dehradoon,Dehradoon APMC,Mango,Other,Grade B,1800.0,3250.0,2200.0
2026-07-10,Telangana,Ranga Reddy,Gaddiannaram APMC,Mango,Badami,Medium,1666.68,7222.28,3333.36
2026-07-10,Uttarakhand,Dehradoon,Rishikesh APMC,Mango,Langra,Medium,2000.0,3000.0,2800.0
2026-07-10,Uttarakhand,Garhwal (Pauri),Kotadwara APMC,Mango,Other,Medium,1800.0,1800.0,1800.0
2026-07-10,Uttarakhand,Haridwar,Bhagwanpur(Naveen Mandi Sthal) APMC,Mango,Other,Grade A,800.0,2000.0,900.0
2026-07-10,Uttarakhand,Haridwar,Haridwar Union APMC,Mango,Dusheri,Grade Range-2,1000.0,2200.0,1500.0
2026-07-10,Uttarakhand,Haridwar,Manglaur APMC,Mango,Other,Local,1000.0,1200.0,1100.0
2026-07-10,Uttarakhand,Haridwar,Roorkee APMC,Mango,Other,Local,1100.0,1600.0,1300.0
2026-07-10,Uttarakhand,Udhamsinghnagar,Sitarganj APMC,Mango,Dusheri,Grade B,1500.0,4000.0,2000.0
2026-07-10,Uttarakhand,Nanital,Haldwani APMC,Mango,Other,Grade A,1500.0,2000.0,1800.0
2026-07-10,Uttarakhand,Nanital,Ramnagar APMC,Mango,Other,Local,2000.0,3000.0,2500.0
2026-07-10,Uttarakhand,Udhamsinghnagar,Jaspur(UC) APMC,Mango,Other,Grade A,2000.0,2000.0,2000.0
2026-07-10,Uttarakhand,Udhamsinghnagar,Kashipur APMC,Mango,Other,Local,2000.0,2200.0,2100.0
2026-07-10,Uttarakhand,Udhamsinghnagar,Kicchha APMC,Mango,Langra,Medium,2100.0,3000.0,2500.0
2026-07-10,Uttarakhand,Udhamsinghnagar,Rudrapur APMC,Mango,Other,Medium,2000.0,4000.0,3000.0
2026-07-10,Tamil Nadu,Coimbatore,Singanallur(Uzhavar Sandhai ),Mango,Safeda,Local,9000.0,10000.0,9500.0
2026-07-10,Uttarakhand,Dehradoon,Rishikesh APMC,Mango,Other,Medium,1000.0,1800.0,1250.0
2026-07-10,Tamil Nadu,Theni,Theni(Uzhavar Sandhai ),Mango,Neelam,Local,3000.0,5000.0,4000.0
2026-07-10,Tamil Nadu,Virudhunagar,Srivilliputhur(Uzhavar Sandhai ),Mango,Safeda,Local,3500.0,4000.0,3750.0
2026-07-10,Tamil Nadu,Villupuram,Villupuram(Uzhavar Sandhai ),Mango,Safeda,Local,5000.0,5000.0,5000.0
2026-07-10,Tamil Nadu,Thiruchirappalli,Lalgudi(Uzhavar Sandhai ),Mango,Safeda,Local,4000.0,4000.0,4000.0
2026-07-10,Tamil Nadu,Thiruchirappalli,Musiri(Uzhavar Sandhai ),Mango,Safeda,Local,3000.0,3000.0,3000.0
2026-07-10,Tamil Nadu,Thiruchirappalli,Thuraiyur APMC,Mango,Safeda,Local,8000.0,9000.0,8500.0
2026-07-10,Tamil Nadu,Thirunelveli,NGO Colony(Uzhavar Sandhai ),Mango,Safeda,Local,4500.0,5000.0,4750.0
2026-07-10,Tamil Nadu,Thirunelveli,Palayamkottai(Uzhavar Sandhai ),Mango,Safeda,Local,5000.0,7000.0,6000.0
2026-07-10,Tamil Nadu,Thirupathur,Natrampalli(Uzhavar Sandhai ),Mango,Safeda,Local,2000.0,4000.0,3000.0
2026-07-10,Tamil Nadu,Thirupathur,Vaniyampadi(Uzhavar Sandhai ),Mango,Safeda,Local,4000.0,4000.0,4000.0
2026-07-10,Tamil Nadu,Thirupur,Dharapuram(Uzhavar Sandhai ),Mango,Safeda,Local,5500.0,6000.0,5750.0
2026-07-10,Tamil Nadu,Thirupur,Tiruppur (North) (Uzhavar Sandhai ),Mango,Other,Local,4500.0,5000.0,4750.0
2026-07-10,Tamil Nadu,Thirupur,Tiruppur (South) (Uzhavar Sandhai ),Mango,Safeda,Local,3000.0,4000.0,3500.0
2026-07-10,Tamil Nadu,Thiruvannamalai,Arani(Uzhavar Sandhai ),Mango,Safeda,Local,4000.0,5000.0,4500.0
2026-07-10,Tamil Nadu,Thiruvannamalai,Chengam(Uzhavar Sandhai ),Mango,Safeda,Local,3600.0,4000.0,3800.0
2026-07-10,Tamil Nadu,Thiruvannamalai,Keelpennathur(Uzhavar Sandhai ),Mango,Other,Local,5000.0,6000.0,5500.0
2026-07-10,Tamil Nadu,Virudhunagar,Aruppukottai(Uzhavar Sandhai ),Mango,Safeda,Local,5500.0,6000.0,5750.0
2026-07-10,Tamil Nadu,Thiruvannamalai,Polur(Uzhavar Sandhai ),Mango,Safeda,Local,4200.0,5000.0,4600.0
2026-07-10,Tamil Nadu,Thiruvannamalai,Tiruvannamalai(Uzhavar Sandhai ),Mango,Safeda,Local,5000.0,6000.0,5500.0
2026-07-10,Tamil Nadu,Thiruvarur,Mannargudi I(Uzhavar Sandhai ),Mango,Safeda,Local,4000.0,5000.0,4500.0
2026-07-10,Tamil Nadu,Thiruvarur,Mannargudi II(Uzhavar Sandhai ),Mango,Safeda,Local,4000.0,5000.0,4500.0
2026-07-10,Tamil Nadu,Thiruvarur,Tiruthuraipoondi(Uzhavar Sandhai ),Mango,Safeda,Local,3000.0,3000.0,3000.0
2026-07-10,Tamil Nadu,Tuticorin,Tuticorin(Uzhavar Sandhai ),Mango,Safeda,Local,4500.0,5000.0,4750.0
2026-07-10,Tamil Nadu,Vellore,Gudiyatham(Uzhavar Sandhai ),Mango,Neelam,Local,4000.0,4000.0,4000.0
2026-07-10,Tamil Nadu,Vellore,Kahithapattarai(Uzhavar Sandhai ),Mango,Safeda,Local,5000.0,6000.0,5500.0
2026-07-10,Tamil Nadu,Vellore,Katpadi (Uzhavar Sandhai ),Mango,Safeda,Local,6000.0,7000.0,6500.0
2026-07-10,Tamil Nadu,Vellore,Pallikonda(Uzhavar Sandhai),Mango,Other,Local,5000.0,5000.0,5000.0
2026-07-10,Tamil Nadu,Vellore,Perampet(Uzhavar Sandhai),Mango,Neelam,Local,4000.0,4000.0,4000.0
2026-07-10,Tamil Nadu,Vellore,Thirupathur APMC,Mango,Safeda,Local,4000.0,4000.0,4000.0
2026-07-10,Tamil Nadu,Vellore,Vellore APMC,Mango,Other,Local,4000.0,5000.0,4500.0
2026-07-10,Tamil Nadu,Villupuram,Tindivanam APMC,Mango,Neelam,Local,5000.0,5000.0,5000.0
2026-07-10,Tamil Nadu,Thiruvannamalai,Tamarainagar(Uzhavar Sandhai ),Mango,Safeda,Local,5000.0,6000.0,5500.0
2026-07-10,Tamil Nadu,Coimbatore,RSPuram(Uzhavar Sandhai ),Mango,Neelam,Local,6000.0,7000.0,6500.0
2026-07-10,Bihar,East Champaran/ Motihari,Motihari APMC,Mango,Other,Grade A,5500.0,6000.0,5800.0
2026-07-10,Tamil Nadu,Coimbatore,Mettupalayam(Uzhavar Sandhai ),Mango,Safeda,Local,5000.0,10000.0,7500.0
2026-07-10,Haryana,Sonipat,Sonepat APMC,Mango,Safeda,Medium,5500.0,7000.0,7000.0
2026-07-10,Himachal Pradesh,Bilaspur,PMY Bilaspur,Mango,Other,Grade B,6000.0,11000.0,8000.0
2026-07-10,Himachal Pradesh,Chamba,PMY Chamba,Mango,Dusheri,Medium,4000.0,4500.0,4250.0
2026-07-10,Himachal Pradesh,Hamirpur,PMY Hamirpur,Mango,Other,Grade B,5000.0,10000.0,7500.0
2026-07-10,Himachal Pradesh,Hamirpur,SMY Nadaun,Mango,Other,Grade B,5000.0,11000.0,8500.0
2026-07-10,Himachal Pradesh,Kangra,PMY Kangra,Mango,Other,Medium,4000.0,11000.0,6000.0
2026-07-10,Himachal Pradesh,Kangra,SMY Baijnath,Mango,Safeda,Grade B,8000.0,8600.0,8500.0
2026-07-10,Himachal Pradesh,Kangra,SMY Nagrota Bagwan,Mango,Other,Medium,4000.0,10000.0,6000.0
2026-07-10,Himachal Pradesh,Kangra,SMY Palampur,Mango,Other,Medium,3500.0,12000.0,8000.0
2026-07-10,Himachal Pradesh,Kullu,PMY Kullu,Mango,Other,Medium,4500.0,10000.0,6000.0
2026-07-10,Himachal Pradesh,Shimla,SMY Rampur,Mango,Other,Medium,6000.0,7000.0,6500.0
2026-07-10,Himachal Pradesh,Solan,PMY Kather Solan,Mango,Other,Medium,2500.0,9000.0,7500.0
2026-07-10,Himachal Pradesh,Solan,SMY Nalagarh,Mango,Other,Medium,2500.0,4000.0,3300.0
2026-07-10,Haryana,Sonipat,Sonepat APMC,Mango,Dusheri,Medium,2500.0,5000.0,2500.0
2026-07-10,Himachal Pradesh,Una,PMY Una,Mango,Dusheri,Grade A,5000.0,6000.0,5500.0
2026-07-10,Himachal Pradesh,Una,SMY Santoshgarh,Mango,Dusheri,Grade A,4500.0,5200.0,4850.0
2026-07-10,Jammu and Kashmir,Kathua,Kathua (F&V),Mango,Dusheri,Grade B,3000.0,5000.0,4000.0
2026-07-10,Jammu and Kashmir,Kathua,Kathua (F&V),Mango,Totapuri,Grade B,3500.0,4500.0,4000.0
2026-07-10,Jammu and Kashmir,Rajouri,Rajouri (Phaliana) (F&V),Mango,Chausa,Grade B,5000.0,5000.0,5000.0
2026-07-10,Jammu and Kashmir,Srinagar,Parimpore Srinagar (F&V),Mango,Dusheri,Medium,7300.0,8100.0,7700.0
2026-07-10,Jammu and Kashmir,Srinagar,Parimpore Srinagar (F&V),Mango,Safeda,Medium,11500.0,12000.0,11750.0
2026-07-10,Jammu and Kashmir,Srinagar,Parimpore Srinagar (F&V),Mango,Totapuri,Medium,6000.0,7000.0,6500.0
2026-07-10,Karnataka,Bengaluru,"Binny Mill (F&V), Bengaluru APMC",Mango,Badami,Local,2000.0,4000.0,3000.0
2026-07-10,Karnataka,Bengaluru,"Binny Mill (F&V), Bengaluru APMC",Mango,Neelam,Local,1500.0,2500.0,2000.0
2026-07-10,Karnataka,Davangere,Davangere APMC,Mango,Mango,Local,3000.0,4000.0,3500.0
2026-07-10,Karnataka,Kalaburagi,Kalaburagi APMC,Mango,Mango,Local,2000.0,6000.0,4000.0
2026-07-10,Keralam,Palakad,Palakkad Market,Mango,Other,Large,5000.0,7000.0,6100.0
2026-07-10,Madhya Pradesh,Burhanpur,Burhanpur(F&V) APMC,Mango,Badami,Grade A,1800.0,5500.0,5000.0
2026-07-10,Himachal Pradesh,Una,PMY Una,Mango,Safeda,Grade A,9000.0,11000.0,10000.0
2026-07-10,Madhya Pradesh,Harda,Harda(F&V) APMC,Mango,Totapuri,Medium,2000.0,4000.0,3000.0
2026-07-10,Haryana,Sonipat,Ganaur APMC,Mango,Other,Medium,6000.0,8000.0,7000.0
2026-07-10,Haryana,Rohtak,Meham APMC,Mango,Other,Medium,1800.0,2500.0,2000.0
2026-07-10,Andhra Pradesh,Chittor,Bangarupalyam APMC,Mango,Badami,Grade B,3000.0,4000.0,3500.0
2026-07-10,Andhra Pradesh,Chittor,Chittoor APMC,Mango,Neelam,Local,1200.0,1800.0,1500.0
2026-07-10,Andhra Pradesh,Chittor,Chittoor APMC,Mango,Totapuri,Local,300.0,500.0,400.0
2026-07-10,Andhra Pradesh,Tirupathi,Thiruchanur APMC,Mango,Badami,Grade A,1800.0,4500.0,3150.0
2026-07-10,Andhra Pradesh,Tirupathi,Thiruchanur APMC,Mango,Other,Grade A,800.0,2100.0,1450.0
2026-07-10,Andhra Pradesh,Tirupathi,Thiruchanur APMC,Mango,Totapuri,Grade A,800.0,1800.0,1300.0
2026-07-10,Chandigarh,Chandigarh,Chandigarh (Grain/F&V) APMC,Mango,Other,Medium,2000.0,6000.0,5000.0
2026-07-10,Chattisgarh,Durg,Durg APMC,Mango,Dusheri,Medium,5000.0,6000.0,6000.0
2026-07-10,Goa,North Goa,Mapusa APMC,Mango,Neelam,Medium,4000.0,6000.0,5000.0
2026-07-10,Goa,North Goa,Mapusa APMC,Mango,Totapuri,Medium,2000.0,5000.0,4000.0
2026-07-10,Gujarat,Bharuch,Bharuch APMC,Mango,Dusheri,Local,2500.0,3500.0,2800.0
2026-07-10,Gujarat,Bharuch,Bharuch APMC,Mango,Langra,Local,2500.0,4000.0,3000.0
2026-07-10,Haryana,Ambala,Naraingarh APMC,Mango,Mango,Medium,1200.0,4000.0,2000.0
2026-07-10,Haryana,Rohtak,Sampla APMC,Mango,Other,Local,2800.0,4000.0,2800.0
2026-07-10,Haryana,Ambala,Shahzadpur APMC,Mango,Langra,Medium,3100.0,3100.0,3100.0
2026-07-10,Haryana,Fatehabad,Fatehabad APMC,Mango,Other,Local,8000.0,8000.0,8000.0
2026-07-10,Tamil Nadu,Coimbatore,Pollachi(Uzhavar Sandhai ),Mango,Safeda,Local,5000.0,10000.0,7500.0
2026-07-10,Haryana,Hissar,Uklana APMC,Mango,Other,Medium,3000.0,4000.0,4000.0
2026-07-10,Haryana,Jhajar,Jhajjar APMC,Mango,Other,Medium,4000.0,4000.0,4000.0
2026-07-10,Haryana,Jind,Narwana APMC,Mango,Other,Local,3000.0,7000.0,5500.0
2026-07-10,Haryana,Karnal,Tarori APMC,Mango,Other,Grade A,2000.0,4000.0,3000.0
2026-07-10,Haryana,Kurukshetra,Ladwa APMC,Mango,Dusheri,Medium,3000.0,5000.0,4000.0
2026-07-10,Haryana,Kurukshetra,Shahabad APMC,Mango,Other,Medium,2000.0,6500.0,5000.0
2026-07-10,Haryana,Kurukshetra,Thanesar APMC,Mango,Other,Medium,1000.0,7000.0,4000.0
2026-07-10,Haryana,Mahendragarh-Narnaul,Narnaul APMC,Mango,Mango,Medium,4000.0,6000.0,5000.0
2026-07-10,Haryana,Mewat,FerozpurZirkha(Nagina) APMC,Mango,Other,Local,2000.0,2400.0,2200.0
2026-07-10,Haryana,Panipat,Panipat APMC,Mango,Other,Local,2000.0,8000.0,5000.0
2026-07-10,Haryana,Rewari,Kosli APMC,Mango,Other,Medium,4000.0,4000.0,4000.0
2026-07-10,Haryana,Faridabad,Faridabad APMC,Mango,Other,Grade B,3500.0,3500.0,3500.0
2026-07-10,Madhya Pradesh,Indore,Indore(F&V) APMC,Mango,Other,Local,1500.0,8000.0,5000.0
2026-07-10,Haryana,Gurgaon,Gurgaon APMC,Mango,Other,Grade B,2000.0,4000.0,3000.0
2026-07-10,Madhya Pradesh,Sagar,Sagar(F&V) APMC,Mango,Other,Local,3000.0,5000.0,4000.0
2026-07-10,Punjab,Gurdaspur,Dinanagar APMC,Mango,Other,Medium,4500.0,5000.0,4800.0
2026-07-10,Punjab,Gurdaspur,Gurdaspur APMC,Mango,Other,Grade A,4800.0,4800.0,4800.0
2026-07-10,Punjab,Gurdaspur,Quadian APMC,Mango,Other,Grade A,4200.0,4500.0,4300.0
2026-07-10,Punjab,Hoshiarpur,Garh Shankar APMC,Mango,Other,Medium,3200.0,3200.0,3200.0
2026-07-10,Punjab,Hoshiarpur,Garh Shankar(Mahalpur) APMC,Mango,Dusheri,Medium,5000.0,5000.0,5000.0
2026-07-10,Punjab,Hoshiarpur,Mukerian APMC,Mango,Dusheri,Grade B,2500.0,4500.0,3500.0
2026-07-10,Punjab,Hoshiarpur,Tanda Urmur APMC,Mango,Other,Grade B,5000.0,6000.0,5500.0
2026-07-10,Punjab,Hoshiarpur,Tanda Urmur APMC,Mango,Totapuri,Grade A,4000.0,5000.0,4500.0
2026-07-10,Punjab,Jalandhar,Jalandhar City(Jalandhar) APMC,Mango,Other,Medium,2000.0,5200.0,3600.0
2026-07-10,Punjab,Ludhiana,Khanna APMC,Mango,Safeda,Grade A,5000.0,5000.0,5000.0
2026-07-10,Punjab,Ludhiana,Ludhiana APMC,Mango,Other,Medium,2000.0,6000.0,3500.0
2026-07-10,Punjab,Mohali,Banur APMC,Mango,Other,Local,6665.0,6665.0,6665.0
2026-07-10,Punjab,Mohali,Kharar APMC,Mango,Other,Small,2000.0,5000.0,3500.0
2026-07-10,Punjab,Ferozpur,Zira APMC,Mango,Chausa,Local,4700.0,4700.0,4700.0
2026-07-10,Punjab,Patiala,Nabha APMC,Mango,Other,Grade B,2800.0,5000.0,3700.0
2026-07-10,Punjab,Sangrur,Dhuri APMC,Mango,Safeda,Medium,5100.0,9800.0,8100.0
2026-07-10,Rajasthan,Ganganagar,Sriganganagar (F&V) APMC,Mango,Dusheri,Grade A,4300.0,4700.0,4500.0
2026-07-10,Rajasthan,Jaipur,Jaipur (F&V) APMC,Mango,Other,Medium,1000.0,10000.0,5500.0
2026-07-10,Rajasthan,Jodhpur,Jodhpur (F&V) APMC,Mango,Badami,Medium,2000.0,4000.0,3000.0
2026-07-10,Rajasthan,Jodhpur,Jodhpur (F&V) APMC,Mango,Langra,Medium,1000.0,3500.0,2250.0
2026-07-10,Rajasthan,Udaipur,Udaipur (F&V) APMC,Mango,Other,Medium,2000.0,4000.0,3000.0
2026-07-10,Tamil Nadu,Chengalpattu,Guduvancheri(Uzhavar Sandhai ),Mango,Other,Local,5000.0,6000.0,5500.0
2026-07-10,Tamil Nadu,Chengalpattu,Jameenrayapettai(Uzhavar Sandhai ),Mango,Other,Local,5000.0,6000.0,5500.0
2026-07-10,Tamil Nadu,Chengalpattu,Medavakkam(Uzhavar Sandhai ),Mango,Safeda,Local,5000.0,5000.0,5000.0
2026-07-10,Tamil Nadu,Chengalpattu,Nanganallur(Uzhavar Sandhai ),Mango,Neelam,Local,4000.0,5000.0,4500.0
2026-07-10,Tamil Nadu,Chengalpattu,Pallavaram(Uzhavar Sandhai ),Mango,Other,Local,5000.0,6000.0,5500.0
2026-07-10,Tamil Nadu,Coimbatore,Kurichi(Uzhavar Sandhai ),Mango,Neelam,Local,8000.0,9000.0,8500.0
2026-07-10,Madhya Pradesh,Morena,Morena APMC,Mango,Other,Non-FAQ,1250.0,1250.0,1250.0
2026-07-10,Punjab,Patiala,Patran APMC,Mango,Other,Grade A,4280.0,4280.0,4280.0
2026-07-10,Punjab,Ferozpur,Ferozepur Cantt. APMC,Mango,Other,Grade A,4800.0,5200.0,5000.0
2026-07-10,Rajasthan,Kota,Kota (F&V) APMC,Mango,Other,Medium,5000.0,5000.0,5000.0
2026-07-10,Punjab,Fazilka,Fazilka APMC,Mango,Other,Medium,7000.0,7000.0,7000.0
2026-07-10,Madhya Pradesh,Sehore,Sehore(F&V) APMC,Mango,Badami,Grade Range-1,3000.0,5000.0,4000.0
2026-07-10,Punjab,Fazilka,Jalalabad APMC,Mango,Other,Medium,7000.0,7500.0,7200.0
2026-07-10,Madhya Pradesh,Sheopur,Sheopurkalan(F&V) APMC,Mango,Dusheri,Medium,2500.0,3000.0,2800.0
2026-07-10,Maharashtra,Ahilyanagar,Shrirampur APMC,Mango,Other,Local,3000.0,5000.0,4000.0
2026-07-10,Maharashtra,Jalgaon,Jalgaon APMC,Mango,Other,Local,3000.0,5000.0,4000.0
2026-07-10,Maharashtra,Nagpur,Kamthi APMC,Mango,Other,Local,4050.0,4550.0,4300.0
2026-07-10,Maharashtra,Nagpur,Nagpur APMC,Mango,Other,Local,3000.0,4000.0,3750.0
2026-07-10,Maharashtra,Nagpur,Nagpur APMC,Mango,Totapuri,Local,1500.0,1800.0,1725.0
2026-07-10,Maharashtra,Nashik,Nasik APMC,Mango,Other,Local,1500.0,3000.0,2000.0
2026-07-10,Maharashtra,Palghar,Kalyan APMC,Mango,Totapuri,Local,2500.0,4000.0,3800.0
2026-07-10,Maharashtra,Sangli,"Sangli(Phale, Bhajipala Market) APMC",Mango,Totapuri,Local,1000.0,2500.0,1750.0
2026-07-10,Maharashtra,Solapur,Akluj APMC,Mango,Other,Local,4000.0,5500.0,5000.0
2026-07-10,Maharashtra,Solapur,SHRI.SIDDHESHWAR  APMC,Mango,Other,Local,800.0,2500.0,1500.0
2026-07-10,NCT of Delhi,Delhi,APMC Azadpur,Mango,Dinga,Grade A,2000.0,3000.0,2400.0
2026-07-10,Maharashtra,Mumbai,Mumbai- Fruit Market APMC,Mango,Other,Local,6000.0,14000.0,10000.0
2026-07-10,NCT of Delhi,Delhi,APMC Azadpur,Mango,Fazli,Grade A,2857.0,5714.0,4464.0
2026-07-10,NCT of Delhi,Delhi,APMC Azadpur,Mango,Dusheri,Grade A,2143.0,3571.0,2643.0
2026-07-10,Punjab,Bhatinda,Bathinda APMC,Mango,Other,Grade B,4000.0,13000.0,6000.0
2026-07-10,Odisha,Mayurbhanja,Narasinghpur APMC,Mango,Amrapali,Local,2000.0,3000.0,2500.0
2026-07-10,Odisha,Mayurbhanja,Narasinghpur APMC,Mango,Langra,Local,2000.0,3000.0,2500.0
2026-07-10,NCT of Delhi,Delhi,APMC Keshopur,Mango,Other,Medium,5000.0,8000.0,7000.0
2026-07-10,NCT of Delhi,Delhi,APMC Azadpur,Mango,Totapuri,Grade A,2143.0,3571.0,2857.0
2026-07-10,Odisha,Gajapati,Kasinagar APMC,Mango,Badami,Grade Range-1,1800.0,2000.0,1900.0
2026-07-10,NCT of Delhi,Delhi,APMC Azadpur,Mango,Saroli,Grade A,1000.0,2000.0,1500.0
2026-07-10,NCT of Delhi,Delhi,APMC Azadpur,Mango,Safeda,Grade A,2857.0,5000.0,3714.0
2026-07-10,NCT of Delhi,Delhi,APMC Azadpur,Mango,Langra,Grade A,3000.0,5000.0,3600.0
2026-07-10,NCT of Delhi,Delhi,APMC Azadpur,Mango,Keshar,Grade A,3571.0,5714.0,4286.0
2026-07-10,NCT of Delhi,Delhi,APMC Azadpur,Mango,Hapus(Alphaso),Grade A,10000.0,18333.0,14167.0
2026-07-10,NCT of Delhi,Delhi,APMC Azadpur,Mango,Surkha,Grade A,3000.0,8000.0,4500.0
2026-07-11,Tamil Nadu,Salem,Ammapet(Uzhavar Sandhai ),Mango,Neelam,Local,5000.0,5000.0,5000.0
2026-07-11,Tamil Nadu,Ranipet,Ranipettai(Uzhavar Sandhai ),Mango,Safeda,Local,8000.0,10000.0,9000.0
2026-07-11,Tamil Nadu,Salem,Athur(Uzhavar Sandhai ),Mango,Safeda,Local,4000.0,5000.0,4500.0
2026-07-11,Tamil Nadu,Salem,Edapadi (Uzhavar Sandhai ),Mango,Neelam,Local,5500.0,6000.0,5750.0
2026-07-11,Tamil Nadu,Salem,Elampillai(Uzhavar Sandhai ),Mango,Neelam,Local,3000.0,4000.0,3500.0
2026-07-11,Tamil Nadu,Salem,Hasthampatti(Uzhavar Sandhai ),Mango,Other,Local,6000.0,7000.0,6500.0
2026-07-11,Tamil Nadu,Salem,Sooramangalam(Uzhavar Sandhai ),Mango,Neelam,Local,4000.0,5000.0,4500.0
2026-07-11,Tamil Nadu,Salem,Thammampatti (Uzhavar Sandhai ),Mango,Safeda,Local,4000.0,5000.0,4500.0
2026-07-11,Tamil Nadu,Salem,Thathakapatti(Uzhavar Sandhai ),Mango,Safeda,Local,5000.0,10000.0,7500.0
2026-07-11,Tamil Nadu,Tenkasi,Tenkasi(Uzhavar Sandhai ),Mango,Neelam,Local,4000.0,4500.0,4250.0
2026-07-11,Tamil Nadu,Sivaganga,Singampunari(Uzhavar Sandhai ),Mango,Other,Local,2600.0,3200.0,2900.0
2026-07-11,Tamil Nadu,Sivaganga,Sivagangai (Uzhavar Sandhai ),Mango,Safeda,Local,3500.0,6500.0,5000.0
2026-07-11,Tamil Nadu,Tenkasi,Sankarankoil(Uzhavar Sandhai ),Mango,Safeda,Local,4000.0,4000.0,4000.0
2026-07-11,Tamil Nadu,Thanjavur,Kumbakonam (Uzhavar Sandhai ),Mango,Safeda,Local,3000.0,9000.0,6000.0
2026-07-11,Tamil Nadu,Thanjavur,Thanjavur(Uzhavar Sandhai ),Mango,Other,Local,6000.0,6000.0,6000.0
2026-07-11,Tamil Nadu,The Nilgiris,Udhagamandalam(Uzhavar Sandhai ),Mango,Safeda,Local,10000.0,12000.0,11000.0
2026-07-11,Tamil Nadu,Theni,Bodinayakanur(Uzhavar Sandhai ),Mango,Safeda,Local,4000.0,4000.0,4000.0
2026-07-11,Tamil Nadu,Ranipet,Arcot(Uzhavar Sandhai ),Mango,Neelam,Local,6000.0,6000.0,6000.0
2026-07-11,Tamil Nadu,Theni,Chinnamanur(Uzhavar Sandhai ),Mango,Other,Local,4000.0,4000.0,4000.0
2026-07-11,Tamil Nadu,Salem,Vazhapadi(Uzhavar Sandhai),Mango,Neelam,Local,5000.0,5000.0,5000.0
2026-07-11,Tamil Nadu,Pudukkottai,Pudukottai(Uzhavar Sandhai ),Mango,Other,Local,6000.0,7000.0,6500.0
2026-07-11,Tamil Nadu,Madurai,Anaiyur(Uzhavar Sandhai ),Mango,Safeda,Local,4000.0,6000.0,5000.0
2026-07-11,Tamil Nadu,Perambalur,Perambalur(Uzhavar Sandhai ),Mango,Other,Local,5000.0,5000.0,5000.0
2026-07-11,Tamil Nadu,Theni,Devaram(Uzhavar Sandhai ),Mango,Safeda,Local,5000.0,5000.0,5000.0
2026-07-11,Tamil Nadu,Kallakuruchi,Sankarapuram(Uzhavar Sandhai ),Mango,Neelam,Local,5000.0,5000.0,5000.0
2026-07-11,Tamil Nadu,Kancheepuram,Kancheepuram(Uzhavar Sandhai ),Mango,Safeda,Local,3000.0,6000.0,4500.0
2026-07-11,Tamil Nadu,Kancheepuram,Padappai(Uzhavar Sandhai ),Mango,Safeda,Local,3000.0,6000.0,4500.0
2026-07-11,Tamil Nadu,Karur,Gandhigramam(Uzhavar Sandhai),Mango,Neelam,Local,5000.0,6000.0,5500.0
2026-07-11,Tamil Nadu,Karur,Karur(Uzhavar Sandhai ),Mango,Neelam,Local,7500.0,8000.0,7750.0
2026-07-11,Tamil Nadu,Karur,Kulithalai(Uzhavar Sandhai ),Mango,Neelam,Local,5000.0,6000.0,5500.0
2026-07-11,Tamil Nadu,Karur,Pallapatti (Uzhavar Sandhai ),Mango,Other,Local,2500.0,3000.0,2750.0
2026-07-11,Tamil Nadu,Krishnagiri,Krishnagiri(Uzhavar Sandhai ),Mango,Safeda,Local,2000.0,2500.0,2250.0
2026-07-11,Tamil Nadu,Pudukkottai,Gandarvakottai(Uzhavar Sandhai ),Mango,Other,Local,5000.0,6000.0,5500.0
2026-07-11,Tamil Nadu,Madurai,Anna nagar(Uzhavar Sandhai ),Mango,Other,Local,5000.0,5000.0,5000.0
2026-07-11,Tamil Nadu,Madurai,Chokkikulam(Uzhavar Sandhai ),Mango,Safeda,Local,3000.0,6000.0,4500.0
2026-07-11,Tamil Nadu,Madurai,Melur(Uzhavar Sandhai ),Mango,Safeda,Local,4500.0,5000.0,4750.0
2026-07-11,Tamil Nadu,Madurai,Thirumangalam(Uzhavar Sandhai ),Mango,Safeda,Local,5000.0,6000.0,5500.0
2026-07-11,Tamil Nadu,Nagapattinam,Nagapattinam(Uzhavar Sandhai ),Mango,Other,Local,3500.0,4000.0,3750.0
2026-07-11,Tamil Nadu,Nagercoil (Kannyiakumari),Myladi(Uzhavar Sandhai ),Mango,Safeda,Local,6500.0,7000.0,6750.0
2026-07-11,Tamil Nadu,Namakkal,Mohanur(Uzhavar Sandhai ),Mango,Other,Local,4000.0,5000.0,4500.0
2026-07-11,Tamil Nadu,Namakkal,Namakkal(Uzhavar Sandhai ),Mango,Neelam,Local,3000.0,5000.0,4000.0
2026-07-11,Tamil Nadu,Namakkal,Rasipuram(Uzhavar Sandhai ),Mango,Other,Local,3000.0,5000.0,4000.0
2026-07-11,Tamil Nadu,Namakkal,Tiruchengode APMC,Mango,Other,Local,4500.0,5000.0,4750.0
2026-07-11,Tamil Nadu,Madurai,Anna nagar(Uzhavar Sandhai ),Mango,Safeda,Local,5000.0,6000.0,5500.0
2026-07-11,Tamil Nadu,Theni,Kambam(Uzhavar Sandhai ),Mango,Safeda,Local,4000.0,5000.0,4500.0
2026-07-11,Telangana,Ranga Reddy,Gaddiannaram APMC,Mango,Langra,Medium,2400.0,6000.0,3600.0
2026-07-11,Tamil Nadu,Thiruchirappalli,KKNagar(Uzhavar Sandhai ),Mango,Neelam,Local,7000.0,7000.0,7000.0
2026-07-11,Tamil Nadu,Villupuram,Tindivanam APMC,Mango,Other,Local,5000.0,5000.0,5000.0
2026-07-11,Tamil Nadu,Villupuram,Villupuram(Uzhavar Sandhai ),Mango,Safeda,Local,7000.0,10000.0,8500.0
2026-07-11,Tamil Nadu,Virudhunagar,Aruppukottai(Uzhavar Sandhai ),Mango,Safeda,Local,5500.0,6000.0,5750.0
2026-07-11,Telangana,Ranga Reddy,Gaddiannaram APMC,Mango,Badami,Medium,1111.12,8333.4,4444.48
2026-07-11,Telangana,Ranga Reddy,Gaddiannaram APMC,Mango,Neelam,Medium,1388.9,3333.36,2222.24
2026-07-11,Telangana,Ranga Reddy,Gaddiannaram APMC,Mango,Other,Medium,1200.0,1500.0,1400.0
2026-07-11,Telangana,Ranga Reddy,Gaddiannaram APMC,Mango,Totapuri,Medium,1111.12,3333.36,2222.24
2026-07-11,Telangana,Warangal,Warangal APMC,Mango,Badami,Small,1000.0,2500.0,1500.0
2026-07-11,Uttar Pradesh,Badaun,Shahaswan APMC,Mango,Other,Medium,2500.0,3200.0,3000.0
2026-07-11,Uttarakhand,Garhwal (Pauri),Kotadwara APMC,Mango,Other,Medium,1700.0,1700.0,1700.0
2026-07-11,Uttarakhand,Haridwar,Bhagwanpur(Naveen Mandi Sthal) APMC,Mango,Other,Grade B,1250.0,3000.0,1500.0
2026-07-11,Uttarakhand,Haridwar,Haridwar Union APMC,Mango,Dusheri,Grade C,1200.0,2500.0,1600.0
2026-07-11,Uttarakhand,Haridwar,Haridwar Union APMC,Mango,Other,Grade Range-2,2000.0,3500.0,2500.0
2026-07-11,Uttarakhand,Haridwar,Manglaur APMC,Mango,Other,Local,800.0,1200.0,900.0
2026-07-11,Uttarakhand,Haridwar,Roorkee APMC,Mango,Other,Local,1100.0,1600.0,1300.0
2026-07-11,Uttarakhand,Udhamsinghnagar,Bazpur APMC,Mango,Other,Grade A,1800.0,2000.0,1900.0
2026-07-11,Uttarakhand,Udhamsinghnagar,Jaspur(UC) APMC,Mango,Other,Grade B,1500.0,2000.0,1800.0
2026-07-11,West Bengal,Kolkata,Mechua APMC,Mango,Other,Grade A,5000.0,5400.0,5200.0
2026-07-11,Tamil Nadu,Kallakuruchi,Kallakurichi(Uzhavar Sandhai ),Mango,Other,Local,4000.0,4000.0,4000.0
2026-07-11,Tamil Nadu,Vellore,Vellore APMC,Mango,Neelam,Local,5000.0,6000.0,5500.0
2026-07-11,Tamil Nadu,Vellore,Thirupathur APMC,Mango,Safeda,Local,4000.0,4000.0,4000.0
2026-07-11,Tamil Nadu,Vellore,Perampet(Uzhavar Sandhai),Mango,Safeda,Local,3000.0,4000.0,3500.0
2026-07-11,Tamil Nadu,Vellore,Pallikonda(Uzhavar Sandhai),Mango,Safeda,Local,4000.0,5000.0,4500.0
2026-07-11,Tamil Nadu,Thiruchirappalli,Musiri(Uzhavar Sandhai ),Mango,Safeda,Local,3000.0,3000.0,3000.0
2026-07-11,Tamil Nadu,Thiruchirappalli,Thuraiyur APMC,Mango,Safeda,Local,8000.0,9000.0,8500.0
2026-07-11,Tamil Nadu,Thirunelveli,Palayamkottai(Uzhavar Sandhai ),Mango,Safeda,Local,6000.0,8000.0,7000.0
2026-07-11,Tamil Nadu,Thirupathur,Natrampalli(Uzhavar Sandhai ),Mango,Safeda,Local,4000.0,5000.0,4500.0
2026-07-11,Tamil Nadu,Thirupur,Dharapuram(Uzhavar Sandhai ),Mango,Safeda,Local,5500.0,6000.0,5750.0
2026-07-11,Tamil Nadu,Thirupur,Tiruppur (North) (Uzhavar Sandhai ),Mango,Other,Local,4500.0,5000.0,4750.0
2026-07-11,Tamil Nadu,Thirupur,Tiruppur (South) (Uzhavar Sandhai ),Mango,Safeda,Local,5000.0,6000.0,5500.0
2026-07-11,Tamil Nadu,Thiruvannamalai,Arani(Uzhavar Sandhai ),Mango,Safeda,Local,4000.0,5000.0,4500.0
2026-07-11,Tamil Nadu,Thiruvannamalai,Chengam(Uzhavar Sandhai ),Mango,Safeda,Local,3300.0,4000.0,3650.0
2026-07-11,Tamil Nadu,Theni,Theni(Uzhavar Sandhai ),Mango,Neelam,Local,3000.0,5000.0,4000.0
2026-07-11,Tamil Nadu,Thiruvannamalai,Keelpennathur(Uzhavar Sandhai ),Mango,Other,Local,5000.0,6000.0,5500.0
2026-07-11,Tamil Nadu,Thiruvannamalai,Tamarainagar(Uzhavar Sandhai ),Mango,Safeda,Local,5000.0,6000.0,5500.0
2026-07-11,Tamil Nadu,Thiruvannamalai,Tiruvannamalai(Uzhavar Sandhai ),Mango,Safeda,Local,5000.0,6000.0,5500.0
2026-07-11,Tamil Nadu,Thiruvarur,Mannargudi I(Uzhavar Sandhai ),Mango,Safeda,Local,4000.0,5000.0,4500.0
2026-07-11,Tamil Nadu,Thiruvarur,Mannargudi II(Uzhavar Sandhai ),Mango,Safeda,Local,4000.0,5000.0,4500.0
2026-07-11,Tamil Nadu,Thiruvarur,Tiruthuraipoondi(Uzhavar Sandhai ),Mango,Safeda,Local,3000.0,3000.0,3000.0
2026-07-11,Tamil Nadu,Tuticorin,Tuticorin(Uzhavar Sandhai ),Mango,Safeda,Local,4500.0,5000.0,4750.0
2026-07-11,Tamil Nadu,Vellore,Gudiyatham(Uzhavar Sandhai ),Mango,Neelam,Local,4000.0,4000.0,4000.0
2026-07-11,Tamil Nadu,Vellore,Kahithapattarai(Uzhavar Sandhai ),Mango,Safeda,Local,5000.0,6000.0,5500.0
2026-07-11,Tamil Nadu,Vellore,Katpadi (Uzhavar Sandhai ),Mango,Safeda,Local,6000.0,7000.0,6500.0
2026-07-11,Tamil Nadu,Thiruvannamalai,Polur(Uzhavar Sandhai ),Mango,Safeda,Local,4200.0,5000.0,4600.0
2026-07-11,Tamil Nadu,Erode,Sampath Nagar(Uzhavar Sandhai ),Mango,Safeda,Local,2500.0,8000.0,5250.0
2026-07-11,Tamil Nadu,Nagercoil (Kannyiakumari),Vadaseri APMC,Mango,Safeda,Local,6500.0,7000.0,6750.0
2026-07-11,Tamil Nadu,Erode,Periyar Nagar(Uzhavar Sandhai ),Mango,Neelam,Local,4000.0,4500.0,4250.0
2026-07-11,Haryana,Mahendragarh-Narnaul,Narnaul APMC,Mango,Mango,Medium,4000.0,6000.0,5000.0
2026-07-11,Haryana,Sirsa,kalanwali APMC,Mango,Other,Local,6000.0,6000.0,6000.0
2026-07-11,Haryana,Sonipat,Ganaur APMC,Mango,Other,Medium,3000.0,6000.0,4500.0
2026-07-11,Haryana,Yamuna Nagar,Jagadhri APMC,Mango,Other,Medium,2500.0,6500.0,5500.0
2026-07-11,Haryana,Yamuna Nagar,Radaur APMC,Mango,Other,Medium,1800.0,2400.0,2000.0
2026-07-11,Himachal Pradesh,Bilaspur,PMY Bilaspur,Mango,Other,Grade C,2900.0,7500.0,6500.0
2026-07-11,Himachal Pradesh,Hamirpur,PMY Hamirpur,Mango,Other,Grade B,5000.0,10000.0,7500.0
2026-07-11,Himachal Pradesh,Una,SMY Takarla,Mango,Other,Grade A,4500.0,7000.0,5500.0
2026-07-11,Jammu and Kashmir,Kathua,Kathua (F&V),Mango,Dusheri,Grade B,4000.0,4500.0,4250.0
2026-07-11,Jammu and Kashmir,Kathua,Kathua (F&V),Mango,Totapuri,Grade B,4000.0,4500.0,4250.0
2026-07-11,Jammu and Kashmir,Rajouri,Rajouri (Phaliana) (F&V),Mango,Dusheri,Grade B,5000.0,5000.0,5000.0
2026-07-11,Karnataka,Kolar,Mulbagal APMC,Mango,Totapuri,Local,300.0,400.0,350.0
2026-07-11,Keralam,Malappuram,Manjeri Market,Mango,Other,Local,5950.0,6050.0,6000.0
2026-07-11,Madhya Pradesh,Indore,Indore(F&V) APMC,Mango,Other,Local,1500.0,9000.0,6000.0
2026-07-11,Madhya Pradesh,Morena,Morena APMC,Mango,Other,Non-FAQ,2000.0,2000.0,2000.0
2026-07-11,Madhya Pradesh,Satna,Satna(F&V) APMC,Mango,Dusheri,Grade A,1700.0,1700.0,1700.0
2026-07-11,Maharashtra,Ahilyanagar,Shrirampur APMC,Mango,Other,Local,3000.0,5000.0,4000.0
2026-07-11,Maharashtra,Amarawati,Amrawati(Frui & Veg. Market) APMC,Mango,Totapuri,Local,1500.0,2500.0,2000.0
2026-07-11,Maharashtra,Chandrapur,Chandrapur(Ganjwad) APMC,Mango,Other,Local,4000.0,6000.0,5000.0
2026-07-11,Haryana,Kurukshetra,Thanesar APMC,Mango,Other,Medium,2000.0,10000.0,6000.0
2026-07-11,Haryana,Kurukshetra,Shahabad APMC,Mango,Other,Medium,2000.0,6500.0,5326.0
2026-07-11,Haryana,Karnal,Tarori APMC,Mango,Chausa,Grade A,2000.0,4000.0,3000.0
2026-07-11,Haryana,Jind,Narwana APMC,Mango,Other,Local,3000.0,8000.0,6000.0
2026-07-11,Andhra Pradesh,Chittor,Bangarupalyam APMC,Mango,Badami,Grade B,3000.0,4000.0,3500.0
2026-07-11,Andhra Pradesh,Chittor,Chittoor APMC,Mango,Neelam,Local,1200.0,1800.0,1500.0
2026-07-11,Andhra Pradesh,Chittor,Chittoor APMC,Mango,Totapuri,Local,300.0,500.0,400.0
2026-07-11,Andhra Pradesh,Tirupathi,Thiruchanur APMC,Mango,Other,Grade A,900.0,2200.0,1550.0
2026-07-11,Andhra Pradesh,Tirupathi,Thiruchanur APMC,Mango,Totapuri,Grade A,800.0,2000.0,1400.0
2026-07-11,Bihar,Chhapra,Chhapra APMC,Mango,Dusheri,Grade A,3500.0,4500.0,4000.0
2026-07-11,Bihar,East Champaran/ Motihari,Motihari APMC,Mango,Other,Grade A,5500.0,6000.0,5800.0
2026-07-11,Chandigarh,Chandigarh,Chandigarh (Grain/F&V) APMC,Mango,Other,Medium,2000.0,7000.0,6000.0
2026-07-11,Chattisgarh,Bilaspur,Tiphra APMC,Mango,Dusheri,Grade B,4000.0,4500.0,4200.0
2026-07-11,Maharashtra,Chattrapati Sambhajinagar,Chattrapati Sambhajinagar APMC,Mango,Other,Local,1600.0,5000.0,3300.0
2026-07-11,Chattisgarh,Durg,Durg APMC,Mango,Dusheri,Medium,6000.0,7000.0,6000.0
2026-07-11,Gujarat,Mehsana,Mehsana(Mehsana Veg) APMC,Mango,Badami,Local,2000.0,6500.0,5000.0
2026-07-11,Gujarat,Mehsana,Mehsana(Mehsana Veg) APMC,Mango,Other,Local,3000.0,4500.0,3500.0
2026-07-11,Gujarat,Surendranagar,Vadhvan APMC,Mango,Keshar,Medium,5000.0,5500.0,5250.0
2026-07-11,Haryana,Ambala,Naraingarh APMC,Mango,Mango,Medium,1200.0,4000.0,2200.0
2026-07-11,Haryana,Faridabad,Faridabad APMC,Mango,Other,Grade B,3500.0,3500.0,3500.0
2026-07-11,Haryana,Gurgaon,Gurgaon APMC,Mango,Other,Grade C,2000.0,4000.0,3000.0
2026-07-11,Haryana,Gurgaon,Sohna APMC,Mango,Other,Local,2200.0,3000.0,3000.0
2026-07-11,Haryana,Hissar,Hansi APMC,Mango,Other,Grade B,1000.0,6000.0,3000.0
2026-07-11,Haryana,Hissar,Uklana APMC,Mango,Other,Medium,3000.0,4000.0,4000.0
2026-07-11,Goa,North Goa,Mapusa APMC,Mango,Other,Grade B,5000.0,6000.0,5500.0
2026-07-11,Maharashtra,Nagpur,Nagpur APMC,Mango,Other,Local,3000.0,4000.0,3750.0
2026-07-11,Haryana,Hissar,Barwala(Hisar) APMC,Mango,Other,Local,2000.0,10000.0,5000.0
2026-07-11,Maharashtra,Nashik,Nasik APMC,Mango,Other,Local,1500.0,3000.0,2000.0
2026-07-11,Tamil Nadu,Chengalpattu,Nanganallur(Uzhavar Sandhai ),Mango,Neelam,Local,4000.0,5000.0,4500.0
2026-07-11,Tamil Nadu,Chengalpattu,Pallavaram(Uzhavar Sandhai ),Mango,Other,Local,5000.0,6000.0,5500.0
2026-07-11,Tamil Nadu,Erode,Perundurai(Uzhavar Sandhai ),Mango,Safeda,Local,4500.0,5000.0,4750.0
2026-07-11,Tamil Nadu,Coimbatore,Kurichi(Uzhavar Sandhai ),Mango,Neelam,Local,8000.0,9000.0,8500.0
2026-07-11,Tamil Nadu,Coimbatore,Mettupalayam(Uzhavar Sandhai ),Mango,Safeda,Local,7000.0,10000.0,8500.0
2026-07-11,Tamil Nadu,Coimbatore,Pollachi(Uzhavar Sandhai ),Mango,Safeda,Local,5000.0,10000.0,7500.0
2026-07-11,Tamil Nadu,Coimbatore,RSPuram(Uzhavar Sandhai ),Mango,Neelam,Local,6000.0,7000.0,6500.0
2026-07-11,Tamil Nadu,Coimbatore,Singanallur(Uzhavar Sandhai ),Mango,Safeda,Local,9000.0,12000.0,10500.0
2026-07-11,Tamil Nadu,Coimbatore,Sundarapuram(Uzhavar Sandhai ),Mango,Neelam,Local,8000.0,9000.0,8500.0
2026-07-11,Tamil Nadu,Chengalpattu,Medavakkam(Uzhavar Sandhai ),Mango,Safeda,Local,5000.0,5000.0,5000.0
2026-07-11,Tamil Nadu,Coimbatore,Vadavalli(Uzhavar Sandhai ),Mango,Safeda,Local,13000.0,15000.0,14000.0
2026-07-11,Tamil Nadu,Dharmapuri,AJattihalli(Uzhavar Sandhai ),Mango,Neelam,Local,6000.0,6000.0,6000.0
2026-07-11,Tamil Nadu,Dharmapuri,Dharmapuri(Uzhavar Sandhai ),Mango,Safeda,Local,4600.0,5000.0,4800.0
2026-07-11,Tamil Nadu,Dharmapuri,Harur(Uzhavar Sandhai ),Mango,Other,Local,4000.0,5000.0,4500.0
2026-07-11,Tamil Nadu,Dharmapuri,Karimangalam(Uzhavar Sandhai),Mango,Safeda,Local,3500.0,4000.0,3750.0
2026-07-11,Tamil Nadu,Dharmapuri,Palacode(Uzhavar Sandhai ),Mango,Neelam,Local,4500.0,5000.0,4750.0
2026-07-11,Tamil Nadu,Dharmapuri,Pennagaram(Uzhavar Sandhai ),Mango,Safeda,Local,3600.0,4000.0,3800.0
2026-07-11,Tamil Nadu,Dindigul,Chinnalapatti(Uzhavar Sandhai ),Mango,Safeda,Local,4000.0,5000.0,4500.0
2026-07-11,Tamil Nadu,Dindigul,Dindigul(Uzhavar Sandhai ),Mango,Safeda,Local,3000.0,5000.0,4000.0
2026-07-11,Maharashtra,Nagpur,Nagpur APMC,Mango,Totapuri,Local,1500.0,1800.0,1725.0
2026-07-11,Tamil Nadu,Cuddalore,Vadalur(Uzhavar Sandhai ),Mango,Neelam,Local,4000.0,4000.0,4000.0
2026-07-11,Tamil Nadu,Chengalpattu,Jameenrayapettai(Uzhavar Sandhai ),Mango,Other,Local,5000.0,6000.0,5500.0
2026-07-11,Tamil Nadu,Cuddalore,Cuddalore(Uzhavar Sandhai ),Mango,Safeda,Local,3000.0,5000.0,4000.0
2026-07-11,Rajasthan,Udaipur,Udaipur (F&V) APMC,Mango,Other,Medium,2000.0,4000.0,3000.0
2026-07-11,Maharashtra,Pune,Pune(Moshi) APMC,Mango,Other,Local,3000.0,8000.0,5500.0
2026-07-11,Tamil Nadu,Chengalpattu,Guduvancheri(Uzhavar Sandhai ),Mango,Other,Local,5000.0,6000.0,5500.0
2026-07-11,Maharashtra,Sangli,"Sangli(Phale, Bhajipala Market) APMC",Mango,Totapuri,Local,1000.0,3000.0,2000.0
2026-07-11,Maharashtra,Solapur,Akluj APMC,Mango,Other,Local,4000.0,5500.0,5000.0
2026-07-11,Maharashtra,Solapur,SHRI.SIDDHESHWAR  APMC,Mango,Other,Local,1300.0,8000.0,4000.0
2026-07-11,Odisha,Gajapati,Parlakhemundi APMC,Mango,Badami,Grade Range-1,1800.0,2000.0,1900.0
2026-07-11,Odisha,Mayurbhanja,Narasinghpur APMC,Mango,Amrapali,Local,3000.0,4000.0,3500.0
2026-07-11,Punjab,Bhatinda,Bathinda APMC,Mango,Other,Grade B,4000.0,13000.0,6000.0
2026-07-11,Punjab,Bhatinda,Rampuraphul(Nabha Mandi) APMC,Mango,Other,Grade A,4000.0,8000.0,5000.0
2026-07-11,Punjab,Fatehgarh,Bassi Pathana APMC,Mango,Safeda,Medium,4000.0,6000.0,5000.0
2026-07-11,Odisha,Mayurbhanja,Narasinghpur APMC,Mango,Langra,Local,3000.0,4000.0,3500.0
2026-07-11,Punjab,Hoshiarpur,Mukerian(Talwara) APMC,Mango,Dusheri,Grade A,6000.0,10000.0,8000.0
2026-07-11,Punjab,Hoshiarpur,Tanda Urmur APMC,Mango,Totapuri,Grade A,4000.0,5000.0,4500.0
2026-07-11,Punjab,Ludhiana,Ludhiana APMC,Mango,Other,Medium,2000.0,5500.0,3000.0
2026-07-11,Punjab,Ludhiana,Raikot APMC,Mango,Chausa,Grade A,5270.0,5270.0,5270.0
2026-07-11,Punjab,Patiala,Patiala APMC,Mango,Other,Grade B,3000.0,3600.0,3300.0
2026-07-11,Punjab,Patiala,Rajpura APMC,Mango,Dusheri,Grade A,5500.0,5800.0,5700.0
2026-07-11,Punjab,Patiala,Rajpura APMC,Mango,Safeda,Grade A,6500.0,6600.0,6550.0
2026-07-11,Punjab,Ferozpur,Zira APMC,Mango,Chausa,Local,4700.0,4700.0,4700.0
2026-07-11,Punjab,Tarntaran,Patti APMC,Mango,Other,Grade B,1500.0,1500.0,1500.0
2026-07-11,Rajasthan,Ganganagar,Sriganganagar (F&V) APMC,Mango,Dusheri,Grade Range-1,4500.0,4900.0,4700.0
2026-07-12,Tamil Nadu,Thiruchirappalli,Thuraiyur APMC,Mango,Safeda,Local,8000.0,9000.0,8500.0
2026-07-12,Tamil Nadu,Thanjavur,Thanjavur(Uzhavar Sandhai ),Mango,Other,Local,6000.0,6000.0,6000.0
2026-07-12,Tamil Nadu,Theni,Bodinayakanur(Uzhavar Sandhai ),Mango,Safeda,Local,4000.0,4000.0,4000.0
2026-07-12,Tamil Nadu,Theni,Chinnamanur(Uzhavar Sandhai ),Mango,Other,Local,4000.0,4000.0,4000.0
2026-07-12,Tamil Nadu,Theni,Devaram(Uzhavar Sandhai ),Mango,Safeda,Local,5000.0,5000.0,5000.0
2026-07-12,Tamil Nadu,Thiruchirappalli,Musiri(Uzhavar Sandhai ),Mango,Safeda,Local,3000.0,3000.0,3000.0
2026-07-12,Tamil Nadu,Theni,Theni(Uzhavar Sandhai ),Mango,Neelam,Local,5000.0,6000.0,5500.0
2026-07-12,Tamil Nadu,Thiruchirappalli,KKNagar(Uzhavar Sandhai ),Mango,Safeda,Local,5000.0,5000.0,5000.0
2026-07-12,Tamil Nadu,Thirunelveli,Palayamkottai(Uzhavar Sandhai ),Mango,Safeda,Local,6000.0,8000.0,7000.0
2026-07-12,Tamil Nadu,Thanjavur,Kumbakonam (Uzhavar Sandhai ),Mango,Safeda,Local,3000.0,9000.0,6000.0
2026-07-12,Tamil Nadu,Theni,Kambam(Uzhavar Sandhai ),Mango,Safeda,Local,4000.0,5000.0,4500.0
2026-07-12,Tamil Nadu,Tenkasi,Tenkasi(Uzhavar Sandhai ),Mango,Neelam,Local,4000.0,4000.0,4000.0
2026-07-12,Tamil Nadu,Salem,Elampillai(Uzhavar Sandhai ),Mango,Neelam,Local,3000.0,4000.0,3500.0
2026-07-12,Tamil Nadu,Sivaganga,Sivagangai (Uzhavar Sandhai ),Mango,Safeda,Local,5600.0,6200.0,5900.0
2026-07-12,Tamil Nadu,Sivaganga,Singampunari(Uzhavar Sandhai ),Mango,Other,Local,2600.0,3200.0,2900.0
2026-07-12,Tamil Nadu,Salem,Vazhapadi(Uzhavar Sandhai),Mango,Neelam,Local,5000.0,5000.0,5000.0
2026-07-12,Tamil Nadu,Salem,Thathakapatti(Uzhavar Sandhai ),Mango,Neelam,Local,4000.0,5000.0,4500.0
2026-07-12,Tamil Nadu,Salem,Thammampatti (Uzhavar Sandhai ),Mango,Safeda,Local,4000.0,5000.0,4500.0
2026-07-12,Tamil Nadu,Salem,Sooramangalam(Uzhavar Sandhai ),Mango,Neelam,Local,4000.0,5000.0,4500.0
2026-07-12,Tamil Nadu,Salem,Mettur(Uzhavar Sandhai ),Mango,Neelam,Local,4500.0,5000.0,4750.0
2026-07-12,Tamil Nadu,Salem,Hasthampatti(Uzhavar Sandhai ),Mango,Neelam,Local,5000.0,6000.0,5500.0
2026-07-12,Tamil Nadu,Salem,Edapadi (Uzhavar Sandhai ),Mango,Neelam,Local,5500.0,6000.0,5750.0
2026-07-12,Tamil Nadu,Salem,Athur(Uzhavar Sandhai ),Mango,Safeda,Local,4000.0,5000.0,4500.0
2026-07-12,Tamil Nadu,Thirupathur,Natrampalli(Uzhavar Sandhai ),Mango,Safeda,Local,2000.0,4000.0,3000.0
2026-07-12,Tamil Nadu,Salem,Ammapet(Uzhavar Sandhai ),Mango,Neelam,Local,4000.0,5000.0,4500.0
2026-07-12,Tamil Nadu,Tenkasi,Sankarankoil(Uzhavar Sandhai ),Mango,Safeda,Local,4000.0,4000.0,4000.0
2026-07-12,Tamil Nadu,Thirupur,Dharapuram(Uzhavar Sandhai ),Mango,Safeda,Local,5500.0,6000.0,5750.0
2026-07-12,Uttarakhand,Dehradoon,Vikasnagar APMC,Mango,Other,Medium,700.0,1200.0,1200.0
2026-07-12,Tamil Nadu,Thirupur,Tiruppur (South) (Uzhavar Sandhai ),Mango,Other,Local,3000.0,4000.0,3500.0
2026-07-12,Tamil Nadu,Ranipet,Arcot(Uzhavar Sandhai ),Mango,Neelam,Local,6000.0,6000.0,6000.0
2026-07-12,Uttarakhand,Udhamsinghnagar,Sitarganj APMC,Mango,Dusheri,Grade B,1500.0,4000.0,2000.0
2026-07-12,Uttarakhand,Haridwar,Roorkee APMC,Mango,Other,Local,1100.0,1600.0,1400.0
2026-07-12,Uttarakhand,Haridwar,Manglaur APMC,Mango,Other,Local,800.0,1150.0,1000.0
2026-07-12,Uttarakhand,Haridwar,Bhagwanpur(Naveen Mandi Sthal) APMC,Mango,Other,Grade B,1000.0,1200.0,1100.0
2026-07-12,Uttarakhand,Garhwal (Pauri),Kotadwara APMC,Mango,Other,Medium,2100.0,2100.0,2100.0
2026-07-12,Tamil Nadu,Virudhunagar,Srivilliputhur(Uzhavar Sandhai ),Mango,Safeda,Local,3500.0,4000.0,3750.0
2026-07-12,Tamil Nadu,Virudhunagar,Aruppukottai(Uzhavar Sandhai ),Mango,Safeda,Local,5500.0,6000.0,5750.0
2026-07-12,Tamil Nadu,Villupuram,Villupuram(Uzhavar Sandhai ),Mango,Safeda,Local,7000.0,10000.0,8500.0
2026-07-12,Tamil Nadu,Villupuram,Tindivanam APMC,Mango,Safeda,Local,5000.0,5000.0,5000.0
2026-07-12,Tamil Nadu,Vellore,Vellore APMC,Mango,Safeda,Local,5000.0,6000.0,5500.0
2026-07-12,Tamil Nadu,Vellore,Thirupathur APMC,Mango,Safeda,Local,4000.0,4000.0,4000.0
2026-07-12,Tamil Nadu,Thirupur,Tiruppur (North) (Uzhavar Sandhai ),Mango,Other,Local,4500.0,5000.0,4750.0
2026-07-12,Tamil Nadu,Vellore,Perampet(Uzhavar Sandhai),Mango,Neelam,Local,3000.0,4000.0,3500.0
2026-07-12,Tamil Nadu,Vellore,Katpadi (Uzhavar Sandhai ),Mango,Safeda,Local,6000.0,7000.0,6500.0
2026-07-12,Tamil Nadu,Vellore,Kahithapattarai(Uzhavar Sandhai ),Mango,Safeda,Local,5000.0,6000.0,5500.0
2026-07-12,Tamil Nadu,Vellore,Gudiyatham(Uzhavar Sandhai ),Mango,Neelam,Local,4000.0,4000.0,4000.0
2026-07-12,Tamil Nadu,Tuticorin,Tuticorin(Uzhavar Sandhai ),Mango,Safeda,Local,4500.0,5000.0,4750.0
2026-07-12,Tamil Nadu,Thiruvarur,Tiruthuraipoondi(Uzhavar Sandhai ),Mango,Safeda,Local,3000.0,3000.0,3000.0
2026-07-12,Tamil Nadu,Thiruvarur,Mannargudi II(Uzhavar Sandhai ),Mango,Safeda,Local,4000.0,5000.0,4500.0
2026-07-12,Tamil Nadu,Thiruvarur,Mannargudi I(Uzhavar Sandhai ),Mango,Safeda,Local,4000.0,5000.0,4500.0
2026-07-12,Tamil Nadu,Thiruvannamalai,Tiruvannamalai(Uzhavar Sandhai ),Mango,Safeda,Local,5000.0,6000.0,5500.0
2026-07-12,Tamil Nadu,Thiruvannamalai,Tamarainagar(Uzhavar Sandhai ),Mango,Safeda,Local,5000.0,6000.0,5500.0
2026-07-12,Tamil Nadu,Thiruvannamalai,Polur(Uzhavar Sandhai ),Mango,Safeda,Local,4200.0,5000.0,4600.0
2026-07-12,Tamil Nadu,Thiruvannamalai,Chengam(Uzhavar Sandhai ),Mango,Safeda,Local,3300.0,4000.0,3650.0
2026-07-12,Tamil Nadu,Thiruvannamalai,Arani(Uzhavar Sandhai ),Mango,Safeda,Local,4000.0,5000.0,4500.0
2026-07-12,Tamil Nadu,Vellore,Pallikonda(Uzhavar Sandhai),Mango,Other,Local,5000.0,5000.0,5000.0
2026-07-12,Tamil Nadu,Pudukkottai,Pudukottai(Uzhavar Sandhai ),Mango,Other,Local,6000.0,7000.0,6500.0
2026-07-12,Tamil Nadu,The Nilgiris,Udhagamandalam(Uzhavar Sandhai ),Mango,Safeda,Local,10000.0,15000.0,12500.0
2026-07-12,Tamil Nadu,Namakkal,Rasipuram(Uzhavar Sandhai ),Mango,Other,Local,3000.0,5000.0,4000.0
2026-07-12,Tamil Nadu,Dharmapuri,Dharmapuri(Uzhavar Sandhai ),Mango,Safeda,Local,4600.0,5000.0,4800.0
2026-07-12,Tamil Nadu,Dharmapuri,AJattihalli(Uzhavar Sandhai ),Mango,Neelam,Local,6000.0,6000.0,6000.0
2026-07-12,Tamil Nadu,Cuddalore,Cuddalore(Uzhavar Sandhai ),Mango,Safeda,Local,3000.0,5000.0,4000.0
2026-07-12,Tamil Nadu,Coimbatore,Vadavalli(Uzhavar Sandhai ),Mango,Safeda,Local,7000.0,12000.0,9500.0
2026-07-12,Tamil Nadu,Coimbatore,Udumalpet APMC,Mango,Neelam,Local,4000.0,5000.0,4500.0
2026-07-12,Tamil Nadu,Coimbatore,Sundarapuram(Uzhavar Sandhai ),Mango,Neelam,Local,8000.0,9000.0,8500.0
2026-07-12,Tamil Nadu,Coimbatore,Singanallur(Uzhavar Sandhai ),Mango,Safeda,Local,8000.0,10000.0,9000.0
2026-07-12,Tamil Nadu,Coimbatore,RSPuram(Uzhavar Sandhai ),Mango,Neelam,Local,6000.0,7000.0,6500.0
2026-07-12,Tamil Nadu,Coimbatore,Pollachi(Uzhavar Sandhai ),Mango,Safeda,Local,5000.0,10000.0,7500.0
2026-07-12,Tamil Nadu,Coimbatore,Mettupalayam(Uzhavar Sandhai ),Mango,Safeda,Local,6000.0,10000.0,8000.0
2026-07-12,Tamil Nadu,Coimbatore,Kurichi(Uzhavar Sandhai ),Mango,Neelam,Local,8000.0,9000.0,8500.0
2026-07-12,Tamil Nadu,Chengalpattu,Guduvancheri(Uzhavar Sandhai ),Mango,Other,Local,5000.0,6000.0,5500.0
2026-07-12,Tamil Nadu,Dharmapuri,Harur(Uzhavar Sandhai ),Mango,Other,Local,4000.0,5000.0,4500.0
2026-07-12,Punjab,Tarntaran,Patti APMC,Mango,Other,Grade B,1400.0,1400.0,1400.0
2026-07-12,Odisha,Mayurbhanja,Narasinghpur APMC,Mango,Langra,Local,3000.0,4000.0,3500.0
2026-07-12,Odisha,Mayurbhanja,Narasinghpur APMC,Mango,Amrapali,Local,3000.0,4000.0,3500.0
2026-07-12,Maharashtra,Pune,Pune(Moshi) APMC,Mango,Other,Local,3000.0,8000.0,5500.0
2026-07-12,Madhya Pradesh,Morena,Morena APMC,Mango,Other,Non-FAQ,1700.0,1700.0,1700.0
2026-07-12,Himachal Pradesh,Kullu,SMY Bhuntar,Mango,Other,Medium,3500.0,10000.0,7000.0
2026-07-12,Haryana,Panipat,Samalkha APMC,Mango,Other,Grade A,3000.0,5000.0,4000.0
2026-07-12,Haryana,Karnal,Tarori APMC,Mango,Chausa,Grade A,3000.0,4000.0,3500.0
2026-07-12,Haryana,Hissar,Hansi APMC,Mango,Other,Grade B,1000.0,6000.0,3000.0
2026-07-12,Haryana,Gurgaon,Gurgaon APMC,Mango,Other,Grade C,3000.0,5000.0,4000.0
2026-07-12,Chandigarh,Chandigarh,Chandigarh (Grain/F&V) APMC,Mango,Other,Medium,2000.0,6000.0,5000.0
2026-07-12,Andhra Pradesh,Chittor,Bangarupalyam APMC,Mango,Badami,Grade B,3000.0,4000.0,3500.0
2026-07-12,Tamil Nadu,Perambalur,Perambalur(Uzhavar Sandhai ),Mango,Other,Local,4000.0,5000.0,4500.0
2026-07-12,Punjab,Gurdaspur,Quadian APMC,Mango,Other,Grade A,4200.0,4400.0,4300.0
2026-07-12,Tamil Nadu,Dharmapuri,Karimangalam(Uzhavar Sandhai),Mango,Safeda,Local,3800.0,4000.0,3900.0
2026-07-12,Tamil Nadu,Chengalpattu,Jameenrayapettai(Uzhavar Sandhai ),Mango,Other,Local,5000.0,6000.0,5500.0
2026-07-12,Tamil Nadu,Dharmapuri,Pennagaram(Uzhavar Sandhai ),Mango,Safeda,Local,3700.0,4000.0,3850.0
2026-07-12,Tamil Nadu,Namakkal,Namakkal(Uzhavar Sandhai ),Mango,Neelam,Local,4000.0,5000.0,4500.0
2026-07-12,Tamil Nadu,Dharmapuri,Palacode(Uzhavar Sandhai ),Mango,Safeda,Local,4600.0,5000.0,4800.0
2026-07-12,Tamil Nadu,Namakkal,Mohanur(Uzhavar Sandhai ),Mango,Other,Local,4000.0,5000.0,4500.0
2026-07-12,Tamil Nadu,Namakkal,Kumarapalayam(Uzhavar Sandhai ),Mango,Safeda,Local,4500.0,5000.0,4750.0
2026-07-12,Tamil Nadu,Nagercoil (Kannyiakumari),Vadaseri APMC,Mango,Safeda,Local,6500.0,7000.0,6750.0
2026-07-12,Tamil Nadu,Nagercoil (Kannyiakumari),Myladi(Uzhavar Sandhai ),Mango,Safeda,Local,6500.0,7000.0,6750.0
2026-07-12,Tamil Nadu,Nagapattinam,Nagapattinam(Uzhavar Sandhai ),Mango,Other,Local,6000.0,6800.0,6400.0
2026-07-12,Tamil Nadu,Madurai,Thirumangalam(Uzhavar Sandhai ),Mango,Safeda,Local,5000.0,6000.0,5500.0
2026-07-12,Tamil Nadu,Madurai,Melur(Uzhavar Sandhai ),Mango,Safeda,Local,4500.0,5000.0,4750.0
2026-07-12,Tamil Nadu,Madurai,Anna nagar(Uzhavar Sandhai ),Mango,Safeda,Local,5000.0,6000.0,5500.0
2026-07-12,Tamil Nadu,Madurai,Anna nagar(Uzhavar Sandhai ),Mango,Other,Local,5000.0,6000.0,5500.0
2026-07-12,Tamil Nadu,Madurai,Anaiyur(Uzhavar Sandhai ),Mango,Safeda,Local,5000.0,6000.0,5500.0
2026-07-12,Tamil Nadu,Krishnagiri,Krishnagiri(Uzhavar Sandhai ),Mango,Neelam,Local,2000.0,2500.0,2250.0
2026-07-12,Tamil Nadu,Karur,Pallapatti (Uzhavar Sandhai ),Mango,Other,Local,2500.0,3000.0,2750.0
2026-07-12,Tamil Nadu,Madurai,Chokkikulam(Uzhavar Sandhai ),Mango,Safeda,Local,3000.0,6000.0,4500.0
2026-07-12,Tamil Nadu,Dindigul,Dindigul(Uzhavar Sandhai ),Mango,Safeda,Local,4000.0,5000.0,4500.0
2026-07-12,Tamil Nadu,Dindigul,Chinnalapatti(Uzhavar Sandhai ),Mango,Safeda,Local,4000.0,5000.0,4500.0
2026-07-12,Tamil Nadu,Karur,Kulithalai(Uzhavar Sandhai ),Mango,Neelam,Local,5000.0,6000.0,5500.0
2026-07-12,Tamil Nadu,Erode,Periyar Nagar(Uzhavar Sandhai ),Mango,Neelam,Local,4500.0,5000.0,4750.0
2026-07-12,Tamil Nadu,Erode,Perundurai(Uzhavar Sandhai ),Mango,Safeda,Local,4600.0,5000.0,4800.0
2026-07-12,Tamil Nadu,Erode,Sampath Nagar(Uzhavar Sandhai ),Mango,Safeda,Local,3000.0,6000.0,4500.0
2026-07-12,Tamil Nadu,Kallakuruchi,Sankarapuram(Uzhavar Sandhai ),Mango,Neelam,Local,5000.0,5000.0,5000.0
2026-07-12,Tamil Nadu,Kallakuruchi,Kallakurichi(Uzhavar Sandhai ),Mango,Other,Local,4000.0,4000.0,4000.0
2026-07-12,Tamil Nadu,Kancheepuram,Padappai(Uzhavar Sandhai ),Mango,Safeda,Local,4000.0,6000.0,5000.0
2026-07-12,Tamil Nadu,Karur,Gandhigramam(Uzhavar Sandhai),Mango,Neelam,Local,5000.0,6000.0,5500.0
2026-07-12,Tamil Nadu,Karur,Karur(Uzhavar Sandhai ),Mango,Neelam,Local,7500.0,8000.0,7750.0
2026-07-12,Tamil Nadu,Kancheepuram,Kancheepuram(Uzhavar Sandhai ),Mango,Safeda,Local,4000.0,6000.0,5000.0
2026-07-13,Tamil Nadu,Madurai,Anna nagar(Uzhavar Sandhai ),Mango,Other,Local,5000.0,5000.0,5000.0
2026-07-13,Tamil Nadu,Madurai,Melur(Uzhavar Sandhai ),Mango,Safeda,Local,4500.0,5000.0,4750.0
2026-07-13,Tamil Nadu,Madurai,Thirumangalam(Uzhavar Sandhai ),Mango,Safeda,Local,5000.0,6000.0,5500.0
2026-07-13,Tamil Nadu,Madurai,Chokkikulam(Uzhavar Sandhai ),Mango,Safeda,Local,3000.0,6000.0,4500.0
2026-07-13,Tamil Nadu,Madurai,Anaiyur(Uzhavar Sandhai ),Mango,Safeda,Local,3000.0,6000.0,4500.0
2026-07-13,Tamil Nadu,Kancheepuram,Padappai(Uzhavar Sandhai ),Mango,Safeda,Local,3000.0,6000.0,4500.0
2026-07-13,Tamil Nadu,Karur,Pallapatti (Uzhavar Sandhai ),Mango,Other,Local,2500.0,3000.0,2750.0
2026-07-13,Tamil Nadu,Karur,Kulithalai(Uzhavar Sandhai ),Mango,Neelam,Local,5000.0,6000.0,5500.0
2026-07-13,Tamil Nadu,Karur,Gandhigramam(Uzhavar Sandhai),Mango,Neelam,Local,5000.0,6000.0,5500.0
2026-07-13,Tamil Nadu,Nagapattinam,Nagapattinam(Uzhavar Sandhai ),Mango,Other,Local,6500.0,6500.0,6500.0
2026-07-13,Tamil Nadu,Kancheepuram,Kancheepuram(Uzhavar Sandhai ),Mango,Safeda,Local,3000.0,6000.0,4500.0
2026-07-13,Tamil Nadu,Krishnagiri,Krishnagiri(Uzhavar Sandhai ),Mango,Safeda,Local,2000.0,2500.0,2250.0
2026-07-13,Tamil Nadu,Nagercoil (Kannyiakumari),Myladi(Uzhavar Sandhai ),Mango,Safeda,Local,6000.0,7000.0,6500.0
2026-07-13,Tamil Nadu,Salem,Hasthampatti(Uzhavar Sandhai ),Mango,Neelam,Local,5000.0,6000.0,5500.0
2026-07-13,Tamil Nadu,Namakkal,Kumarapalayam(Uzhavar Sandhai ),Mango,Safeda,Local,4500.0,5000.0,4750.0
2026-07-13,Tamil Nadu,Namakkal,Mohanur(Uzhavar Sandhai ),Mango,Other,Local,4000.0,5000.0,4500.0
2026-07-13,Tamil Nadu,Namakkal,Namakkal(Uzhavar Sandhai ),Mango,Neelam,Local,4500.0,5000.0,4750.0
2026-07-13,Tamil Nadu,Namakkal,Rasipuram(Uzhavar Sandhai ),Mango,Other,Local,3000.0,5000.0,4000.0
2026-07-13,Tamil Nadu,Perambalur,Perambalur(Uzhavar Sandhai ),Mango,Other,Local,5000.0,5000.0,5000.0
2026-07-13,Tamil Nadu,Pudukkottai,Pudukottai(Uzhavar Sandhai ),Mango,Other,Local,6000.0,7000.0,6500.0
2026-07-13,Tamil Nadu,Ranipet,Arcot(Uzhavar Sandhai ),Mango,Neelam,Local,6000.0,6000.0,6000.0
2026-07-13,Tamil Nadu,Ranipet,Ranipettai(Uzhavar Sandhai ),Mango,Neelam,Local,6000.0,6000.0,6000.0
2026-07-13,Tamil Nadu,Salem,Ammapet(Uzhavar Sandhai ),Mango,Neelam,Local,5500.0,6000.0,5750.0
2026-07-13,Tamil Nadu,Salem,Athur(Uzhavar Sandhai ),Mango,Safeda,Local,4000.0,5000.0,4500.0
2026-07-13,Tamil Nadu,Salem,Edapadi (Uzhavar Sandhai ),Mango,Neelam,Local,5500.0,6000.0,5750.0
2026-07-13,Tamil Nadu,Salem,Elampillai(Uzhavar Sandhai ),Mango,Neelam,Local,3000.0,4000.0,3500.0
2026-07-13,Tamil Nadu,Kallakuruchi,Sankarapuram(Uzhavar Sandhai ),Mango,Neelam,Local,5000.0,5000.0,5000.0
2026-07-13,Tamil Nadu,Salem,Mettur(Uzhavar Sandhai ),Mango,Neelam,Local,4500.0,5000.0,4750.0
2026-07-13,Tamil Nadu,Nagercoil (Kannyiakumari),Vadaseri APMC,Mango,Safeda,Local,6500.0,7000.0,6750.0
2026-07-13,Tamil Nadu,Kallakuruchi,Kallakurichi(Uzhavar Sandhai ),Mango,Neelam,Local,4000.0,4000.0,4000.0
2026-07-13,Rajasthan,Jodhpur,Jodhpur (F&V) APMC,Mango,Badami,Medium,2000.0,4000.0,3000.0
2026-07-13,Tamil Nadu,Erode,Perundurai(Uzhavar Sandhai ),Mango,Safeda,Local,4500.0,5000.0,4750.0
2026-07-13,Punjab,Sangrur,Dhuri APMC,Mango,Dusheri,Medium,3800.0,6500.0,5000.0
2026-07-13,Punjab,Tarntaran,Patti APMC,Mango,Other,Grade B,1580.0,1580.0,1580.0
2026-07-13,Rajasthan,Ganganagar,Sriganganagar (F&V) APMC,Mango,Dusheri,Grade A,4700.0,5100.0,4900.0
2026-07-13,Tamil Nadu,Salem,Sooramangalam(Uzhavar Sandhai ),Mango,Neelam,Local,4000.0,5000.0,4500.0
2026-07-13,Rajasthan,Jodhpur,Jodhpur (F&V) APMC,Mango,Langra,Medium,1500.0,3000.0,2250.0
2026-07-13,Rajasthan,Kota,Kota (F&V) APMC,Mango,Other,Medium,5000.0,5000.0,5000.0
2026-07-13,Rajasthan,Udaipur,Udaipur (F&V) APMC,Mango,Other,Medium,2000.0,4000.0,3000.0
2026-07-13,Tamil Nadu,Chengalpattu,Guduvancheri(Uzhavar Sandhai ),Mango,Other,Local,5000.0,6000.0,5500.0
2026-07-13,Tamil Nadu,Chengalpattu,Jameenrayapettai(Uzhavar Sandhai ),Mango,Other,Local,5000.0,6000.0,5500.0
2026-07-13,Tamil Nadu,Chengalpattu,Medavakkam(Uzhavar Sandhai ),Mango,Safeda,Local,5000.0,5000.0,5000.0
2026-07-13,Tamil Nadu,Chengalpattu,Nanganallur(Uzhavar Sandhai ),Mango,Neelam,Local,4000.0,5000.0,4500.0
2026-07-13,Tamil Nadu,Chengalpattu,Pallavaram(Uzhavar Sandhai ),Mango,Other,Local,5000.0,6000.0,5500.0
2026-07-13,Tamil Nadu,Coimbatore,Kurichi(Uzhavar Sandhai ),Mango,Neelam,Local,8000.0,9000.0,8500.0
2026-07-13,Tamil Nadu,Coimbatore,Mettupalayam(Uzhavar Sandhai ),Mango,Safeda,Local,7000.0,10000.0,8500.0
2026-07-13,Tamil Nadu,Erode,Sampath Nagar(Uzhavar Sandhai ),Mango,Safeda,Local,3000.0,6000.0,4500.0
2026-07-13,Tamil Nadu,Coimbatore,Pollachi(Uzhavar Sandhai ),Mango,Safeda,Local,5000.0,10000.0,7500.0
2026-07-13,Tamil Nadu,Coimbatore,Singanallur(Uzhavar Sandhai ),Mango,Safeda,Local,9000.0,12000.0,10500.0
2026-07-13,Tamil Nadu,Coimbatore,Sundarapuram(Uzhavar Sandhai ),Mango,Neelam,Local,8000.0,9000.0,8500.0
2026-07-13,Tamil Nadu,Coimbatore,Vadavalli(Uzhavar Sandhai ),Mango,Safeda,Local,7000.0,12000.0,9500.0
2026-07-13,Tamil Nadu,Cuddalore,Cuddalore(Uzhavar Sandhai ),Mango,Safeda,Local,3000.0,5000.0,4000.0
2026-07-13,Tamil Nadu,Dharmapuri,AJattihalli(Uzhavar Sandhai ),Mango,Neelam,Local,6000.0,6000.0,6000.0
2026-07-13,Tamil Nadu,Dharmapuri,Dharmapuri(Uzhavar Sandhai ),Mango,Safeda,Local,4600.0,5000.0,4800.0
2026-07-13,Tamil Nadu,Dharmapuri,Harur(Uzhavar Sandhai ),Mango,Other,Local,4000.0,5000.0,4500.0
2026-07-13,Tamil Nadu,Dharmapuri,Karimangalam(Uzhavar Sandhai),Mango,Safeda,Local,3800.0,4000.0,3900.0
2026-07-13,Tamil Nadu,Dharmapuri,Palacode(Uzhavar Sandhai ),Mango,Safeda,Local,4600.0,5000.0,4800.0
2026-07-13,Tamil Nadu,Dharmapuri,Pennagaram(Uzhavar Sandhai ),Mango,Safeda,Local,3600.0,4000.0,3800.0
2026-07-13,Tamil Nadu,Dindigul,Chinnalapatti(Uzhavar Sandhai ),Mango,Neelam,Local,4000.0,5000.0,4500.0
2026-07-13,Tamil Nadu,Dindigul,Dindigul(Uzhavar Sandhai ),Mango,Safeda,Local,4000.0,5000.0,4500.0
2026-07-13,Tamil Nadu,Dindigul,Palani(Uzhavar Sandhai ),Mango,Neelam,Local,3000.0,4000.0,3500.0
2026-07-13,Tamil Nadu,Erode,Periyar Nagar(Uzhavar Sandhai ),Mango,Neelam,Local,4500.0,5000.0,4750.0
2026-07-13,Tamil Nadu,Coimbatore,RSPuram(Uzhavar Sandhai ),Mango,Neelam,Local,6000.0,7000.0,6500.0
2026-07-13,Tamil Nadu,Salem,Thammampatti (Uzhavar Sandhai ),Mango,Safeda,Local,4000.0,5000.0,4500.0
2026-07-13,Tamil Nadu,Thiruvarur,Mannargudi I(Uzhavar Sandhai ),Mango,Safeda,Local,4000.0,4000.0,4000.0
2026-07-13,Tamil Nadu,Sivaganga,Singampunari(Uzhavar Sandhai ),Mango,Other,Local,2600.0,3200.0,2900.0
2026-07-13,Tamil Nadu,Vellore,Thirupathur APMC,Mango,Safeda,Local,4000.0,4000.0,4000.0
2026-07-13,Tamil Nadu,Villupuram,Tindivanam APMC,Mango,Safeda,Local,5000.0,5000.0,5000.0
2026-07-13,Tamil Nadu,Villupuram,Villupuram(Uzhavar Sandhai ),Mango,Safeda,Local,5000.0,6000.0,5500.0
2026-07-13,Tamil Nadu,Virudhunagar,Aruppukottai(Uzhavar Sandhai ),Mango,Safeda,Local,5000.0,6000.0,5500.0
2026-07-13,Tamil Nadu,Virudhunagar,Srivilliputhur(Uzhavar Sandhai ),Mango,Safeda,Local,3500.0,4000.0,3750.0
2026-07-13,Telangana,Ranga Reddy,Gaddiannaram APMC,Mango,Badami,Medium,1666.68,9444.52,3888.92
2026-07-13,Telangana,Ranga Reddy,Gaddiannaram APMC,Mango,Neelam,Medium,1111.12,5000.04,2222.24
2026-07-13,Telangana,Ranga Reddy,Gaddiannaram APMC,Mango,Other,Medium,1000.0,1500.0,1100.0
2026-07-13,Telangana,Ranga Reddy,Gaddiannaram APMC,Mango,Raspuri,Medium,7500.06,42222.56,13889.0
2026-07-13,Telangana,Ranga Reddy,Gaddiannaram APMC,Mango,Totapuri,Medium,1111.12,3333.36,2222.24
2026-07-13,Uttar Pradesh,Aligarh,Atrauli APMC,Mango,Dusheri,Medium,1900.0,2000.0,1950.0
2026-07-13,Uttar Pradesh,Amroha,Dhanaura APMC,Mango,Badami,Medium,3500.0,4000.0,3800.0
2026-07-13,Uttar Pradesh,Badaun,Shahaswan APMC,Mango,Other,Medium,2500.0,3000.0,2600.0
2026-07-13,Uttar Pradesh,Mau(Maunathbhanjan),Kopaganj APMC,Mango,Dusheri,Grade B,3300.0,3400.0,3360.0
2026-07-13,Uttar Pradesh,Rampur,Bilaspur APMC,Mango,Dusheri,Local,2000.0,2500.0,2250.0
2026-07-13,Uttar Pradesh,Shamli,Kairana APMC,Mango,Dusheri,Medium,2400.0,2500.0,2450.0
2026-07-13,Uttarakhand,Dehradoon,Dehradoon APMC,Mango,Other,Grade B,850.0,2500.0,1500.0
2026-07-13,Uttarakhand,Dehradoon,Rishikesh APMC,Mango,Dusheri,Medium,1000.0,2000.0,1500.0
2026-07-13,Uttarakhand,Dehradoon,Rishikesh APMC,Mango,Langra,Medium,2000.0,3250.0,2800.0
2026-07-13,Uttarakhand,Dehradoon,Vikasnagar APMC,Mango,Other,Medium,400.0,1500.0,1200.0
2026-07-13,Uttarakhand,Haridwar,Bhagwanpur(Naveen Mandi Sthal) APMC,Mango,Other,Grade B,1100.0,1200.0,1150.0
2026-07-13,Uttarakhand,Haridwar,Manglaur APMC,Mango,Other,Medium,700.0,1200.0,800.0
2026-07-13,Uttarakhand,Haridwar,Roorkee APMC,Mango,Other,Local,1100.0,1600.0,1400.0
2026-07-13,Uttarakhand,Nanital,Haldwani APMC,Mango,Other,Grade A,2400.0,2800.0,2600.0
2026-07-13,Uttarakhand,Nanital,Ramnagar APMC,Mango,Other,Local,2000.0,3000.0,2500.0
2026-07-13,Uttarakhand,Udhamsinghnagar,Kashipur APMC,Mango,Other,Local,2200.0,2400.0,2300.0
2026-07-13,Uttarakhand,Udhamsinghnagar,Kicchha APMC,Mango,Chausa,Medium,4000.0,5000.0,4500.0
2026-07-13,West Bengal,Kolkata,Mechua APMC,Mango,Other,Grade A,5200.0,5600.0,5400.0
2026-07-13,Punjab,Sangrur,Bhawanigarh APMC,Mango,Other,Medium,5000.0,6000.0,5500.0
2026-07-13,Tamil Nadu,Vellore,Perampet(Uzhavar Sandhai),Mango,Neelam,Local,3000.0,4000.0,3500.0
2026-07-13,Tamil Nadu,Vellore,Pallikonda(Uzhavar Sandhai),Mango,Safeda,Local,4000.0,6000.0,5000.0
2026-07-13,Tamil Nadu,Vellore,Katpadi (Uzhavar Sandhai ),Mango,Safeda,Local,7000.0,8000.0,7500.0
2026-07-13,Tamil Nadu,Vellore,Kahithapattarai(Uzhavar Sandhai ),Mango,Safeda,Local,5000.0,6000.0,5500.0
2026-07-13,Tamil Nadu,Sivaganga,Sivagangai (Uzhavar Sandhai ),Mango,Safeda,Local,3500.0,6500.0,5000.0
2026-07-13,Tamil Nadu,Tenkasi,Sankarankoil(Uzhavar Sandhai ),Mango,Safeda,Local,4000.0,4000.0,4000.0
2026-07-13,Tamil Nadu,Tenkasi,Tenkasi(Uzhavar Sandhai ),Mango,Neelam,Local,4000.0,4000.0,4000.0
2026-07-13,Tamil Nadu,Thanjavur,Kumbakonam (Uzhavar Sandhai ),Mango,Safeda,Local,3000.0,9000.0,6000.0
2026-07-13,Tamil Nadu,Thanjavur,Thanjavur(Uzhavar Sandhai ),Mango,Other,Local,6000.0,6000.0,6000.0
2026-07-13,Tamil Nadu,The Nilgiris,Udhagamandalam(Uzhavar Sandhai ),Mango,Safeda,Local,10000.0,12000.0,11000.0
2026-07-13,Tamil Nadu,Theni,Bodinayakanur(Uzhavar Sandhai ),Mango,Safeda,Local,4000.0,4000.0,4000.0
2026-07-13,Tamil Nadu,Theni,Chinnamanur(Uzhavar Sandhai ),Mango,Other,Local,4000.0,4000.0,4000.0
2026-07-13,Tamil Nadu,Theni,Devaram(Uzhavar Sandhai ),Mango,Safeda,Local,5000.0,5000.0,5000.0
2026-07-13,Tamil Nadu,Theni,Kambam(Uzhavar Sandhai ),Mango,Other,Local,4000.0,5000.0,4500.0
2026-07-13,Tamil Nadu,Theni,Theni(Uzhavar Sandhai ),Mango,Neelam,Local,6000.0,8000.0,7000.0
2026-07-13,Tamil Nadu,Thiruchirappalli,KKNagar(Uzhavar Sandhai ),Mango,Neelam,Local,8000.0,8000.0,8000.0
2026-07-13,Tamil Nadu,Thiruchirappalli,Musiri(Uzhavar Sandhai ),Mango,Safeda,Local,3000.0,3000.0,3000.0
2026-07-13,Tamil Nadu,Thiruchirappalli,Thuraiyur APMC,Mango,Safeda,Local,8000.0,9000.0,8500.0
2026-07-13,Tamil Nadu,Salem,Thathakapatti(Uzhavar Sandhai ),Mango,Neelam,Local,4000.0,5000.0,4500.0
2026-07-13,Tamil Nadu,Thirunelveli,Palayamkottai(Uzhavar Sandhai ),Mango,Safeda,Local,6000.0,8000.0,7000.0
2026-07-13,Tamil Nadu,Thirupathur,Vaniyampadi(Uzhavar Sandhai ),Mango,Safeda,Local,4000.0,4000.0,4000.0
2026-07-13,Tamil Nadu,Thirupur,Dharapuram(Uzhavar Sandhai ),Mango,Safeda,Local,5000.0,6000.0,5500.0
2026-07-13,Tamil Nadu,Thirupur,Tiruppur (North) (Uzhavar Sandhai ),Mango,Other,Local,4500.0,5000.0,4750.0
2026-07-13,Tamil Nadu,Thirupur,Tiruppur (South) (Uzhavar Sandhai ),Mango,Other,Local,3000.0,4000.0,3500.0
2026-07-13,Tamil Nadu,Thiruvannamalai,Arani(Uzhavar Sandhai ),Mango,Safeda,Local,4000.0,5000.0,4500.0
2026-07-13,Tamil Nadu,Thiruvannamalai,Chengam(Uzhavar Sandhai ),Mango,Safeda,Local,3500.0,4000.0,3750.0
2026-07-13,Tamil Nadu,Thiruvannamalai,Keelpennathur(Uzhavar Sandhai ),Mango,Other,Local,5000.0,6000.0,5500.0
2026-07-13,Tamil Nadu,Thiruvannamalai,Polur(Uzhavar Sandhai ),Mango,Safeda,Local,4200.0,5000.0,4600.0
2026-07-13,Tamil Nadu,Thiruvannamalai,Tamarainagar(Uzhavar Sandhai ),Mango,Safeda,Local,5000.0,6000.0,5500.0
2026-07-13,Tamil Nadu,Thiruvannamalai,Tiruvannamalai(Uzhavar Sandhai ),Mango,Safeda,Local,5000.0,6000.0,5500.0
2026-07-13,Tamil Nadu,Thiruvarur,Mannargudi II(Uzhavar Sandhai ),Mango,Safeda,Local,4000.0,5000.0,4500.0
2026-07-13,Tamil Nadu,Thiruvarur,Tiruthuraipoondi(Uzhavar Sandhai ),Mango,Safeda,Local,3000.0,3000.0,3000.0
2026-07-13,Tamil Nadu,Tuticorin,Tuticorin(Uzhavar Sandhai ),Mango,Safeda,Local,4500.0,5000.0,4750.0
2026-07-13,Tamil Nadu,Vellore,Gudiyatham(Uzhavar Sandhai ),Mango,Neelam,Local,4000.0,4000.0,4000.0
2026-07-13,Tamil Nadu,Thirupathur,Natrampalli(Uzhavar Sandhai ),Mango,Safeda,Local,2500.0,3000.0,2750.0
2026-07-13,Punjab,Ropar (Rupnagar),Ropar APMC,Mango,Totapuri,Medium,4500.0,5000.0,4800.0
2026-07-13,NCT of Delhi,Delhi,APMC Azadpur,Mango,Fazli,Grade A,2857.0,5714.0,4464.0
2026-07-13,Punjab,Ropar (Rupnagar),Ropar APMC,Mango,Langra,Medium,4000.0,4400.0,4200.0
2026-07-13,Haryana,Yamuna Nagar,Chhachrauli APMC,Mango,Other,Local,1800.0,2200.0,1800.0
2026-07-13,Haryana,Yamuna Nagar,Jagadhri APMC,Mango,Other,Medium,2200.0,6000.0,5000.0
2026-07-13,Haryana,Yamuna Nagar,Radaur APMC,Mango,Other,Medium,1800.0,2400.0,2000.0
2026-07-13,Himachal Pradesh,Chamba,PMY Chamba,Mango,Dusheri,Medium,4000.0,4500.0,4250.0
2026-07-13,Himachal Pradesh,Chamba,PMY Chamba,Mango,Totapuri,Medium,4500.0,5000.0,4750.0
2026-07-13,Himachal Pradesh,Hamirpur,PMY Hamirpur,Mango,Other,Grade B,5500.0,11000.0,8000.0
2026-07-13,Himachal Pradesh,Hamirpur,SMY Nadaun,Mango,Other,Grade B,5000.0,13000.0,7500.0
2026-07-13,Himachal Pradesh,Kangra,PMY Kangra,Mango,Other,Medium,4000.0,11000.0,8000.0
2026-07-13,Himachal Pradesh,Kangra,SMY Baijnath,Mango,Safeda,Grade B,6000.0,10000.0,10000.0
2026-07-13,Himachal Pradesh,Kangra,SMY Jaisinghpur,Mango,Other,Medium,3000.0,13000.0,8000.0
2026-07-13,Himachal Pradesh,Kangra,SMY Jwalaji,Mango,Badami,Medium,4000.0,8000.0,6000.0
2026-07-13,Himachal Pradesh,Kangra,SMY Palampur,Mango,Other,Medium,2000.0,12000.0,6000.0
2026-07-13,Himachal Pradesh,Kullu,PMY Kullu,Mango,Other,Medium,5000.0,8000.0,6000.0
2026-07-13,Himachal Pradesh,Kullu,SMY Bhuntar,Mango,Other,Medium,3500.0,10000.0,6700.0
2026-07-13,Himachal Pradesh,Mandi,PMY Kangni Mandi,Mango,Other,Grade B,3000.0,14500.0,8500.0
2026-07-13,Himachal Pradesh,Mandi,SMY Dhanotu,Mango,Other,Medium,4000.0,8000.0,6000.0
2026-07-13,Himachal Pradesh,Shimla,SMY Rampur,Mango,Other,Medium,3000.0,5000.0,4000.0
2026-07-13,Himachal Pradesh,Shimla,SMY Rohroo,Mango,Other,Grade B,4000.0,8000.0,6000.0
2026-07-13,Himachal Pradesh,Solan,PMY Kather Solan,Mango,Other,Medium,3000.0,9000.0,7000.0
2026-07-13,Himachal Pradesh,Solan,SMY Nalagarh,Mango,Other,Medium,2500.0,4000.0,3300.0
2026-07-13,Himachal Pradesh,Una,PMY Una,Mango,Dusheri,Grade B,4500.0,5500.0,5000.0
2026-07-13,Himachal Pradesh,Una,PMY Una,Mango,Other,Grade B,8000.0,10000.0,9000.0
2026-07-13,Himachal Pradesh,Una,PMY Una,Mango,Safeda,Grade B,10000.0,12000.0,11000.0
2026-07-13,Himachal Pradesh,Una,SMY Santoshgarh,Mango,Dusheri,Grade A,4200.0,5000.0,4600.0
2026-07-13,Himachal Pradesh,Una,SMY Takarla,Mango,Other,Grade A,4000.0,6000.0,5000.0
2026-07-13,Jammu and Kashmir,Jammu,Narwal Jammu (F&V),Mango,Chausa,Medium,5500.0,7500.0,6500.0
2026-07-13,Jammu and Kashmir,Jammu,Narwal Jammu (F&V),Mango,Dusheri,Medium,4500.0,6500.0,5500.0
2026-07-13,Jammu and Kashmir,Jammu,Narwal Jammu (F&V),Mango,Langra,Medium,3500.0,5500.0,4500.0
2026-07-13,Jammu and Kashmir,Jammu,Narwal Jammu (F&V),Mango,Safeda,Grade A,9000.0,11000.0,10000.0
2026-07-13,Haryana,Sonipat,Sonepat APMC,Mango,Other,Medium,2000.0,6000.0,4000.0
2026-07-13,Jammu and Kashmir,Jammu,Narwal Jammu (F&V),Mango,Totapuri,Grade A,4800.0,5800.0,5300.0
2026-07-13,Haryana,Sonipat,Ganaur APMC,Mango,Other,Medium,3000.0,6000.0,5000.0
2026-07-13,Haryana,Rohtak,Rohtak APMC,Mango,Other,Medium,5000.0,8000.0,7000.0
2026-07-13,Punjab,Ropar (Rupnagar),Ropar APMC,Mango,Safeda,Medium,5000.0,5500.0,5200.0
2026-07-13,Andhra Pradesh,Chittor,Bangarupalyam APMC,Mango,Badami,Grade B,3000.0,4000.0,3500.0
2026-07-13,Andhra Pradesh,Chittor,Chittoor APMC,Mango,Neelam,Local,1200.0,1800.0,1500.0
2026-07-13,Andhra Pradesh,Chittor,Chittoor APMC,Mango,Totapuri,Local,300.0,500.0,400.0
2026-07-13,Andhra Pradesh,Tirupathi,Thiruchanur APMC,Mango,Other,Grade A,1000.0,2000.0,1500.0
2026-07-13,Andhra Pradesh,Tirupathi,Thiruchanur APMC,Mango,Totapuri,Grade A,700.0,1800.0,1250.0
2026-07-13,Bihar,East Champaran/ Motihari,Motihari APMC,Mango,Other,Grade A,6000.0,6500.0,6200.0
2026-07-13,Gujarat,Banaskanth,Deesa(Deesa Veg Yard) APMC,Mango,Other,Medium,2000.0,3000.0,2500.0
2026-07-13,Gujarat,Mehsana,Mehsana(Mehsana Veg) APMC,Mango,Badami,Local,1500.0,4500.0,3500.0
2026-07-13,Haryana,Ambala,Naraingarh APMC,Mango,Mango,Medium,1200.0,4000.0,2000.0
2026-07-13,Haryana,Ambala,Shahzadpur APMC,Mango,Langra,Medium,2000.0,3000.0,2000.0
2026-07-13,Haryana,Faridabad,Ballabhgarh APMC,Mango,Other,Grade A,4000.0,5500.0,4500.0
2026-07-13,Haryana,Fatehabad,Fatehabad APMC,Mango,Other,Local,8000.0,8000.0,8000.0
2026-07-13,Haryana,Gurgaon,Pataudi APMC,Mango,Other,Grade B,2000.0,3000.0,2500.0
2026-07-13,Haryana,Hissar,Barwala(Hisar) APMC,Mango,Other,Local,2000.0,11000.0,4500.0
2026-07-13,Haryana,Hissar,Hansi APMC,Mango,Other,Grade B,3000.0,5000.0,4000.0
2026-07-13,Haryana,Hissar,Uklana APMC,Mango,Other,Medium,3000.0,4000.0,4000.0
2026-07-13,Haryana,Jhajar,Jhajjar APMC,Mango,Other,Medium,7200.0,7200.0,7200.0
2026-07-13,Haryana,Jind,Narwana APMC,Mango,Other,Local,4000.0,6000.0,5000.0
2026-07-13,Haryana,Jind,Safidon APMC,Mango,Other,Medium,1800.0,5000.0,3000.0
2026-07-13,Haryana,Karnal,Tarori APMC,Mango,Chausa,Grade A,2500.0,3500.0,3000.0
2026-07-13,Haryana,Kurukshetra,Shahabad APMC,Mango,Other,Medium,2000.0,7000.0,4355.0
2026-07-13,Haryana,Kurukshetra,Thanesar APMC,Mango,Other,Medium,2000.0,10000.0,6000.0
2026-07-13,Haryana,Mahendragarh-Narnaul,Mohindergarh APMC,Mango,Other,Medium,3500.0,3500.0,3500.0
2026-07-13,Haryana,Mahendragarh-Narnaul,Narnaul APMC,Mango,Mango,Medium,4000.0,6000.0,5000.0
2026-07-13,Haryana,Mewat,Punhana APMC,Mango,Other,Medium,4000.0,6000.0,5000.0
2026-07-13,Haryana,Panipat,Panipat APMC,Mango,Other,Local,2000.0,8000.0,5000.0
2026-07-13,Haryana,Panipat,Samalkha APMC,Mango,Other,Grade A,4500.0,6500.0,5000.0
2026-07-13,Haryana,Rohtak,Meham APMC,Mango,Other,Medium,1800.0,4500.0,3000.0
2026-07-13,Haryana,Rohtak,Sampla APMC,Mango,Other,Local,3000.0,5000.0,5000.0
2026-07-13,Jammu and Kashmir,Kathua,Kathua (F&V),Mango,Dusheri,Grade B,4000.0,4500.0,4250.0
2026-07-13,Haryana,Sonipat,Sonepat(Kharkhoda) APMC,Mango,Other,Grade A,4000.0,5500.0,4850.0
2026-07-13,Jammu and Kashmir,Rajouri,Rajouri (Phaliana) (F&V),Mango,Chausa,Grade B,6000.0,6000.0,6000.0
2026-07-13,NCT of Delhi,Delhi,APMC Azadpur,Mango,Surkha,Grade A,3000.0,8000.0,4500.0
2026-07-13,NCT of Delhi,Delhi,APMC Azadpur,Mango,Totapuri,Grade A,2143.0,3571.0,2857.0
2026-07-13,NCT of Delhi,Delhi,APMC Keshopur,Mango,Other,Medium,4000.0,7000.0,6000.0
2026-07-13,Odisha,Gajapati,Kasinagar APMC,Mango,Badami,Grade Range-1,1800.0,2000.0,1900.0
2026-07-13,Odisha,Mayurbhanja,Narasinghpur APMC,Mango,Amrapali,Local,3000.0,4000.0,3500.0
2026-07-13,Odisha,Mayurbhanja,Narasinghpur APMC,Mango,Langra,Local,3000.0,4000.0,3500.0
2026-07-13,Punjab,Bhatinda,Bathinda APMC,Mango,Other,Grade B,4000.0,8000.0,5000.0
2026-07-13,Punjab,Bhatinda,Rampuraphul(Nabha Mandi) APMC,Mango,Other,Grade A,4000.0,8000.0,6000.0
2026-07-13,Punjab,Bhatinda,Talwandi Sabo APMC,Mango,Other,Grade A,3000.0,3500.0,3200.0
2026-07-13,Punjab,Fatehgarh,Bassi Pathana APMC,Mango,Chausa,Medium,4000.0,6000.0,5000.0
2026-07-13,Punjab,Fazilka,Fazilka APMC,Mango,Other,Medium,7000.0,7000.0,7000.0
2026-07-13,Punjab,Fazilka,Jalalabad APMC,Mango,Other,Medium,4000.0,4500.0,4200.0
2026-07-13,Punjab,Gurdaspur,Dinanagar APMC,Mango,Dusheri,Medium,5000.0,6000.0,5500.0
2026-07-13,Punjab,Gurdaspur,Gurdaspur APMC,Mango,Other,Grade A,4800.0,4800.0,4800.0
2026-07-13,NCT of Delhi,Delhi,APMC Azadpur,Mango,Saroli,Grade A,1000.0,2000.0,1500.0
2026-07-13,Punjab,Gurdaspur,Quadian APMC,Mango,Other,Grade A,4200.0,4400.0,4300.0
2026-07-13,Punjab,Hoshiarpur,Garh Shankar(Mahalpur) APMC,Mango,Dusheri,Medium,6000.0,6000.0,6000.0
2026-07-13,Punjab,Hoshiarpur,Mukerian APMC,Mango,Dusheri,Grade B,2500.0,4500.0,3500.0
2026-07-13,Punjab,Hoshiarpur,Tanda Urmur APMC,Mango,Totapuri,Grade A,4000.0,5000.0,4500.0
2026-07-13,Punjab,Jalandhar,Jalandhar City(Jalandhar) APMC,Mango,Other,Medium,2100.0,5200.0,4000.0
2026-07-13,Punjab,Ludhiana,Khanna APMC,Mango,Safeda,Grade A,5000.0,5000.0,5000.0
2026-07-13,Punjab,Ludhiana,Ludhiana APMC,Mango,Other,Medium,2000.0,6000.0,3500.0
2026-07-13,Punjab,Mansa,Mansa APMC,Mango,Other,Grade A,4800.0,4800.0,4800.0
2026-07-13,Punjab,Mohali,Banur APMC,Mango,Other,Local,6666.0,6666.0,6666.0
2026-07-13,Punjab,Nawanshahr,Nawan Shahar(Subzi Mandi) APMC,Mango,Dusheri,Medium,2700.0,3000.0,2800.0
2026-07-13,Punjab,Nawanshahr,Nawan Shahar(Subzi Mandi) APMC,Mango,Other,Medium,6000.0,6300.0,6200.0
2026-07-13,Punjab,Patiala,Patiala APMC,Mango,Other,Grade A,3000.0,3500.0,3300.0
2026-07-13,Punjab,Patiala,Patran APMC,Mango,Other,Grade A,3930.0,3930.0,3930.0
2026-07-13,Jammu and Kashmir,Kathua,Kathua (F&V),Mango,Totapuri,Grade B,4000.0,4500.0,4250.0
2026-07-13,Punjab,Ropar (Rupnagar),Ropar APMC,Mango,Dusheri,Medium,4000.0,4500.0,4200.0
2026-07-13,Punjab,Hoshiarpur,Garh Shankar APMC,Mango,Other,Medium,3500.0,3500.0,3500.0
2026-07-13,NCT of Delhi,Delhi,APMC Azadpur,Mango,Safeda,Grade A,2857.0,5000.0,3714.0
2026-07-13,Punjab,Ferozpur,Zira APMC,Mango,Chausa,Local,4700.0,4700.0,4700.0
2026-07-13,Karnataka,Bengaluru,"Binny Mill (F&V), Bengaluru APMC",Mango,Neelam,Local,2000.0,3000.0,2500.0
2026-07-13,Karnataka,Bengaluru,"Binny Mill (F&V), Bengaluru APMC",Mango,Badami,Local,3000.0,5000.0,4000.0
2026-07-13,NCT of Delhi,Delhi,APMC Azadpur,Mango,Langra,Grade A,3000.0,5000.0,3600.0
2026-07-13,Karnataka,Bengaluru,"Binny Mill (F&V), Bengaluru APMC",Mango,Totapuri,Local,800.0,1200.0,1000.0
2026-07-13,Karnataka,Davangere,Davangere APMC,Mango,Mango,Local,3000.0,4000.0,3500.0
2026-07-13,Karnataka,Mysuru,Mysuru APMC,Mango,Other,Local,2630.0,3570.0,3125.0
2026-07-13,Keralam,Idukki,Kattappana Market,Mango,Other,Medium,7800.0,9500.0,8500.0
2026-07-13,Keralam,Idukki,Kattappana Market,Mango,Other,Small,3200.0,3500.0,3200.0
2026-07-13,Madhya Pradesh,Burhanpur,Burhanpur(F&V) APMC,Mango,Badami,Grade A,2000.0,7000.0,6500.0
2026-07-13,Madhya Pradesh,Gwalior,Lashkar(F&V) APMC,Mango,Dusheri,Grade B,1600.0,3000.0,2500.0
2026-07-13,Madhya Pradesh,Indore,Indore(F&V) APMC,Mango,Other,Local,1500.0,8000.0,4500.0
2026-07-13,Madhya Pradesh,Morena,Morena APMC,Mango,Other,Non-FAQ,1500.0,1500.0,1500.0
2026-07-13,Madhya Pradesh,Rewa,Rewa(F&V) APMC,Mango,Dusheri,Grade B,1800.0,1800.0,1800.0
2026-07-13,Madhya Pradesh,Sagar,Sagar(F&V) APMC,Mango,Other,Local,3000.0,4000.0,3500.0
2026-07-13,Madhya Pradesh,Sehore,Sehore(F&V) APMC,Mango,Badami,Grade Range-1,3000.0,5000.0,4000.0
2026-07-13,Madhya Pradesh,Sheopur,Sheopurkalan(F&V) APMC,Mango,Other,Medium,3000.0,4000.0,3500.0
2026-07-13,Madhya Pradesh,Harda,Harda(F&V) APMC,Mango,Neelam,Medium,2000.0,4000.0,3000.0
2026-07-13,Maharashtra,Amarawati,Amrawati(Frui & Veg. Market) APMC,Mango,Totapuri,Local,2000.0,2500.0,2250.0
2026-07-13,NCT of Delhi,Delhi,APMC Azadpur,Mango,Keshar,Grade A,3571.0,5714.0,4286.0
2026-07-13,Maharashtra,Ahilyanagar,Shrirampur APMC,Mango,Other,Local,3000.0,4000.0,3500.0
2026-07-13,NCT of Delhi,Delhi,APMC Azadpur,Mango,Dusheri,Grade A,2143.0,3571.0,2643.0
2026-07-13,NCT of Delhi,Delhi,APMC Azadpur,Mango,Dinga,Grade A,2000.0,3000.0,2400.0
2026-07-13,Maharashtra,Solapur,SHRI.SIDDHESHWAR  APMC,Mango,Other,Local,1500.0,3500.0,2500.0
2026-07-13,Maharashtra,Sangli,"Sangli(Phale, Bhajipala Market) APMC",Mango,Totapuri,Local,1000.0,3000.0,2000.0
2026-07-13,NCT of Delhi,Delhi,APMC Azadpur,Mango,Hapus(Alphaso),Grade A,10000.0,18333.0,14167.0
2026-07-13,Maharashtra,Nagpur,Nagpur APMC,Mango,Other,Local,3000.0,4000.0,3750.0
2026-07-13,Maharashtra,Mumbai,Mumbai- Fruit Market APMC,Mango,Other,Local,5000.0,14000.0,9500.0
2026-07-13,Maharashtra,Jalgaon,Jalgaon APMC,Mango,Other,Local,3000.0,5000.0,4000.0
2026-07-13,Maharashtra,Chattrapati Sambhajinagar,Chattrapati Sambhajinagar APMC,Mango,Other,Local,3500.0,6500.0,5000.0
2026-07-13,Maharashtra,Pune,Pune(Moshi) APMC,Mango,Other,Local,4000.0,5000.0,4500.0
2026-07-14,Tamil Nadu,Namakkal,Tiruchengode APMC,Mango,Other,Local,4500.0,5000.0,4750.0
2026-07-14,Tamil Nadu,Namakkal,Rasipuram(Uzhavar Sandhai ),Mango,Other,Local,4000.0,6000.0,5000.0
2026-07-14,Tamil Nadu,Namakkal,Namakkal(Uzhavar Sandhai ),Mango,Neelam,Local,5000.0,6000.0,5500.0
2026-07-14,Tamil Nadu,Namakkal,Mohanur(Uzhavar Sandhai ),Mango,Other,Local,3000.0,5000.0,4000.0
2026-07-14,Tamil Nadu,Namakkal,Kumarapalayam(Uzhavar Sandhai ),Mango,Other,Local,4500.0,5000.0,4750.0
2026-07-14,Tamil Nadu,Nagercoil (Kannyiakumari),Vadaseri APMC,Mango,Safeda,Local,6500.0,7000.0,6750.0
2026-07-14,Tamil Nadu,Madurai,Thirumangalam(Uzhavar Sandhai ),Mango,Safeda,Local,5000.0,6000.0,5500.0
2026-07-14,Tamil Nadu,Nagapattinam,Nagapattinam(Uzhavar Sandhai ),Mango,Other,Local,6000.0,7000.0,6500.0
2026-07-14,Tamil Nadu,Madurai,Melur(Uzhavar Sandhai ),Mango,Safeda,Local,4500.0,5000.0,4750.0
2026-07-14,Tamil Nadu,Madurai,Chokkikulam(Uzhavar Sandhai ),Mango,Safeda,Local,3000.0,6000.0,4500.0
2026-07-14,Tamil Nadu,Madurai,Anna nagar(Uzhavar Sandhai ),Mango,Other,Local,5000.0,5000.0,5000.0
2026-07-14,Tamil Nadu,Madurai,Anaiyur(Uzhavar Sandhai ),Mango,Safeda,Local,5000.0,6000.0,5500.0
2026-07-14,Tamil Nadu,Perambalur,Perambalur(Uzhavar Sandhai ),Mango,Other,Local,4000.0,5000.0,4500.0
2026-07-14,Tamil Nadu,Nagercoil (Kannyiakumari),Myladi(Uzhavar Sandhai ),Mango,Safeda,Local,6500.0,7000.0,6750.0
2026-07-14,Tamil Nadu,Pudukkottai,Gandarvakottai(Uzhavar Sandhai ),Mango,Safeda,Local,5500.0,6000.0,5750.0
2026-07-14,Tamil Nadu,Sivaganga,Sivagangai (Uzhavar Sandhai ),Mango,Safeda,Local,5600.0,6200.0,5900.0
2026-07-14,Tamil Nadu,Ranipet,Arcot(Uzhavar Sandhai ),Mango,Neelam,Local,6000.0,6000.0,6000.0
2026-07-14,Tamil Nadu,Ranipet,Ranipettai(Uzhavar Sandhai ),Mango,Safeda,Local,6000.0,10000.0,8000.0
2026-07-14,Tamil Nadu,Salem,Ammapet(Uzhavar Sandhai ),Mango,Neelam,Local,5000.0,6000.0,5500.0
2026-07-14,Tamil Nadu,Salem,Athur(Uzhavar Sandhai ),Mango,Safeda,Local,4000.0,5000.0,4500.0
2026-07-14,Tamil Nadu,Salem,Edapadi (Uzhavar Sandhai ),Mango,Neelam,Local,5500.0,6000.0,5750.0
2026-07-14,Tamil Nadu,Salem,Elampillai(Uzhavar Sandhai ),Mango,Safeda,Local,4000.0,4000.0,4000.0
2026-07-14,Tamil Nadu,Salem,Hasthampatti(Uzhavar Sandhai ),Mango,Neelam,Local,5000.0,6000.0,5500.0
2026-07-14,Tamil Nadu,Salem,Sooramangalam(Uzhavar Sandhai ),Mango,Neelam,Local,4000.0,5000.0,4500.0
2026-07-14,Tamil Nadu,Salem,Thammampatti (Uzhavar Sandhai ),Mango,Safeda,Local,4000.0,5000.0,4500.0
2026-07-14,Tamil Nadu,Salem,Thathakapatti(Uzhavar Sandhai ),Mango,Safeda,Local,5000.0,6000.0,5500.0
2026-07-14,Tamil Nadu,Salem,Vazhapadi(Uzhavar Sandhai),Mango,Neelam,Local,5000.0,5000.0,5000.0
2026-07-14,Tamil Nadu,Sivaganga,Singampunari(Uzhavar Sandhai ),Mango,Other,Local,2600.0,3200.0,2900.0
2026-07-14,Tamil Nadu,Krishnagiri,Krishnagiri(Uzhavar Sandhai ),Mango,Safeda,Local,2000.0,2500.0,2250.0
2026-07-14,Tamil Nadu,Tenkasi,Sankarankoil(Uzhavar Sandhai ),Mango,Safeda,Local,4000.0,4000.0,4000.0
2026-07-14,Tamil Nadu,Pudukkottai,Pudukottai(Uzhavar Sandhai ),Mango,Safeda,Local,6000.0,7000.0,6500.0
2026-07-14,Tamil Nadu,Karur,Pallapatti (Uzhavar Sandhai ),Mango,Other,Local,2500.0,3000.0,2750.0
2026-07-14,Tamil Nadu,Chengalpattu,Jameenrayapettai(Uzhavar Sandhai ),Mango,Other,Local,5000.0,6000.0,5500.0
2026-07-14,Tamil Nadu,Karur,Karur(Uzhavar Sandhai ),Mango,Neelam,Local,7500.0,8000.0,7750.0
2026-07-14,Tamil Nadu,Chengalpattu,Guduvancheri(Uzhavar Sandhai ),Mango,Other,Local,5000.0,6000.0,5500.0
2026-07-14,Tamil Nadu,Tenkasi,Tenkasi(Uzhavar Sandhai ),Mango,Neelam,Local,4000.0,4000.0,4000.0
2026-07-14,Tamil Nadu,Chengalpattu,Medavakkam(Uzhavar Sandhai ),Mango,Safeda,Local,5000.0,5000.0,5000.0
2026-07-14,Tamil Nadu,Chengalpattu,Nanganallur(Uzhavar Sandhai ),Mango,Neelam,Local,4000.0,5000.0,4500.0
2026-07-14,Tamil Nadu,Chengalpattu,Pallavaram(Uzhavar Sandhai ),Mango,Other,Local,5000.0,6000.0,5500.0
2026-07-14,Tamil Nadu,Coimbatore,Kurichi(Uzhavar Sandhai ),Mango,Other,Local,8000.0,9000.0,8500.0
2026-07-14,Tamil Nadu,Coimbatore,Mettupalayam(Uzhavar Sandhai ),Mango,Safeda,Local,7000.0,10000.0,8500.0
2026-07-14,Tamil Nadu,Coimbatore,Pollachi(Uzhavar Sandhai ),Mango,Safeda,Local,5000.0,10000.0,7500.0
2026-07-14,Tamil Nadu,Coimbatore,RSPuram(Uzhavar Sandhai ),Mango,Neelam,Local,6000.0,7000.0,6500.0
2026-07-14,Tamil Nadu,Coimbatore,Singanallur(Uzhavar Sandhai ),Mango,Safeda,Local,9000.0,10000.0,9500.0
2026-07-14,Tamil Nadu,Coimbatore,Sundarapuram(Uzhavar Sandhai ),Mango,Other,Local,8500.0,9000.0,8750.0
2026-07-14,Tamil Nadu,Coimbatore,Vadavalli(Uzhavar Sandhai ),Mango,Safeda,Local,7000.0,12000.0,9500.0
2026-07-14,Tamil Nadu,Cuddalore,Cuddalore(Uzhavar Sandhai ),Mango,Safeda,Local,3000.0,5000.0,4000.0
2026-07-14,Tamil Nadu,Dharmapuri,AJattihalli(Uzhavar Sandhai ),Mango,Neelam,Local,5000.0,5000.0,5000.0
2026-07-14,Tamil Nadu,Karur,Kulithalai(Uzhavar Sandhai ),Mango,Neelam,Local,5000.0,6000.0,5500.0
2026-07-14,Tamil Nadu,Dharmapuri,Dharmapuri(Uzhavar Sandhai ),Mango,Safeda,Local,4600.0,5000.0,4800.0
2026-07-14,Tamil Nadu,Dharmapuri,Karimangalam(Uzhavar Sandhai),Mango,Safeda,Local,3800.0,4000.0,3900.0
2026-07-14,Tamil Nadu,Dharmapuri,Palacode(Uzhavar Sandhai ),Mango,Neelam,Local,4500.0,5000.0,4750.0
2026-07-14,Tamil Nadu,Dharmapuri,Pennagaram(Uzhavar Sandhai ),Mango,Safeda,Local,3600.0,4000.0,3800.0
2026-07-14,Tamil Nadu,Dindigul,Chinnalapatti(Uzhavar Sandhai ),Mango,Neelam,Local,4000.0,5000.0,4500.0
2026-07-14,Tamil Nadu,Dindigul,Dindigul(Uzhavar Sandhai ),Mango,Safeda,Local,4000.0,5000.0,4500.0
2026-07-14,Tamil Nadu,Dindigul,Palani(Uzhavar Sandhai ),Mango,Neelam,Local,3000.0,4000.0,3500.0
2026-07-14,Tamil Nadu,Erode,Periyar Nagar(Uzhavar Sandhai ),Mango,Safeda,Local,4000.0,5000.0,4500.0
2026-07-14,Tamil Nadu,Erode,Perundurai(Uzhavar Sandhai ),Mango,Safeda,Local,5500.0,5800.0,5650.0
2026-07-14,Tamil Nadu,Erode,Sampath Nagar(Uzhavar Sandhai ),Mango,Safeda,Local,4000.0,6000.0,5000.0
2026-07-14,Tamil Nadu,Kallakuruchi,Kallakurichi(Uzhavar Sandhai ),Mango,Other,Local,4000.0,4000.0,4000.0
2026-07-14,Tamil Nadu,Kallakuruchi,Sankarapuram(Uzhavar Sandhai ),Mango,Neelam,Local,5000.0,5000.0,5000.0
2026-07-14,Tamil Nadu,Kancheepuram,Kancheepuram(Uzhavar Sandhai ),Mango,Safeda,Local,3500.0,6000.0,4750.0
2026-07-14,Tamil Nadu,Kancheepuram,Padappai(Uzhavar Sandhai ),Mango,Safeda,Local,3500.0,6000.0,4750.0
2026-07-14,Tamil Nadu,Karur,Gandhigramam(Uzhavar Sandhai),Mango,Neelam,Local,5000.0,6000.0,5500.0
2026-07-14,Tamil Nadu,Dharmapuri,Harur(Uzhavar Sandhai ),Mango,Other,Local,4000.0,5000.0,4500.0
2026-07-14,Tamil Nadu,Thanjavur,Kumbakonam (Uzhavar Sandhai ),Mango,Safeda,Local,3000.0,9000.0,6000.0
2026-07-14,Uttarakhand,Udhamsinghnagar,Rudrapur APMC,Mango,Other,Medium,2000.0,5000.0,3000.0
2026-07-14,Tamil Nadu,The Nilgiris,Udhagamandalam(Uzhavar Sandhai ),Mango,Safeda,Local,10000.0,12000.0,11000.0
2026-07-14,Tamil Nadu,Virudhunagar,Srivilliputhur(Uzhavar Sandhai ),Mango,Safeda,Local,3500.0,4000.0,3750.0
2026-07-14,Telangana,Ranga Reddy,Gaddiannaram APMC,Mango,Badami,Medium,1666.68,6666.72,3333.36
2026-07-14,Telangana,Ranga Reddy,Gaddiannaram APMC,Mango,Langra,Medium,2400.0,6000.0,3600.0
2026-07-14,Telangana,Ranga Reddy,Gaddiannaram APMC,Mango,Neelam,Medium,1111.12,6944.5,2777.8
2026-07-14,Telangana,Ranga Reddy,Gaddiannaram APMC,Mango,Other,Medium,1200.0,1500.0,1300.0
2026-07-14,Telangana,Ranga Reddy,Gaddiannaram APMC,Mango,Raspuri,Medium,10000.08,10000.08,10000.08
2026-07-14,Telangana,Ranga Reddy,Gaddiannaram APMC,Mango,Totapuri,Medium,833.34,3333.36,2777.8
2026-07-14,Uttar Pradesh,Aligarh,Atrauli APMC,Mango,Dusheri,Medium,1900.0,2000.0,1950.0
2026-07-14,Uttar Pradesh,Amroha,Hasanpur APMC,Mango,Dusheri,Grade C,2500.0,3010.0,3000.0
2026-07-14,Uttar Pradesh,Badaun,Shahaswan APMC,Mango,Other,Medium,2500.0,2700.0,2600.0
2026-07-14,Uttar Pradesh,Mau(Maunathbhanjan),Kopaganj APMC,Mango,Dusheri,Grade B,3300.0,3350.0,3320.0
2026-07-14,Uttar Pradesh,Rampur,Bilaspur APMC,Mango,Dusheri,Local,2200.0,2600.0,2400.0
2026-07-14,Uttar Pradesh,Shamli,Kairana APMC,Mango,Dusheri,Medium,2300.0,2400.0,2350.0
2026-07-14,Uttar Pradesh,Shamli,Khandhla APMC,Mango,Dusheri,Medium,4900.0,5000.0,4950.0
2026-07-14,Tamil Nadu,Virudhunagar,Aruppukottai(Uzhavar Sandhai ),Mango,Safeda,Local,5500.0,6000.0,5750.0
2026-07-14,Uttar Pradesh,Siddharth Nagar,Naugarh APMC,Mango,Dusheri,Grade A,3550.0,3580.0,3560.0
2026-07-14,Uttarakhand,Dehradoon,Rishikesh APMC,Mango,Chausa,Small,4000.0,4800.0,4500.0
2026-07-14,Uttarakhand,Dehradoon,Rishikesh APMC,Mango,Dusheri,Medium,2000.0,3500.0,2800.0
2026-07-14,Uttarakhand,Dehradoon,Rishikesh APMC,Mango,Langra,Medium,2000.0,3400.0,2800.0
2026-07-14,Uttarakhand,Dehradoon,Rishikesh APMC,Mango,Other,Medium,1200.0,2000.0,1600.0
2026-07-14,Uttarakhand,Dehradoon,Vikasnagar APMC,Mango,Other,Medium,400.0,2000.0,1200.0
2026-07-14,Uttarakhand,Garhwal (Pauri),Kotadwara APMC,Mango,Other,Medium,2000.0,2000.0,2000.0
2026-07-14,Uttarakhand,Haridwar,Haridwar Union APMC,Mango,Dusheri,Grade C,1000.0,2500.0,1500.0
2026-07-14,Uttarakhand,Haridwar,Haridwar Union APMC,Mango,Other,Grade C,2000.0,3500.0,2500.0
2026-07-14,Uttarakhand,Haridwar,Manglaur APMC,Mango,Other,Local,800.0,1200.0,900.0
2026-07-14,Uttarakhand,Haridwar,Roorkee APMC,Mango,Other,Local,1100.0,1800.0,1350.0
2026-07-14,Uttarakhand,Udhamsinghnagar,Kashipur APMC,Mango,Other,Local,2200.0,2400.0,2300.0
2026-07-14,Uttarakhand,Udhamsinghnagar,Khateema APMC,Mango,Other,Grade B,2000.0,2500.0,2200.0
2026-07-14,Uttarakhand,Udhamsinghnagar,Sitarganj APMC,Mango,Dusheri,Local,1500.0,3500.0,2000.0
2026-07-14,Rajasthan,Kota,Kota (F&V) APMC,Mango,Other,Medium,5000.0,5000.0,5000.0
2026-07-14,Uttarakhand,Dehradoon,Dehradoon APMC,Mango,Other,Grade B,2500.0,3500.0,3000.0
2026-07-14,Tamil Nadu,Thanjavur,Thanjavur(Uzhavar Sandhai ),Mango,Other,Local,6000.0,6000.0,6000.0
2026-07-14,Tamil Nadu,Villupuram,Villupuram(Uzhavar Sandhai ),Mango,Safeda,Local,5000.0,6000.0,5500.0
2026-07-14,Tamil Nadu,Vellore,Vellore APMC,Mango,Safeda,Local,7000.0,7000.0,7000.0
2026-07-14,Tamil Nadu,Theni,Bodinayakanur(Uzhavar Sandhai ),Mango,Safeda,Local,4000.0,4000.0,4000.0
2026-07-14,Tamil Nadu,Theni,Chinnamanur(Uzhavar Sandhai ),Mango,Other,Local,3000.0,3000.0,3000.0
2026-07-14,Tamil Nadu,Theni,Devaram(Uzhavar Sandhai ),Mango,Safeda,Local,4000.0,5000.0,4500.0
2026-07-14,Tamil Nadu,Theni,Kambam(Uzhavar Sandhai ),Mango,Neelam,Local,4000.0,4000.0,4000.0
2026-07-14,Tamil Nadu,Theni,Theni(Uzhavar Sandhai ),Mango,Neelam,Local,5000.0,6000.0,5500.0
2026-07-14,Tamil Nadu,Thiruchirappalli,KKNagar(Uzhavar Sandhai ),Mango,Neelam,Local,8000.0,8000.0,8000.0
2026-07-14,Tamil Nadu,Thiruchirappalli,Musiri(Uzhavar Sandhai ),Mango,Safeda,Local,3000.0,3000.0,3000.0
2026-07-14,Tamil Nadu,Thiruchirappalli,Thuraiyur APMC,Mango,Safeda,Local,8000.0,9000.0,8500.0
2026-07-14,Tamil Nadu,Thirunelveli,Palayamkottai(Uzhavar Sandhai ),Mango,Safeda,Local,6000.0,8000.0,7000.0
2026-07-14,Tamil Nadu,Thirupathur,Natrampalli(Uzhavar Sandhai ),Mango,Safeda,Local,2000.0,3000.0,2500.0
2026-07-14,West Bengal,Kolkata,Mechua APMC,Mango,Other,Grade A,5200.0,5600.0,5400.0
2026-07-14,Tamil Nadu,Thirupur,Dharapuram(Uzhavar Sandhai ),Mango,Safeda,Local,4000.0,6000.0,5000.0
2026-07-14,Tamil Nadu,Thirupur,Tiruppur (North) (Uzhavar Sandhai ),Mango,Other,Local,4500.0,5000.0,4750.0
2026-07-14,Tamil Nadu,Thirupur,Tiruppur (South) (Uzhavar Sandhai ),Mango,Other,Local,3000.0,4000.0,3500.0
2026-07-14,Tamil Nadu,Villupuram,Tindivanam APMC,Mango,Other,Local,5000.0,5000.0,5000.0
2026-07-14,Tamil Nadu,Thiruvannamalai,Arani(Uzhavar Sandhai ),Mango,Safeda,Local,4000.0,5000.0,4500.0
2026-07-14,Tamil Nadu,Thiruvannamalai,Keelpennathur(Uzhavar Sandhai ),Mango,Other,Local,5000.0,6000.0,5500.0
2026-07-14,Tamil Nadu,Thiruvannamalai,Polur(Uzhavar Sandhai ),Mango,Safeda,Local,4200.0,5000.0,4600.0
2026-07-14,Tamil Nadu,Thiruvannamalai,Tamarainagar(Uzhavar Sandhai ),Mango,Safeda,Local,6000.0,7000.0,6500.0
2026-07-14,Tamil Nadu,Thiruvannamalai,Tiruvannamalai(Uzhavar Sandhai ),Mango,Safeda,Local,5000.0,6000.0,5500.0
2026-07-14,Tamil Nadu,Thiruvarur,Mannargudi I(Uzhavar Sandhai ),Mango,Safeda,Local,4000.0,4000.0,4000.0
2026-07-14,Tamil Nadu,Thiruvarur,Mannargudi II(Uzhavar Sandhai ),Mango,Safeda,Local,4000.0,5000.0,4500.0
2026-07-14,Tamil Nadu,Thiruvarur,Tiruthuraipoondi(Uzhavar Sandhai ),Mango,Safeda,Local,3000.0,3000.0,3000.0
2026-07-14,Tamil Nadu,Tuticorin,Tuticorin(Uzhavar Sandhai ),Mango,Safeda,Local,4500.0,5000.0,4750.0
2026-07-14,Tamil Nadu,Vellore,Gudiyatham(Uzhavar Sandhai ),Mango,Neelam,Local,2000.0,2000.0,2000.0
2026-07-14,Tamil Nadu,Vellore,Kahithapattarai(Uzhavar Sandhai ),Mango,Safeda,Local,5000.0,6000.0,5500.0
2026-07-14,Tamil Nadu,Vellore,Katpadi (Uzhavar Sandhai ),Mango,Safeda,Local,7000.0,8000.0,7500.0
2026-07-14,Tamil Nadu,Vellore,Pallikonda(Uzhavar Sandhai),Mango,Safeda,Local,5000.0,6000.0,5500.0
2026-07-14,Tamil Nadu,Vellore,Perampet(Uzhavar Sandhai),Mango,Neelam,Local,3000.0,4000.0,3500.0
2026-07-14,Tamil Nadu,Vellore,Thirupathur APMC,Mango,Safeda,Local,4000.0,4000.0,4000.0
2026-07-14,Tamil Nadu,Thiruvannamalai,Chengam(Uzhavar Sandhai ),Mango,Safeda,Local,3300.0,4000.0,3650.0
2026-07-14,Rajasthan,Jodhpur,Jodhpur (F&V) APMC,Mango,Langra,Medium,1500.0,3500.0,2500.0
2026-07-14,Tamil Nadu,Thirupathur,Vaniyampadi(Uzhavar Sandhai ),Mango,Safeda,Local,4000.0,4000.0,4000.0
2026-07-14,Rajasthan,Jaipur,Jaipur (F&V) APMC,Mango,Other,Medium,1000.0,10000.0,5500.0
2026-07-14,Himachal Pradesh,Hamirpur,PMY Hamirpur,Mango,Other,Grade B,5500.0,11000.0,8000.0
2026-07-14,Himachal Pradesh,Hamirpur,SMY Nadaun,Mango,Other,Grade B,5000.0,13000.0,8500.0
2026-07-14,Himachal Pradesh,Kangra,PMY Kangra,Mango,Safeda,Medium,4000.0,9000.0,7000.0
2026-07-14,Himachal Pradesh,Kangra,SMY Jaisinghpur,Mango,Other,Medium,3000.0,13000.0,8000.0
2026-07-14,Himachal Pradesh,Kangra,SMY Jassur,Mango,Dusheri,Medium,2000.0,4000.0,3000.0
2026-07-14,Himachal Pradesh,Kangra,SMY Jwalaji,Mango,Badami,Medium,4000.0,8000.0,6000.0
2026-07-14,Himachal Pradesh,Kangra,SMY Palampur,Mango,Other,Medium,2000.0,12000.0,7000.0
2026-07-14,Himachal Pradesh,Kullu,PMY Kullu,Mango,Other,Medium,5000.0,12500.0,6000.0
2026-07-14,Himachal Pradesh,Mandi,PMY Kangni Mandi,Mango,Other,Grade B,3000.0,12000.0,8000.0
2026-07-14,Himachal Pradesh,Mandi,SMY Dhanotu,Mango,Other,Medium,6000.0,9000.0,7500.0
2026-07-14,Himachal Pradesh,Shimla,PMY Dhalli Shimla,Mango,Other,Grade A,9000.0,12000.0,10000.0
2026-07-14,Himachal Pradesh,Shimla,SMY Rohroo,Mango,Other,Grade B,6000.0,8000.0,7000.0
2026-07-14,Himachal Pradesh,Solan,PMY Kather Solan,Mango,Other,Medium,3000.0,15000.0,8000.0
2026-07-14,Himachal Pradesh,Solan,SMY Nalagarh,Mango,Other,Medium,2500.0,4000.0,3300.0
2026-07-14,Himachal Pradesh,Chamba,PMY Chamba,Mango,Dusheri,Medium,5500.0,6000.0,5750.0
2026-07-14,Himachal Pradesh,Una,PMY Una,Mango,Dusheri,Grade A,4000.0,5000.0,4500.0
2026-07-14,Himachal Pradesh,Una,SMY Takarla,Mango,Other,Grade A,4000.0,7000.0,5500.0
2026-07-14,Jammu and Kashmir,Jammu,Narwal Jammu (F&V),Mango,Dusheri,Medium,4000.0,7000.0,5500.0
2026-07-14,Jammu and Kashmir,Jammu,Narwal Jammu (F&V),Mango,Safeda,Medium,9000.0,13000.0,11000.0
2026-07-14,Jammu and Kashmir,Jammu,Narwal Jammu (F&V),Mango,Totapuri,Medium,3000.0,6000.0,4500.0
2026-07-14,Jammu and Kashmir,Kathua,Kathua (F&V),Mango,Dusheri,Grade B,4000.0,4500.0,4250.0
2026-07-14,Jammu and Kashmir,Kathua,Kathua (F&V),Mango,Totapuri,Grade B,4000.0,4500.0,4250.0
2026-07-14,Jammu and Kashmir,Rajouri,Rajouri (Phaliana) (F&V),Mango,Chausa,Grade B,5000.0,5000.0,5000.0
2026-07-14,Jammu and Kashmir,Srinagar,Parimpore Srinagar (F&V),Mango,Dusheri,Medium,4500.0,5500.0,5000.0
2026-07-14,Jammu and Kashmir,Srinagar,Parimpore Srinagar (F&V),Mango,Safeda,Medium,10500.0,11000.0,10750.0
2026-07-14,Jammu and Kashmir,Srinagar,Parimpore Srinagar (F&V),Mango,Totapuri,Medium,6000.0,7000.0,6500.0
2026-07-14,Karnataka,Bengaluru,"Binny Mill (F&V), Bengaluru APMC",Mango,Badami,Local,3000.0,4000.0,3500.0
2026-07-14,Karnataka,Bengaluru,"Binny Mill (F&V), Bengaluru APMC",Mango,Neelam,Local,2000.0,3000.0,2500.0
2026-07-14,Karnataka,Bengaluru,"Binny Mill (F&V), Bengaluru APMC",Mango,Totapuri,Local,800.0,1200.0,1000.0
2026-07-14,Karnataka,Davangere,Davangere APMC,Mango,Mango,Local,2000.0,3000.0,2500.0
2026-07-14,Himachal Pradesh,Una,PMY Una,Mango,Safeda,Grade A,10000.0,11000.0,10500.0
2026-07-14,Keralam,Idukki,Kattappana Market,Mango,Other,Medium,7800.0,9000.0,8500.0
2026-07-14,Haryana,Yamuna Nagar,Jagadhri APMC,Mango,Other,Medium,2000.0,6500.0,5000.0
2026-07-14,Haryana,Sonipat,Sonepat APMC,Mango,Dusheri,Medium,2500.0,5200.0,5200.0
2026-07-14,Rajasthan,Jodhpur,Jodhpur (F&V) APMC,Mango,Badami,Medium,2000.0,4000.0,3000.0
2026-07-14,Andhra Pradesh,Chittor,Chittoor APMC,Mango,Neelam,Local,1200.0,1800.0,1500.0
2026-07-14,Andhra Pradesh,Chittor,Chittoor APMC,Mango,Totapuri,Local,300.0,500.0,400.0
2026-07-14,Andhra Pradesh,Tirupathi,Thiruchanur APMC,Mango,Other,Grade A,800.0,2400.0,1600.0
2026-07-14,Chandigarh,Chandigarh,Chandigarh (Grain/F&V) APMC,Mango,Other,Medium,1000.0,8000.0,6000.0
2026-07-14,Chattisgarh,Durg,Durg APMC,Mango,Dusheri,Medium,4000.0,6000.0,6000.0
2026-07-14,Goa,North Goa,Mapusa APMC,Mango,Neelam,Medium,4000.0,6000.0,5000.0
2026-07-14,Gujarat,Banaskanth,Deesa(Deesa Veg Yard) APMC,Mango,Other,Medium,3500.0,5000.0,4250.0
2026-07-14,Gujarat,Bharuch,Bharuch APMC,Mango,Langra,Local,2500.0,3500.0,3000.0
2026-07-14,Gujarat,Bharuch,Bharuch APMC,Mango,Totapuri,Local,1500.0,2500.0,2000.0
2026-07-14,Gujarat,Mehsana,Mehsana(Mehsana Veg) APMC,Mango,Badami,Local,2000.0,6200.0,4500.0
2026-07-14,Haryana,Ambala,Naraingarh APMC,Mango,Mango,Medium,1300.0,5000.0,2500.0
2026-07-14,Haryana,Hissar,Barwala(Hisar) APMC,Mango,Other,Local,2500.0,10000.0,5000.0
2026-07-14,Haryana,Hissar,Hansi APMC,Mango,Other,Grade B,3500.0,5000.0,4000.0
2026-07-14,Haryana,Sonipat,Sonepat APMC,Mango,Safeda,Medium,5000.0,7500.0,7500.0
2026-07-14,Haryana,Hissar,Uklana APMC,Mango,Other,Medium,3000.0,4000.0,4000.0
2026-07-14,Haryana,Jind,Narwana APMC,Mango,Other,Local,4000.0,9000.0,6000.0
2026-07-14,Haryana,Jind,Safidon APMC,Mango,Other,Medium,2000.0,6000.0,4000.0
2026-07-14,Haryana,Karnal,Tarori APMC,Mango,Chausa,Grade A,3000.0,4000.0,3500.0
2026-07-14,Haryana,Kurukshetra,Ladwa APMC,Mango,Dusheri,Medium,3000.0,5000.0,4500.0
2026-07-14,Haryana,Kurukshetra,Shahabad APMC,Mango,Other,Medium,2500.0,7500.0,5300.0
2026-07-14,Haryana,Kurukshetra,Thanesar APMC,Mango,Other,Medium,2000.0,8000.0,5000.0
2026-07-14,Haryana,Mahendragarh-Narnaul,Narnaul APMC,Mango,Mango,Medium,4000.0,6000.0,5000.0
2026-07-14,Haryana,Mewat,Tauru APMC,Mango,Other,Medium,4000.0,6000.0,4800.0
2026-07-14,Haryana,Panipat,Panipat APMC,Mango,Other,Local,2000.0,8000.0,5000.0
2026-07-14,Haryana,Rohtak,Meham APMC,Mango,Other,Medium,2000.0,4000.0,3000.0
2026-07-14,Haryana,Rohtak,Rohtak APMC,Mango,Other,Medium,4000.0,7000.0,5000.0
2026-07-14,Haryana,Sirsa,Sirsa APMC,Mango,Other,Medium,2400.0,10000.0,3500.0
2026-07-14,Haryana,Sonipat,Ganaur APMC,Mango,Other,Medium,3000.0,6000.0,4500.0
2026-07-14,Haryana,Sonipat,Gohana APMC,Mango,Other,Medium,3000.0,5000.0,4000.0
2026-07-14,Haryana,Jhajar,Jhajjar APMC,Mango,Other,Medium,5000.0,5000.0,5000.0
2026-07-14,Keralam,Malappuram,Manjeri Market,Mango,Other,Local,5950.0,6050.0,6000.0
2026-07-14,Andhra Pradesh,Tirupathi,Thiruchanur APMC,Mango,Totapuri,Grade A,600.0,1800.0,1200.0
2026-07-14,Madhya Pradesh,Gwalior,Lashkar(F&V) APMC,Mango,Other,Grade B,1500.0,2500.0,2000.0
2026-07-14,Punjab,Fazilka,Jalalabad APMC,Mango,Other,Medium,5500.0,6000.0,5700.0
2026-07-14,Punjab,Ferozpur,Zira APMC,Mango,Chausa,Local,4900.0,4900.0,4900.0
2026-07-14,Punjab,Gurdaspur,Dinanagar APMC,Mango,Dusheri,Medium,5000.0,6000.0,5500.0
2026-07-14,Punjab,Gurdaspur,Quadian APMC,Mango,Other,Grade A,4200.0,4400.0,4300.0
2026-07-14,Punjab,Hoshiarpur,Garh Shankar APMC,Mango,Other,Medium,3500.0,3500.0,3500.0
2026-07-14,Punjab,Hoshiarpur,Mukerian APMC,Mango,Dusheri,Grade B,3500.0,4500.0,4000.0
2026-07-14,Punjab,Hoshiarpur,Mukerian(Talwara) APMC,Mango,Dusheri,Grade A,6000.0,8000.0,7000.0
2026-07-14,Punjab,Hoshiarpur,Tanda Urmur APMC,Mango,Totapuri,Grade A,4000.0,5000.0,4500.0
2026-07-14,Punjab,Jalandhar,Adampur APMC,Mango,Dusheri,Medium,3500.0,4000.0,4000.0
2026-07-14,Punjab,Jalandhar,Jalandhar City(Jalandhar) APMC,Mango,Other,Medium,2000.0,5500.0,3800.0
2026-07-14,Punjab,Ludhiana,Khanna APMC,Mango,Safeda,Grade A,5000.0,5000.0,5000.0
2026-07-14,Punjab,Ludhiana,Ludhiana APMC,Mango,Other,Medium,2000.0,5500.0,3000.0
2026-07-14,Punjab,Ludhiana,Raikot APMC,Mango,Chausa,Grade A,5120.0,5120.0,5120.0
2026-07-14,Punjab,Mansa,Mansa APMC,Mango,Other,Grade A,4820.0,4820.0,4820.0
2026-07-14,Punjab,Fazilka,Fazilka APMC,Mango,Other,Medium,7000.0,7000.0,7000.0
2026-07-14,Punjab,Mohali,Kharar APMC,Mango,Other,Local,2000.0,5000.0,3500.0
2026-07-14,Punjab,Nawanshahr,Nawan Shahar(Subzi Mandi) APMC,Mango,Other,Medium,6000.0,6500.0,6300.0
2026-07-14,Punjab,Patiala,Patiala APMC,Mango,Other,Grade B,3000.0,3400.0,3200.0
2026-07-14,Punjab,Patiala,Rajpura APMC,Mango,Dusheri,Grade A,5000.0,5700.0,5500.0
2026-07-14,Punjab,Patiala,Rajpura APMC,Mango,Safeda,Grade A,6500.0,6800.0,6700.0
2026-07-14,Punjab,Ropar (Rupnagar),Chamkaur Sahib APMC,Mango,Other,Medium,7000.0,7000.0,7000.0
2026-07-14,Punjab,Ropar (Rupnagar),Ropar APMC,Mango,Dusheri,Medium,4000.0,4500.0,4200.0
2026-07-14,Punjab,Ropar (Rupnagar),Ropar APMC,Mango,Langra,Medium,4200.0,4600.0,4500.0
2026-07-14,Punjab,Ropar (Rupnagar),Ropar APMC,Mango,Safeda,Local,5500.0,6000.0,5800.0
2026-07-14,Punjab,Ropar (Rupnagar),Ropar APMC,Mango,Totapuri,Medium,5000.0,5500.0,5200.0
2026-07-14,Punjab,Sangrur,Bhawanigarh APMC,Mango,Other,Medium,5000.0,5200.0,5100.0
2026-07-14,Punjab,Sangrur,Dhuri APMC,Mango,Dusheri,Medium,4000.0,6500.0,5000.0
2026-07-14,Punjab,Tarntaran,Patti APMC,Mango,Other,Grade B,1250.0,1250.0,1250.0
2026-07-14,Rajasthan,Ganganagar,Sriganganagar (F&V) APMC,Mango,Amrapali,Grade B,4800.0,5200.0,5000.0
2026-07-14,Madhya Pradesh,Burhanpur,Burhanpur(F&V) APMC,Mango,Badami,Grade A,1500.0,5500.0,5000.0
2026-07-14,Punjab,Nawanshahr,Nawan Shahar(Subzi Mandi) APMC,Mango,Dusheri,Medium,2700.0,3000.0,2800.0
2026-07-14,Punjab,Bhatinda,Rampuraphul(Nabha Mandi) APMC,Mango,Other,Grade A,4000.0,8000.0,6000.0
2026-07-14,Punjab,Sangrur,Lehra Gaga APMC,Mango,Other,Grade A,6500.0,11000.0,6787.83
2026-07-14,Punjab,Bhatinda,Bathinda APMC,Mango,Other,Grade B,3500.0,9000.0,6000.0
2026-07-14,Punjab,Bhatinda,Bhagta Bhai Ka APMC,Mango,Other,Medium,3400.0,3400.0,3400.0
2026-07-14,Madhya Pradesh,Satna,Satna(F&V) APMC,Mango,Dusheri,Grade A,1600.0,1800.0,1700.0
2026-07-14,Madhya Pradesh,Sheopur,Sheopurkalan(F&V) APMC,Mango,Other,Medium,3500.0,4000.0,3800.0
2026-07-14,Maharashtra,Ahilyanagar,Ahilyanagar APMC,Mango,Totapuri,Local,1000.0,2500.0,1750.0
2026-07-14,Maharashtra,Amarawati,Amrawati(Frui & Veg. Market) APMC,Mango,Totapuri,Local,1500.0,2500.0,2000.0
2026-07-14,Maharashtra,Chandrapur,Chandrapur(Ganjwad) APMC,Mango,Other,Local,4000.0,6000.0,5000.0
2026-07-14,Maharashtra,Chattrapati Sambhajinagar,Chattrapati Sambhajinagar APMC,Mango,Other,Local,1400.0,9000.0,5200.0
2026-07-14,Maharashtra,Mumbai,Mumbai- Fruit Market APMC,Mango,Other,Local,6000.0,15000.0,10500.0
2026-07-14,Maharashtra,Nagpur,Nagpur APMC,Mango,Other,Local,3000.0,4000.0,3750.0
2026-07-14,Maharashtra,Nagpur,Nagpur APMC,Mango,Totapuri,Local,1500.0,1800.0,1725.0
2026-07-14,Maharashtra,Nashik,Nasik APMC,Mango,Other,Local,1700.0,3500.0,2000.0
2026-07-14,Maharashtra,Pune,Pune(Moshi) APMC,Mango,Other,Local,5000.0,8000.0,6500.0
2026-07-14,Maharashtra,Sangli,"Sangli(Phale, Bhajipala Market) APMC",Mango,Totapuri,Local,1000.0,3000.0,2000.0
2026-07-14,Maharashtra,Solapur,SHRI.SIDDHESHWAR  APMC,Mango,Other,Local,1200.0,3500.0,2500.0
2026-07-14,Madhya Pradesh,Sehore,Sehore(F&V) APMC,Mango,Badami,Grade Range-1,3000.0,5000.0,4500.0
2026-07-14,NCT of Delhi,Delhi,APMC Azadpur,Mango,Dusheri,Grade A,2143.0,3571.0,2643.0
2026-07-14,Odisha,Mayurbhanja,Narasinghpur APMC,Mango,Langra,Local,3000.0,4000.0,3500.0
2026-07-14,NCT of Delhi,Delhi,APMC Azadpur,Mango,Dinga,Grade A,2000.0,3000.0,2400.0
2026-07-14,Odisha,Mayurbhanja,Narasinghpur APMC,Mango,Amrapali,Local,3000.0,4000.0,3500.0
2026-07-14,Odisha,Gajapati,Kasinagar APMC,Mango,Badami,Grade Range-1,1800.0,2000.0,1900.0
2026-07-14,Odisha,Angul,Pallahara APMC,Mango,Other,Grade A,1900.0,2500.0,2100.0
2026-07-14,NCT of Delhi,Delhi,APMC Keshopur,Mango,Other,Medium,4000.0,7000.0,5600.0
2026-07-14,NCT of Delhi,Delhi,APMC Azadpur,Mango,Totapuri,Grade A,2143.0,3571.0,2857.0
2026-07-14,Madhya Pradesh,Sagar,Sagar(F&V) APMC,Mango,Other,Local,3000.0,5000.0,4000.0
2026-07-14,NCT of Delhi,Delhi,APMC Azadpur,Mango,Saroli,Grade A,1000.0,2000.0,1500.0
2026-07-14,NCT of Delhi,Delhi,APMC Azadpur,Mango,Safeda,Grade A,2857.0,5000.0,3714.0
2026-07-14,NCT of Delhi,Delhi,APMC Azadpur,Mango,Surkha,Grade A,3000.0,8000.0,4500.0
2026-07-14,NCT of Delhi,Delhi,APMC Azadpur,Mango,Langra,Grade A,3000.0,5000.0,3600.0
2026-07-14,NCT of Delhi,Delhi,APMC Azadpur,Mango,Hapus(Alphaso),Grade A,10000.0,18333.0,14167.0
2026-07-14,NCT of Delhi,Delhi,APMC Azadpur,Mango,Keshar,Grade A,3571.0,5714.0,4286.0
2026-07-14,NCT of Delhi,Delhi,APMC Azadpur,Mango,Fazli,Grade A,2857.0,5714.0,4464.0
2026-07-15,Tamil Nadu,Madurai,Thirumangalam(Uzhavar Sandhai ),Mango,Safeda,Local,5000.0,6000.0,5500.0
2026-07-15,Tamil Nadu,Madurai,Melur(Uzhavar Sandhai ),Mango,Safeda,Local,4500.0,5000.0,4750.0
2026-07-15,Tamil Nadu,Madurai,Chokkikulam(Uzhavar Sandhai ),Mango,Safeda,Local,5000.0,6000.0,5500.0
2026-07-15,Tamil Nadu,Madurai,Anna nagar(Uzhavar Sandhai ),Mango,Other,Local,5000.0,5000.0,5000.0
2026-07-15,Tamil Nadu,Karur,Pallapatti (Uzhavar Sandhai ),Mango,Other,Local,3500.0,4000.0,3750.0
2026-07-15,Tamil Nadu,Krishnagiri,Krishnagiri(Uzhavar Sandhai ),Mango,Neelam,Local,2000.0,2500.0,2250.0
2026-07-15,Tamil Nadu,Karur,Kulithalai(Uzhavar Sandhai ),Mango,Neelam,Local,5000.0,6000.0,5500.0
2026-07-15,Tamil Nadu,Karur,Karur(Uzhavar Sandhai ),Mango,Neelam,Local,7500.0,8000.0,7750.0
2026-07-15,Tamil Nadu,Karur,Gandhigramam(Uzhavar Sandhai),Mango,Other,Local,5000.0,8000.0,6500.0
2026-07-15,Tamil Nadu,Kancheepuram,Padappai(Uzhavar Sandhai ),Mango,Safeda,Local,3500.0,6000.0,4750.0
2026-07-15,Tamil Nadu,Kancheepuram,Kancheepuram(Uzhavar Sandhai ),Mango,Safeda,Local,2500.0,6000.0,4250.0
2026-07-15,Tamil Nadu,Madurai,Anaiyur(Uzhavar Sandhai ),Mango,Safeda,Local,3000.0,6000.0,4500.0
2026-07-15,Tamil Nadu,Nagapattinam,Nagapattinam(Uzhavar Sandhai ),Mango,Other,Local,3800.0,4500.0,4150.0
2026-07-15,Tamil Nadu,Namakkal,Namakkal(Uzhavar Sandhai ),Mango,Neelam,Local,4000.0,6000.0,5000.0
2026-07-15,Tamil Nadu,Namakkal,Kumarapalayam(Uzhavar Sandhai ),Mango,Safeda,Local,4500.0,5000.0,4750.0
2026-07-15,Tamil Nadu,Namakkal,Rasipuram(Uzhavar Sandhai ),Mango,Other,Local,4000.0,6000.0,5000.0
2026-07-15,Tamil Nadu,Perambalur,Perambalur(Uzhavar Sandhai ),Mango,Other,Local,5000.0,5000.0,5000.0
2026-07-15,Tamil Nadu,Pudukkottai,Pudukottai(Uzhavar Sandhai ),Mango,Neelam,Local,3000.0,4000.0,3500.0
2026-07-15,Tamil Nadu,Ranipet,Ranipettai(Uzhavar Sandhai ),Mango,Safeda,Local,6000.0,10000.0,8000.0
2026-07-15,Tamil Nadu,Salem,Ammapet(Uzhavar Sandhai ),Mango,Neelam,Local,5000.0,6000.0,5500.0
2026-07-15,Tamil Nadu,Salem,Athur(Uzhavar Sandhai ),Mango,Safeda,Local,3000.0,4000.0,3500.0
2026-07-15,Tamil Nadu,Salem,Edapadi (Uzhavar Sandhai ),Mango,Neelam,Local,5500.0,6000.0,5750.0
2026-07-15,Tamil Nadu,Salem,Hasthampatti(Uzhavar Sandhai ),Mango,Neelam,Local,5000.0,6000.0,5500.0
2026-07-15,Tamil Nadu,Salem,Mettur(Uzhavar Sandhai ),Mango,Neelam,Local,4000.0,5000.0,4500.0
2026-07-15,Tamil Nadu,Kallakuruchi,Sankarapuram(Uzhavar Sandhai ),Mango,Safeda,Local,5000.0,5000.0,5000.0
2026-07-15,Tamil Nadu,Salem,Sooramangalam(Uzhavar Sandhai ),Mango,Neelam,Local,4000.0,5000.0,4500.0
2026-07-15,Tamil Nadu,Salem,Thammampatti (Uzhavar Sandhai ),Mango,Safeda,Local,4000.0,5000.0,4500.0
2026-07-15,Tamil Nadu,Nagercoil (Kannyiakumari),Myladi(Uzhavar Sandhai ),Mango,Safeda,Local,8500.0,9000.0,8750.0
2026-07-15,Tamil Nadu,Ranipet,Arcot(Uzhavar Sandhai ),Mango,Neelam,Local,6000.0,6000.0,6000.0
2026-07-15,Tamil Nadu,Coimbatore,Vadavalli(Uzhavar Sandhai ),Mango,Safeda,Local,7000.0,12000.0,9500.0
2026-07-15,Tamil Nadu,Erode,Sampath Nagar(Uzhavar Sandhai ),Mango,Safeda,Local,3000.0,6000.0,4500.0
2026-07-15,Rajasthan,Jaipur,Jaipur (F&V) APMC,Mango,Other,Medium,1000.0,12000.0,6500.0
2026-07-15,Tamil Nadu,Salem,Thathakapatti(Uzhavar Sandhai ),Mango,Safeda,Local,5000.0,6000.0,5500.0
2026-07-15,Rajasthan,Jodhpur,Jodhpur (F&V) APMC,Mango,Badami,Medium,2000.0,4000.0,3000.0
2026-07-15,Rajasthan,Jodhpur,Jodhpur (F&V) APMC,Mango,Langra,Medium,2000.0,3500.0,2750.0
2026-07-15,Rajasthan,Udaipur,Udaipur (F&V) APMC,Mango,Other,Medium,2000.0,4000.0,3000.0
2026-07-15,Tamil Nadu,Chengalpattu,Guduvancheri(Uzhavar Sandhai ),Mango,Other,Local,5000.0,6000.0,5500.0
2026-07-15,Tamil Nadu,Chengalpattu,Jameenrayapettai(Uzhavar Sandhai ),Mango,Other,Local,5000.0,6000.0,5500.0
2026-07-15,Tamil Nadu,Chengalpattu,Medavakkam(Uzhavar Sandhai ),Mango,Safeda,Local,5000.0,5000.0,5000.0
2026-07-15,Tamil Nadu,Chengalpattu,Nanganallur(Uzhavar Sandhai ),Mango,Neelam,Local,4000.0,5000.0,4500.0
2026-07-15,Tamil Nadu,Chengalpattu,Pallavaram(Uzhavar Sandhai ),Mango,Other,Local,5000.0,6000.0,5500.0
2026-07-15,Tamil Nadu,Coimbatore,Kurichi(Uzhavar Sandhai ),Mango,Other,Local,8000.0,9000.0,8500.0
2026-07-15,Tamil Nadu,Coimbatore,Mettupalayam(Uzhavar Sandhai ),Mango,Safeda,Local,6000.0,10000.0,8000.0
2026-07-15,Tamil Nadu,Coimbatore,Pollachi(Uzhavar Sandhai ),Mango,Safeda,Local,5000.0,10000.0,7500.0
2026-07-15,Tamil Nadu,Kallakuruchi,Kallakurichi(Uzhavar Sandhai ),Mango,Other,Local,4000.0,4000.0,4000.0
2026-07-15,Tamil Nadu,Coimbatore,RSPuram(Uzhavar Sandhai ),Mango,Neelam,Local,6000.0,7000.0,6500.0
2026-07-15,Tamil Nadu,Coimbatore,Sundarapuram(Uzhavar Sandhai ),Mango,Other,Local,8500.0,9000.0,8750.0
2026-07-15,Tamil Nadu,Cuddalore,Cuddalore(Uzhavar Sandhai ),Mango,Safeda,Local,3000.0,3000.0,3000.0
2026-07-15,Tamil Nadu,Dharmapuri,AJattihalli(Uzhavar Sandhai ),Mango,Neelam,Local,5000.0,6000.0,5500.0
2026-07-15,Tamil Nadu,Dharmapuri,Dharmapuri(Uzhavar Sandhai ),Mango,Safeda,Local,4600.0,5000.0,4800.0
2026-07-15,Tamil Nadu,Dharmapuri,Harur(Uzhavar Sandhai ),Mango,Other,Local,4000.0,5000.0,4500.0
2026-07-15,Tamil Nadu,Dharmapuri,Karimangalam(Uzhavar Sandhai),Mango,Safeda,Local,3800.0,4000.0,3900.0
2026-07-15,Tamil Nadu,Dharmapuri,Palacode(Uzhavar Sandhai ),Mango,Neelam,Local,3500.0,4000.0,3750.0
2026-07-15,Tamil Nadu,Dharmapuri,Pennagaram(Uzhavar Sandhai ),Mango,Safeda,Local,3700.0,4000.0,3850.0
2026-07-15,Tamil Nadu,Dindigul,Chinnalapatti(Uzhavar Sandhai ),Mango,Neelam,Local,4000.0,5000.0,4500.0
2026-07-15,Tamil Nadu,Dindigul,Dindigul(Uzhavar Sandhai ),Mango,Safeda,Local,4000.0,5000.0,4500.0
2026-07-15,Tamil Nadu,Dindigul,Palani(Uzhavar Sandhai ),Mango,Neelam,Local,3000.0,4000.0,3500.0
2026-07-15,Tamil Nadu,Erode,Periyar Nagar(Uzhavar Sandhai ),Mango,Neelam,Local,4500.0,5000.0,4750.0
2026-07-15,Tamil Nadu,Erode,Perundurai(Uzhavar Sandhai ),Mango,Safeda,Local,5000.0,5500.0,5250.0
2026-07-15,Tamil Nadu,Coimbatore,Singanallur(Uzhavar Sandhai ),Mango,Safeda,Local,9000.0,10000.0,9500.0
2026-07-15,Tamil Nadu,Salem,Vazhapadi(Uzhavar Sandhai),Mango,Neelam,Local,6000.0,6000.0,6000.0
2026-07-15,Tamil Nadu,Vellore,Kahithapattarai(Uzhavar Sandhai ),Mango,Safeda,Local,5000.0,6000.0,5500.0
2026-07-15,Tamil Nadu,Sivaganga,Sivagangai (Uzhavar Sandhai ),Mango,Safeda,Local,5600.0,6200.0,5900.0
2026-07-15,Tamil Nadu,Vellore,Perampet(Uzhavar Sandhai),Mango,Neelam,Local,3000.0,4000.0,3500.0
2026-07-15,Tamil Nadu,Vellore,Thirupathur APMC,Mango,Safeda,Local,4000.0,4000.0,4000.0
2026-07-15,Tamil Nadu,Vellore,Vellore APMC,Mango,Neelam,Local,3000.0,4000.0,3500.0
2026-07-15,Tamil Nadu,Villupuram,Tindivanam APMC,Mango,Other,Local,5000.0,5000.0,5000.0
2026-07-15,Tamil Nadu,Villupuram,Villupuram(Uzhavar Sandhai ),Mango,Safeda,Local,7000.0,7000.0,7000.0
2026-07-15,Tamil Nadu,Virudhunagar,Aruppukottai(Uzhavar Sandhai ),Mango,Safeda,Local,5000.0,6000.0,5500.0
2026-07-15,Tamil Nadu,Virudhunagar,Srivilliputhur(Uzhavar Sandhai ),Mango,Safeda,Local,3500.0,4000.0,3750.0
2026-07-15,Telangana,Ranga Reddy,Gaddiannaram APMC,Mango,Badami,Medium,2500.02,10000.08,3611.14
2026-07-15,Telangana,Ranga Reddy,Gaddiannaram APMC,Mango,Langra,Medium,2400.0,6000.0,3600.0
2026-07-15,Telangana,Ranga Reddy,Gaddiannaram APMC,Mango,Neelam,Medium,833.34,1944.46,1388.9
2026-07-15,Telangana,Ranga Reddy,Gaddiannaram APMC,Mango,Totapuri,Medium,1388.9,2500.02,1666.68
2026-07-15,Uttar Pradesh,Aligarh,Atrauli APMC,Mango,Dusheri,Medium,1800.0,2000.0,1900.0
2026-07-15,Uttar Pradesh,Badaun,Shahaswan APMC,Mango,Other,Medium,2500.0,2700.0,2600.0
2026-07-15,Tamil Nadu,Vellore,Pallikonda(Uzhavar Sandhai),Mango,Safeda,Local,5000.0,6000.0,5500.0
2026-07-15,Uttar Pradesh,Mau(Maunathbhanjan),Kopaganj APMC,Mango,Dusheri,Grade B,3320.0,3400.0,3330.0
2026-07-15,Uttar Pradesh,Rampur,Bilaspur APMC,Mango,Langra,Local,2400.0,3000.0,2700.0
2026-07-15,Uttar Pradesh,Shamli,Kairana APMC,Mango,Dusheri,Medium,2300.0,2400.0,2350.0
2026-07-15,Uttarakhand,Dehradoon,Dehradoon APMC,Mango,Other,Grade B,2500.0,4000.0,3500.0
2026-07-15,Uttarakhand,Garhwal (Pauri),Kotadwara APMC,Mango,Other,Medium,1500.0,1500.0,1500.0
2026-07-15,Uttarakhand,Haridwar,Bhagwanpur(Naveen Mandi Sthal) APMC,Mango,Other,Grade B,600.0,1200.0,1000.0
2026-07-15,Uttarakhand,Haridwar,Manglaur APMC,Mango,Other,Medium,800.0,1100.0,900.0
2026-07-15,Uttarakhand,Nanital,Haldwani APMC,Mango,Other,Grade A,2000.0,4000.0,3000.0
2026-07-15,Uttarakhand,Udhamsinghnagar,Jaspur(UC) APMC,Mango,Other,Grade A,2000.0,2200.0,2074.0
2026-07-15,Uttarakhand,Udhamsinghnagar,Kashipur APMC,Mango,Other,Local,2400.0,2600.0,2500.0
2026-07-15,Uttarakhand,Udhamsinghnagar,Kicchha APMC,Mango,Chausa,Medium,3000.0,3850.0,3500.0
2026-07-15,Uttarakhand,Udhamsinghnagar,Sitarganj APMC,Mango,Dusheri,Local,1500.0,3500.0,2000.0
2026-07-15,West Bengal,Kolkata,Mechua APMC,Mango,Other,Grade A,5500.0,5800.0,5600.0
2026-07-15,Rajasthan,Ganganagar,Sriganganagar (F&V) APMC,Mango,Amrapali,Grade C,5000.0,5400.0,5200.0
2026-07-15,Uttar Pradesh,Rampur,Bilaspur APMC,Mango,Dusheri,Local,2300.0,2700.0,2500.0
2026-07-15,Tamil Nadu,Sivaganga,Singampunari(Uzhavar Sandhai ),Mango,Other,Local,2600.0,3200.0,2900.0
2026-07-15,Tamil Nadu,Vellore,Katpadi (Uzhavar Sandhai ),Mango,Safeda,Local,7000.0,8000.0,7500.0
2026-07-15,Tamil Nadu,Tuticorin,Tuticorin(Uzhavar Sandhai ),Mango,Safeda,Local,4500.0,5000.0,4750.0
2026-07-15,Tamil Nadu,Tenkasi,Sankarankoil(Uzhavar Sandhai ),Mango,Safeda,Local,4000.0,4000.0,4000.0
2026-07-15,Tamil Nadu,Tenkasi,Tenkasi(Uzhavar Sandhai ),Mango,Neelam,Local,4000.0,4000.0,4000.0
2026-07-15,Tamil Nadu,Thanjavur,Kumbakonam (Uzhavar Sandhai ),Mango,Safeda,Local,3000.0,9000.0,6000.0
2026-07-15,Tamil Nadu,Thanjavur,Thanjavur(Uzhavar Sandhai ),Mango,Safeda,Local,5000.0,7000.0,6000.0
2026-07-15,Tamil Nadu,The Nilgiris,Udhagamandalam(Uzhavar Sandhai ),Mango,Safeda,Local,12000.0,13000.0,12500.0
2026-07-15,Tamil Nadu,Theni,Bodinayakanur(Uzhavar Sandhai ),Mango,Safeda,Local,4000.0,4000.0,4000.0
2026-07-15,Tamil Nadu,Theni,Devaram(Uzhavar Sandhai ),Mango,Safeda,Local,5000.0,5000.0,5000.0
2026-07-15,Tamil Nadu,Theni,Kambam(Uzhavar Sandhai ),Mango,Other,Local,5000.0,5000.0,5000.0
2026-07-15,Tamil Nadu,Theni,Theni(Uzhavar Sandhai ),Mango,Neelam,Local,3000.0,5000.0,4000.0
2026-07-15,Tamil Nadu,Thiruchirappalli,KKNagar(Uzhavar Sandhai ),Mango,Other,Local,8000.0,8000.0,8000.0
2026-07-15,Tamil Nadu,Thiruchirappalli,Lalgudi(Uzhavar Sandhai ),Mango,Safeda,Local,4000.0,4000.0,4000.0
2026-07-15,Tamil Nadu,Thiruchirappalli,Musiri(Uzhavar Sandhai ),Mango,Safeda,Local,2500.0,3000.0,2750.0
2026-07-15,Tamil Nadu,Thiruchirappalli,Thuraiyur APMC,Mango,Safeda,Local,8000.0,9000.0,8500.0
2026-07-15,Tamil Nadu,Vellore,Gudiyatham(Uzhavar Sandhai ),Mango,Neelam,Local,3000.0,4000.0,3500.0
2026-07-15,Tamil Nadu,Thirunelveli,Palayamkottai(Uzhavar Sandhai ),Mango,Safeda,Local,6000.0,8000.0,7000.0
2026-07-15,Tamil Nadu,Thirupathur,Vaniyampadi(Uzhavar Sandhai ),Mango,Safeda,Local,4000.0,4000.0,4000.0
2026-07-15,Tamil Nadu,Thirupur,Dharapuram(Uzhavar Sandhai ),Mango,Safeda,Local,5500.0,6000.0,5750.0
2026-07-15,Tamil Nadu,Thirupur,Tiruppur (North) (Uzhavar Sandhai ),Mango,Other,Local,4500.0,5000.0,4750.0
2026-07-15,Tamil Nadu,Thirupur,Tiruppur (South) (Uzhavar Sandhai ),Mango,Other,Local,3000.0,4000.0,3500.0
2026-07-15,Tamil Nadu,Thiruvannamalai,Arani(Uzhavar Sandhai ),Mango,Safeda,Local,4000.0,4500.0,4250.0
2026-07-15,Tamil Nadu,Thiruvannamalai,Chengam(Uzhavar Sandhai ),Mango,Safeda,Local,3300.0,4000.0,3650.0
2026-07-15,Tamil Nadu,Thiruvannamalai,Keelpennathur(Uzhavar Sandhai ),Mango,Other,Local,5000.0,6000.0,5500.0
2026-07-15,Tamil Nadu,Thiruvannamalai,Polur(Uzhavar Sandhai ),Mango,Safeda,Local,4200.0,5000.0,4600.0
2026-07-15,Tamil Nadu,Thiruvannamalai,Tamarainagar(Uzhavar Sandhai ),Mango,Safeda,Local,6000.0,7000.0,6500.0
2026-07-15,Tamil Nadu,Thiruvannamalai,Tiruvannamalai(Uzhavar Sandhai ),Mango,Safeda,Local,5000.0,6000.0,5500.0
2026-07-15,Tamil Nadu,Thiruvarur,Mannargudi I(Uzhavar Sandhai ),Mango,Safeda,Local,4000.0,5000.0,4500.0
2026-07-15,Tamil Nadu,Thiruvarur,Mannargudi II(Uzhavar Sandhai ),Mango,Safeda,Local,4000.0,5000.0,4500.0
2026-07-15,Tamil Nadu,Thiruvarur,Tiruthuraipoondi(Uzhavar Sandhai ),Mango,Safeda,Local,3000.0,3000.0,3000.0
2026-07-15,Tamil Nadu,Thirupathur,Natrampalli(Uzhavar Sandhai ),Mango,Safeda,Local,3000.0,4000.0,3500.0
2026-07-15,Punjab,Tarntaran,Patti APMC,Mango,Other,Grade B,1200.0,1200.0,1200.0
2026-07-15,Uttarakhand,Udhamsinghnagar,Rudrapur APMC,Mango,Other,Medium,2000.0,4000.0,3000.0
2026-07-15,Punjab,Sangrur,Bhawanigarh APMC,Mango,Other,Medium,5000.0,6000.0,5500.0
2026-07-15,Haryana,Rohtak,Sampla APMC,Mango,Other,Local,3000.0,5000.0,3000.0
2026-07-15,Haryana,Sonipat,Ganaur APMC,Mango,Other,Medium,8000.0,10000.0,9000.0
2026-07-15,Haryana,Sonipat,Gohana APMC,Mango,Other,Medium,4000.0,6000.0,5000.0
2026-07-15,Haryana,Sonipat,Sonepat APMC,Mango,Other,Medium,2000.0,6000.0,3000.0
2026-07-15,Haryana,Sonipat,Sonepat(Kharkhoda) APMC,Mango,Other,Grade A,3500.0,5000.0,4200.0
2026-07-15,Haryana,Yamuna Nagar,Jagadhri APMC,Mango,Other,Medium,2000.0,6500.0,6200.0
2026-07-15,Haryana,Yamuna Nagar,Radaur APMC,Mango,Other,Medium,1600.0,2500.0,1800.0
2026-07-15,Himachal Pradesh,Bilaspur,PMY Bilaspur,Mango,Other,Grade A,6500.0,10000.0,7400.0
2026-07-15,Himachal Pradesh,Chamba,PMY Chamba,Mango,Dusheri,Medium,5500.0,6000.0,5750.0
2026-07-15,Himachal Pradesh,Hamirpur,PMY Hamirpur,Mango,Other,Grade B,6000.0,11000.0,8500.0
2026-07-15,Himachal Pradesh,Hamirpur,SMY Nadaun,Mango,Other,Grade B,6000.0,11000.0,8500.0
2026-07-15,Himachal Pradesh,Kangra,PMY Kangra,Mango,Other,Medium,4000.0,11000.0,7000.0
2026-07-15,Himachal Pradesh,Kangra,SMY Jaisinghpur,Mango,Dusheri,Medium,3000.0,6000.0,4500.0
2026-07-15,Himachal Pradesh,Kangra,SMY Palampur,Mango,Other,Medium,2000.0,12000.0,7000.0
2026-07-15,Himachal Pradesh,Kullu,PMY Kullu,Mango,Other,Medium,5000.0,12500.0,8000.0
2026-07-15,Himachal Pradesh,Kullu,SMY Bhuntar,Mango,Other,Medium,4000.0,13000.0,9000.0
2026-07-15,Himachal Pradesh,Mandi,SMY Dhanotu,Mango,Other,Medium,6000.0,9000.0,7500.0
2026-07-15,Himachal Pradesh,Shimla,SMY Rampur,Mango,Other,Medium,5000.0,6000.0,5500.0
2026-07-15,Himachal Pradesh,Shimla,SMY Rohroo,Mango,Other,Grade B,5000.0,9000.0,7000.0
2026-07-15,Himachal Pradesh,Solan,PMY Kather Solan,Mango,Other,Medium,3000.0,14000.0,8000.0
2026-07-15,Himachal Pradesh,Solan,SMY Nalagarh,Mango,Other,Medium,3000.0,4000.0,3500.0
2026-07-15,Himachal Pradesh,Una,PMY Una,Mango,Dusheri,Grade A,4000.0,6000.0,5000.0
2026-07-15,Himachal Pradesh,Una,PMY Una,Mango,Other,Grade A,10000.0,12000.0,11000.0
2026-07-15,Himachal Pradesh,Una,SMY Takarla,Mango,Other,Grade A,4000.0,7000.0,5500.0
2026-07-15,Jammu and Kashmir,Jammu,Narwal Jammu (F&V),Mango,Dusheri,Medium,3500.0,7000.0,5250.0
2026-07-15,Jammu and Kashmir,Jammu,Narwal Jammu (F&V),Mango,Totapuri,Medium,3500.0,4500.0,4000.0
2026-07-15,Jammu and Kashmir,Rajouri,Rajouri (Phaliana) (F&V),Mango,Chausa,Grade B,5000.0,5000.0,5000.0
2026-07-15,Haryana,Rohtak,Rohtak APMC,Mango,Other,Medium,3000.0,7000.0,5000.0
2026-07-15,Haryana,Rohtak,Meham APMC,Mango,Other,Medium,1800.0,4000.0,3000.0
2026-07-15,Haryana,Rewari,Kosli APMC,Mango,Other,Medium,4000.0,4000.0,4000.0
2026-07-15,Haryana,Panipat,Samalkha APMC,Mango,Other,Grade A,2500.0,6000.0,4500.0
2026-07-15,Andhra Pradesh,Chittor,Bangarupalyam APMC,Mango,Badami,Grade B,3000.0,5000.0,4000.0
2026-07-15,Andhra Pradesh,Chittor,Chittoor APMC,Mango,Neelam,Local,1200.0,1800.0,1500.0
2026-07-15,Andhra Pradesh,Chittor,Chittoor APMC,Mango,Totapuri,Local,300.0,500.0,400.0
2026-07-15,Bihar,East Champaran/ Motihari,Motihari APMC,Mango,Other,Grade A,6000.0,6500.0,6200.0
2026-07-15,Chandigarh,Chandigarh,Chandigarh (Grain/F&V) APMC,Mango,Other,Medium,2000.0,6000.0,5000.0
2026-07-15,Chattisgarh,Durg,Durg APMC,Mango,Dusheri,Medium,5000.0,6000.0,6000.0
2026-07-15,Goa,North Goa,Mapusa APMC,Mango,Neelam,Medium,4000.0,6000.0,5000.0
2026-07-15,Gujarat,Banaskanth,Deesa(Deesa Veg Yard) APMC,Mango,Other,Medium,1500.0,3250.0,2375.0
2026-07-15,Gujarat,Bharuch,Bharuch APMC,Mango,Langra,Local,2000.0,3200.0,2500.0
2026-07-15,Gujarat,Bharuch,Bharuch APMC,Mango,Totapuri,Local,1500.0,2500.0,2000.0
2026-07-15,Gujarat,Mehsana,Mehsana(Mehsana Veg) APMC,Mango,Badami,Local,2000.0,6500.0,5000.0
2026-07-15,Haryana,Ambala,Naraingarh APMC,Mango,Mango,Medium,1500.0,4000.0,2200.0
2026-07-15,Haryana,Faridabad,Ballabhgarh APMC,Mango,Other,Grade A,3000.0,5000.0,4500.0
2026-07-15,Karnataka,Bengaluru,"Binny Mill (F&V), Bengaluru APMC",Mango,Neelam,Local,2000.0,3000.0,2500.0
2026-07-15,Haryana,Faridabad,Faridabad APMC,Mango,Other,Grade B,5500.0,5500.0,5500.0
2026-07-15,Haryana,Gurgaon,Gurgaon APMC,Mango,Other,Grade B,3000.0,5000.0,4000.0
2026-07-15,Haryana,Gurgaon,Sohna APMC,Mango,Other,Local,2000.0,3000.0,2800.0
2026-07-15,Haryana,Hissar,Barwala(Hisar) APMC,Mango,Other,Local,2000.0,10000.0,4500.0
2026-07-15,Haryana,Hissar,Hansi APMC,Mango,Other,Grade B,3000.0,5000.0,4000.0
2026-07-15,Haryana,Hissar,Uklana APMC,Mango,Other,Medium,3000.0,4000.0,4000.0
2026-07-15,Haryana,Jind,Safidon APMC,Mango,Other,Medium,1600.0,4000.0,2500.0
2026-07-15,Haryana,Kurukshetra,Ladwa APMC,Mango,Dusheri,Local,1500.0,7000.0,4000.0
2026-07-15,Haryana,Kurukshetra,Shahabad APMC,Mango,Other,Medium,2000.0,9000.0,4500.0
2026-07-15,Haryana,Kurukshetra,Thanesar APMC,Mango,Other,Medium,1500.0,6000.0,3750.0
2026-07-15,Haryana,Mahendragarh-Narnaul,Narnaul APMC,Mango,Mango,Medium,4000.0,6000.0,5000.0
2026-07-15,Haryana,Mewat,Punhana APMC,Mango,Other,Medium,3000.0,3000.0,3000.0
2026-07-15,Haryana,Mewat,Tauru APMC,Mango,Other,Medium,4000.0,8000.0,5000.0
2026-07-15,Haryana,Panipat,Panipat APMC,Mango,Other,Local,2000.0,8000.0,5000.0
2026-07-15,Haryana,Fatehabad,Fatehabad APMC,Mango,Other,Local,7000.0,7000.0,7000.0
2026-07-15,Karnataka,Bengaluru,"Binny Mill (F&V), Bengaluru APMC",Mango,Totapuri,Local,800.0,1200.0,1000.0
2026-07-15,Punjab,Sangrur,Dhuri APMC,Mango,Dusheri,Medium,7500.0,10000.0,9000.0
2026-07-15,Karnataka,Mysuru,Mysuru APMC,Mango,Other,Local,2769.0,2769.0,2769.0
2026-07-15,Punjab,Bhatinda,Bathinda APMC,Mango,Other,Grade B,5000.0,8000.0,7000.0
2026-07-15,Punjab,Bhatinda,Raman APMC,Mango,Other,Medium,3005.0,5035.0,4025.0
2026-07-15,Punjab,Bhatinda,Rampuraphul(Nabha Mandi) APMC,Mango,Other,Grade A,4000.0,8000.0,6000.0
2026-07-15,Punjab,Fazilka,Fazilka APMC,Mango,Other,Medium,7000.0,7000.0,7000.0
2026-07-15,Punjab,Fazilka,Jalalabad APMC,Mango,Other,Medium,4700.0,5000.0,4800.0
2026-07-15,Punjab,Ferozpur,Zira APMC,Mango,Chausa,Local,4800.0,4800.0,4800.0
2026-07-15,Punjab,Gurdaspur,Dinanagar APMC,Mango,Dusheri,Medium,5000.0,6000.0,5500.0
2026-07-15,Punjab,Gurdaspur,Quadian APMC,Mango,Other,Grade A,4200.0,4400.0,4300.0
2026-07-15,Punjab,Hoshiarpur,Garh Shankar APMC,Mango,Other,Medium,3500.0,3500.0,3500.0
2026-07-15,Punjab,Hoshiarpur,Garh Shankar(Mahalpur) APMC,Mango,Dusheri,Medium,5500.0,5500.0,5500.0
2026-07-15,Punjab,Hoshiarpur,Mukerian(Talwara) APMC,Mango,Dusheri,Grade A,6000.0,9000.0,7500.0
2026-07-15,Punjab,Hoshiarpur,Tanda Urmur APMC,Mango,Other,Grade A,5000.0,6000.0,5500.0
2026-07-15,Punjab,Jalandhar,Jalandhar City(Jalandhar) APMC,Mango,Other,Medium,2100.0,5400.0,4000.0
2026-07-15,Odisha,Sundergarh,Bonai APMC,Mango,Other,Local,1750.0,2050.0,1800.0
2026-07-15,Punjab,Ludhiana,Doraha APMC,Mango,Badami,Local,4200.0,4200.0,4200.0
2026-07-15,Punjab,Ludhiana,Khanna APMC,Mango,Safeda,Grade A,5000.0,5000.0,5000.0
2026-07-15,Punjab,Ludhiana,Ludhiana APMC,Mango,Other,Medium,2000.0,6000.0,3000.0
2026-07-15,Punjab,Mohali,Banur APMC,Mango,Other,Local,6666.0,6666.0,6666.0
2026-07-15,Punjab,Mohali,Kharar APMC,Mango,Other,Small,2000.0,5000.0,2500.0
2026-07-15,Punjab,Patiala,Nabha APMC,Mango,Other,Grade B,3000.0,5000.0,3800.0
2026-07-15,Punjab,Patiala,Patran APMC,Mango,Other,Grade A,3280.0,3280.0,3280.0
2026-07-15,Punjab,Patiala,Rajpura APMC,Mango,Dusheri,Grade A,5500.0,6000.0,5700.0
2026-07-15,Punjab,Patiala,Rajpura APMC,Mango,Safeda,Grade A,6800.0,7000.0,6900.0
2026-07-15,Punjab,Ropar (Rupnagar),Ropar APMC,Mango,Dusheri,Medium,4000.0,4500.0,4200.0
2026-07-15,Punjab,Ropar (Rupnagar),Ropar APMC,Mango,Langra,Medium,4200.0,4600.0,4500.0
2026-07-15,Punjab,Ropar (Rupnagar),Ropar APMC,Mango,Safeda,Medium,5500.0,6000.0,5800.0
2026-07-15,Punjab,Ropar (Rupnagar),Ropar APMC,Mango,Totapuri,Medium,5000.0,5500.0,5200.0
2026-07-15,Karnataka,Davangere,Davangere APMC,Mango,Mango,Local,2000.0,4000.0,3000.0
2026-07-15,Punjab,Ludhiana,Khanna APMC,Mango,Dusheri,Grade A,3000.0,3000.0,3000.0
2026-07-15,Odisha,Mayurbhanja,Narasinghpur APMC,Mango,Langra,Local,2500.0,3500.0,3000.0
2026-07-15,Punjab,Hoshiarpur,Tanda Urmur APMC,Mango,Totapuri,Grade A,4000.0,5000.0,4500.0
2026-07-15,Odisha,Gajapati,Kasinagar APMC,Mango,Badami,Grade Range-1,1800.0,2000.0,1900.0
2026-07-15,Odisha,Mayurbhanja,Narasinghpur APMC,Mango,Amrapali,Local,2500.0,3500.0,3000.0
2026-07-15,Keralam,Idukki,Kattappana Market,Mango,Other,Medium,7800.0,9000.0,8600.0
2026-07-15,Madhya Pradesh,Bhopal,Bhopal(F&V) APMC,Mango,Other,Local,1500.0,4000.0,2500.0
2026-07-15,Madhya Pradesh,Harda,Harda(F&V) APMC,Mango,Neelam,Medium,2000.0,4000.0,3000.0
2026-07-15,Madhya Pradesh,Morena,Morena APMC,Mango,Other,Non-FAQ,1500.0,1500.0,1500.0
2026-07-15,Madhya Pradesh,Morena,Morena(F&V) APMC,Mango,Dusheri,Grade C,1500.0,1500.0,1500.0
2026-07-15,Madhya Pradesh,Sehore,Sehore(F&V) APMC,Mango,Badami,Grade Range-1,3000.0,6000.0,4000.0
2026-07-15,Madhya Pradesh,Ujjain,Ujjain(F&V) APMC,Mango,Badami,Medium,1000.0,2600.0,1846.0
2026-07-15,Maharashtra,Amarawati,Amrawati(Frui & Veg. Market) APMC,Mango,Totapuri,Local,1500.0,2500.0,2000.0
2026-07-15,Maharashtra,Chattrapati Sambhajinagar,Chattrapati Sambhajinagar APMC,Mango,Other,Local,1500.0,9500.0,5500.0
2026-07-15,Maharashtra,Mumbai,Mumbai- Fruit Market APMC,Mango,Other,Local,5000.0,14000.0,9500.0
2026-07-15,Maharashtra,Nagpur,HINGNA - APMC,Mango,Other,Local,3500.0,5000.0,4250.0
2026-07-15,Maharashtra,Nagpur,Nagpur APMC,Mango,Other,Local,2500.0,3500.0,3250.0
2026-07-15,Maharashtra,Nagpur,Nagpur APMC,Mango,Totapuri,Local,1500.0,2000.0,1875.0
2026-07-15,Maharashtra,Ahilyanagar,Shrirampur APMC,Mango,Other,Local,2500.0,3500.0,3000.0
2026-07-15,Keralam,Idukki,Kattappana Market,Mango,Other,Local,3000.0,3200.0,3200.0
2026-07-15,Maharashtra,Nashik,Nasik APMC,Mango,Other,Local,1600.0,3500.0,2000.0
2026-07-15,NCT of Delhi,Delhi,APMC Azadpur,Mango,Surkha,Grade A,3000.0,8000.0,4500.0
2026-07-15,NCT of Delhi,Delhi,APMC Azadpur,Mango,Saroli,Grade A,1000.0,2000.0,1500.0
2026-07-15,NCT of Delhi,Delhi,APMC Azadpur,Mango,Safeda,Grade A,2857.0,5000.0,3714.0
2026-07-15,NCT of Delhi,Delhi,APMC Azadpur,Mango,Langra,Grade A,3000.0,5000.0,3600.0
2026-07-15,NCT of Delhi,Delhi,APMC Azadpur,Mango,Hapus(Alphaso),Grade A,10000.0,18333.0,14167.0
2026-07-15,NCT of Delhi,Delhi,APMC Azadpur,Mango,Totapuri,Grade A,2143.0,3571.0,2857.0
2026-07-15,NCT of Delhi,Delhi,APMC Azadpur,Mango,Dusheri,Grade A,2143.0,3571.0,2643.0
2026-07-15,NCT of Delhi,Delhi,APMC Azadpur,Mango,Dinga,Grade A,2000.0,3000.0,2400.0
2026-07-15,Maharashtra,Solapur,SHRI.SIDDHESHWAR  APMC,Mango,Other,Local,2500.0,9000.0,4000.0
2026-07-15,Maharashtra,Solapur,Akluj APMC,Mango,Other,Local,4000.0,5000.0,4500.0
2026-07-15,Maharashtra,Sangli,"Sangli(Phale, Bhajipala Market) APMC",Mango,Totapuri,Local,1000.0,3000.0,2000.0
2026-07-15,NCT of Delhi,Delhi,APMC Azadpur,Mango,Fazli,Grade A,2857.0,5714.0,4464.0
2026-07-16,Tamil Nadu,Nagapattinam,Nagapattinam(Uzhavar Sandhai ),Mango,Other,Local,6000.0,6500.0,6250.0
2026-07-16,Tamil Nadu,Madurai,Thirumangalam(Uzhavar Sandhai ),Mango,Safeda,Local,5000.0,6000.0,5500.0
2026-07-16,Tamil Nadu,Madurai,Melur(Uzhavar Sandhai ),Mango,Safeda,Local,4500.0,5000.0,4750.0
2026-07-16,Tamil Nadu,Madurai,Chokkikulam(Uzhavar Sandhai ),Mango,Safeda,Local,5000.0,6000.0,5500.0
2026-07-16,Tamil Nadu,Madurai,Anna nagar(Uzhavar Sandhai ),Mango,Other,Local,5000.0,5000.0,5000.0
2026-07-16,Tamil Nadu,Karur,Pallapatti (Uzhavar Sandhai ),Mango,Other,Local,3500.0,4000.0,3750.0
2026-07-16,Tamil Nadu,Krishnagiri,Krishnagiri(Uzhavar Sandhai ),Mango,Neelam,Local,2000.0,2500.0,2250.0
2026-07-16,Tamil Nadu,Karur,Kulithalai(Uzhavar Sandhai ),Mango,Neelam,Local,5000.0,6000.0,5500.0
2026-07-16,Tamil Nadu,Karur,Karur(Uzhavar Sandhai ),Mango,Neelam,Local,7500.0,8000.0,7750.0
2026-07-16,Tamil Nadu,Karur,Gandhigramam(Uzhavar Sandhai),Mango,Other,Local,5000.0,8000.0,6500.0
2026-07-16,Tamil Nadu,Nagercoil (Kannyiakumari),Myladi(Uzhavar Sandhai ),Mango,Safeda,Local,6500.0,7000.0,6750.0
2026-07-16,Tamil Nadu,Madurai,Anaiyur(Uzhavar Sandhai ),Mango,Safeda,Local,3000.0,6000.0,4500.0
2026-07-16,Tamil Nadu,Nagercoil (Kannyiakumari),Vadaseri APMC,Mango,Safeda,Local,7000.0,7500.0,7250.0
2026-07-16,Tamil Nadu,Salem,Thammampatti (Uzhavar Sandhai ),Mango,Safeda,Local,4000.0,5000.0,4500.0
2026-07-16,Tamil Nadu,Namakkal,Namakkal(Uzhavar Sandhai ),Mango,Neelam,Local,4000.0,5000.0,4500.0
2026-07-16,Tamil Nadu,Namakkal,Paramathivelur(Uzhavar Sandhai ),Mango,Neelam,Local,3000.0,3500.0,3250.0
2026-07-16,Tamil Nadu,Namakkal,Rasipuram(Uzhavar Sandhai ),Mango,Other,Local,4000.0,6000.0,5000.0
2026-07-16,Tamil Nadu,Perambalur,Perambalur(Uzhavar Sandhai ),Mango,Other,Local,5000.0,5000.0,5000.0
2026-07-16,Tamil Nadu,Pudukkottai,Pudukottai(Uzhavar Sandhai ),Mango,Other,Local,6000.0,7000.0,6500.0
2026-07-16,Tamil Nadu,Ranipet,Arcot(Uzhavar Sandhai ),Mango,Neelam,Local,6000.0,6000.0,6000.0
2026-07-16,Tamil Nadu,Ranipet,Ranipettai(Uzhavar Sandhai ),Mango,Safeda,Local,6000.0,10000.0,8000.0
2026-07-16,Tamil Nadu,Salem,Ammapet(Uzhavar Sandhai ),Mango,Neelam,Local,7000.0,8000.0,7500.0
2026-07-16,Tamil Nadu,Salem,Athur(Uzhavar Sandhai ),Mango,Safeda,Local,4000.0,5000.0,4500.0
2026-07-16,Tamil Nadu,Salem,Elampillai(Uzhavar Sandhai ),Mango,Neelam,Local,3000.0,4000.0,3500.0
2026-07-16,Tamil Nadu,Salem,Hasthampatti(Uzhavar Sandhai ),Mango,Neelam,Local,5000.0,6000.0,5500.0
2026-07-16,Tamil Nadu,Salem,Mettur(Uzhavar Sandhai ),Mango,Neelam,Local,4500.0,5000.0,4750.0
2026-07-16,Tamil Nadu,Salem,Sooramangalam(Uzhavar Sandhai ),Mango,Neelam,Local,4000.0,5000.0,4500.0
2026-07-16,Tamil Nadu,Kancheepuram,Padappai(Uzhavar Sandhai ),Mango,Safeda,Local,3000.0,6000.0,4500.0
2026-07-16,Tamil Nadu,Namakkal,Kumarapalayam(Uzhavar Sandhai ),Mango,Safeda,Local,4500.0,5000.0,4750.0
2026-07-16,Tamil Nadu,Kancheepuram,Kancheepuram(Uzhavar Sandhai ),Mango,Safeda,Local,3000.0,6000.0,4500.0
2026-07-16,Rajasthan,Jodhpur,Jodhpur (F&V) APMC,Mango,Langra,Medium,1500.0,3500.0,2500.0
2026-07-16,Tamil Nadu,Kallakuruchi,Kallakurichi(Uzhavar Sandhai ),Mango,Other,Local,4000.0,4000.0,4000.0
2026-07-16,Rajasthan,Jodhpur,Jodhpur (F&V) APMC,Mango,Badami,Medium,2000.0,4500.0,3250.0
2026-07-16,Tamil Nadu,Salem,Thathakapatti(Uzhavar Sandhai ),Mango,Safeda,Local,5000.0,6000.0,5500.0
2026-07-16,Rajasthan,Udaipur,Udaipur (F&V) APMC,Mango,Other,Medium,2000.0,4000.0,3000.0
2026-07-16,Tamil Nadu,Chengalpattu,Guduvancheri(Uzhavar Sandhai ),Mango,Other,Local,5000.0,6000.0,5500.0
2026-07-16,Tamil Nadu,Chengalpattu,Jameenrayapettai(Uzhavar Sandhai ),Mango,Other,Local,5000.0,6000.0,5500.0
2026-07-16,Tamil Nadu,Chengalpattu,Medavakkam(Uzhavar Sandhai ),Mango,Safeda,Local,5000.0,5000.0,5000.0
2026-07-16,Tamil Nadu,Chengalpattu,Nanganallur(Uzhavar Sandhai ),Mango,Neelam,Local,4000.0,5000.0,4500.0
2026-07-16,Tamil Nadu,Chengalpattu,Pallavaram(Uzhavar Sandhai ),Mango,Other,Local,5000.0,6000.0,5500.0
2026-07-16,Tamil Nadu,Coimbatore,Kurichi(Uzhavar Sandhai ),Mango,Neelam,Local,8000.0,9000.0,8500.0
2026-07-16,Tamil Nadu,Coimbatore,Mettupalayam(Uzhavar Sandhai ),Mango,Safeda,Local,6000.0,10000.0,8000.0
2026-07-16,Tamil Nadu,Coimbatore,Pollachi(Uzhavar Sandhai ),Mango,Safeda,Local,5000.0,10000.0,7500.0
2026-07-16,Tamil Nadu,Coimbatore,RSPuram(Uzhavar Sandhai ),Mango,Neelam,Local,6000.0,7000.0,6500.0
2026-07-16,Tamil Nadu,Coimbatore,Singanallur(Uzhavar Sandhai ),Mango,Safeda,Local,9000.0,12000.0,10500.0
2026-07-16,Tamil Nadu,Coimbatore,Sundarapuram(Uzhavar Sandhai ),Mango,Neelam,Local,7000.0,8000.0,7500.0
2026-07-16,Tamil Nadu,Coimbatore,Vadavalli(Uzhavar Sandhai ),Mango,Safeda,Local,8000.0,13000.0,10500.0
2026-07-16,Tamil Nadu,Cuddalore,Cuddalore(Uzhavar Sandhai ),Mango,Safeda,Local,5000.0,5000.0,5000.0
2026-07-16,Tamil Nadu,Cuddalore,Vadalur(Uzhavar Sandhai ),Mango,Neelam,Local,4000.0,4000.0,4000.0
2026-07-16,Tamil Nadu,Dharmapuri,AJattihalli(Uzhavar Sandhai ),Mango,Neelam,Local,5000.0,5000.0,5000.0
2026-07-16,Tamil Nadu,Dharmapuri,Dharmapuri(Uzhavar Sandhai ),Mango,Safeda,Local,4800.0,5000.0,4900.0
2026-07-16,Tamil Nadu,Dharmapuri,Harur(Uzhavar Sandhai ),Mango,Other,Local,4000.0,5000.0,4500.0
2026-07-16,Tamil Nadu,Dharmapuri,Karimangalam(Uzhavar Sandhai),Mango,Safeda,Local,3800.0,4000.0,3900.0
2026-07-16,Tamil Nadu,Dharmapuri,Palacode(Uzhavar Sandhai ),Mango,Neelam,Local,4000.0,4500.0,4250.0
2026-07-16,Tamil Nadu,Dharmapuri,Pennagaram(Uzhavar Sandhai ),Mango,Safeda,Local,3700.0,4000.0,3850.0
2026-07-16,Tamil Nadu,Dindigul,Chinnalapatti(Uzhavar Sandhai ),Mango,Neelam,Local,4000.0,5000.0,4500.0
2026-07-16,Tamil Nadu,Dindigul,Dindigul(Uzhavar Sandhai ),Mango,Safeda,Local,4000.0,5000.0,4500.0
2026-07-16,Tamil Nadu,Dindigul,Palani(Uzhavar Sandhai ),Mango,Neelam,Local,3000.0,4000.0,3500.0
2026-07-16,Tamil Nadu,Erode,Periyar Nagar(Uzhavar Sandhai ),Mango,Neelam,Local,4500.0,5000.0,4750.0
2026-07-16,Tamil Nadu,Erode,Perundurai(Uzhavar Sandhai ),Mango,Safeda,Local,5000.0,5500.0,5250.0
2026-07-16,Tamil Nadu,Erode,Sampath Nagar(Uzhavar Sandhai ),Mango,Safeda,Local,3000.0,5000.0,4000.0
2026-07-16,Tamil Nadu,Kallakuruchi,Sankarapuram(Uzhavar Sandhai ),Mango,Safeda,Local,5000.0,5000.0,5000.0
2026-07-16,Tamil Nadu,Salem,Vazhapadi(Uzhavar Sandhai),Mango,Neelam,Local,6000.0,6000.0,6000.0
2026-07-16,Tamil Nadu,Tuticorin,Tuticorin(Uzhavar Sandhai ),Mango,Safeda,Local,4000.0,5000.0,4500.0
2026-07-16,Tamil Nadu,Sivaganga,Sivagangai (Uzhavar Sandhai ),Mango,Safeda,Local,3500.0,6500.0,5000.0
2026-07-16,Tamil Nadu,Vellore,Thirupathur APMC,Mango,Safeda,Local,4000.0,4000.0,4000.0
2026-07-16,Tamil Nadu,Vellore,Vellore APMC,Mango,Safeda,Local,7000.0,8000.0,7500.0
2026-07-16,Tamil Nadu,Villupuram,Tindivanam APMC,Mango,Safeda,Local,5000.0,5000.0,5000.0
2026-07-16,Tamil Nadu,Villupuram,Villupuram(Uzhavar Sandhai ),Mango,Safeda,Local,7000.0,7000.0,7000.0
2026-07-16,Tamil Nadu,Virudhunagar,Aruppukottai(Uzhavar Sandhai ),Mango,Safeda,Local,5000.0,6000.0,5500.0
2026-07-16,Tamil Nadu,Virudhunagar,Srivilliputhur(Uzhavar Sandhai ),Mango,Safeda,Local,3500.0,4000.0,3750.0
2026-07-16,Telangana,Ranga Reddy,Gaddiannaram APMC,Mango,Badami,Medium,2500.02,10000.08,3611.14
2026-07-16,Telangana,Ranga Reddy,Gaddiannaram APMC,Mango,Langra,Medium,2000.0,6000.0,3000.0
2026-07-16,Telangana,Ranga Reddy,Gaddiannaram APMC,Mango,Neelam,Medium,833.34,1944.46,1388.9
2026-07-16,Telangana,Ranga Reddy,Gaddiannaram APMC,Mango,Other,Medium,800.0,1400.0,1000.0
2026-07-16,Telangana,Ranga Reddy,Gaddiannaram APMC,Mango,Raspuri,Medium,277.78,1388.9,555.56
2026-07-16,Telangana,Ranga Reddy,Gaddiannaram APMC,Mango,Totapuri,Medium,1388.9,2500.02,1666.68
2026-07-16,Uttar Pradesh,Badaun,Shahaswan APMC,Mango,Other,Medium,2500.0,3000.0,2900.0
2026-07-16,Tamil Nadu,Vellore,Perampet(Uzhavar Sandhai),Mango,Neelam,Local,3000.0,4000.0,3500.0
2026-07-16,Uttar Pradesh,Mau(Maunathbhanjan),Kopaganj APMC,Mango,Dusheri,Grade B,3319.0,3360.0,3320.0
2026-07-16,Uttar Pradesh,Shamli,Kairana APMC,Mango,Dusheri,Medium,2300.0,2400.0,2350.0
2026-07-16,Uttar Pradesh,Shamli,Khandhla APMC,Mango,Dusheri,Medium,4900.0,4980.0,4940.0
2026-07-16,Uttarakhand,Dehradoon,Rishikesh APMC,Mango,Chausa,Medium,4000.0,4800.0,4400.0
2026-07-16,Uttarakhand,Dehradoon,Rishikesh APMC,Mango,Dusheri,Medium,2000.0,3600.0,2800.0
2026-07-16,Uttarakhand,Dehradoon,Rishikesh APMC,Mango,Langra,Medium,2000.0,3500.0,2800.0
2026-07-16,Uttarakhand,Dehradoon,Rishikesh APMC,Mango,Other,Local,1200.0,2200.0,1500.0
2026-07-16,Uttarakhand,Dehradoon,Vikasnagar APMC,Mango,Other,Medium,1500.0,1900.0,1900.0
2026-07-16,Uttarakhand,Garhwal (Pauri),Kotadwara APMC,Mango,Other,Medium,2100.0,2100.0,2100.0
2026-07-16,Uttarakhand,Haridwar,Bhagwanpur(Naveen Mandi Sthal) APMC,Mango,Other,Grade B,600.0,1000.0,700.0
2026-07-16,Uttarakhand,Haridwar,Haridwar Union APMC,Mango,Dusheri,Grade C,800.0,2000.0,1200.0
2026-07-16,Rajasthan,Jaipur,Jaipur (F&V) APMC,Mango,Other,Medium,1000.0,11000.0,6000.0
2026-07-16,Uttarakhand,Haridwar,Manglaur APMC,Mango,Other,Local,800.0,1000.0,900.0
2026-07-16,Uttarakhand,Haridwar,Roorkee APMC,Mango,Other,Local,1200.0,1600.0,1400.0
2026-07-16,Uttar Pradesh,Rampur,Bilaspur APMC,Mango,Dusheri,Local,2400.0,2600.0,2500.0
2026-07-16,Tamil Nadu,Vellore,Pallikonda(Uzhavar Sandhai),Mango,Neelam,Local,3000.0,4000.0,3500.0
2026-07-16,Tamil Nadu,Vellore,Katpadi (Uzhavar Sandhai ),Mango,Safeda,Local,4000.0,5000.0,4500.0
2026-07-16,Tamil Nadu,Vellore,Kahithapattarai(Uzhavar Sandhai ),Mango,Neelam,Local,5000.0,6000.0,5500.0
2026-07-16,Tamil Nadu,Tenkasi,Sankarankoil(Uzhavar Sandhai ),Mango,Safeda,Local,4000.0,4000.0,4000.0
2026-07-16,Tamil Nadu,Tenkasi,Tenkasi(Uzhavar Sandhai ),Mango,Neelam,Local,4000.0,4000.0,4000.0
2026-07-16,Tamil Nadu,Thanjavur,Kumbakonam (Uzhavar Sandhai ),Mango,Safeda,Local,3000.0,9000.0,6000.0
2026-07-16,Tamil Nadu,Thanjavur,Thanjavur(Uzhavar Sandhai ),Mango,Safeda,Local,5000.0,7000.0,6000.0
2026-07-16,Tamil Nadu,The Nilgiris,Udhagamandalam(Uzhavar Sandhai ),Mango,Safeda,Local,10000.0,12000.0,11000.0
2026-07-16,Tamil Nadu,Theni,Bodinayakanur(Uzhavar Sandhai ),Mango,Safeda,Local,4000.0,4000.0,4000.0
2026-07-16,Tamil Nadu,Theni,Devaram(Uzhavar Sandhai ),Mango,Safeda,Local,5000.0,5000.0,5000.0
2026-07-16,Tamil Nadu,Theni,Kambam(Uzhavar Sandhai ),Mango,Safeda,Local,4000.0,4000.0,4000.0
2026-07-16,Tamil Nadu,Theni,Theni(Uzhavar Sandhai ),Mango,Neelam,Local,3000.0,5000.0,4000.0
2026-07-16,Tamil Nadu,Thiruchirappalli,KKNagar(Uzhavar Sandhai ),Mango,Safeda,Local,5000.0,6000.0,5500.0
2026-07-16,Tamil Nadu,Thiruchirappalli,Lalgudi(Uzhavar Sandhai ),Mango,Safeda,Local,4000.0,4000.0,4000.0
2026-07-16,Tamil Nadu,Thiruchirappalli,Musiri(Uzhavar Sandhai ),Mango,Safeda,Local,2500.0,3000.0,2750.0
2026-07-16,Tamil Nadu,Thiruchirappalli,Thuraiyur APMC,Mango,Other,Local,8000.0,9000.0,8500.0
2026-07-16,Tamil Nadu,Thirunelveli,Palayamkottai(Uzhavar Sandhai ),Mango,Safeda,Local,6000.0,8000.0,7000.0
2026-07-16,Tamil Nadu,Thirupathur,Natrampalli(Uzhavar Sandhai ),Mango,Safeda,Local,2000.0,3000.0,2500.0
2026-07-16,Tamil Nadu,Thirupathur,Vaniyampadi(Uzhavar Sandhai ),Mango,Safeda,Local,3000.0,3000.0,3000.0
2026-07-16,Tamil Nadu,Thirupur,Dharapuram(Uzhavar Sandhai ),Mango,Safeda,Local,5500.0,6000.0,5750.0
2026-07-16,Tamil Nadu,Thirupur,Tiruppur (North) (Uzhavar Sandhai ),Mango,Other,Local,4500.0,5000.0,4750.0
2026-07-16,Tamil Nadu,Thirupur,Tiruppur (South) (Uzhavar Sandhai ),Mango,Safeda,Local,5000.0,6000.0,5500.0
2026-07-16,Tamil Nadu,Thiruvannamalai,Arani(Uzhavar Sandhai ),Mango,Safeda,Local,4000.0,5000.0,4500.0
2026-07-16,Tamil Nadu,Thiruvannamalai,Chengam(Uzhavar Sandhai ),Mango,Safeda,Local,3300.0,4000.0,3650.0
2026-07-16,Tamil Nadu,Thiruvannamalai,Keelpennathur(Uzhavar Sandhai ),Mango,Other,Local,5000.0,6000.0,5500.0
2026-07-16,Tamil Nadu,Thiruvannamalai,Polur(Uzhavar Sandhai ),Mango,Safeda,Local,4200.0,5000.0,4600.0
2026-07-16,Tamil Nadu,Thiruvannamalai,Tamarainagar(Uzhavar Sandhai ),Mango,Safeda,Local,5000.0,6000.0,5500.0
2026-07-16,Tamil Nadu,Thiruvannamalai,Tiruvannamalai(Uzhavar Sandhai ),Mango,Safeda,Local,5000.0,6000.0,5500.0
2026-07-16,Tamil Nadu,Thiruvarur,Mannargudi I(Uzhavar Sandhai ),Mango,Safeda,Local,4000.0,4000.0,4000.0
2026-07-16,Tamil Nadu,Thiruvarur,Mannargudi II(Uzhavar Sandhai ),Mango,Safeda,Local,4000.0,5000.0,4500.0
2026-07-16,Tamil Nadu,Thiruvarur,Tiruthuraipoondi(Uzhavar Sandhai ),Mango,Safeda,Local,3000.0,3000.0,3000.0
2026-07-16,Tamil Nadu,Vellore,Gudiyatham(Uzhavar Sandhai ),Mango,Neelam,Local,3500.0,4000.0,3750.0
2026-07-16,Tamil Nadu,Sivaganga,Singampunari(Uzhavar Sandhai ),Mango,Other,Local,3000.0,3500.0,3250.0
2026-07-16,Uttarakhand,Haridwar,Haridwar Union APMC,Mango,Other,Grade C,2000.0,3500.0,2500.0
2026-07-16,Rajasthan,Ganganagar,Sriganganagar (F&V) APMC,Mango,Amrapali,Grade B,5200.0,5600.0,5400.0
2026-07-16,Punjab,Sangrur,Lehra Gaga APMC,Mango,Other,Grade A,8500.0,8500.0,8500.0
2026-07-16,Haryana,Yamuna Nagar,Jagadhri APMC,Mango,Other,Medium,2000.0,10000.0,8000.0
2026-07-16,Himachal Pradesh,Bilaspur,PMY Bilaspur,Mango,Other,Grade B,6500.0,10000.0,9000.0
2026-07-16,Himachal Pradesh,Chamba,PMY Chamba,Mango,Dusheri,Medium,5500.0,6000.0,5750.0
2026-07-16,Himachal Pradesh,Hamirpur,PMY Hamirpur,Mango,Other,Grade B,6000.0,11000.0,8500.0
2026-07-16,Himachal Pradesh,Hamirpur,SMY Nadaun,Mango,Other,Grade B,7500.0,13000.0,9500.0
2026-07-16,Himachal Pradesh,Kangra,PMY Kangra,Mango,Other,Medium,4000.0,6000.0,5000.0
2026-07-16,Himachal Pradesh,Kangra,SMY Jaisinghpur,Mango,Other,Medium,3000.0,13000.0,7000.0
2026-07-16,Himachal Pradesh,Kangra,SMY Jassur,Mango,Other,Medium,2500.0,5000.0,3500.0
2026-07-16,Himachal Pradesh,Kangra,SMY Nagrota Bagwan,Mango,Other,Medium,4000.0,6000.0,5000.0
2026-07-16,Himachal Pradesh,Kangra,SMY Palampur,Mango,Other,Medium,2000.0,12000.0,6000.0
2026-07-16,Himachal Pradesh,Kullu,PMY Kullu,Mango,Other,Medium,6000.0,13000.0,8000.0
2026-07-16,Himachal Pradesh,Kullu,SMY Bhuntar,Mango,Other,Medium,4500.0,13000.0,9000.0
2026-07-16,Himachal Pradesh,Mandi,PMY Kangni Mandi,Mango,Other,Grade B,6500.0,10000.0,8000.0
2026-07-16,Haryana,Sonipat,Sonepat APMC,Mango,Other,Medium,1500.0,8000.0,4000.0
2026-07-16,Himachal Pradesh,Mandi,SMY Dhanotu,Mango,Other,Medium,6000.0,10000.0,8000.0
2026-07-16,Himachal Pradesh,Solan,PMY Kather Solan,Mango,Other,Medium,3500.0,14000.0,8000.0
2026-07-16,Himachal Pradesh,Solan,SMY Nalagarh,Mango,Other,Medium,3000.0,4000.0,3500.0
2026-07-16,Himachal Pradesh,Una,PMY Una,Mango,Dusheri,Grade A,4000.0,6000.0,5000.0
2026-07-16,Himachal Pradesh,Una,PMY Una,Mango,Other,Grade A,10000.0,11000.0,10500.0
2026-07-16,Himachal Pradesh,Una,SMY Santoshgarh,Mango,Dusheri,Grade A,3200.0,4500.0,3850.0
2026-07-16,Himachal Pradesh,Una,SMY Takarla,Mango,Other,Grade A,4000.0,7000.0,5500.0
2026-07-16,Jammu and Kashmir,Jammu,Narwal Jammu (F&V),Mango,Chausa,Medium,5000.0,10000.0,7500.0
2026-07-16,Jammu and Kashmir,Jammu,Narwal Jammu (F&V),Mango,Dusheri,Medium,4000.0,7000.0,5500.0
2026-07-16,Jammu and Kashmir,Jammu,Narwal Jammu (F&V),Mango,Langra,Medium,5000.0,10000.0,7500.0
2026-07-16,Jammu and Kashmir,Jammu,Narwal Jammu (F&V),Mango,Safeda,Medium,9000.0,12500.0,10750.0
2026-07-16,Jammu and Kashmir,Jammu,Narwal Jammu (F&V),Mango,Totapuri,Medium,3000.0,4500.0,3750.0
2026-07-16,Jammu and Kashmir,Kathua,Kathua (F&V),Mango,Dusheri,Grade A,4000.0,4500.0,4250.0
2026-07-16,Jammu and Kashmir,Kathua,Kathua (F&V),Mango,Totapuri,Grade B,4000.0,4500.0,4250.0
2026-07-16,Himachal Pradesh,Shimla,SMY Rohroo,Mango,Other,Grade B,5000.0,8000.0,6500.0
2026-07-16,Jammu and Kashmir,Rajouri,Rajouri (Phaliana) (F&V),Mango,Chausa,Grade B,5000.0,5000.0,5000.0
2026-07-16,Haryana,Sonipat,Gohana APMC,Mango,Other,Medium,3000.0,5000.0,4000.0
2026-07-16,Haryana,Rohtak,Sampla APMC,Mango,Other,Local,3000.0,6000.0,3000.0
2026-07-16,Rajasthan,Ajmer,Ajmer(F&V) APMC,Mango,Other,Medium,3000.0,5000.0,4000.0
2026-07-16,Andhra Pradesh,Chittor,Chittoor APMC,Mango,Neelam,Local,1200.0,1800.0,1500.0
2026-07-16,Andhra Pradesh,Chittor,Chittoor APMC,Mango,Totapuri,Local,300.0,500.0,400.0
2026-07-16,Chandigarh,Chandigarh,Chandigarh (Grain/F&V) APMC,Mango,Other,Medium,2000.0,8000.0,6000.0
2026-07-16,Chattisgarh,Durg,Durg APMC,Mango,Dusheri,Medium,4000.0,6000.0,6000.0
2026-07-16,Goa,North Goa,Mapusa APMC,Mango,Neelam,Grade A,4000.0,6000.0,5000.0
2026-07-16,Gujarat,Bharuch,Bharuch APMC,Mango,Langra,Local,2500.0,3500.0,3000.0
2026-07-16,Haryana,Ambala,Naraingarh APMC,Mango,Mango,Medium,1700.0,4000.0,2200.0
2026-07-16,Haryana,Ambala,Shahzadpur APMC,Mango,Langra,Medium,2000.0,2000.0,2000.0
2026-07-16,Haryana,Gurgaon,Gurgaon APMC,Mango,Other,Grade B,3000.0,5000.0,4000.0
2026-07-16,Haryana,Gurgaon,Pataudi APMC,Mango,Other,Grade B,3000.0,5500.0,4000.0
2026-07-16,Haryana,Gurgaon,Sohna APMC,Mango,Other,Local,2500.0,3000.0,3000.0
2026-07-16,Haryana,Hissar,Barwala(Hisar) APMC,Mango,Other,Local,2600.0,10000.0,5000.0
2026-07-16,Haryana,Sonipat,Ganaur APMC,Mango,Other,Medium,3000.0,6000.0,4500.0
2026-07-16,Haryana,Hissar,Hansi APMC,Mango,Other,Grade B,3000.0,5000.0,4000.0
2026-07-16,Haryana,Jhajar,Bahadurgarh APMC,Mango,Other,Medium,5000.0,6000.0,5500.0
2026-07-16,Haryana,Jhajar,Jhajjar APMC,Mango,Other,Medium,4000.0,4000.0,4000.0
2026-07-16,Haryana,Jind,Safidon APMC,Mango,Other,Medium,2000.0,3500.0,2500.0
2026-07-16,Haryana,Karnal,Tarori APMC,Mango,Chausa,Grade A,2500.0,3500.0,3000.0
2026-07-16,Haryana,Kurukshetra,Ladwa APMC,Mango,Dusheri,Medium,3000.0,4500.0,4000.0
2026-07-16,Haryana,Kurukshetra,Shahabad APMC,Mango,Other,Medium,2200.0,9000.0,5000.0
2026-07-16,Haryana,Kurukshetra,Thanesar APMC,Mango,Other,Medium,1500.0,6000.0,3750.0
2026-07-16,Haryana,Mahendragarh-Narnaul,Narnaul APMC,Mango,Mango,Medium,4000.0,6000.0,5000.0
2026-07-16,Haryana,Mewat,Punhana APMC,Mango,Other,Medium,2500.0,6500.0,4500.0
2026-07-16,Haryana,Panipat,Panipat APMC,Mango,Other,Local,2000.0,8000.0,5000.0
2026-07-16,Haryana,Panipat,Samalkha APMC,Mango,Other,Grade A,2000.0,6000.0,4000.0
2026-07-16,Haryana,Rewari,Kosli APMC,Mango,Other,Medium,3500.0,3500.0,3500.0
2026-07-16,Haryana,Rohtak,Rohtak APMC,Mango,Other,Medium,4000.0,7000.0,5000.0
2026-07-16,Haryana,Hissar,Uklana APMC,Mango,Other,Medium,3000.0,4000.0,4000.0
2026-07-16,Jammu and Kashmir,Srinagar,Parimpore Srinagar (F&V),Mango,Dusheri,Medium,5000.0,6000.0,5500.0
2026-07-16,Andhra Pradesh,Chittor,Bangarupalyam APMC,Mango,Badami,Grade B,4000.0,6000.0,5000.0
2026-07-16,Jammu and Kashmir,Srinagar,Parimpore Srinagar (F&V),Mango,Totapuri,Medium,4000.0,5000.0,4500.0
2026-07-16,NCT of Delhi,Delhi,APMC Keshopur,Mango,Other,Medium,4000.0,7000.0,6000.0
2026-07-16,Punjab,Bhatinda,Bathinda APMC,Mango,Other,Grade B,5000.0,8000.0,7000.0
2026-07-16,Punjab,Bhatinda,Rampuraphul(Nabha Mandi) APMC,Mango,Other,Grade A,4000.0,8000.0,6000.0
2026-07-16,Punjab,Fazilka,Fazilka APMC,Mango,Other,Medium,7000.0,7000.0,7000.0
2026-07-16,Punjab,Fazilka,Jalalabad APMC,Mango,Other,Medium,5500.0,6000.0,5700.0
2026-07-16,Punjab,Hoshiarpur,Garh Shankar APMC,Mango,Other,Medium,4000.0,4000.0,4000.0
2026-07-16,Punjab,Hoshiarpur,Mukerian(Talwara) APMC,Mango,Dusheri,Grade A,6000.0,9000.0,7500.0
2026-07-16,Punjab,Hoshiarpur,Tanda Urmur APMC,Mango,Other,Grade A,5000.0,6000.0,5500.0
2026-07-16,Punjab,Hoshiarpur,Tanda Urmur APMC,Mango,Totapuri,Grade A,4000.0,5000.0,4500.0
2026-07-16,Punjab,Jalandhar,Jalandhar City(Jalandhar) APMC,Mango,Other,Medium,2000.0,5500.0,4200.0
2026-07-16,Punjab,Ludhiana,Doraha APMC,Mango,Badami,Local,4000.0,4000.0,4000.0
2026-07-16,Punjab,Ludhiana,Khanna APMC,Mango,Other,Grade A,5000.0,5000.0,5000.0
2026-07-16,Punjab,Ludhiana,Ludhiana APMC,Mango,Other,Medium,2000.0,5000.0,3000.0
2026-07-16,NCT of Delhi,Delhi,APMC Azadpur,Mango,Totapuri,Grade A,2143.0,3214.0,2643.0
2026-07-16,Punjab,Ludhiana,Raikot APMC,Mango,Chausa,Grade A,5130.0,5130.0,5130.0
2026-07-16,Punjab,Mohali,Kharar APMC,Mango,Other,Small,2000.0,5000.0,2500.0
2026-07-16,Punjab,Nawanshahr,Nawan Shahar(Subzi Mandi) APMC,Mango,Dusheri,Medium,3000.0,3500.0,3300.0
2026-07-16,Punjab,Nawanshahr,Nawan Shahar(Subzi Mandi) APMC,Mango,Other,Medium,6000.0,7000.0,6600.0
2026-07-16,Punjab,Patiala,Nabha APMC,Mango,Other,Grade B,2500.0,5000.0,3600.0
2026-07-16,Punjab,Patiala,Patiala APMC,Mango,Other,Grade B,3000.0,3300.0,3100.0
2026-07-16,Punjab,Patiala,Patran APMC,Mango,Other,Grade A,3170.0,3170.0,3170.0
2026-07-16,Punjab,Patiala,Rajpura APMC,Mango,Dusheri,Grade A,5500.0,5800.0,5700.0
2026-07-16,Punjab,Patiala,Rajpura APMC,Mango,Safeda,Grade A,6600.0,6800.0,6750.0
2026-07-16,Punjab,Ropar (Rupnagar),Chamkaur Sahib APMC,Mango,Other,Medium,7000.0,7000.0,7000.0
2026-07-16,Punjab,Ropar (Rupnagar),Ropar APMC,Mango,Dusheri,Medium,4000.0,4400.0,4200.0
2026-07-16,Punjab,Ropar (Rupnagar),Ropar APMC,Mango,Langra,Medium,4000.0,4500.0,4200.0
2026-07-16,Punjab,Ropar (Rupnagar),Ropar APMC,Mango,Safeda,Medium,5500.0,6200.0,6000.0
2026-07-16,Jammu and Kashmir,Srinagar,Parimpore Srinagar (F&V),Mango,Safeda,Medium,11000.0,12000.0,11500.0
2026-07-16,Punjab,Moga,Baghapurana APMC,Mango,Dusheri,Grade B,3000.0,4500.0,4000.0
2026-07-16,NCT of Delhi,Delhi,APMC Azadpur,Mango,Surkha,Grade A,2500.0,6000.0,4000.0
2026-07-16,Punjab,Sangrur,Dhuri APMC,Mango,Dusheri,Medium,7600.0,10000.0,9000.0
2026-07-16,NCT of Delhi,Delhi,APMC Azadpur,Mango,Safeda,Grade A,2143.0,3571.0,3129.0
2026-07-16,Karnataka,Bengaluru,"Binny Mill (F&V), Bengaluru APMC",Mango,Neelam,Local,2500.0,4500.0,3500.0
2026-07-16,Karnataka,Davangere,Davangere APMC,Mango,Mango,Local,2000.0,4000.0,3000.0
2026-07-16,Keralam,Idukki,Kattappana Market,Mango,Other,Medium,7800.0,8500.0,8000.0
2026-07-16,Keralam,Idukki,Kattappana Market,Mango,Other,Small,3200.0,3500.0,3400.0
2026-07-16,Keralam,Idukki,Munnar Market,Mango,Other,Medium,7000.0,7000.0,7000.0
2026-07-16,Keralam,Malappuram,Manjeri Market,Mango,Other,Local,5950.0,6050.0,6000.0
2026-07-16,Keralam,Palakad,vadakarapathy Market,Mango,Other,Grade A,2000.0,2500.0,2200.0
2026-07-16,Madhya Pradesh,Harda,Harda(F&V) APMC,Mango,Neelam,Medium,2000.0,4000.0,3000.0
2026-07-16,NCT of Delhi,Delhi,APMC Azadpur,Mango,Saroli,Grade A,1000.0,2000.0,1500.0
2026-07-16,Madhya Pradesh,Sagar,Sagar(F&V) APMC,Mango,Other,Local,3000.0,5000.0,4000.0
2026-07-16,Madhya Pradesh,Sehore,Sehore(F&V) APMC,Mango,Badami,Grade Range-1,3000.0,6000.0,4500.0
2026-07-16,Madhya Pradesh,Sheopur,Sheopurkalan(F&V) APMC,Mango,Other,Medium,4000.0,4500.0,4200.0
2026-07-16,Maharashtra,Ahilyanagar,Ahilyanagar APMC,Mango,Totapuri,Local,1000.0,2500.0,1750.0
2026-07-16,Maharashtra,Ahilyanagar,Shrirampur APMC,Mango,Other,Local,3000.0,5000.0,4000.0
2026-07-16,Madhya Pradesh,Indore,Indore(F&V) APMC,Mango,Other,Local,1500.0,8000.0,5000.0
2026-07-16,Maharashtra,Chattrapati Sambhajinagar,Chattrapati Sambhajinagar APMC,Mango,Other,Local,2500.0,10000.0,6250.0
2026-07-16,Maharashtra,Amarawati,Amrawati(Frui & Veg. Market) APMC,Mango,Totapuri,Local,1500.0,2500.0,2000.0
2026-07-16,NCT of Delhi,Delhi,APMC Azadpur,Mango,Keshar,Grade A,2857.0,5000.0,3643.0
2026-07-16,NCT of Delhi,Delhi,APMC Azadpur,Mango,Hapus(Alphaso),Grade A,10000.0,16667.0,13333.0
2026-07-16,NCT of Delhi,Delhi,APMC Azadpur,Mango,Fazli,Grade A,2857.0,5714.0,4464.0
2026-07-16,NCT of Delhi,Delhi,APMC Azadpur,Mango,Dusheri,Grade A,1429.0,3571.0,2393.0
2026-07-16,NCT of Delhi,Delhi,APMC Azadpur,Mango,Dinga,Grade A,2000.0,3000.0,2400.0
2026-07-16,NCT of Delhi,Delhi,APMC Azadpur,Mango,Langra,Grade A,2000.0,5000.0,3100.0
2026-07-16,Maharashtra,Solapur,Akluj APMC,Mango,Other,Local,3500.0,4500.0,4000.0
2026-07-16,Maharashtra,Sangli,"Sangli(Phale, Bhajipala Market) APMC",Mango,Totapuri,Local,1000.0,2500.0,1750.0
2026-07-16,Maharashtra,Pune,Pune(Moshi) APMC,Mango,Other,Local,5000.0,6000.0,5500.0
2026-07-16,Maharashtra,Nashik,Nasik APMC,Mango,Other,Local,3000.0,6000.0,4000.0
2026-07-16,Maharashtra,Nagpur,Nagpur APMC,Mango,Totapuri,Local,1500.0,2000.0,1875.0
2026-07-16,Maharashtra,Nagpur,Nagpur APMC,Mango,Other,Local,2500.0,3500.0,3250.0
2026-07-16,Maharashtra,Solapur,SHRI.SIDDHESHWAR  APMC,Mango,Other,Local,1000.0,4000.0,2500.0
2026-07-17,Tamil Nadu,Pudukkottai,Pudukottai(Uzhavar Sandhai ),Mango,Other,Local,6000.0,7000.0,6500.0
2026-07-17,Tamil Nadu,Pudukkottai,Gandarvakottai(Uzhavar Sandhai ),Mango,Other,Local,7000.0,8000.0,7500.0
2026-07-17,Tamil Nadu,Perambalur,Perambalur(Uzhavar Sandhai ),Mango,Safeda,Local,5000.0,5000.0,5000.0
2026-07-17,Tamil Nadu,Perambalur,Perambalur(Uzhavar Sandhai ),Mango,Other,Local,5000.0,5000.0,5000.0
2026-07-17,Tamil Nadu,Namakkal,Rasipuram(Uzhavar Sandhai ),Mango,Other,Local,5000.0,6000.0,5500.0
2026-07-17,Tamil Nadu,Nagercoil (Kannyiakumari),Myladi(Uzhavar Sandhai ),Mango,Safeda,Local,6500.0,7000.0,6750.0
2026-07-17,Tamil Nadu,Namakkal,Kumarapalayam(Uzhavar Sandhai ),Mango,Other,Local,4000.0,5000.0,4500.0
2026-07-17,Tamil Nadu,Nagercoil (Kannyiakumari),Vadaseri APMC,Mango,Safeda,Local,6500.0,7000.0,6750.0
2026-07-17,Tamil Nadu,Nagapattinam,Nagapattinam(Uzhavar Sandhai ),Mango,Other,Local,2500.0,3500.0,3000.0
2026-07-17,Tamil Nadu,Madurai,Thirumangalam(Uzhavar Sandhai ),Mango,Safeda,Local,5000.0,6000.0,5500.0
2026-07-17,Tamil Nadu,Madurai,Melur(Uzhavar Sandhai ),Mango,Safeda,Local,4500.0,5000.0,4750.0
2026-07-17,Tamil Nadu,Namakkal,Namakkal(Uzhavar Sandhai ),Mango,Neelam,Local,4000.0,6000.0,5000.0
2026-07-17,Tamil Nadu,Ranipet,Arcot(Uzhavar Sandhai ),Mango,Neelam,Local,6000.0,6000.0,6000.0
2026-07-17,Tamil Nadu,Thanjavur,Kumbakonam (Uzhavar Sandhai ),Mango,Safeda,Local,3000.0,9000.0,6000.0
2026-07-17,Tamil Nadu,Salem,Ammapet(Uzhavar Sandhai ),Mango,Neelam,Local,5500.0,6000.0,5750.0
2026-07-17,Tamil Nadu,Salem,Athur(Uzhavar Sandhai ),Mango,Safeda,Local,3000.0,5000.0,4000.0
2026-07-17,Tamil Nadu,Salem,Edapadi (Uzhavar Sandhai ),Mango,Neelam,Local,5500.0,6000.0,5750.0
2026-07-17,Tamil Nadu,Salem,Hasthampatti(Uzhavar Sandhai ),Mango,Neelam,Local,5000.0,6000.0,5500.0
2026-07-17,Tamil Nadu,Salem,Mettur(Uzhavar Sandhai ),Mango,Neelam,Local,4000.0,5000.0,4500.0
2026-07-17,Tamil Nadu,Salem,Sooramangalam(Uzhavar Sandhai ),Mango,Neelam,Local,4000.0,5000.0,4500.0
2026-07-17,Tamil Nadu,Salem,Thammampatti (Uzhavar Sandhai ),Mango,Safeda,Local,3000.0,4000.0,3500.0
2026-07-17,Tamil Nadu,Salem,Thathakapatti(Uzhavar Sandhai ),Mango,Safeda,Local,3000.0,8000.0,5500.0
2026-07-17,Tamil Nadu,Salem,Vazhapadi(Uzhavar Sandhai),Mango,Neelam,Local,5000.0,6000.0,5500.0
2026-07-17,Tamil Nadu,Sivaganga,Singampunari(Uzhavar Sandhai ),Mango,Other,Local,3000.0,3500.0,3250.0
2026-07-17,Tamil Nadu,Sivaganga,Sivagangai (Uzhavar Sandhai ),Mango,Safeda,Local,3500.0,6500.0,5000.0
2026-07-17,Tamil Nadu,Tenkasi,Sankarankoil(Uzhavar Sandhai ),Mango,Safeda,Local,4000.0,4000.0,4000.0
2026-07-17,Tamil Nadu,Tenkasi,Tenkasi(Uzhavar Sandhai ),Mango,Neelam,Local,4000.0,4000.0,4000.0
2026-07-17,Tamil Nadu,Ranipet,Ranipettai(Uzhavar Sandhai ),Mango,Safeda,Local,6000.0,8000.0,7000.0
2026-07-17,Tamil Nadu,Madurai,Chokkikulam(Uzhavar Sandhai ),Mango,Safeda,Local,5000.0,6000.0,5500.0
2026-07-17,Tamil Nadu,Erode,Periyar Nagar(Uzhavar Sandhai ),Mango,Safeda,Local,3000.0,5000.0,4000.0
2026-07-17,Tamil Nadu,Madurai,Anna nagar(Uzhavar Sandhai ),Mango,Neelam,Local,5000.0,5000.0,5000.0
2026-07-17,Tamil Nadu,Thanjavur,Thanjavur(Uzhavar Sandhai ),Mango,Safeda,Local,5000.0,7000.0,6000.0
2026-07-17,Tamil Nadu,Coimbatore,Kurichi(Uzhavar Sandhai ),Mango,Neelam,Local,7000.0,8000.0,7500.0
2026-07-17,Tamil Nadu,Coimbatore,Mettupalayam(Uzhavar Sandhai ),Mango,Safeda,Local,5000.0,10000.0,7500.0
2026-07-17,Tamil Nadu,Coimbatore,Pollachi(Uzhavar Sandhai ),Mango,Safeda,Local,5000.0,10000.0,7500.0
2026-07-17,Tamil Nadu,Coimbatore,RSPuram(Uzhavar Sandhai ),Mango,Neelam,Local,6000.0,7000.0,6500.0
2026-07-17,Tamil Nadu,Coimbatore,Sundarapuram(Uzhavar Sandhai ),Mango,Neelam,Local,7000.0,8000.0,7500.0
2026-07-17,Tamil Nadu,Coimbatore,Vadavalli(Uzhavar Sandhai ),Mango,Safeda,Local,10000.0,15000.0,12500.0
2026-07-17,Tamil Nadu,Cuddalore,Cuddalore(Uzhavar Sandhai ),Mango,Safeda,Local,5000.0,5000.0,5000.0
2026-07-17,Tamil Nadu,Dharmapuri,AJattihalli(Uzhavar Sandhai ),Mango,Neelam,Local,4500.0,5000.0,4750.0
2026-07-17,Tamil Nadu,Dharmapuri,Dharmapuri(Uzhavar Sandhai ),Mango,Safeda,Local,4600.0,5000.0,4800.0
2026-07-17,Tamil Nadu,Dharmapuri,Harur(Uzhavar Sandhai ),Mango,Other,Local,4000.0,5000.0,4500.0
2026-07-17,Tamil Nadu,Dharmapuri,Karimangalam(Uzhavar Sandhai),Mango,Safeda,Local,3800.0,4000.0,3900.0
2026-07-17,Tamil Nadu,Dharmapuri,Palacode(Uzhavar Sandhai ),Mango,Safeda,Local,4500.0,5000.0,4750.0
2026-07-17,Tamil Nadu,Madurai,Anna nagar(Uzhavar Sandhai ),Mango,Safeda,Local,5000.0,6000.0,5500.0
2026-07-17,Tamil Nadu,Dharmapuri,Pennagaram(Uzhavar Sandhai ),Mango,Safeda,Local,3700.0,4000.0,3850.0
2026-07-17,Tamil Nadu,Dindigul,Dindigul(Uzhavar Sandhai ),Mango,Safeda,Local,4000.0,5000.0,4500.0
2026-07-17,Tamil Nadu,Erode,Perundurai(Uzhavar Sandhai ),Mango,Safeda,Local,5000.0,5500.0,5250.0
2026-07-17,Tamil Nadu,Erode,Sampath Nagar(Uzhavar Sandhai ),Mango,Safeda,Local,3000.0,5000.0,4000.0
2026-07-17,Tamil Nadu,Kallakuruchi,Kallakurichi(Uzhavar Sandhai ),Mango,Other,Local,4000.0,4000.0,4000.0
2026-07-17,Tamil Nadu,Kallakuruchi,Sankarapuram(Uzhavar Sandhai ),Mango,Neelam,Local,5000.0,5000.0,5000.0
2026-07-17,Tamil Nadu,Kancheepuram,Kancheepuram(Uzhavar Sandhai ),Mango,Safeda,Local,3500.0,6000.0,4750.0
2026-07-17,Tamil Nadu,Kancheepuram,Padappai(Uzhavar Sandhai ),Mango,Safeda,Local,3500.0,6000.0,4750.0
2026-07-17,Tamil Nadu,Karur,Gandhigramam(Uzhavar Sandhai),Mango,Neelam,Local,5000.0,8000.0,6500.0
2026-07-17,Tamil Nadu,Karur,Karur(Uzhavar Sandhai ),Mango,Neelam,Local,7500.0,8000.0,7750.0
2026-07-17,Tamil Nadu,Karur,Kulithalai(Uzhavar Sandhai ),Mango,Other,Local,4000.0,5000.0,4500.0
2026-07-17,Tamil Nadu,Karur,Pallapatti (Uzhavar Sandhai ),Mango,Other,Local,3500.0,4000.0,3750.0
2026-07-17,Tamil Nadu,Krishnagiri,Krishnagiri(Uzhavar Sandhai ),Mango,Safeda,Local,1500.0,2500.0,2000.0
2026-07-17,Tamil Nadu,Madurai,Anaiyur(Uzhavar Sandhai ),Mango,Safeda,Local,4000.0,5000.0,4500.0
2026-07-17,Tamil Nadu,Dindigul,Chinnalapatti(Uzhavar Sandhai ),Mango,Safeda,Local,4000.0,5000.0,4500.0
2026-07-17,Tamil Nadu,The Nilgiris,Udhagamandalam(Uzhavar Sandhai ),Mango,Safeda,Local,10000.0,12000.0,11000.0
2026-07-17,Tamil Nadu,Virudhunagar,Aruppukottai(Uzhavar Sandhai ),Mango,Safeda,Local,5500.0,6000.0,5750.0
2026-07-17,Tamil Nadu,Theni,Devaram(Uzhavar Sandhai ),Mango,Safeda,Local,5000.0,5000.0,5000.0
2026-07-17,Telangana,Ranga Reddy,Gaddiannaram APMC,Mango,Neelam,Medium,1666.68,5000.04,3333.36
2026-07-17,Telangana,Ranga Reddy,Gaddiannaram APMC,Mango,Other,Medium,490.0,3845.0,918.0
2026-07-17,Telangana,Ranga Reddy,Gaddiannaram APMC,Mango,Raspuri,Medium,555.56,1666.68,1111.12
2026-07-17,Telangana,Ranga Reddy,Gaddiannaram APMC,Mango,Totapuri,Medium,1111.12,3333.36,2222.24
2026-07-17,Uttar Pradesh,Aligarh,Atrauli APMC,Mango,Dusheri,Medium,1800.0,1900.0,1850.0
2026-07-17,Uttar Pradesh,Badaun,Shahaswan APMC,Mango,Other,Medium,2000.0,2500.0,2200.0
2026-07-17,Uttar Pradesh,Farukhabad,Kayamganj APMC,Mango,Chausa,Medium,5000.0,5100.0,5050.0
2026-07-17,Uttar Pradesh,Mau(Maunathbhanjan),Kopaganj APMC,Mango,Dusheri,Grade B,3250.0,3280.0,3260.0
2026-07-17,Uttar Pradesh,Rampur,Bilaspur APMC,Mango,Dusheri,Local,2300.0,2700.0,2500.0
2026-07-17,Uttar Pradesh,Shamli,Kairana APMC,Mango,Dusheri,Medium,2300.0,2400.0,2350.0
2026-07-17,Uttar Pradesh,Shamli,Khandhla APMC,Mango,Dusheri,Medium,4900.0,4940.0,4920.0
2026-07-17,Uttarakhand,Dehradoon,Dehradoon APMC,Mango,Other,Grade B,2200.0,3500.0,3000.0
2026-07-17,Uttarakhand,Dehradoon,Rishikesh APMC,Mango,Chausa,Medium,4000.0,4500.0,4200.0
2026-07-17,Telangana,Ranga Reddy,Gaddiannaram APMC,Mango,Langra,Medium,2000.0,6000.0,3000.0
2026-07-17,Uttarakhand,Dehradoon,Rishikesh APMC,Mango,Dusheri,Medium,2000.0,3800.0,3000.0
2026-07-17,Uttarakhand,Dehradoon,Rishikesh APMC,Mango,Other,Medium,1200.0,2250.0,1600.0
2026-07-17,Uttarakhand,Dehradoon,Vikasnagar APMC,Mango,Other,Medium,800.0,1200.0,1200.0
2026-07-17,Uttarakhand,Garhwal (Pauri),Kotadwara APMC,Mango,Other,Medium,2000.0,2000.0,2000.0
2026-07-17,Uttarakhand,Haridwar,Haridwar Union APMC,Mango,Dusheri,Grade C,1000.0,2500.0,1500.0
2026-07-17,Uttarakhand,Haridwar,Haridwar Union APMC,Mango,Other,Grade C,2000.0,3500.0,2500.0
2026-07-17,Uttarakhand,Haridwar,Manglaur APMC,Mango,Other,Medium,800.0,1200.0,900.0
2026-07-17,Uttarakhand,Haridwar,Roorkee APMC,Mango,Other,Local,1200.0,1600.0,1400.0
2026-07-17,Uttarakhand,Nanital,Haldwani APMC,Mango,Other,Grade A,1000.0,1500.0,1200.0
2026-07-17,Uttarakhand,Udhamsinghnagar,Kashipur APMC,Mango,Other,Local,2200.0,2300.0,2250.0
2026-07-17,Uttarakhand,Udhamsinghnagar,Kicchha APMC,Mango,Chausa,Medium,3000.0,4000.0,3500.0
2026-07-17,Uttarakhand,Udhamsinghnagar,Rudrapur APMC,Mango,Other,Medium,2000.0,4000.0,3000.0
2026-07-17,Uttarakhand,Udhamsinghnagar,Sitarganj APMC,Mango,Dusheri,Local,1500.0,3500.0,2000.0
2026-07-17,Tamil Nadu,Chengalpattu,Pallavaram(Uzhavar Sandhai ),Mango,Neelam,Local,5000.0,6000.0,5500.0
2026-07-17,Uttarakhand,Dehradoon,Rishikesh APMC,Mango,Langra,Medium,2000.0,3650.0,2800.0
2026-07-17,Tamil Nadu,Theni,Bodinayakanur(Uzhavar Sandhai ),Mango,Safeda,Local,5000.0,5000.0,5000.0
2026-07-17,Telangana,Ranga Reddy,Gaddiannaram APMC,Mango,Badami,Medium,2222.24,11666.76,3333.36
2026-07-17,Tamil Nadu,Villupuram,Villupuram(Uzhavar Sandhai ),Mango,Safeda,Local,7000.0,7000.0,7000.0
2026-07-17,Tamil Nadu,Theni,Kambam(Uzhavar Sandhai ),Mango,Safeda,Local,3000.0,5000.0,4000.0
2026-07-17,Tamil Nadu,Theni,Theni(Uzhavar Sandhai ),Mango,Neelam,Local,3000.0,5000.0,4000.0
2026-07-17,Tamil Nadu,Thiruchirappalli,KKNagar(Uzhavar Sandhai ),Mango,Safeda,Local,5000.0,5000.0,5000.0
2026-07-17,Tamil Nadu,Thiruchirappalli,Musiri(Uzhavar Sandhai ),Mango,Safeda,Local,3000.0,3000.0,3000.0
2026-07-17,Tamil Nadu,Thiruchirappalli,Thuraiyur APMC,Mango,Safeda,Local,7000.0,10000.0,8500.0
2026-07-17,Tamil Nadu,Thirunelveli,Palayamkottai(Uzhavar Sandhai ),Mango,Safeda,Local,6000.0,8000.0,7000.0
2026-07-17,Tamil Nadu,Thirupathur,Natrampalli(Uzhavar Sandhai ),Mango,Safeda,Local,2500.0,3000.0,2750.0
2026-07-17,Tamil Nadu,Thirupathur,Vaniyampadi(Uzhavar Sandhai ),Mango,Safeda,Local,3000.0,3000.0,3000.0
2026-07-17,Tamil Nadu,Thirupur,Dharapuram(Uzhavar Sandhai ),Mango,Safeda,Local,5500.0,6000.0,5750.0
2026-07-17,Tamil Nadu,Thirupur,Tiruppur (North) (Uzhavar Sandhai ),Mango,Other,Local,4500.0,5000.0,4750.0
2026-07-17,Tamil Nadu,Thirupur,Tiruppur (South) (Uzhavar Sandhai ),Mango,Neelam,Local,4800.0,6000.0,5400.0
2026-07-17,Tamil Nadu,Thiruvannamalai,Arani(Uzhavar Sandhai ),Mango,Safeda,Local,4000.0,5000.0,4500.0
2026-07-17,Tamil Nadu,Thiruvannamalai,Chengam(Uzhavar Sandhai ),Mango,Safeda,Local,3300.0,4000.0,3650.0
2026-07-17,Tamil Nadu,Virudhunagar,Srivilliputhur(Uzhavar Sandhai ),Mango,Safeda,Local,3500.0,4000.0,3750.0
2026-07-17,Tamil Nadu,Thiruvannamalai,Polur(Uzhavar Sandhai ),Mango,Safeda,Local,4200.0,5000.0,4600.0
2026-07-17,Tamil Nadu,Thiruvannamalai,Tiruvannamalai(Uzhavar Sandhai ),Mango,Other,Local,5000.0,6000.0,5500.0
2026-07-17,Tamil Nadu,Thiruvarur,Mannargudi I(Uzhavar Sandhai ),Mango,Safeda,Local,4000.0,5000.0,4500.0
2026-07-17,Tamil Nadu,Thiruvarur,Mannargudi II(Uzhavar Sandhai ),Mango,Safeda,Local,4000.0,5000.0,4500.0
2026-07-17,Tamil Nadu,Thiruvarur,Tiruthuraipoondi(Uzhavar Sandhai ),Mango,Safeda,Local,3000.0,3000.0,3000.0
2026-07-17,Tamil Nadu,Tuticorin,Tuticorin(Uzhavar Sandhai ),Mango,Safeda,Local,4000.0,5000.0,4500.0
2026-07-17,Tamil Nadu,Vellore,Gudiyatham(Uzhavar Sandhai ),Mango,Neelam,Local,3000.0,3000.0,3000.0
2026-07-17,Tamil Nadu,Vellore,Kahithapattarai(Uzhavar Sandhai ),Mango,Safeda,Local,5000.0,6000.0,5500.0
2026-07-17,Tamil Nadu,Vellore,Katpadi (Uzhavar Sandhai ),Mango,Safeda,Local,4000.0,6000.0,5000.0
2026-07-17,Tamil Nadu,Vellore,Pallikonda(Uzhavar Sandhai),Mango,Safeda,Local,4000.0,6000.0,5000.0
2026-07-17,Tamil Nadu,Vellore,Perampet(Uzhavar Sandhai),Mango,Neelam,Local,3500.0,3500.0,3500.0
2026-07-17,Tamil Nadu,Vellore,Thirupathur APMC,Mango,Safeda,Local,4000.0,4000.0,4000.0
2026-07-17,Tamil Nadu,Vellore,Vellore APMC,Mango,Neelam,Local,3000.0,4000.0,3500.0
2026-07-17,Tamil Nadu,Villupuram,Tindivanam APMC,Mango,Safeda,Local,5000.0,5000.0,5000.0
2026-07-17,Tamil Nadu,Thiruvannamalai,Tamarainagar(Uzhavar Sandhai ),Mango,Safeda,Local,5000.0,6000.0,5500.0
2026-07-17,Tamil Nadu,Chengalpattu,Nanganallur(Uzhavar Sandhai ),Mango,Neelam,Local,5500.0,6000.0,5750.0
2026-07-17,Tamil Nadu,Dindigul,Palani(Uzhavar Sandhai ),Mango,Neelam,Local,3000.0,4000.0,3500.0
2026-07-17,Tamil Nadu,Chengalpattu,Guduvancheri(Uzhavar Sandhai ),Mango,Other,Local,5000.0,6000.0,5500.0
2026-07-17,Haryana,Yamuna Nagar,Chhachrauli APMC,Mango,Other,Local,1500.0,5500.0,2600.0
2026-07-17,Haryana,Yamuna Nagar,Jagadhri APMC,Mango,Other,Medium,2500.0,9569.0,8000.0
2026-07-17,Himachal Pradesh,Bilaspur,PMY Bilaspur,Mango,Other,Grade B,6500.0,10000.0,7200.0
2026-07-17,Himachal Pradesh,Chamba,PMY Chamba,Mango,Dusheri,Medium,5500.0,6000.0,5750.0
2026-07-17,Himachal Pradesh,Hamirpur,SMY Nadaun,Mango,Other,Grade B,8500.0,11000.0,9000.0
2026-07-17,Himachal Pradesh,Kangra,PMY Kangra,Mango,Other,Medium,4000.0,6000.0,5000.0
2026-07-17,Himachal Pradesh,Kangra,SMY Baijnath,Mango,Dusheri,Grade A,4000.0,7000.0,5000.0
2026-07-17,Himachal Pradesh,Kangra,SMY Jaisinghpur,Mango,Dusheri,Medium,4500.0,8000.0,6000.0
2026-07-17,Himachal Pradesh,Kangra,SMY Nagrota Bagwan,Mango,Other,Medium,4000.0,6000.0,5000.0
2026-07-17,Himachal Pradesh,Kangra,SMY Palampur,Mango,Other,Medium,2000.0,12000.0,7000.0
2026-07-17,Himachal Pradesh,Kullu,PMY Kullu,Mango,Other,Medium,5000.0,15000.0,8000.0
2026-07-17,Himachal Pradesh,Kullu,SMY Bhuntar,Mango,Other,Medium,4500.0,13000.0,9000.0
2026-07-17,Himachal Pradesh,Mandi,PMY Kangni Mandi,Mango,Other,Grade B,6500.0,10000.0,8000.0
2026-07-17,Himachal Pradesh,Mandi,SMY Dhanotu,Mango,Other,Medium,6000.0,9000.0,7500.0
2026-07-17,Himachal Pradesh,Shimla,SMY Rampur,Mango,Other,Local,3000.0,3500.0,3200.0
2026-07-17,Himachal Pradesh,Shimla,SMY Rohroo,Mango,Other,Grade B,5000.0,8000.0,6500.0
2026-07-17,Himachal Pradesh,Solan,PMY Kather Solan,Mango,Other,Medium,2000.0,14000.0,8000.0
2026-07-17,Himachal Pradesh,Solan,SMY Nalagarh,Mango,Other,Medium,2800.0,3000.0,2900.0
2026-07-17,Himachal Pradesh,Una,PMY Una,Mango,Dusheri,Grade A,5000.0,7000.0,6000.0
2026-07-17,Himachal Pradesh,Una,PMY Una,Mango,Other,Grade A,10000.0,11000.0,10500.0
2026-07-17,Himachal Pradesh,Una,SMY Takarla,Mango,Other,Grade A,4500.0,7000.0,5500.0
2026-07-17,Jammu and Kashmir,Jammu,Narwal Jammu (F&V),Mango,Chausa,Medium,5000.0,10000.0,7500.0
2026-07-17,Jammu and Kashmir,Jammu,Narwal Jammu (F&V),Mango,Dusheri,Medium,4000.0,8000.0,6000.0
2026-07-17,Jammu and Kashmir,Jammu,Narwal Jammu (F&V),Mango,Langra,Medium,5000.0,10000.0,7500.0
2026-07-17,Jammu and Kashmir,Jammu,Narwal Jammu (F&V),Mango,Safeda,Medium,9000.0,13000.0,11000.0
2026-07-17,Jammu and Kashmir,Jammu,Narwal Jammu (F&V),Mango,Totapuri,Medium,3000.0,4500.0,3750.0
2026-07-17,Jammu and Kashmir,Kathua,Kathua (F&V),Mango,Dusheri,Grade B,3500.0,4500.0,4000.0
2026-07-17,Haryana,Sonipat,Sonepat(Kharkhoda) APMC,Mango,Other,Grade A,3000.0,5000.0,4200.0
2026-07-17,Haryana,Sonipat,Sonepat APMC,Mango,Safeda,Medium,3500.0,7500.0,7500.0
2026-07-17,Haryana,Sonipat,Sonepat APMC,Mango,Dusheri,Medium,2500.0,8000.0,2500.0
2026-07-17,Haryana,Sonipat,Gohana APMC,Mango,Other,Medium,4000.0,7000.0,5000.0
2026-07-17,Andhra Pradesh,Chittor,Bangarupalyam APMC,Mango,Badami,Grade B,4500.0,6000.0,5000.0
2026-07-17,Andhra Pradesh,Chittor,Chittoor APMC,Mango,Neelam,Local,1200.0,1800.0,1500.0
2026-07-17,Andhra Pradesh,Chittor,Chittoor APMC,Mango,Totapuri,Local,600.0,800.0,600.0
2026-07-17,Bihar,East Champaran/ Motihari,Motihari APMC,Mango,Other,Grade A,6000.0,6500.0,6200.0
2026-07-17,Chandigarh,Chandigarh,Chandigarh (Grain/F&V) APMC,Mango,Other,Medium,2000.0,8000.0,6000.0
2026-07-17,Goa,North Goa,Mapusa APMC,Mango,Neelam,Medium,5000.0,6000.0,5500.0
2026-07-17,Gujarat,Bharuch,Bharuch APMC,Mango,Langra,Local,2000.0,3500.0,2500.0
2026-07-17,Gujarat,Mehsana,Mehsana(Mehsana Veg) APMC,Mango,Badami,Local,1500.0,6000.0,4500.0
2026-07-17,Haryana,Ambala,Shahzadpur APMC,Mango,Langra,Medium,1300.0,2400.0,1300.0
2026-07-17,Haryana,Faridabad,Faridabad APMC,Mango,Other,Grade B,5500.0,5500.0,5500.0
2026-07-17,Haryana,Gurgaon,Gurgaon APMC,Mango,Other,Grade B,2000.0,6000.0,4000.0
2026-07-17,Haryana,Hissar,Barwala(Hisar) APMC,Mango,Other,Local,2000.0,6000.0,4500.0
2026-07-17,Haryana,Jhajar,Jhajjar APMC,Mango,Other,Medium,4000.0,4000.0,4000.0
2026-07-17,Jammu and Kashmir,Kathua,Kathua (F&V),Mango,Totapuri,Grade B,4000.0,4500.0,4250.0
2026-07-17,Haryana,Jind,Narwana APMC,Mango,Other,Local,4000.0,9000.0,6000.0
2026-07-17,Haryana,Kurukshetra,Ladwa APMC,Mango,Dusheri,Medium,2500.0,5000.0,4000.0
2026-07-17,Haryana,Kurukshetra,Shahabad APMC,Mango,Other,Medium,2000.0,9000.0,3000.0
2026-07-17,Haryana,Mahendragarh-Narnaul,Narnaul APMC,Mango,Mango,Medium,5000.0,7000.0,6000.0
2026-07-17,Haryana,Mewat,FerozpurZirkha(Nagina) APMC,Mango,Other,Local,2000.0,2400.0,2200.0
2026-07-17,Haryana,Mewat,Punhana APMC,Mango,Other,Medium,3000.0,3000.0,3000.0
2026-07-17,Haryana,Panipat,Panipat APMC,Mango,Other,Local,3000.0,5000.0,4000.0
2026-07-17,Haryana,Panipat,Samalkha APMC,Mango,Other,Grade A,3000.0,6000.0,4500.0
2026-07-17,Haryana,Rewari,Kosli APMC,Mango,Other,Medium,4000.0,4000.0,4000.0
2026-07-17,Haryana,Rohtak,Meham APMC,Mango,Other,Medium,2100.0,4000.0,3500.0
2026-07-17,Haryana,Rohtak,Rohtak APMC,Mango,Other,Medium,3000.0,6000.0,4000.0
2026-07-17,Haryana,Rohtak,Sampla APMC,Mango,Other,Local,3000.0,6000.0,5000.0
2026-07-17,Haryana,Sirsa,Sirsa APMC,Mango,Other,Medium,1500.0,4500.0,3000.0
2026-07-17,Haryana,Sonipat,Ganaur APMC,Mango,Other,Medium,3000.0,6000.0,4500.0
2026-07-17,Haryana,Jind,Safidon APMC,Mango,Other,Medium,2500.0,6000.0,4000.0
2026-07-17,Jammu and Kashmir,Rajouri,Rajouri (Phaliana) (F&V),Mango,Chausa,Grade B,5500.0,5500.0,5500.0
2026-07-17,Chattisgarh,Durg,Durg APMC,Mango,Dusheri,Medium,5000.0,6000.0,6000.0
2026-07-17,Jammu and Kashmir,Srinagar,Parimpore Srinagar (F&V),Mango,Safeda,Medium,11000.0,12000.0,11500.0
2026-07-17,Punjab,Fazilka,Fazilka APMC,Mango,Other,Medium,7000.0,7000.0,7000.0
2026-07-17,Punjab,Fazilka,Jalalabad APMC,Mango,Other,Medium,5500.0,6000.0,5700.0
2026-07-17,Punjab,Gurdaspur,Quadian APMC,Mango,Other,Grade A,4000.0,4200.0,4100.0
2026-07-17,Punjab,Hoshiarpur,Garh Shankar APMC,Mango,Other,Medium,3500.0,3500.0,3500.0
2026-07-17,Punjab,Hoshiarpur,Garh Shankar(Mahalpur) APMC,Mango,Dusheri,Medium,6000.0,6000.0,6000.0
2026-07-17,Punjab,Hoshiarpur,Tanda Urmur APMC,Mango,Other,Grade A,5000.0,6000.0,5200.0
2026-07-17,Punjab,Hoshiarpur,Tanda Urmur APMC,Mango,Totapuri,Grade A,4000.0,4500.0,4200.0
2026-07-17,Punjab,Jalandhar,Jalandhar City(Jalandhar) APMC,Mango,Other,Medium,2100.0,5200.0,4000.0
2026-07-17,Punjab,Ludhiana,Khanna APMC,Mango,Dusheri,Grade A,4000.0,4000.0,4000.0
2026-07-17,Punjab,Ludhiana,Khanna APMC,Mango,Safeda,Grade A,5000.0,5000.0,5000.0
2026-07-17,Punjab,Ludhiana,Ludhiana APMC,Mango,Other,Medium,2000.0,5000.0,3000.0
2026-07-17,Punjab,Ludhiana,Raikot APMC,Mango,Chausa,Grade A,5450.0,5450.0,5450.0
2026-07-17,Tamil Nadu,Chengalpattu,Jameenrayapettai(Uzhavar Sandhai ),Mango,Other,Local,5000.0,6000.0,5500.0
2026-07-17,Punjab,Bhatinda,Bhagta Bhai Ka APMC,Mango,Other,Medium,3200.0,3200.0,3200.0
2026-07-17,Punjab,Mansa,Mansa APMC,Mango,Other,Grade A,4800.0,4800.0,4800.0
2026-07-17,Punjab,Nawanshahr,Nawan Shahar(Subzi Mandi) APMC,Mango,Other,Medium,6500.0,7000.0,6800.0
2026-07-17,Punjab,Patiala,Nabha APMC,Mango,Other,Grade B,2800.0,5000.0,3500.0
2026-07-17,Punjab,Patiala,Patiala APMC,Mango,Other,Grade A,3000.0,4000.0,3300.0
2026-07-17,Punjab,Patiala,Patran APMC,Mango,Other,Grade A,3070.0,3070.0,3070.0
2026-07-17,Punjab,Sangrur,Bhawanigarh APMC,Mango,Other,Local,5000.0,6000.0,5500.0
2026-07-17,Punjab,Sangrur,Dhuri APMC,Mango,Dusheri,Medium,5000.0,5800.0,5500.0
2026-07-17,Punjab,Tarntaran,Patti APMC,Mango,Other,Grade B,1250.0,1250.0,1250.0
2026-07-17,Rajasthan,Ajmer,Ajmer(F&V) APMC,Mango,Other,Medium,3000.0,6000.0,4200.0
2026-07-17,Rajasthan,Chittorgarh,Chittorgarh APMC,Mango,Other,Grade C,3500.0,3500.0,3500.0
2026-07-17,Rajasthan,Jodhpur,Jodhpur (F&V) APMC,Mango,Badami,Medium,2000.0,4500.0,3250.0
2026-07-17,Rajasthan,Jodhpur,Jodhpur (F&V) APMC,Mango,Langra,Medium,1500.0,4000.0,2750.0
2026-07-17,Rajasthan,Udaipur,Udaipur (F&V) APMC,Mango,Other,Medium,2000.0,4000.0,3000.0
2026-07-17,Jammu and Kashmir,Srinagar,Parimpore Srinagar (F&V),Mango,Dusheri,Medium,5000.0,6000.0,5500.0
2026-07-17,Punjab,Mohali,Kharar APMC,Mango,Other,Small,2000.0,5000.0,2500.0
2026-07-17,Odisha,Sundergarh,Bonai APMC,Mango,Other,Local,1750.0,2120.0,1970.0
2026-07-17,Rajasthan,Ganganagar,Sriganganagar (F&V) APMC,Mango,Amrapali,Grade A,5300.0,5700.0,5500.0
2026-07-17,Odisha,Mayurbhanja,Narasinghpur APMC,Mango,Amrapali,Local,2500.0,3500.0,3000.0
2026-07-17,Odisha,Mayurbhanja,Narasinghpur APMC,Mango,Langra,Local,2500.0,3500.0,3000.0
2026-07-17,Karnataka,Bengaluru,"Binny Mill (F&V), Bengaluru APMC",Mango,Neelam,Local,2000.0,4000.0,3000.0
2026-07-17,Jammu and Kashmir,Srinagar,Parimpore Srinagar (F&V),Mango,Totapuri,Medium,4000.0,5000.0,4500.0
2026-07-17,Karnataka,Davangere,Davangere APMC,Mango,Mango,Local,3000.0,4000.0,3500.0
2026-07-17,Madhya Pradesh,Burhanpur,Burhanpur(F&V) APMC,Mango,Badami,Grade A,2000.0,5500.0,5000.0
2026-07-17,Madhya Pradesh,Indore,Indore(F&V) APMC,Mango,Other,Local,1500.0,8000.0,4500.0
2026-07-17,Madhya Pradesh,Morena,Morena APMC,Mango,Other,Non-FAQ,2000.0,2000.0,2000.0
2026-07-17,Madhya Pradesh,Sehore,Sehore(F&V) APMC,Mango,Badami,Grade Range-1,3000.0,6000.0,4000.0
2026-07-17,Madhya Pradesh,Sheopur,Sheopurkalan(F&V) APMC,Mango,Dusheri,Medium,3000.0,4000.0,3500.0
2026-07-17,Maharashtra,Ahilyanagar,Shrirampur APMC,Mango,Other,Local,2500.0,3500.0,3000.0
2026-07-17,Maharashtra,Chandrapur,Chandrapur(Ganjwad) APMC,Mango,Other,Local,4000.0,6000.0,5000.0
2026-07-17,Maharashtra,Jalgaon,Bhusaval APMC,Mango,Other,Local,6000.0,6000.0,6000.0
2026-07-17,Maharashtra,Mumbai,Mumbai- Fruit Market APMC,Mango,Other,Local,6000.0,14000.0,10000.0
2026-07-17,Maharashtra,Nagpur,Nagpur APMC,Mango,Other,Local,2500.0,3500.0,3250.0
2026-07-17,Karnataka,Bengaluru,"Binny Mill (F&V), Bengaluru APMC",Mango,Totapuri,Local,1000.0,1400.0,1200.0
2026-07-17,Maharashtra,Pune,Pune(Moshi) APMC,Mango,Other,Local,4000.0,10000.0,7000.0
2026-07-17,Maharashtra,Nashik,Nasik APMC,Mango,Other,Local,3000.0,6000.0,4000.0
2026-07-17,NCT of Delhi,Delhi,APMC Keshopur,Mango,Other,Medium,5000.0,7000.0,6000.0
2026-07-17,NCT of Delhi,Delhi,APMC Azadpur,Mango,Surkha,Grade A,2500.0,6000.0,4000.0
2026-07-17,NCT of Delhi,Delhi,APMC Azadpur,Mango,Saroli,Grade A,1000.0,2000.0,1500.0
2026-07-17,NCT of Delhi,Delhi,APMC Azadpur,Mango,Safeda,Grade A,2143.0,3571.0,3129.0
2026-07-17,NCT of Delhi,Delhi,APMC Azadpur,Mango,Totapuri,Grade A,2143.0,3214.0,2643.0
2026-07-17,NCT of Delhi,Delhi,APMC Azadpur,Mango,Keshar,Grade A,2857.0,5000.0,3643.0
2026-07-17,Maharashtra,Solapur,SHRI.SIDDHESHWAR  APMC,Mango,Other,Local,1500.0,4000.0,2500.0
2026-07-17,NCT of Delhi,Delhi,APMC Azadpur,Mango,Langra,Grade A,2000.0,5000.0,3100.0
2026-07-17,NCT of Delhi,Delhi,APMC Azadpur,Mango,Dinga,Grade A,2000.0,3000.0,2400.0
2026-07-17,Odisha,Gajapati,Kasinagar APMC,Mango,Badami,Grade Range-1,1800.0,2000.0,1900.0
2026-07-17,NCT of Delhi,Delhi,APMC Azadpur,Mango,Fazli,Grade A,2857.0,5714.0,4464.0
2026-07-17,NCT of Delhi,Delhi,APMC Azadpur,Mango,Dusheri,Grade A,1429.0,3571.0,2393.0
2026-07-18,Tamil Nadu,Salem,Sooramangalam(Uzhavar Sandhai ),Mango,Neelam,Local,4000.0,5000.0,4500.0
2026-07-18,Tamil Nadu,Namakkal,Tiruchengode APMC,Mango,Other,Local,5400.0,6000.0,5700.0
2026-07-18,Tamil Nadu,Perambalur,Perambalur(Uzhavar Sandhai ),Mango,Other,Local,5000.0,6000.0,5500.0
2026-07-18,Tamil Nadu,Pudukkottai,Pudukottai(Uzhavar Sandhai ),Mango,Other,Local,5000.0,6000.0,5500.0
2026-07-18,Tamil Nadu,Ranipet,Ranipettai(Uzhavar Sandhai ),Mango,Safeda,Local,6000.0,8000.0,7000.0
2026-07-18,Tamil Nadu,Salem,Ammapet(Uzhavar Sandhai ),Mango,Neelam,Local,5000.0,6000.0,5500.0
2026-07-18,Tamil Nadu,Salem,Athur(Uzhavar Sandhai ),Mango,Safeda,Local,4000.0,5000.0,4500.0
2026-07-18,Tamil Nadu,Namakkal,Rasipuram(Uzhavar Sandhai ),Mango,Other,Local,4000.0,6000.0,5000.0
2026-07-18,Tamil Nadu,Salem,Edapadi (Uzhavar Sandhai ),Mango,Neelam,Local,5500.0,6000.0,5750.0
2026-07-18,Tamil Nadu,Salem,Elampillai(Uzhavar Sandhai ),Mango,Neelam,Local,4000.0,5000.0,4500.0
2026-07-18,Tamil Nadu,Salem,Hasthampatti(Uzhavar Sandhai ),Mango,Neelam,Local,5000.0,6000.0,5500.0
2026-07-18,Tamil Nadu,Ranipet,Arcot(Uzhavar Sandhai ),Mango,Neelam,Local,6000.0,6000.0,6000.0
2026-07-18,Tamil Nadu,Tenkasi,Sankarankoil(Uzhavar Sandhai ),Mango,Safeda,Local,4000.0,4000.0,4000.0
2026-07-18,Tamil Nadu,Salem,Thathakapatti(Uzhavar Sandhai ),Mango,Neelam,Local,4000.0,5000.0,4500.0
2026-07-18,Tamil Nadu,Salem,Vazhapadi(Uzhavar Sandhai),Mango,Neelam,Local,6000.0,6000.0,6000.0
2026-07-18,Tamil Nadu,Sivaganga,Singampunari(Uzhavar Sandhai ),Mango,Other,Local,3000.0,3500.0,3250.0
2026-07-18,Tamil Nadu,Sivaganga,Sivagangai (Uzhavar Sandhai ),Mango,Safeda,Local,3500.0,6500.0,5000.0
2026-07-18,Tamil Nadu,Tenkasi,Tenkasi(Uzhavar Sandhai ),Mango,Neelam,Local,4000.0,4000.0,4000.0
2026-07-18,Tamil Nadu,Thanjavur,Kumbakonam (Uzhavar Sandhai ),Mango,Safeda,Local,3000.0,9000.0,6000.0
2026-07-18,Tamil Nadu,Thanjavur,Thanjavur(Uzhavar Sandhai ),Mango,Safeda,Local,5000.0,7000.0,6000.0
2026-07-18,Tamil Nadu,The Nilgiris,Udhagamandalam(Uzhavar Sandhai ),Mango,Safeda,Local,10000.0,12000.0,11000.0
2026-07-18,Tamil Nadu,Theni,Bodinayakanur(Uzhavar Sandhai ),Mango,Safeda,Local,4500.0,4500.0,4500.0
2026-07-18,Tamil Nadu,Theni,Devaram(Uzhavar Sandhai ),Mango,Safeda,Local,5000.0,5000.0,5000.0
2026-07-18,Tamil Nadu,Theni,Kambam(Uzhavar Sandhai ),Mango,Safeda,Local,3000.0,5000.0,4000.0
2026-07-18,Tamil Nadu,Theni,Theni(Uzhavar Sandhai ),Mango,Neelam,Local,3000.0,5000.0,4000.0
2026-07-18,Tamil Nadu,Salem,Thammampatti (Uzhavar Sandhai ),Mango,Safeda,Local,4000.0,5000.0,4500.0
2026-07-18,Tamil Nadu,Namakkal,Namakkal(Uzhavar Sandhai ),Mango,Neelam,Local,5000.0,6000.0,5500.0
2026-07-18,Tamil Nadu,Karur,Karur(Uzhavar Sandhai ),Mango,Neelam,Local,7500.0,8000.0,7750.0
2026-07-18,Tamil Nadu,Nagercoil (Kannyiakumari),Vadaseri APMC,Mango,Safeda,Local,6500.0,7000.0,6750.0
2026-07-18,Tamil Nadu,Dharmapuri,Palacode(Uzhavar Sandhai ),Mango,Safeda,Local,4000.0,4500.0,4250.0
2026-07-18,Tamil Nadu,Thiruchirappalli,KKNagar(Uzhavar Sandhai ),Mango,Safeda,Local,5000.0,6000.0,5500.0
2026-07-18,Tamil Nadu,Dharmapuri,Pennagaram(Uzhavar Sandhai ),Mango,Safeda,Local,3600.0,4000.0,3800.0
2026-07-18,Tamil Nadu,Dindigul,Chinnalapatti(Uzhavar Sandhai ),Mango,Neelam,Local,4000.0,5000.0,4500.0
2026-07-18,Tamil Nadu,Dindigul,Dindigul(Uzhavar Sandhai ),Mango,Safeda,Local,4000.0,5000.0,4500.0
2026-07-18,Tamil Nadu,Dindigul,Palani(Uzhavar Sandhai ),Mango,Neelam,Local,2500.0,4000.0,3250.0
2026-07-18,Tamil Nadu,Erode,Periyar Nagar(Uzhavar Sandhai ),Mango,Neelam,Local,4500.0,5000.0,4750.0
2026-07-18,Tamil Nadu,Erode,Perundurai(Uzhavar Sandhai ),Mango,Safeda,Local,5000.0,6000.0,5500.0
2026-07-18,Tamil Nadu,Erode,Sampath Nagar(Uzhavar Sandhai ),Mango,Safeda,Local,3000.0,5000.0,4000.0
2026-07-18,Tamil Nadu,Kallakuruchi,Kallakurichi(Uzhavar Sandhai ),Mango,Other,Local,4000.0,4000.0,4000.0
2026-07-18,Tamil Nadu,Kallakuruchi,Sankarapuram(Uzhavar Sandhai ),Mango,Neelam,Local,5000.0,5000.0,5000.0
2026-07-18,Tamil Nadu,Kancheepuram,Kancheepuram(Uzhavar Sandhai ),Mango,Safeda,Local,3500.0,6000.0,4750.0
2026-07-18,Tamil Nadu,Kancheepuram,Padappai(Uzhavar Sandhai ),Mango,Safeda,Local,3500.0,6000.0,4750.0
2026-07-18,Tamil Nadu,Karur,Gandhigramam(Uzhavar Sandhai),Mango,Neelam,Local,5000.0,8000.0,6500.0
2026-07-18,Tamil Nadu,Karur,Kulithalai(Uzhavar Sandhai ),Mango,Neelam,Local,5000.0,6000.0,5500.0
2026-07-18,Tamil Nadu,Karur,Pallapatti (Uzhavar Sandhai ),Mango,Other,Local,3500.0,4000.0,3750.0
2026-07-18,Tamil Nadu,Krishnagiri,Krishnagiri(Uzhavar Sandhai ),Mango,Safeda,Local,2000.0,2500.0,2250.0
2026-07-18,Tamil Nadu,Madurai,Anaiyur(Uzhavar Sandhai ),Mango,Safeda,Local,5000.0,6000.0,5500.0
2026-07-18,Tamil Nadu,Madurai,Anna nagar(Uzhavar Sandhai ),Mango,Other,Local,5000.0,5000.0,5000.0
2026-07-18,Tamil Nadu,Madurai,Anna nagar(Uzhavar Sandhai ),Mango,Safeda,Local,4000.0,5000.0,4500.0
2026-07-18,Tamil Nadu,Madurai,Chokkikulam(Uzhavar Sandhai ),Mango,Safeda,Local,3000.0,5000.0,4000.0
2026-07-18,Tamil Nadu,Madurai,Melur(Uzhavar Sandhai ),Mango,Safeda,Local,4500.0,5000.0,4750.0
2026-07-18,Tamil Nadu,Madurai,Thirumangalam(Uzhavar Sandhai ),Mango,Safeda,Local,5000.0,6000.0,5500.0
2026-07-18,Tamil Nadu,Nagapattinam,Nagapattinam(Uzhavar Sandhai ),Mango,Other,Local,3000.0,3900.0,3450.0
2026-07-18,Tamil Nadu,Nagercoil (Kannyiakumari),Myladi(Uzhavar Sandhai ),Mango,Safeda,Local,6500.0,7000.0,6750.0
2026-07-18,Tamil Nadu,Namakkal,Kumarapalayam(Uzhavar Sandhai ),Mango,Safeda,Local,4500.0,5000.0,4750.0
2026-07-18,Tamil Nadu,Thiruchirappalli,Thuraiyur APMC,Mango,Safeda,Local,6000.0,7000.0,6500.0
2026-07-18,Telangana,Ranga Reddy,Gaddiannaram APMC,Mango,Other,Medium,1400.0,1400.0,1400.0
2026-07-18,Tamil Nadu,Thirupathur,Natrampalli(Uzhavar Sandhai ),Mango,Safeda,Local,3000.0,3000.0,3000.0
2026-07-18,Uttar Pradesh,Aligarh,Atrauli APMC,Mango,Dusheri,Medium,1800.0,1900.0,1850.0
2026-07-18,Uttar Pradesh,Amroha,Hasanpur APMC,Mango,Chausa,Grade A,2500.0,3500.0,3000.0
2026-07-18,Uttar Pradesh,Badaun,Shahaswan APMC,Mango,Other,Medium,2200.0,2600.0,2500.0
2026-07-18,Uttar Pradesh,Mau(Maunathbhanjan),Kopaganj APMC,Mango,Dusheri,Grade B,3200.0,3360.0,3300.0
2026-07-18,Uttar Pradesh,Rampur,Bilaspur APMC,Mango,Dusheri,Local,2400.0,2800.0,2600.0
2026-07-18,Uttar Pradesh,Shamli,Kairana APMC,Mango,Dusheri,Medium,2300.0,2400.0,2350.0
2026-07-18,Uttar Pradesh,Shamli,Khandhla APMC,Mango,Dusheri,Medium,4900.0,4940.0,4920.0
2026-07-18,Uttarakhand,Dehradoon,Dehradoon APMC,Mango,Other,Grade B,1850.0,3500.0,2050.0
2026-07-18,Uttarakhand,Dehradoon,Rishikesh APMC,Mango,Chausa,Medium,4000.0,4600.0,4200.0
2026-07-18,Uttarakhand,Dehradoon,Rishikesh APMC,Mango,Dusheri,Medium,2000.0,3850.0,3000.0
2026-07-18,Uttarakhand,Dehradoon,Rishikesh APMC,Mango,Langra,Medium,2000.0,3600.0,2800.0
2026-07-18,Uttarakhand,Dehradoon,Rishikesh APMC,Mango,Other,Medium,1200.0,2300.0,1650.0
2026-07-18,Uttarakhand,Garhwal (Pauri),Kotadwara APMC,Mango,Other,Medium,2100.0,2100.0,2100.0
2026-07-18,Uttarakhand,Haridwar,Bhagwanpur(Naveen Mandi Sthal) APMC,Mango,Other,Grade B,1200.0,1500.0,1300.0
2026-07-18,Uttarakhand,Haridwar,Haridwar Union APMC,Mango,Dusheri,Grade C,1000.0,2200.0,1500.0
2026-07-18,Uttarakhand,Haridwar,Haridwar Union APMC,Mango,Other,Grade B,2000.0,3500.0,2200.0
2026-07-18,Uttarakhand,Haridwar,Manglaur APMC,Mango,Other,Medium,800.0,1200.0,1000.0
2026-07-18,Uttarakhand,Haridwar,Roorkee APMC,Mango,Other,Local,1200.0,2000.0,1500.0
2026-07-18,Uttarakhand,Nanital,Ramnagar APMC,Mango,Other,Local,2000.0,3000.0,2500.0
2026-07-18,Uttarakhand,Udhamsinghnagar,Jaspur(UC) APMC,Mango,Other,Grade A,2000.0,2500.0,2339.0
2026-07-18,Uttarakhand,Udhamsinghnagar,Kashipur APMC,Mango,Other,Local,2400.0,2500.0,2450.0
2026-07-18,Uttarakhand,Udhamsinghnagar,Kicchha APMC,Mango,Chausa,Medium,3000.0,4000.0,3500.0
2026-07-18,Uttarakhand,Udhamsinghnagar,Rudrapur APMC,Mango,Other,Medium,2000.0,5000.0,3000.0
2026-07-18,Uttarakhand,Udhamsinghnagar,Sitarganj APMC,Mango,Dusheri,Local,2500.0,5000.0,3000.0
2026-07-18,Tamil Nadu,Dharmapuri,Karimangalam(Uzhavar Sandhai),Mango,Safeda,Local,3300.0,3500.0,3400.0
2026-07-18,Telangana,Ranga Reddy,Gaddiannaram APMC,Mango,Raspuri,Medium,555.56,1666.68,1111.12
2026-07-18,Tamil Nadu,Thirunelveli,Palayamkottai(Uzhavar Sandhai ),Mango,Safeda,Local,6000.0,8000.0,7000.0
2026-07-18,Telangana,Ranga Reddy,Gaddiannaram APMC,Mango,Neelam,Medium,1666.68,4444.48,2777.8
2026-07-18,Telangana,Ranga Reddy,Gaddiannaram APMC,Mango,Badami,Medium,2777.8,10277.86,3333.36
2026-07-18,Tamil Nadu,Thirupathur,Vaniyampadi(Uzhavar Sandhai ),Mango,Safeda,Local,4000.0,4000.0,4000.0
2026-07-18,Tamil Nadu,Thirupur,Dharapuram(Uzhavar Sandhai ),Mango,Safeda,Local,5500.0,6000.0,5750.0
2026-07-18,Tamil Nadu,Thirupur,Tiruppur (North) (Uzhavar Sandhai ),Mango,Other,Local,4500.0,5000.0,4750.0
2026-07-18,Tamil Nadu,Thirupur,Tiruppur (South) (Uzhavar Sandhai ),Mango,Other,Local,5000.0,6000.0,5500.0
2026-07-18,Tamil Nadu,Thiruvannamalai,Arani(Uzhavar Sandhai ),Mango,Safeda,Local,4000.0,5000.0,4500.0
2026-07-18,Tamil Nadu,Thiruvannamalai,Chengam(Uzhavar Sandhai ),Mango,Safeda,Local,3300.0,4000.0,3650.0
2026-07-18,Tamil Nadu,Thiruvannamalai,Keelpennathur(Uzhavar Sandhai ),Mango,Other,Local,5000.0,6000.0,5500.0
2026-07-18,Tamil Nadu,Thiruvannamalai,Polur(Uzhavar Sandhai ),Mango,Safeda,Local,4200.0,5000.0,4600.0
2026-07-18,Tamil Nadu,Thiruvannamalai,Tamarainagar(Uzhavar Sandhai ),Mango,Safeda,Local,5000.0,6000.0,5500.0
2026-07-18,Tamil Nadu,Thiruvannamalai,Tiruvannamalai(Uzhavar Sandhai ),Mango,Safeda,Local,5000.0,6000.0,5500.0
2026-07-18,Tamil Nadu,Thiruvarur,Mannargudi I(Uzhavar Sandhai ),Mango,Safeda,Local,4000.0,6000.0,5000.0
2026-07-18,Tamil Nadu,Thiruvarur,Mannargudi II(Uzhavar Sandhai ),Mango,Safeda,Local,4000.0,6000.0,5000.0
2026-07-18,Tamil Nadu,Thiruvarur,Tiruthuraipoondi(Uzhavar Sandhai ),Mango,Safeda,Local,3000.0,3000.0,3000.0
2026-07-18,Tamil Nadu,Tuticorin,Tuticorin(Uzhavar Sandhai ),Mango,Safeda,Local,4500.0,5000.0,4750.0
2026-07-18,Tamil Nadu,Vellore,Gudiyatham(Uzhavar Sandhai ),Mango,Neelam,Local,3500.0,3500.0,3500.0
2026-07-18,Tamil Nadu,Vellore,Kahithapattarai(Uzhavar Sandhai ),Mango,Safeda,Local,5000.0,6000.0,5500.0
2026-07-18,Tamil Nadu,Vellore,Katpadi (Uzhavar Sandhai ),Mango,Safeda,Local,7000.0,8000.0,7500.0
2026-07-18,Tamil Nadu,Vellore,Pallikonda(Uzhavar Sandhai),Mango,Neelam,Local,3000.0,4000.0,3500.0
2026-07-18,Tamil Nadu,Vellore,Perampet(Uzhavar Sandhai),Mango,Neelam,Local,3500.0,3500.0,3500.0
2026-07-18,Tamil Nadu,Vellore,Thirupathur APMC,Mango,Safeda,Local,4000.0,4000.0,4000.0
2026-07-18,Tamil Nadu,Vellore,Vellore APMC,Mango,Neelam,Local,3000.0,4000.0,3500.0
2026-07-18,Tamil Nadu,Villupuram,Tindivanam APMC,Mango,Safeda,Local,5000.0,5000.0,5000.0
2026-07-18,Tamil Nadu,Villupuram,Villupuram(Uzhavar Sandhai ),Mango,Safeda,Local,7000.0,10000.0,8500.0
2026-07-18,Tamil Nadu,Virudhunagar,Aruppukottai(Uzhavar Sandhai ),Mango,Safeda,Local,5500.0,6000.0,5750.0
2026-07-18,Tamil Nadu,Virudhunagar,Srivilliputhur(Uzhavar Sandhai ),Mango,Safeda,Local,3500.0,4000.0,3750.0
2026-07-18,Telangana,Ranga Reddy,Gaddiannaram APMC,Mango,Langra,Medium,2000.0,6000.0,3000.0
2026-07-18,Tamil Nadu,Dharmapuri,Harur(Uzhavar Sandhai ),Mango,Other,Local,4000.0,5000.0,4500.0
2026-07-18,Tamil Nadu,Thiruchirappalli,Musiri(Uzhavar Sandhai ),Mango,Safeda,Local,3000.0,3000.0,3000.0
2026-07-18,Tamil Nadu,Cuddalore,Cuddalore(Uzhavar Sandhai ),Mango,Safeda,Local,5000.0,5000.0,5000.0
2026-07-18,Haryana,Rohtak,Sampla APMC,Mango,Other,Local,3000.0,6000.0,5000.0
2026-07-18,Haryana,Sonipat,Gohana APMC,Mango,Other,Medium,4000.0,6000.0,5000.0
2026-07-18,Haryana,Sonipat,Sonepat APMC,Mango,Dusheri,Medium,2000.0,5000.0,5000.0
2026-07-18,Haryana,Sonipat,Sonepat APMC,Mango,Safeda,Medium,5000.0,8000.0,6000.0
2026-07-18,Haryana,Sonipat,Sonepat(Kharkhoda) APMC,Mango,Other,Grade A,3000.0,5000.0,4600.0
2026-07-18,Haryana,Yamuna Nagar,Jagadhri APMC,Mango,Other,Medium,2500.0,6500.0,6100.0
2026-07-18,Haryana,Yamuna Nagar,Radaur APMC,Mango,Other,Medium,1600.0,2500.0,1800.0
2026-07-18,Himachal Pradesh,Bilaspur,PMY Bilaspur,Mango,Other,Grade A,6500.0,10000.0,8000.0
2026-07-18,Himachal Pradesh,Chamba,PMY Chamba,Mango,Dusheri,Medium,5500.0,6000.0,5750.0
2026-07-18,Himachal Pradesh,Hamirpur,PMY Hamirpur,Mango,Other,Grade B,6000.0,10000.0,8000.0
2026-07-18,Himachal Pradesh,Hamirpur,SMY Nadaun,Mango,Other,Grade B,6000.0,13000.0,9000.0
2026-07-18,Himachal Pradesh,Kangra,PMY Kangra,Mango,Dusheri,Medium,4000.0,6000.0,5000.0
2026-07-18,Himachal Pradesh,Kangra,SMY Baijnath,Mango,Dusheri,Grade B,2000.0,8000.0,5000.0
2026-07-18,Himachal Pradesh,Kangra,SMY Jaisinghpur,Mango,Other,Medium,4500.0,14500.0,10000.0
2026-07-18,Himachal Pradesh,Kangra,SMY Palampur,Mango,Other,Medium,4000.0,14000.0,8000.0
2026-07-18,Himachal Pradesh,Kullu,PMY Kullu,Mango,Other,Medium,5500.0,15000.0,8000.0
2026-07-18,Himachal Pradesh,Mandi,SMY Dhanotu,Mango,Other,Medium,8000.0,9000.0,8500.0
2026-07-18,Himachal Pradesh,Shimla,SMY Rohroo,Mango,Other,Grade B,4000.0,10000.0,6000.0
2026-07-18,Himachal Pradesh,Solan,PMY Kather Solan,Mango,Other,Medium,2000.0,15000.0,8000.0
2026-07-18,Himachal Pradesh,Solan,SMY Nalagarh,Mango,Other,Medium,2400.0,3500.0,3000.0
2026-07-18,Himachal Pradesh,Una,PMY Una,Mango,Dusheri,Grade B,6000.0,8000.0,7000.0
2026-07-18,Himachal Pradesh,Una,PMY Una,Mango,Other,Grade B,12000.0,15000.0,13500.0
2026-07-18,Himachal Pradesh,Una,SMY Takarla,Mango,Other,Grade A,4000.0,6000.0,5000.0
2026-07-18,Jammu and Kashmir,Jammu,Narwal Jammu (F&V),Mango,Chausa,Medium,4500.0,9000.0,6750.0
2026-07-18,Jammu and Kashmir,Jammu,Narwal Jammu (F&V),Mango,Dusheri,Medium,3800.0,7500.0,5650.0
2026-07-18,Haryana,Rohtak,Rohtak APMC,Mango,Other,Medium,4000.0,8000.0,5000.0
2026-07-18,Haryana,Rohtak,Meham APMC,Mango,Other,Medium,2200.0,4000.0,3000.0
2026-07-18,Tamil Nadu,Dharmapuri,Dharmapuri(Uzhavar Sandhai ),Mango,Safeda,Local,4600.0,5000.0,4800.0
2026-07-18,Haryana,Panipat,Samalkha APMC,Mango,Other,Grade A,2500.0,5000.0,4000.0
2026-07-18,Andhra Pradesh,Chittor,Bangarupalyam APMC,Mango,Badami,Grade B,4000.0,6000.0,5000.0
2026-07-18,Andhra Pradesh,Chittor,Chittoor APMC,Mango,Neelam,Local,2000.0,2500.0,2300.0
2026-07-18,Andhra Pradesh,Chittor,Chittoor APMC,Mango,Totapuri,Local,600.0,800.0,600.0
2026-07-18,Chandigarh,Chandigarh,Chandigarh (Grain/F&V) APMC,Mango,Other,Medium,2000.0,8000.0,6000.0
2026-07-18,Chattisgarh,Durg,Durg APMC,Mango,Dusheri,Medium,6000.0,7000.0,6000.0
2026-07-18,Goa,North Goa,Mapusa APMC,Mango,Neelam,Medium,5000.0,6000.0,5500.0
2026-07-18,Gujarat,Banaskanth,Deesa(Deesa Veg Yard) APMC,Mango,Other,Medium,2000.0,5000.0,3500.0
2026-07-18,Gujarat,Bharuch,Bharuch APMC,Mango,Langra,Local,2500.0,3500.0,3000.0
2026-07-18,Gujarat,Bharuch,Bharuch APMC,Mango,Totapuri,Local,1200.0,2000.0,1500.0
2026-07-18,Gujarat,Mehsana,Mehsana(Mehsana Veg) APMC,Mango,Badami,Local,1500.0,6000.0,4000.0
2026-07-18,Haryana,Ambala,Naraingarh APMC,Mango,Mango,Medium,1000.0,4000.0,2500.0
2026-07-18,Haryana,Ambala,Shahzadpur APMC,Mango,Langra,Medium,2500.0,2500.0,2500.0
2026-07-18,Jammu and Kashmir,Jammu,Narwal Jammu (F&V),Mango,Langra,Medium,4500.0,9500.0,7000.0
2026-07-18,Haryana,Faridabad,Ballabhgarh APMC,Mango,Other,Grade A,4000.0,5000.0,4500.0
2026-07-18,Haryana,Fatehabad,Fatehabad APMC,Mango,Other,Local,8000.0,8000.0,8000.0
2026-07-18,Haryana,Hissar,Barwala(Hisar) APMC,Mango,Other,Local,2000.0,8000.0,5500.0
2026-07-18,Haryana,Hissar,Hansi APMC,Mango,Other,Grade B,3000.0,5000.0,4000.0
2026-07-18,Haryana,Hissar,Uklana APMC,Mango,Other,Medium,3000.0,4000.0,4000.0
2026-07-18,Haryana,Jind,Narwana APMC,Mango,Other,Local,4000.0,8000.0,6000.0
2026-07-18,Haryana,Jind,Safidon APMC,Mango,Other,Medium,2500.0,6000.0,4000.0
2026-07-18,Haryana,Karnal,Tarori APMC,Mango,Chausa,Grade A,3000.0,4000.0,3500.0
2026-07-18,Haryana,Kurukshetra,Ladwa APMC,Mango,Dusheri,Medium,2000.0,4000.0,3000.0
2026-07-18,Haryana,Kurukshetra,Shahabad APMC,Mango,Other,Medium,2000.0,7500.0,4000.0
2026-07-18,Haryana,Kurukshetra,Thanesar APMC,Mango,Other,Medium,1000.0,8000.0,4500.0
2026-07-18,Haryana,Mahendragarh-Narnaul,Narnaul APMC,Mango,Mango,Medium,4000.0,6500.0,5000.0
2026-07-18,Haryana,Panipat,Panipat APMC,Mango,Other,Local,3000.0,7000.0,5000.0
2026-07-18,Haryana,Faridabad,Faridabad APMC,Mango,Other,Grade B,5500.0,5500.0,5500.0
2026-07-18,Jammu and Kashmir,Jammu,Narwal Jammu (F&V),Mango,Safeda,Medium,9000.0,12000.0,10500.0
2026-07-18,Haryana,Rewari,Kosli APMC,Mango,Other,Medium,4000.0,4000.0,4000.0
2026-07-18,Jammu and Kashmir,Jammu,Narwal Jammu (F&V),Mango,Totapuri,Medium,3200.0,4500.0,3850.0
2026-07-18,NCT of Delhi,Delhi,APMC Keshopur,Mango,Other,Medium,5000.0,7000.0,6000.0
2026-07-18,Odisha,Gajapati,Kasinagar APMC,Mango,Badami,Grade Range-1,1800.0,2000.0,1900.0
2026-07-18,Odisha,Mayurbhanja,Narasinghpur APMC,Mango,Amrapali,Local,2500.0,3500.0,3000.0
2026-07-18,Odisha,Mayurbhanja,Narasinghpur APMC,Mango,Langra,Local,2500.0,3500.0,3000.0
2026-07-18,Punjab,Bhatinda,Rampuraphul(Nabha Mandi) APMC,Mango,Other,Grade A,4000.0,8000.0,6000.0
2026-07-18,Punjab,Gurdaspur,Dinanagar APMC,Mango,Dusheri,Medium,5000.0,6000.0,5500.0
2026-07-18,Punjab,Gurdaspur,Quadian APMC,Mango,Other,Grade A,4200.0,4400.0,4300.0
2026-07-18,Punjab,Ludhiana,Khanna APMC,Mango,Safeda,Grade A,5000.0,5000.0,5000.0
2026-07-18,Punjab,Ludhiana,Ludhiana APMC,Mango,Other,Medium,2000.0,6000.0,3000.0
2026-07-18,Punjab,Ludhiana,Raikot APMC,Mango,Chausa,Grade A,5380.0,5380.0,5380.0
2026-07-18,Punjab,Ropar (Rupnagar),Ropar APMC,Mango,Dusheri,Medium,4000.0,4400.0,4200.0
2026-07-18,Punjab,Ropar (Rupnagar),Ropar APMC,Mango,Langra,Medium,4200.0,4600.0,4400.0
2026-07-18,Punjab,Ropar (Rupnagar),Ropar APMC,Mango,Totapuri,Medium,5000.0,5400.0,5200.0
2026-07-18,Rajasthan,Ganganagar,Sriganganagar (F&V) APMC,Mango,Amrapali,Grade A,4800.0,5200.0,5000.0
2026-07-18,Rajasthan,Udaipur,Udaipur (F&V) APMC,Mango,Other,Medium,2000.0,4000.0,3000.0
2026-07-18,Tamil Nadu,Chengalpattu,Jameenrayapettai(Uzhavar Sandhai ),Mango,Neelam,Local,5000.0,6000.0,5500.0
2026-07-18,Tamil Nadu,Chengalpattu,Medavakkam(Uzhavar Sandhai ),Mango,Safeda,Local,5000.0,5000.0,5000.0
2026-07-18,Tamil Nadu,Chengalpattu,Nanganallur(Uzhavar Sandhai ),Mango,Safeda,Local,3500.0,4000.0,3750.0
2026-07-18,Tamil Nadu,Chengalpattu,Pallavaram(Uzhavar Sandhai ),Mango,Neelam,Local,5000.0,6000.0,5500.0
2026-07-18,Tamil Nadu,Coimbatore,Kurichi(Uzhavar Sandhai ),Mango,Neelam,Local,7000.0,8000.0,7500.0
2026-07-18,Tamil Nadu,Coimbatore,Mettupalayam(Uzhavar Sandhai ),Mango,Safeda,Local,6000.0,10000.0,8000.0
2026-07-18,Tamil Nadu,Coimbatore,RSPuram(Uzhavar Sandhai ),Mango,Neelam,Local,6000.0,7000.0,6500.0
2026-07-18,Tamil Nadu,Coimbatore,Singanallur(Uzhavar Sandhai ),Mango,Safeda,Local,8000.0,10000.0,9000.0
2026-07-18,Tamil Nadu,Coimbatore,Sundarapuram(Uzhavar Sandhai ),Mango,Neelam,Local,7000.0,8000.0,7500.0
2026-07-18,Tamil Nadu,Coimbatore,Vadavalli(Uzhavar Sandhai ),Mango,Safeda,Local,10000.0,11000.0,10500.0
2026-07-18,NCT of Delhi,Delhi,APMC Azadpur,Mango,Totapuri,Grade A,2143.0,3214.0,2643.0
2026-07-18,NCT of Delhi,Delhi,APMC Azadpur,Mango,Surkha,Grade A,2500.0,6000.0,4000.0
2026-07-18,Punjab,Ropar (Rupnagar),Ropar APMC,Mango,Safeda,Medium,5000.0,6000.0,5500.0
2026-07-18,NCT of Delhi,Delhi,APMC Azadpur,Mango,Safeda,Grade A,2143.0,3571.0,3129.0
2026-07-18,NCT of Delhi,Delhi,APMC Azadpur,Mango,Saroli,Grade A,1000.0,2000.0,1500.0
2026-07-18,Jammu and Kashmir,Kathua,Kathua (F&V),Mango,Dusheri,Grade B,3500.0,4500.0,4000.0
2026-07-18,Jammu and Kashmir,Kathua,Kathua (F&V),Mango,Totapuri,Grade B,4000.0,4500.0,4250.0
2026-07-18,Karnataka,Bengaluru,"Binny Mill (F&V), Bengaluru APMC",Mango,Neelam,Local,1500.0,2500.0,2000.0
2026-07-18,Karnataka,Bengaluru,"Binny Mill (F&V), Bengaluru APMC",Mango,Totapuri,Local,800.0,1200.0,1000.0
2026-07-18,Karnataka,Davangere,Davangere APMC,Mango,Mango,Local,2000.0,4000.0,3000.0
2026-07-18,Keralam,Idukki,Kattappana Market,Mango,Other,Medium,7000.0,8500.0,8000.0
2026-07-18,Keralam,Malappuram,Kottakkal Market,Mango,Other,Local,3800.0,4000.0,3900.0
2026-07-18,Madhya Pradesh,Indore,Indore(F&V) APMC,Mango,Other,Local,2000.0,9000.0,6000.0
2026-07-18,Madhya Pradesh,Sehore,Sehore(F&V) APMC,Mango,Badami,Grade Range-1,3000.0,7000.0,4000.0
2026-07-18,Madhya Pradesh,Sheopur,Sheopurkalan(F&V) APMC,Mango,Other,Medium,4000.0,4500.0,4200.0
2026-07-18,Maharashtra,Ahilyanagar,Shrirampur APMC,Mango,Other,Local,3000.0,4000.0,3500.0
2026-07-18,Maharashtra,Amarawati,Amrawati(Frui & Veg. Market) APMC,Mango,Totapuri,Local,1800.0,2200.0,2000.0
2026-07-18,Madhya Pradesh,Harda,Harda(F&V) APMC,Mango,Neelam,Medium,2000.0,4000.0,3000.0
2026-07-18,Maharashtra,Chandrapur,Chandrapur(Ganjwad) APMC,Mango,Other,Local,4000.0,6000.0,5000.0
2026-07-18,NCT of Delhi,Delhi,APMC Azadpur,Mango,Keshar,Grade A,2857.0,5000.0,3643.0
2026-07-18,NCT of Delhi,Delhi,APMC Azadpur,Mango,Hapus(Alphaso),Grade A,10000.0,16667.0,13333.0
2026-07-18,NCT of Delhi,Delhi,APMC Azadpur,Mango,Fazli,Grade A,2857.0,5714.0,4464.0
2026-07-18,NCT of Delhi,Delhi,APMC Azadpur,Mango,Dusheri,Grade A,1429.0,3571.0,2393.0
2026-07-18,NCT of Delhi,Delhi,APMC Azadpur,Mango,Dinga,Grade A,2000.0,3000.0,2400.0
2026-07-18,NCT of Delhi,Delhi,APMC Azadpur,Mango,Langra,Grade A,2000.0,5000.0,3100.0
2026-07-18,Maharashtra,Sangli,"Sangli(Phale, Bhajipala Market) APMC",Mango,Totapuri,Local,2000.0,4000.0,3000.0
2026-07-18,Maharashtra,Nashik,Nasik APMC,Mango,Other,Local,3000.0,6000.0,4000.0
2026-07-18,Maharashtra,Nagpur,Nagpur APMC,Mango,Other,Local,2500.0,3500.0,3250.0
2026-07-18,Maharashtra,Chattrapati Sambhajinagar,Chattrapati Sambhajinagar APMC,Mango,Other,Local,2000.0,5500.0,3750.0
2026-07-18,Maharashtra,Solapur,Akluj APMC,Mango,Other,Local,3000.0,5000.0,4000.0
2026-07-19,Tamil Nadu,Tenkasi,Sankarankoil(Uzhavar Sandhai ),Mango,Safeda,Local,4000.0,4000.0,4000.0
2026-07-19,Tamil Nadu,Tenkasi,Tenkasi(Uzhavar Sandhai ),Mango,Neelam,Local,4000.0,4000.0,4000.0
2026-07-19,Tamil Nadu,Thanjavur,Kumbakonam (Uzhavar Sandhai ),Mango,Safeda,Local,3000.0,9000.0,6000.0
2026-07-19,Tamil Nadu,The Nilgiris,Udhagamandalam(Uzhavar Sandhai ),Mango,Safeda,Local,10000.0,12000.0,11000.0
2026-07-19,Tamil Nadu,Theni,Bodinayakanur(Uzhavar Sandhai ),Mango,Safeda,Local,5000.0,5000.0,5000.0
2026-07-19,Tamil Nadu,Theni,Theni(Uzhavar Sandhai ),Mango,Neelam,Local,3000.0,5000.0,4000.0
2026-07-19,Tamil Nadu,Theni,Kambam(Uzhavar Sandhai ),Mango,Safeda,Local,4000.0,6000.0,5000.0
2026-07-19,Tamil Nadu,Thiruchirappalli,KKNagar(Uzhavar Sandhai ),Mango,Safeda,Local,5000.0,6000.0,5500.0
2026-07-19,Tamil Nadu,Thiruchirappalli,Musiri(Uzhavar Sandhai ),Mango,Safeda,Local,3000.0,3000.0,3000.0
2026-07-19,Tamil Nadu,Thiruchirappalli,Thuraiyur APMC,Mango,Safeda,Local,6000.0,7000.0,6500.0
2026-07-19,Tamil Nadu,Sivaganga,Sivagangai (Uzhavar Sandhai ),Mango,Safeda,Local,3500.0,6500.0,5000.0
2026-07-19,Tamil Nadu,Theni,Devaram(Uzhavar Sandhai ),Mango,Safeda,Local,5000.0,5000.0,5000.0
2026-07-19,Tamil Nadu,Sivaganga,Singampunari(Uzhavar Sandhai ),Mango,Other,Local,3000.0,3500.0,3250.0
2026-07-19,Tamil Nadu,Pudukkottai,Gandarvakottai(Uzhavar Sandhai ),Mango,Other,Local,7000.0,8000.0,7500.0
2026-07-19,Tamil Nadu,Salem,Thathakapatti(Uzhavar Sandhai ),Mango,Safeda,Local,5000.0,6000.0,5500.0
2026-07-19,Tamil Nadu,Salem,Thammampatti (Uzhavar Sandhai ),Mango,Safeda,Local,4000.0,5000.0,4500.0
2026-07-19,Tamil Nadu,Salem,Sooramangalam(Uzhavar Sandhai ),Mango,Neelam,Local,4000.0,5000.0,4500.0
2026-07-19,Tamil Nadu,Salem,Mettur(Uzhavar Sandhai ),Mango,Neelam,Local,4500.0,5000.0,4750.0
2026-07-19,Tamil Nadu,Salem,Hasthampatti(Uzhavar Sandhai ),Mango,Neelam,Local,5000.0,6000.0,5500.0
2026-07-19,Tamil Nadu,Salem,Elampillai(Uzhavar Sandhai ),Mango,Neelam,Local,3000.0,4000.0,3500.0
2026-07-19,Tamil Nadu,Salem,Edapadi (Uzhavar Sandhai ),Mango,Neelam,Local,4500.0,5000.0,4750.0
2026-07-19,Tamil Nadu,Salem,Athur(Uzhavar Sandhai ),Mango,Safeda,Local,4000.0,5000.0,4500.0
2026-07-19,Tamil Nadu,Salem,Ammapet(Uzhavar Sandhai ),Mango,Neelam,Local,4000.0,5000.0,4500.0
2026-07-19,Tamil Nadu,Ranipet,Ranipettai(Uzhavar Sandhai ),Mango,Neelam,Local,6000.0,6000.0,6000.0
2026-07-19,Tamil Nadu,Ranipet,Arcot(Uzhavar Sandhai ),Mango,Neelam,Local,6000.0,6000.0,6000.0
2026-07-19,Tamil Nadu,Pudukkottai,Pudukottai(Uzhavar Sandhai ),Mango,Other,Local,6000.0,7000.0,6500.0
2026-07-19,Tamil Nadu,Thirunelveli,Palayamkottai(Uzhavar Sandhai ),Mango,Safeda,Local,6000.0,8000.0,7000.0
2026-07-19,Tamil Nadu,Salem,Vazhapadi(Uzhavar Sandhai),Mango,Neelam,Local,6000.0,6000.0,6000.0
2026-07-19,Tamil Nadu,Thirupathur,Natrampalli(Uzhavar Sandhai ),Mango,Safeda,Local,2500.0,3000.0,2750.0
2026-07-19,Uttarakhand,Dehradoon,Rishikesh APMC,Mango,Langra,Medium,2000.0,3700.0,2800.0
2026-07-19,Tamil Nadu,Thirupur,Tiruppur (North) (Uzhavar Sandhai ),Mango,Other,Local,4500.0,5000.0,4750.0
2026-07-19,Uttarakhand,Haridwar,Roorkee APMC,Mango,Other,Local,1200.0,1800.0,1500.0
2026-07-19,Uttarakhand,Dehradoon,Rishikesh APMC,Mango,Other,Local,1200.0,2300.0,1600.0
2026-07-19,West Bengal,Kolkata,Mechua APMC,Mango,Other,Grade A,5500.0,5800.0,5600.0
2026-07-19,Uttarakhand,Dehradoon,Rishikesh APMC,Mango,Dusheri,Medium,2000.0,3800.0,3050.0
2026-07-19,Uttarakhand,Dehradoon,Rishikesh APMC,Mango,Chausa,Medium,4000.0,4700.0,4200.0
2026-07-19,Uttar Pradesh,Aligarh,Atrauli APMC,Mango,Dusheri,Medium,1800.0,1900.0,1850.0
2026-07-19,Tamil Nadu,Virudhunagar,Srivilliputhur(Uzhavar Sandhai ),Mango,Safeda,Local,3500.0,4000.0,3750.0
2026-07-19,Tamil Nadu,Virudhunagar,Aruppukottai(Uzhavar Sandhai ),Mango,Safeda,Local,5500.0,6000.0,5750.0
2026-07-19,Tamil Nadu,Villupuram,Villupuram(Uzhavar Sandhai ),Mango,Safeda,Local,7000.0,10000.0,8500.0
2026-07-19,Tamil Nadu,Villupuram,Tindivanam APMC,Mango,Safeda,Local,5000.0,5000.0,5000.0
2026-07-19,Tamil Nadu,Vellore,Vellore APMC,Mango,Neelam,Local,3000.0,4000.0,3500.0
2026-07-19,Tamil Nadu,Vellore,Thirupathur APMC,Mango,Safeda,Local,4000.0,4000.0,4000.0
2026-07-19,Tamil Nadu,Vellore,Perampet(Uzhavar Sandhai),Mango,Neelam,Local,3000.0,3800.0,3400.0
2026-07-19,Tamil Nadu,Thirupur,Dharapuram(Uzhavar Sandhai ),Mango,Safeda,Local,5500.0,6000.0,5750.0
2026-07-19,Tamil Nadu,Vellore,Pallikonda(Uzhavar Sandhai),Mango,Neelam,Local,3000.0,4000.0,3500.0
2026-07-19,Tamil Nadu,Vellore,Kahithapattarai(Uzhavar Sandhai ),Mango,Safeda,Local,5000.0,6000.0,5500.0
2026-07-19,Tamil Nadu,Vellore,Gudiyatham(Uzhavar Sandhai ),Mango,Neelam,Local,4000.0,4000.0,4000.0
2026-07-19,Tamil Nadu,Tuticorin,Tuticorin(Uzhavar Sandhai ),Mango,Safeda,Local,4500.0,5000.0,4750.0
2026-07-19,Tamil Nadu,Thiruvarur,Tiruthuraipoondi(Uzhavar Sandhai ),Mango,Safeda,Local,3000.0,3000.0,3000.0
2026-07-19,Tamil Nadu,Thiruvarur,Mannargudi II(Uzhavar Sandhai ),Mango,Safeda,Local,4000.0,5000.0,4500.0
2026-07-19,Tamil Nadu,Thiruvarur,Mannargudi I(Uzhavar Sandhai ),Mango,Safeda,Local,4000.0,5000.0,4500.0
2026-07-19,Tamil Nadu,Thiruvannamalai,Tiruvannamalai(Uzhavar Sandhai ),Mango,Safeda,Local,5000.0,6000.0,5500.0
2026-07-19,Tamil Nadu,Thiruvannamalai,Tamarainagar(Uzhavar Sandhai ),Mango,Safeda,Local,5000.0,6000.0,5500.0
2026-07-19,Tamil Nadu,Thiruvannamalai,Polur(Uzhavar Sandhai ),Mango,Safeda,Local,4200.0,5000.0,4600.0
2026-07-19,Tamil Nadu,Thiruvannamalai,Keelpennathur(Uzhavar Sandhai ),Mango,Other,Local,5000.0,6000.0,5500.0
2026-07-19,Tamil Nadu,Thiruvannamalai,Chengam(Uzhavar Sandhai ),Mango,Safeda,Local,3600.0,4000.0,3800.0
2026-07-19,Tamil Nadu,Thiruvannamalai,Arani(Uzhavar Sandhai ),Mango,Safeda,Local,4000.0,5000.0,4500.0
2026-07-19,Tamil Nadu,Thirupur,Tiruppur (South) (Uzhavar Sandhai ),Mango,Other,Local,4500.0,6000.0,5250.0
2026-07-19,Tamil Nadu,Vellore,Katpadi (Uzhavar Sandhai ),Mango,Safeda,Local,7000.0,8000.0,7500.0
2026-07-19,Tamil Nadu,Namakkal,Rasipuram(Uzhavar Sandhai ),Mango,Other,Local,4000.0,6000.0,5000.0
2026-07-19,Tamil Nadu,Perambalur,Perambalur(Uzhavar Sandhai ),Mango,Neelam,Local,5000.0,6000.0,5500.0
2026-07-19,Tamil Nadu,Namakkal,Mohanur(Uzhavar Sandhai ),Mango,Other,Local,5500.0,6000.0,5750.0
2026-07-19,Tamil Nadu,Coimbatore,Sundarapuram(Uzhavar Sandhai ),Mango,Neelam,Local,7000.0,8000.0,7500.0
2026-07-19,Tamil Nadu,Coimbatore,Singanallur(Uzhavar Sandhai ),Mango,Safeda,Local,9000.0,12000.0,10500.0
2026-07-19,Tamil Nadu,Coimbatore,RSPuram(Uzhavar Sandhai ),Mango,Neelam,Local,6000.0,7000.0,6500.0
2026-07-19,Tamil Nadu,Coimbatore,Mettupalayam(Uzhavar Sandhai ),Mango,Safeda,Local,6000.0,10000.0,8000.0
2026-07-19,Tamil Nadu,Coimbatore,Kurichi(Uzhavar Sandhai ),Mango,Neelam,Local,7000.0,8000.0,7500.0
2026-07-19,Tamil Nadu,Chengalpattu,Pallavaram(Uzhavar Sandhai ),Mango,Other,Local,5000.0,6000.0,5500.0
2026-07-19,Tamil Nadu,Chengalpattu,Nanganallur(Uzhavar Sandhai ),Mango,Neelam,Local,4500.0,5000.0,4750.0
2026-07-19,Tamil Nadu,Chengalpattu,Medavakkam(Uzhavar Sandhai ),Mango,Safeda,Local,5000.0,5000.0,5000.0
2026-07-19,Tamil Nadu,Chengalpattu,Jameenrayapettai(Uzhavar Sandhai ),Mango,Other,Local,5000.0,6000.0,5500.0
2026-07-19,Punjab,Tarntaran,Patti APMC,Mango,Other,Grade B,1000.0,1400.0,1260.0
2026-07-19,Punjab,Patiala,Rajpura APMC,Mango,Safeda,Grade A,6500.0,7000.0,6800.0
2026-07-19,Punjab,Patiala,Rajpura APMC,Mango,Dusheri,Grade A,5800.0,6000.0,5900.0
2026-07-19,Punjab,Patiala,Rajpura APMC,Mango,Chausa,Grade A,5000.0,5500.0,5250.0
2026-07-19,Maharashtra,Pune,Pune(Moshi) APMC,Mango,Other,Local,3000.0,4000.0,3500.0
2026-07-19,Maharashtra,Chattrapati Sambhajinagar,Chattrapati Sambhajinagar APMC,Mango,Other,Local,2200.0,9000.0,5600.0
2026-07-19,Madhya Pradesh,Satna,Satna(F&V) APMC,Mango,Dusheri,Grade A,1500.0,2000.0,1750.0
2026-07-19,Keralam,Idukki,Thodupuzha Market,Mango,Other,Large,6400.0,6600.0,6600.0
2026-07-19,Keralam,Idukki,Kattappana Market,Mango,Other,Small,3000.0,3200.0,3200.0
2026-07-19,Keralam,Idukki,Kattappana Market,Mango,Other,Medium,7800.0,9500.0,8600.0
2026-07-19,Himachal Pradesh,Kullu,SMY Bhuntar,Mango,Other,Medium,4500.0,11000.0,6500.0
2026-07-19,Haryana,Panipat,Samalkha APMC,Mango,Other,Grade A,2000.0,6000.0,4000.0
2026-07-19,Haryana,Jind,Narwana APMC,Mango,Other,Local,3000.0,10000.0,6000.0
2026-07-19,Haryana,Hissar,Hansi APMC,Mango,Other,Grade B,3000.0,5000.0,4000.0
2026-07-19,Haryana,Gurgaon,Gurgaon APMC,Mango,Other,Grade B,3000.0,5000.0,4000.0
2026-07-19,Haryana,Faridabad,Ballabhgarh APMC,Mango,Other,Grade A,4000.0,5000.0,4500.0
2026-07-19,Andhra Pradesh,Chittor,Bangarupalyam APMC,Mango,Badami,Grade B,3000.0,5000.0,4000.0
2026-07-19,Tamil Nadu,Namakkal,Namakkal(Uzhavar Sandhai ),Mango,Neelam,Local,6000.0,7000.0,6500.0
2026-07-19,Tamil Nadu,Coimbatore,Vadavalli(Uzhavar Sandhai ),Mango,Safeda,Local,7000.0,11000.0,9000.0
2026-07-19,Tamil Nadu,Cuddalore,Cuddalore(Uzhavar Sandhai ),Mango,Safeda,Local,5000.0,5000.0,5000.0
2026-07-19,Bihar,East Champaran/ Motihari,Motihari APMC,Mango,Other,Grade A,6000.0,6500.0,6200.0
2026-07-19,Tamil Nadu,Dharmapuri,Dharmapuri(Uzhavar Sandhai ),Mango,Safeda,Local,4600.0,5000.0,4800.0
2026-07-19,Tamil Nadu,Cuddalore,Vadalur(Uzhavar Sandhai ),Mango,Neelam,Local,4000.0,4000.0,4000.0
2026-07-19,Tamil Nadu,Nagercoil (Kannyiakumari),Myladi(Uzhavar Sandhai ),Mango,Safeda,Local,6500.0,7000.0,6750.0
2026-07-19,Tamil Nadu,Nagapattinam,Nagapattinam(Uzhavar Sandhai ),Mango,Other,Local,4500.0,5000.0,4750.0
2026-07-19,Tamil Nadu,Madurai,Thirumangalam(Uzhavar Sandhai ),Mango,Safeda,Local,5000.0,6000.0,5500.0
2026-07-19,Tamil Nadu,Madurai,Melur(Uzhavar Sandhai ),Mango,Safeda,Local,4500.0,5000.0,4750.0
2026-07-19,Tamil Nadu,Madurai,Chokkikulam(Uzhavar Sandhai ),Mango,Safeda,Local,3000.0,6000.0,4500.0
2026-07-19,Tamil Nadu,Madurai,Anna nagar(Uzhavar Sandhai ),Mango,Safeda,Local,5000.0,6000.0,5500.0
2026-07-19,Tamil Nadu,Madurai,Anna nagar(Uzhavar Sandhai ),Mango,Other,Local,5000.0,6000.0,5500.0
2026-07-19,Tamil Nadu,Madurai,Anaiyur(Uzhavar Sandhai ),Mango,Safeda,Local,3000.0,6000.0,4500.0
2026-07-19,Tamil Nadu,Krishnagiri,Krishnagiri(Uzhavar Sandhai ),Mango,Neelam,Local,2000.0,2500.0,2250.0
2026-07-19,Tamil Nadu,Karur,Pallapatti (Uzhavar Sandhai ),Mango,Other,Local,3500.0,4000.0,3750.0
2026-07-19,Tamil Nadu,Karur,Kulithalai(Uzhavar Sandhai ),Mango,Neelam,Local,5000.0,6000.0,5500.0
2026-07-19,Tamil Nadu,Karur,Karur(Uzhavar Sandhai ),Mango,Neelam,Local,7500.0,8000.0,7750.0
2026-07-19,Tamil Nadu,Nagercoil (Kannyiakumari),Vadaseri APMC,Mango,Safeda,Local,6500.0,7000.0,6750.0
2026-07-19,Tamil Nadu,Kancheepuram,Padappai(Uzhavar Sandhai ),Mango,Safeda,Local,2500.0,6000.0,4250.0
2026-07-19,Tamil Nadu,Dharmapuri,Harur(Uzhavar Sandhai ),Mango,Other,Local,4000.0,5000.0,4500.0
2026-07-19,Tamil Nadu,Karur,Gandhigramam(Uzhavar Sandhai),Mango,Neelam,Local,5000.0,8000.0,6500.0
2026-07-19,Tamil Nadu,Dharmapuri,Karimangalam(Uzhavar Sandhai),Mango,Safeda,Local,3300.0,3500.0,3400.0
2026-07-19,Tamil Nadu,Dharmapuri,Palacode(Uzhavar Sandhai ),Mango,Safeda,Local,4000.0,4500.0,4250.0
2026-07-19,Tamil Nadu,Dharmapuri,Pennagaram(Uzhavar Sandhai ),Mango,Safeda,Local,3700.0,4000.0,3850.0
2026-07-19,Tamil Nadu,Dindigul,Chinnalapatti(Uzhavar Sandhai ),Mango,Neelam,Local,4000.0,6000.0,5000.0
2026-07-19,Tamil Nadu,Namakkal,Kumarapalayam(Uzhavar Sandhai ),Mango,Safeda,Local,4500.0,5000.0,4750.0
2026-07-19,Tamil Nadu,Erode,Periyar Nagar(Uzhavar Sandhai ),Mango,Neelam,Local,4500.0,5000.0,4750.0
2026-07-19,Tamil Nadu,Erode,Perundurai(Uzhavar Sandhai ),Mango,Safeda,Local,5500.0,6000.0,5750.0
2026-07-19,Tamil Nadu,Erode,Sampath Nagar(Uzhavar Sandhai ),Mango,Safeda,Local,3000.0,6000.0,4500.0
2026-07-19,Tamil Nadu,Kallakuruchi,Kallakurichi(Uzhavar Sandhai ),Mango,Other,Local,4000.0,4000.0,4000.0
2026-07-19,Tamil Nadu,Dindigul,Dindigul(Uzhavar Sandhai ),Mango,Safeda,Local,5000.0,6000.0,5500.0
2026-07-19,Tamil Nadu,Kallakuruchi,Sankarapuram(Uzhavar Sandhai ),Mango,Neelam,Local,5000.0,5000.0,5000.0
2026-07-19,Tamil Nadu,Kancheepuram,Kancheepuram(Uzhavar Sandhai ),Mango,Safeda,Local,2500.0,6000.0,4250.0
2026-07-20,Tamil Nadu,Namakkal,Namakkal(Uzhavar Sandhai ),Mango,Neelam,Local,6000.0,7000.0,6500.0
2026-07-20,Tamil Nadu,Namakkal,Kumarapalayam(Uzhavar Sandhai ),Mango,Safeda,Local,4500.0,5000.0,4750.0
2026-07-20,Tamil Nadu,Nagercoil (Kannyiakumari),Vadaseri APMC,Mango,Safeda,Local,6500.0,7000.0,6750.0
2026-07-20,Tamil Nadu,Nagercoil (Kannyiakumari),Myladi(Uzhavar Sandhai ),Mango,Safeda,Local,6500.0,7000.0,6750.0
2026-07-20,Tamil Nadu,Madurai,Thirumangalam(Uzhavar Sandhai ),Mango,Safeda,Local,5000.0,6000.0,5500.0
2026-07-20,Tamil Nadu,Madurai,Melur(Uzhavar Sandhai ),Mango,Safeda,Local,4500.0,5000.0,4750.0
2026-07-20,Tamil Nadu,Madurai,Chokkikulam(Uzhavar Sandhai ),Mango,Safeda,Local,3000.0,6000.0,4500.0
2026-07-20,Tamil Nadu,Madurai,Anna nagar(Uzhavar Sandhai ),Mango,Other,Local,5000.0,5000.0,5000.0
2026-07-20,Tamil Nadu,Madurai,Anaiyur(Uzhavar Sandhai ),Mango,Other,Local,5500.0,6000.0,5750.0
2026-07-20,Tamil Nadu,Krishnagiri,Krishnagiri(Uzhavar Sandhai ),Mango,Safeda,Local,2000.0,2500.0,2250.0
2026-07-20,Tamil Nadu,Nagapattinam,Nagapattinam(Uzhavar Sandhai ),Mango,Other,Local,6000.0,7000.0,6500.0
2026-07-20,Tamil Nadu,Namakkal,Rasipuram(Uzhavar Sandhai ),Mango,Other,Local,3000.0,5000.0,4000.0
2026-07-20,Tamil Nadu,Ranipet,Arcot(Uzhavar Sandhai ),Mango,Neelam,Local,6000.0,6000.0,6000.0
2026-07-20,Tamil Nadu,Pudukkottai,Pudukottai(Uzhavar Sandhai ),Mango,Other,Local,6000.0,7000.0,6500.0
2026-07-20,Tamil Nadu,Ranipet,Ranipettai(Uzhavar Sandhai ),Mango,Safeda,Local,4000.0,6000.0,5000.0
2026-07-20,Tamil Nadu,Salem,Ammapet(Uzhavar Sandhai ),Mango,Neelam,Local,5000.0,6000.0,5500.0
2026-07-20,Tamil Nadu,Salem,Athur(Uzhavar Sandhai ),Mango,Safeda,Local,4000.0,5000.0,4500.0
2026-07-20,Tamil Nadu,Salem,Elampillai(Uzhavar Sandhai ),Mango,Neelam,Local,3000.0,4000.0,3500.0
2026-07-20,Tamil Nadu,Salem,Hasthampatti(Uzhavar Sandhai ),Mango,Neelam,Local,4000.0,5000.0,4500.0
2026-07-20,Tamil Nadu,Salem,Mettur(Uzhavar Sandhai ),Mango,Neelam,Local,4500.0,5000.0,4750.0
2026-07-20,Tamil Nadu,Salem,Sooramangalam(Uzhavar Sandhai ),Mango,Neelam,Local,4000.0,5000.0,4500.0
2026-07-20,Tamil Nadu,Salem,Thammampatti (Uzhavar Sandhai ),Mango,Safeda,Local,4000.0,5000.0,4500.0
2026-07-20,Tamil Nadu,Salem,Thathakapatti(Uzhavar Sandhai ),Mango,Safeda,Local,5000.0,6000.0,5500.0
2026-07-20,Tamil Nadu,Karur,Pallapatti (Uzhavar Sandhai ),Mango,Other,Local,3500.0,4000.0,3750.0
2026-07-20,Tamil Nadu,Salem,Vazhapadi(Uzhavar Sandhai),Mango,Neelam,Local,4500.0,5000.0,4750.0
2026-07-20,Tamil Nadu,Perambalur,Perambalur(Uzhavar Sandhai ),Mango,Other,Local,5000.0,5000.0,5000.0
2026-07-20,Tamil Nadu,Salem,Edapadi (Uzhavar Sandhai ),Mango,Neelam,Local,4500.0,5000.0,4750.0
2026-07-20,Tamil Nadu,Dharmapuri,Pennagaram(Uzhavar Sandhai ),Mango,Safeda,Local,3700.0,4000.0,3850.0
2026-07-20,Tamil Nadu,Karur,Karur(Uzhavar Sandhai ),Mango,Neelam,Local,7500.0,8000.0,7750.0
2026-07-20,Tamil Nadu,Sivaganga,Singampunari(Uzhavar Sandhai ),Mango,Other,Local,3000.0,3500.0,3250.0
2026-07-20,Tamil Nadu,Chengalpattu,Medavakkam(Uzhavar Sandhai ),Mango,Safeda,Local,5000.0,5000.0,5000.0
2026-07-20,Tamil Nadu,Chengalpattu,Nanganallur(Uzhavar Sandhai ),Mango,Neelam,Local,4500.0,5000.0,4750.0
2026-07-20,Tamil Nadu,Coimbatore,Kurichi(Uzhavar Sandhai ),Mango,Other,Local,7500.0,8000.0,7750.0
2026-07-20,Tamil Nadu,Coimbatore,Mettupalayam(Uzhavar Sandhai ),Mango,Safeda,Local,7000.0,10000.0,8500.0
2026-07-20,Tamil Nadu,Coimbatore,RSPuram(Uzhavar Sandhai ),Mango,Neelam,Local,7000.0,8000.0,7500.0
2026-07-20,Tamil Nadu,Coimbatore,Singanallur(Uzhavar Sandhai ),Mango,Safeda,Local,8000.0,12000.0,10000.0
2026-07-20,Tamil Nadu,Coimbatore,Sundarapuram(Uzhavar Sandhai ),Mango,Other,Local,7500.0,8000.0,7750.0
2026-07-20,Tamil Nadu,Coimbatore,Vadavalli(Uzhavar Sandhai ),Mango,Safeda,Local,8000.0,11000.0,9500.0
2026-07-20,Tamil Nadu,Cuddalore,Cuddalore(Uzhavar Sandhai ),Mango,Safeda,Local,3000.0,5000.0,4000.0
2026-07-20,Tamil Nadu,Cuddalore,Panruti(Uzhavar Sandhai ),Mango,Safeda,Local,5000.0,5000.0,5000.0
2026-07-20,Tamil Nadu,Dharmapuri,Dharmapuri(Uzhavar Sandhai ),Mango,Safeda,Local,4600.0,5000.0,4800.0
2026-07-20,Tamil Nadu,Karur,Kulithalai(Uzhavar Sandhai ),Mango,Other,Local,4000.0,5000.0,4500.0
2026-07-20,Tamil Nadu,Dharmapuri,Harur(Uzhavar Sandhai ),Mango,Other,Local,3500.0,4000.0,3750.0
2026-07-20,Tamil Nadu,Dharmapuri,Palacode(Uzhavar Sandhai ),Mango,Safeda,Local,3800.0,4000.0,3900.0
2026-07-20,Tamil Nadu,Dindigul,Chinnalapatti(Uzhavar Sandhai ),Mango,Safeda,Local,4000.0,6000.0,5000.0
2026-07-20,Tamil Nadu,Dindigul,Dindigul(Uzhavar Sandhai ),Mango,Safeda,Local,4000.0,6000.0,5000.0
2026-07-20,Tamil Nadu,Dindigul,Palani(Uzhavar Sandhai ),Mango,Neelam,Local,3000.0,4000.0,3500.0
2026-07-20,Tamil Nadu,Erode,Periyar Nagar(Uzhavar Sandhai ),Mango,Neelam,Local,4500.0,5000.0,4750.0
2026-07-20,Tamil Nadu,Erode,Perundurai(Uzhavar Sandhai ),Mango,Safeda,Local,5500.0,5800.0,5650.0
2026-07-20,Tamil Nadu,Erode,Sampath Nagar(Uzhavar Sandhai ),Mango,Safeda,Local,3000.0,5000.0,4000.0
2026-07-20,Tamil Nadu,Kallakuruchi,Kallakurichi(Uzhavar Sandhai ),Mango,Other,Local,4000.0,4000.0,4000.0
2026-07-20,Tamil Nadu,Kallakuruchi,Sankarapuram(Uzhavar Sandhai ),Mango,Neelam,Local,5000.0,5000.0,5000.0
2026-07-20,Tamil Nadu,Kancheepuram,Kancheepuram(Uzhavar Sandhai ),Mango,Safeda,Local,3000.0,6000.0,4500.0
2026-07-20,Tamil Nadu,Kancheepuram,Padappai(Uzhavar Sandhai ),Mango,Safeda,Local,2500.0,6000.0,4250.0
2026-07-20,Tamil Nadu,Karur,Gandhigramam(Uzhavar Sandhai),Mango,Neelam,Local,5000.0,8000.0,6500.0
2026-07-20,Tamil Nadu,Dharmapuri,Karimangalam(Uzhavar Sandhai),Mango,Safeda,Local,3300.0,3500.0,3400.0
2026-07-20,Tamil Nadu,Sivaganga,Sivagangai (Uzhavar Sandhai ),Mango,Safeda,Local,4600.0,6200.0,5400.0
2026-07-20,Tamil Nadu,Vellore,Vellore APMC,Mango,Safeda,Local,6000.0,7000.0,6500.0
2026-07-20,Tamil Nadu,Tenkasi,Tenkasi(Uzhavar Sandhai ),Mango,Neelam,Local,3500.0,4000.0,3750.0
2026-07-20,Tamil Nadu,Virudhunagar,Aruppukottai(Uzhavar Sandhai ),Mango,Safeda,Local,5000.0,6000.0,5500.0
2026-07-20,Telangana,Ranga Reddy,Gaddiannaram APMC,Mango,Badami,Medium,2777.8,12222.32,5555.6
2026-07-20,Telangana,Ranga Reddy,Gaddiannaram APMC,Mango,Langra,Medium,2000.0,6000.0,3000.0
2026-07-20,Telangana,Ranga Reddy,Gaddiannaram APMC,Mango,Neelam,Medium,1388.9,4444.48,2222.24
2026-07-20,Telangana,Ranga Reddy,Gaddiannaram APMC,Mango,Other,Medium,950.0,1980.0,1500.0
2026-07-20,Telangana,Ranga Reddy,Gaddiannaram APMC,Mango,Raspuri,Medium,555.56,1666.68,1111.12
2026-07-20,Telangana,Ranga Reddy,Gaddiannaram APMC,Mango,Totapuri,Medium,1111.12,3888.92,2222.24
2026-07-20,Uttar Pradesh,Aligarh,Atrauli APMC,Mango,Dusheri,Medium,1800.0,1900.0,1850.0
2026-07-20,Uttar Pradesh,Amroha,Hasanpur APMC,Mango,Dusheri,Grade A,2500.0,3010.0,3000.0
2026-07-20,Uttar Pradesh,Badaun,Shahaswan APMC,Mango,Other,Medium,2500.0,3200.0,3000.0
2026-07-20,Uttar Pradesh,Mau(Maunathbhanjan),Kopaganj APMC,Mango,Dusheri,Grade B,3250.0,3380.0,3260.0
2026-07-20,Uttar Pradesh,Saharanpur,Rampurmaniharan APMC,Mango,Langra,Grade B,1900.0,2100.0,2000.0
2026-07-20,Tamil Nadu,Villupuram,Villupuram(Uzhavar Sandhai ),Mango,Safeda,Local,7000.0,10000.0,8500.0
2026-07-20,Uttar Pradesh,Shamli,Kairana APMC,Mango,Dusheri,Medium,2300.0,2400.0,2350.0
2026-07-20,Uttarakhand,Dehradoon,Rishikesh APMC,Mango,Chausa,Medium,4000.0,4800.0,4500.0
2026-07-20,Uttarakhand,Dehradoon,Rishikesh APMC,Mango,Dusheri,Medium,2500.0,4200.0,3500.0
2026-07-20,Uttarakhand,Dehradoon,Rishikesh APMC,Mango,Langra,Medium,2200.0,3800.0,3200.0
2026-07-20,Uttarakhand,Dehradoon,Rishikesh APMC,Mango,Other,Medium,1500.0,2000.0,1800.0
2026-07-20,Uttarakhand,Garhwal (Pauri),Kotadwara APMC,Mango,Other,Medium,1800.0,1800.0,1800.0
2026-07-20,Uttarakhand,Haridwar,Bhagwanpur(Naveen Mandi Sthal) APMC,Mango,Other,Grade B,800.0,1200.0,1001.0
2026-07-20,Uttarakhand,Haridwar,Manglaur APMC,Mango,Langra,Medium,1500.0,3000.0,2000.0
2026-07-20,Uttarakhand,Haridwar,Roorkee APMC,Mango,Other,Local,1200.0,1800.0,1500.0
2026-07-20,Uttarakhand,Nanital,Haldwani APMC,Mango,Other,Grade A,1500.0,3000.0,2250.0
2026-07-20,Uttarakhand,Udhamsinghnagar,Kashipur APMC,Mango,Other,Local,2200.0,2400.0,2300.0
2026-07-20,Uttarakhand,Udhamsinghnagar,Kicchha APMC,Mango,Chausa,Medium,3000.0,4000.0,3600.0
2026-07-20,Rajasthan,Jodhpur,Jodhpur (F&V) APMC,Mango,Langra,Medium,2000.0,4000.0,3000.0
2026-07-20,Uttarakhand,Dehradoon,Dehradoon APMC,Mango,Other,Grade B,2000.0,3500.0,2500.0
2026-07-20,Tamil Nadu,Tenkasi,Sankarankoil(Uzhavar Sandhai ),Mango,Safeda,Local,4000.0,4000.0,4000.0
2026-07-20,Tamil Nadu,Villupuram,Tindivanam APMC,Mango,Safeda,Local,5000.0,5000.0,5000.0
2026-07-20,Tamil Nadu,Vellore,Perampet(Uzhavar Sandhai),Mango,Neelam,Local,3000.0,3500.0,3250.0
2026-07-20,Tamil Nadu,Thanjavur,Kumbakonam (Uzhavar Sandhai ),Mango,Safeda,Local,3000.0,9000.0,6000.0
2026-07-20,Tamil Nadu,Thanjavur,Thanjavur(Uzhavar Sandhai ),Mango,Other,Local,7000.0,7000.0,7000.0
2026-07-20,Tamil Nadu,The Nilgiris,Udhagamandalam(Uzhavar Sandhai ),Mango,Safeda,Local,10000.0,12000.0,11000.0
2026-07-20,Tamil Nadu,Theni,Bodinayakanur(Uzhavar Sandhai ),Mango,Safeda,Local,5000.0,5000.0,5000.0
2026-07-20,Tamil Nadu,Theni,Devaram(Uzhavar Sandhai ),Mango,Safeda,Local,6000.0,6000.0,6000.0
2026-07-20,Tamil Nadu,Theni,Kambam(Uzhavar Sandhai ),Mango,Other,Local,5000.0,5000.0,5000.0
2026-07-20,Tamil Nadu,Theni,Theni(Uzhavar Sandhai ),Mango,Neelam,Local,3000.0,5000.0,4000.0
2026-07-20,Tamil Nadu,Thiruchirappalli,KKNagar(Uzhavar Sandhai ),Mango,Other,Local,6000.0,6000.0,6000.0
2026-07-20,Tamil Nadu,Thiruchirappalli,Musiri(Uzhavar Sandhai ),Mango,Safeda,Local,3000.0,3000.0,3000.0
2026-07-20,Tamil Nadu,Thirupathur,Natrampalli(Uzhavar Sandhai ),Mango,Safeda,Local,2000.0,3000.0,2500.0
2026-07-20,Tamil Nadu,Thirupathur,Vaniyampadi(Uzhavar Sandhai ),Mango,Safeda,Local,4000.0,4000.0,4000.0
2026-07-20,Tamil Nadu,Thirupur,Dharapuram(Uzhavar Sandhai ),Mango,Safeda,Local,5000.0,6000.0,5500.0
2026-07-20,Tamil Nadu,Vellore,Thirupathur APMC,Mango,Safeda,Local,4000.0,4000.0,4000.0
2026-07-20,Tamil Nadu,Thirupur,Tiruppur (South) (Uzhavar Sandhai ),Mango,Safeda,Local,5000.0,6000.0,5500.0
2026-07-20,Tamil Nadu,Thiruvannamalai,Chengam(Uzhavar Sandhai ),Mango,Safeda,Local,3600.0,4000.0,3800.0
2026-07-20,Tamil Nadu,Thiruvannamalai,Polur(Uzhavar Sandhai ),Mango,Safeda,Local,4200.0,5000.0,4600.0
2026-07-20,Tamil Nadu,Thiruvannamalai,Tamarainagar(Uzhavar Sandhai ),Mango,Safeda,Local,5000.0,6000.0,5500.0
2026-07-20,Tamil Nadu,Thiruvannamalai,Tiruvannamalai(Uzhavar Sandhai ),Mango,Safeda,Local,5000.0,6000.0,5500.0
2026-07-20,Tamil Nadu,Thiruvarur,Mannargudi I(Uzhavar Sandhai ),Mango,Safeda,Local,4000.0,4000.0,4000.0
2026-07-20,Tamil Nadu,Thiruvarur,Mannargudi II(Uzhavar Sandhai ),Mango,Safeda,Local,4000.0,4000.0,4000.0
2026-07-20,Tamil Nadu,Thiruvarur,Tiruthuraipoondi(Uzhavar Sandhai ),Mango,Safeda,Local,3000.0,3000.0,3000.0
2026-07-20,Tamil Nadu,Tuticorin,Tuticorin(Uzhavar Sandhai ),Mango,Safeda,Local,4000.0,5000.0,4500.0
2026-07-20,Tamil Nadu,Vellore,Gudiyatham(Uzhavar Sandhai ),Mango,Neelam,Local,4000.0,4000.0,4000.0
2026-07-20,Tamil Nadu,Vellore,Kahithapattarai(Uzhavar Sandhai ),Mango,Safeda,Local,4000.0,5000.0,4500.0
2026-07-20,Tamil Nadu,Vellore,Katpadi (Uzhavar Sandhai ),Mango,Safeda,Local,7000.0,8000.0,7500.0
2026-07-20,Tamil Nadu,Vellore,Pallikonda(Uzhavar Sandhai),Mango,Safeda,Local,4000.0,5000.0,4500.0
2026-07-20,Tamil Nadu,Thiruvannamalai,Arani(Uzhavar Sandhai ),Mango,Safeda,Local,4000.0,5000.0,4500.0
2026-07-20,Rajasthan,Jodhpur,Jodhpur (F&V) APMC,Mango,Badami,Medium,2000.0,4000.0,3000.0
2026-07-20,Tamil Nadu,Thirunelveli,Palayamkottai(Uzhavar Sandhai ),Mango,Safeda,Local,6000.0,8000.0,7000.0
2026-07-20,Rajasthan,Ganganagar,Sriganganagar (F&V) APMC,Mango,Amrapali,Grade C,4900.0,5300.0,5100.0
2026-07-20,Himachal Pradesh,Chamba,PMY Chamba,Mango,Dusheri,Medium,5500.0,6000.0,5750.0
2026-07-20,Himachal Pradesh,Hamirpur,PMY Hamirpur,Mango,Other,Grade B,6000.0,10000.0,8000.0
2026-07-20,Himachal Pradesh,Hamirpur,SMY Nadaun,Mango,Other,Grade B,9000.0,10000.0,9500.0
2026-07-20,Himachal Pradesh,Kangra,PMY Kangra,Mango,Other,Medium,4000.0,6000.0,5000.0
2026-07-20,Himachal Pradesh,Kangra,SMY Baijnath,Mango,Dusheri,Grade B,3000.0,7000.0,4500.0
2026-07-20,Himachal Pradesh,Kangra,SMY Jaisinghpur,Mango,Other,Medium,6000.0,14000.0,10000.0
2026-07-20,Himachal Pradesh,Kangra,SMY Jassur,Mango,Other,Medium,2000.0,5000.0,3500.0
2026-07-20,Himachal Pradesh,Kangra,SMY Nagrota Bagwan,Mango,Other,Medium,4000.0,6000.0,5000.0
2026-07-20,Himachal Pradesh,Kangra,SMY Palampur,Mango,Other,Medium,5000.0,13000.0,9000.0
2026-07-20,Himachal Pradesh,Kullu,PMY Kullu,Mango,Other,Medium,5500.0,15000.0,8000.0
2026-07-20,Himachal Pradesh,Kullu,SMY Bhuntar,Mango,Other,Medium,4500.0,11000.0,8000.0
2026-07-20,Himachal Pradesh,Mandi,PMY Kangni Mandi,Mango,Other,Grade B,4500.0,10500.0,8000.0
2026-07-20,Himachal Pradesh,Mandi,SMY Dhanotu,Mango,Other,Medium,4000.0,9000.0,6500.0
2026-07-20,Himachal Pradesh,Shimla,SMY Rohroo,Mango,Other,Grade B,5000.0,8000.0,6500.0
2026-07-20,Himachal Pradesh,Solan,PMY Kather Solan,Mango,Other,Medium,3000.0,14000.0,8000.0
2026-07-20,Himachal Pradesh,Solan,SMY Nalagarh,Mango,Other,Medium,2000.0,3000.0,2500.0
2026-07-20,Rajasthan,Jaipur,Jaipur (F&V) APMC,Mango,Other,Medium,1000.0,10000.0,5500.0
2026-07-20,Himachal Pradesh,Una,PMY Una,Mango,Dusheri,Grade A,6000.0,7000.0,6500.0
2026-07-20,Himachal Pradesh,Una,PMY Una,Mango,Other,Grade A,7000.0,7500.0,7250.0
2026-07-20,Jammu and Kashmir,Jammu,Narwal Jammu (F&V),Mango,Chausa,Medium,5000.0,10000.0,7500.0
2026-07-20,Jammu and Kashmir,Jammu,Narwal Jammu (F&V),Mango,Dusheri,Medium,5000.0,8500.0,6750.0
2026-07-20,Jammu and Kashmir,Jammu,Narwal Jammu (F&V),Mango,Langra,Medium,5000.0,10000.0,7500.0
2026-07-20,Jammu and Kashmir,Jammu,Narwal Jammu (F&V),Mango,Totapuri,Medium,3000.0,4500.0,3750.0
2026-07-20,Jammu and Kashmir,Kathua,Kathua (F&V),Mango,Dusheri,Grade B,6000.0,7000.0,6500.0
2026-07-20,Karnataka,Bengaluru,"Binny Mill (F&V), Bengaluru APMC",Mango,Neelam,Local,2000.0,4000.0,3000.0
2026-07-20,Himachal Pradesh,Bilaspur,PMY Bilaspur,Mango,Other,Grade B,5000.0,14000.0,7000.0
2026-07-20,Haryana,Yamuna Nagar,Radaur APMC,Mango,Other,Medium,1800.0,2100.0,2000.0
2026-07-20,Haryana,Sonipat,Sonepat(Kharkhoda) APMC,Mango,Other,Grade A,2000.0,5200.0,4500.0
2026-07-20,Haryana,Sonipat,Sonepat APMC,Mango,Other,Medium,1500.0,8000.0,4000.0
2026-07-20,Andhra Pradesh,Chittor,Bangarupalyam APMC,Mango,Badami,Grade B,3000.0,5000.0,4000.0
2026-07-20,Andhra Pradesh,Chittor,Chittoor APMC,Mango,Neelam,Local,2000.0,2500.0,2300.0
2026-07-20,Goa,North Goa,Mapusa APMC,Mango,Neelam,Medium,4000.0,6000.0,5000.0
2026-07-20,Gujarat,Mehsana,Mehsana(Mehsana Veg) APMC,Mango,Badami,Local,1500.0,6000.0,4500.0
2026-07-20,Haryana,Ambala,Barara APMC,Mango,Other,Medium,2000.0,2900.0,2500.0
2026-07-20,Haryana,Ambala,Naraingarh APMC,Mango,Mango,Medium,1500.0,3000.0,2000.0
2026-07-20,Haryana,Ambala,Shahzadpur APMC,Mango,Langra,Medium,2400.0,2400.0,2400.0
2026-07-20,Haryana,Faridabad,Faridabad APMC,Mango,Other,Grade B,5500.0,5500.0,5500.0
2026-07-20,Haryana,Gurgaon,Gurgaon APMC,Mango,Other,Grade B,3000.0,5000.0,4000.0
2026-07-20,Haryana,Hissar,Barwala(Hisar) APMC,Mango,Other,Local,2000.0,13000.0,4500.0
2026-07-20,Haryana,Hissar,Hansi APMC,Mango,Other,Grade B,3000.0,5000.0,4000.0
2026-07-20,Haryana,Jhajar,Jhajjar APMC,Mango,Other,Medium,6000.0,6000.0,6000.0
2026-07-20,Karnataka,Bengaluru,"Binny Mill (F&V), Bengaluru APMC",Mango,Totapuri,Local,800.0,1200.0,1000.0
2026-07-20,Haryana,Jind,Safidon APMC,Mango,Other,Medium,2500.0,4500.0,3500.0
2026-07-20,Haryana,Kurukshetra,Ladwa APMC,Mango,Dusheri,Grade A,2500.0,3000.0,2800.0
2026-07-20,Haryana,Kurukshetra,Shahabad APMC,Mango,Other,Medium,2000.0,4000.0,3100.0
2026-07-20,Haryana,Mahendragarh-Narnaul,Narnaul APMC,Mango,Mango,Medium,4000.0,7000.0,5000.0
2026-07-20,Haryana,Panipat,Panipat APMC,Mango,Other,Local,2000.0,8000.0,5000.0
2026-07-20,Haryana,Panipat,Samalkha APMC,Mango,Other,Grade A,4000.0,5500.0,5000.0
2026-07-20,Haryana,Rewari,Kosli APMC,Mango,Other,Medium,4000.0,4000.0,4000.0
2026-07-20,Haryana,Rohtak,Meham APMC,Mango,Other,Medium,2100.0,4000.0,3500.0
2026-07-20,Haryana,Rohtak,Rohtak APMC,Mango,Other,Medium,4000.0,7000.0,5000.0
2026-07-20,Haryana,Rohtak,Sampla APMC,Mango,Other,Local,3000.0,6000.0,4000.0
2026-07-20,Haryana,Sirsa,Sirsa APMC,Mango,Other,Medium,4000.0,8000.0,5000.0
2026-07-20,Haryana,Sonipat,Ganaur APMC,Mango,Other,Medium,3000.0,6000.0,4000.0
2026-07-20,Haryana,Sonipat,Gohana APMC,Mango,Other,Medium,4000.0,6000.0,5000.0
2026-07-20,Haryana,Karnal,Tarori APMC,Mango,Chausa,Grade A,2000.0,3000.0,2500.0
2026-07-20,Karnataka,Davangere,Davangere APMC,Mango,Mango,Local,3000.0,4000.0,3500.0
2026-07-20,Haryana,Yamuna Nagar,Jagadhri APMC,Mango,Other,Medium,2200.0,6200.0,6000.0
2026-07-20,Madhya Pradesh,Harda,Harda(F&V) APMC,Mango,Neelam,Medium,2000.0,4000.0,3000.0
2026-07-20,Punjab,Fazilka,Jalalabad APMC,Mango,Other,Medium,4500.0,5000.0,4700.0
2026-07-20,Punjab,Ferozpur,Zira APMC,Mango,Chausa,Local,4900.0,4900.0,4900.0
2026-07-20,Punjab,Gurdaspur,Gurdaspur APMC,Mango,Other,Grade A,4800.0,4800.0,4800.0
2026-07-20,Punjab,Gurdaspur,Quadian APMC,Mango,Other,Grade A,4200.0,4400.0,4300.0
2026-07-20,Punjab,Hoshiarpur,Garh Shankar APMC,Mango,Other,Medium,3500.0,3500.0,3500.0
2026-07-20,Punjab,Hoshiarpur,Garh Shankar(Mahalpur) APMC,Mango,Dusheri,Medium,6000.0,6000.0,6000.0
2026-07-20,Punjab,Hoshiarpur,Mukerian APMC,Mango,Dusheri,Grade B,2500.0,3500.0,3000.0
2026-07-20,Punjab,Hoshiarpur,Tanda Urmur APMC,Mango,Other,Grade A,5000.0,6000.0,5500.0
2026-07-20,Punjab,Hoshiarpur,Tanda Urmur APMC,Mango,Totapuri,Grade A,4000.0,5000.0,4500.0
2026-07-20,Punjab,Jalandhar,Jalandhar City(Jalandhar) APMC,Mango,Other,Medium,2000.0,5500.0,4500.0
2026-07-20,Punjab,Ludhiana,Doraha APMC,Mango,Badami,Local,3000.0,4000.0,3500.0
2026-07-20,Punjab,Moga,Baghapurana APMC,Mango,Dusheri,Grade B,3500.0,5000.0,4000.0
2026-07-20,Punjab,Fazilka,Fazilka APMC,Mango,Other,Medium,7000.0,7000.0,7000.0
2026-07-20,Punjab,Nawanshahr,Nawan Shahar(Subzi Mandi) APMC,Mango,Other,Medium,6000.0,7000.0,6600.0
2026-07-20,Punjab,Patiala,Patiala APMC,Mango,Other,Grade B,3000.0,3500.0,3200.0
2026-07-20,Punjab,Patiala,Patran APMC,Mango,Other,Grade A,3960.0,3960.0,3960.0
2026-07-20,Punjab,Ropar (Rupnagar),Ropar APMC,Mango,Dusheri,Medium,4500.0,5000.0,4800.0
2026-07-20,Punjab,Ropar (Rupnagar),Ropar APMC,Mango,Langra,Medium,4000.0,4400.0,4200.0
2026-07-20,Punjab,Ropar (Rupnagar),Ropar APMC,Mango,Safeda,Medium,5500.0,6000.0,5800.0
2026-07-20,Punjab,Ropar (Rupnagar),Ropar APMC,Mango,Totapuri,Medium,5000.0,5500.0,5200.0
2026-07-20,Punjab,Sangrur,Bhawanigarh APMC,Mango,Other,Medium,5000.0,5200.0,5100.0
2026-07-20,Punjab,Sangrur,Dhuri APMC,Mango,Dusheri,Medium,4500.0,6000.0,5000.0
2026-07-20,Punjab,Tarntaran,Patti APMC,Mango,Other,Grade B,1000.0,1000.0,1000.0
2026-07-20,Rajasthan,Ajmer,Ajmer(F&V) APMC,Mango,Other,Medium,3000.0,5000.0,4000.0
2026-07-20,Rajasthan,Bikaner,Bikaner (F&V) APMC,Mango,Other,Medium,4800.0,4800.0,4800.0
2026-07-20,Madhya Pradesh,Burhanpur,Burhanpur(F&V) APMC,Mango,Badami,Grade A,2000.0,7000.0,6500.0
2026-07-20,Punjab,Patiala,Nabha APMC,Mango,Other,Grade B,2500.0,5000.0,3300.0
2026-07-20,Odisha,Mayurbhanja,Narasinghpur APMC,Mango,Langra,Local,2500.0,3500.0,3000.0
2026-07-20,Punjab,Ludhiana,Ludhiana APMC,Mango,Other,Medium,2000.0,5500.0,3000.0
2026-07-20,Odisha,Mayurbhanja,Narasinghpur APMC,Mango,Amrapali,Local,2500.0,3500.0,3000.0
2026-07-20,Madhya Pradesh,Morena,Morena APMC,Mango,Other,Non-FAQ,2000.0,2000.0,2000.0
2026-07-20,Madhya Pradesh,Sheopur,Sheopurkalan(F&V) APMC,Mango,Other,Medium,4000.0,4500.0,4200.0
2026-07-20,Maharashtra,Ahilyanagar,Ahilyanagar APMC,Mango,Totapuri,Local,1500.0,3500.0,2500.0
2026-07-20,Maharashtra,Ahilyanagar,Shrirampur APMC,Mango,Other,Local,3500.0,4500.0,4000.0
2026-07-20,Maharashtra,Amarawati,Amrawati(Frui & Veg. Market) APMC,Mango,Totapuri,Local,1500.0,2500.0,2000.0
2026-07-20,Maharashtra,Chandrapur,Chandrapur(Ganjwad) APMC,Mango,Other,Local,4000.0,6000.0,5000.0
2026-07-20,Maharashtra,Chattrapati Sambhajinagar,Chattrapati Sambhajinagar APMC,Mango,Other,Local,2000.0,7000.0,4500.0
2026-07-20,Maharashtra,Mumbai,Mumbai- Fruit Market APMC,Mango,Other,Local,3000.0,14000.0,10000.0
2026-07-20,Maharashtra,Nagpur,Nagpur APMC,Mango,Other,Local,2500.0,3500.0,3250.0
2026-07-20,Maharashtra,Nashik,Nasik APMC,Mango,Totapuri,Local,1700.0,3500.0,2000.0
2026-07-20,Maharashtra,Pune,Pune(Moshi) APMC,Mango,Other,Local,4000.0,4000.0,4000.0
2026-07-20,Maharashtra,Sangli,"Sangli(Phale, Bhajipala Market) APMC",Mango,Totapuri,Local,2000.0,3500.0,2750.0
2026-07-20,Maharashtra,Solapur,Akluj APMC,Mango,Other,Local,3000.0,4000.0,3500.0
2026-07-20,Madhya Pradesh,Indore,Indore(F&V) APMC,Mango,Other,Local,2500.0,9000.0,6000.0
2026-07-20,NCT of Delhi,Delhi,APMC Azadpur,Mango,Surkha,Grade A,2500.0,6000.0,4000.0
2026-07-20,NCT of Delhi,Delhi,APMC Azadpur,Mango,Dinga,Grade A,2000.0,3000.0,2400.0
2026-07-20,NCT of Delhi,Delhi,APMC Azadpur,Mango,Dusheri,Grade A,1429.0,3571.0,2393.0
2026-07-20,NCT of Delhi,Delhi,APMC Azadpur,Mango,Fazli,Grade A,2857.0,5714.0,4464.0
2026-07-20,NCT of Delhi,Delhi,APMC Azadpur,Mango,Hapus(Alphaso),Grade A,10000.0,16667.0,13333.0
2026-07-20,NCT of Delhi,Delhi,APMC Azadpur,Mango,Keshar,Grade A,2857.0,5000.0,3643.0
2026-07-20,NCT of Delhi,Delhi,APMC Azadpur,Mango,Langra,Grade A,2000.0,5000.0,3100.0
2026-07-20,NCT of Delhi,Delhi,APMC Azadpur,Mango,Safeda,Grade A,2143.0,3571.0,3129.0
2026-07-20,NCT of Delhi,Delhi,APMC Azadpur,Mango,Saroli,Grade A,1000.0,2000.0,1500.0
2026-07-20,Maharashtra,Solapur,SHRI.SIDDHESHWAR  APMC,Mango,Other,Local,1500.0,4000.0,2500.0
2026-07-20,NCT of Delhi,Delhi,APMC Azadpur,Mango,Totapuri,Grade A,2143.0,3214.0,2643.0
2026-07-20,NCT of Delhi,Delhi,APMC Keshopur,Mango,Other,Medium,4000.0,6000.0,5200.0
2026-07-20,Odisha,Gajapati,Kasinagar APMC,Mango,Badami,Grade Range-1,1800.0,2000.0,1900.0
2026-07-21,Tamil Nadu,Nagercoil (Kannyiakumari),Myladi(Uzhavar Sandhai ),Mango,Safeda,Local,4500.0,5000.0,4750.0
2026-07-21,Tamil Nadu,Nagercoil (Kannyiakumari),Vadaseri APMC,Mango,Safeda,Local,6500.0,7000.0,6750.0
2026-07-21,Tamil Nadu,Karur,Pallapatti (Uzhavar Sandhai ),Mango,Other,Local,3500.0,4000.0,3750.0
2026-07-21,Tamil Nadu,Namakkal,Namakkal(Uzhavar Sandhai ),Mango,Neelam,Local,5000.0,7000.0,6000.0
2026-07-21,Tamil Nadu,Namakkal,Kumarapalayam(Uzhavar Sandhai ),Mango,Other,Local,4500.0,5000.0,4750.0
2026-07-21,Tamil Nadu,Nagapattinam,Nagapattinam(Uzhavar Sandhai ),Mango,Other,Local,6000.0,6500.0,6250.0
2026-07-21,Tamil Nadu,Krishnagiri,Krishnagiri(Uzhavar Sandhai ),Mango,Safeda,Local,2000.0,2500.0,2250.0
2026-07-21,Tamil Nadu,Madurai,Melur(Uzhavar Sandhai ),Mango,Safeda,Local,4500.0,5000.0,4750.0
2026-07-21,Tamil Nadu,Madurai,Chokkikulam(Uzhavar Sandhai ),Mango,Safeda,Local,3000.0,6000.0,4500.0
2026-07-21,Tamil Nadu,Madurai,Anna nagar(Uzhavar Sandhai ),Mango,Other,Local,5000.0,5000.0,5000.0
2026-07-21,Tamil Nadu,Madurai,Anaiyur(Uzhavar Sandhai ),Mango,Safeda,Local,5000.0,6000.0,5500.0
2026-07-21,Tamil Nadu,Namakkal,Rasipuram(Uzhavar Sandhai ),Mango,Other,Local,3000.0,5000.0,4000.0
2026-07-21,Tamil Nadu,Madurai,Thirumangalam(Uzhavar Sandhai ),Mango,Safeda,Local,5000.0,6000.0,5500.0
2026-07-21,Tamil Nadu,Namakkal,Tiruchengode APMC,Mango,Other,Local,6200.0,7000.0,6600.0
2026-07-21,Tamil Nadu,Salem,Athur(Uzhavar Sandhai ),Mango,Safeda,Local,4000.0,5000.0,4500.0
2026-07-21,Tamil Nadu,Pudukkottai,Aranthangi(Uzhavar Sandhai ),Mango,Safeda,Local,4500.0,5000.0,4750.0
2026-07-21,Tamil Nadu,Pudukkottai,Pudukottai(Uzhavar Sandhai ),Mango,Neelam,Local,3500.0,4000.0,3750.0
2026-07-21,Tamil Nadu,Ranipet,Arcot(Uzhavar Sandhai ),Mango,Neelam,Local,6000.0,6000.0,6000.0
2026-07-21,Tamil Nadu,Ranipet,Ranipettai(Uzhavar Sandhai ),Mango,Safeda,Local,4000.0,8000.0,6000.0
2026-07-21,Tamil Nadu,Salem,Ammapet(Uzhavar Sandhai ),Mango,Neelam,Local,4000.0,5000.0,4500.0
2026-07-21,Tamil Nadu,Salem,Hasthampatti(Uzhavar Sandhai ),Mango,Neelam,Local,4500.0,5000.0,4750.0
2026-07-21,Tamil Nadu,Salem,Sooramangalam(Uzhavar Sandhai ),Mango,Neelam,Local,4000.0,5000.0,4500.0
2026-07-21,Tamil Nadu,Salem,Thammampatti (Uzhavar Sandhai ),Mango,Safeda,Local,4000.0,5000.0,4500.0
2026-07-21,Tamil Nadu,Salem,Thathakapatti(Uzhavar Sandhai ),Mango,Safeda,Local,5000.0,6000.0,5500.0
2026-07-21,Tamil Nadu,Salem,Vazhapadi(Uzhavar Sandhai),Mango,Neelam,Local,5000.0,5000.0,5000.0
2026-07-21,Tamil Nadu,Sivaganga,Singampunari(Uzhavar Sandhai ),Mango,Other,Local,3000.0,3500.0,3250.0
2026-07-21,Tamil Nadu,Sivaganga,Sivagangai (Uzhavar Sandhai ),Mango,Safeda,Local,3500.0,6500.0,5000.0
2026-07-21,Tamil Nadu,Perambalur,Perambalur(Uzhavar Sandhai ),Mango,Other,Local,5000.0,6000.0,5500.0
2026-07-21,Tamil Nadu,Karur,Kulithalai(Uzhavar Sandhai ),Mango,Neelam,Local,5000.0,6000.0,5500.0
2026-07-21,Tamil Nadu,Chengalpattu,Guduvancheri(Uzhavar Sandhai ),Mango,Neelam,Local,6000.0,7000.0,6500.0
2026-07-21,Tamil Nadu,Karur,Gandhigramam(Uzhavar Sandhai),Mango,Neelam,Local,5000.0,6000.0,5500.0
2026-07-21,Tamil Nadu,Tenkasi,Sankarankoil(Uzhavar Sandhai ),Mango,Safeda,Local,4000.0,4000.0,4000.0
2026-07-21,Tamil Nadu,Chengalpattu,Jameenrayapettai(Uzhavar Sandhai ),Mango,Other,Local,6000.0,7000.0,6500.0
2026-07-21,Tamil Nadu,Chengalpattu,Nanganallur(Uzhavar Sandhai ),Mango,Safeda,Local,4000.0,4000.0,4000.0
2026-07-21,Tamil Nadu,Coimbatore,Kurichi(Uzhavar Sandhai ),Mango,Neelam,Local,7000.0,8000.0,7500.0
2026-07-21,Tamil Nadu,Coimbatore,Mettupalayam(Uzhavar Sandhai ),Mango,Safeda,Local,7000.0,10000.0,8500.0
2026-07-21,Tamil Nadu,Coimbatore,RSPuram(Uzhavar Sandhai ),Mango,Neelam,Local,7000.0,8000.0,7500.0
2026-07-21,Tamil Nadu,Coimbatore,Singanallur(Uzhavar Sandhai ),Mango,Safeda,Local,9000.0,10000.0,9500.0
2026-07-21,Tamil Nadu,Coimbatore,Sundarapuram(Uzhavar Sandhai ),Mango,Neelam,Local,7000.0,8000.0,7500.0
2026-07-21,Tamil Nadu,Coimbatore,Vadavalli(Uzhavar Sandhai ),Mango,Safeda,Local,8000.0,12000.0,10000.0
2026-07-21,Tamil Nadu,Cuddalore,Cuddalore(Uzhavar Sandhai ),Mango,Safeda,Local,5000.0,7000.0,6000.0
2026-07-21,Tamil Nadu,Cuddalore,Panruti(Uzhavar Sandhai ),Mango,Safeda,Local,5000.0,5000.0,5000.0
2026-07-21,Tamil Nadu,Dharmapuri,AJattihalli(Uzhavar Sandhai ),Mango,Neelam,Local,6000.0,6000.0,6000.0
2026-07-21,Tamil Nadu,Dharmapuri,Dharmapuri(Uzhavar Sandhai ),Mango,Safeda,Local,4500.0,5000.0,4750.0
2026-07-21,Tamil Nadu,Dharmapuri,Harur(Uzhavar Sandhai ),Mango,Other,Local,3500.0,4000.0,3750.0
2026-07-21,Tamil Nadu,Dharmapuri,Karimangalam(Uzhavar Sandhai),Mango,Safeda,Local,3300.0,3500.0,3400.0
2026-07-21,Tamil Nadu,Dharmapuri,Palacode(Uzhavar Sandhai ),Mango,Neelam,Local,4000.0,4500.0,4250.0
2026-07-21,Tamil Nadu,Dharmapuri,Pennagaram(Uzhavar Sandhai ),Mango,Safeda,Local,3600.0,4000.0,3800.0
2026-07-21,Tamil Nadu,Dindigul,Chinnalapatti(Uzhavar Sandhai ),Mango,Safeda,Local,4000.0,6000.0,5000.0
2026-07-21,Tamil Nadu,Dindigul,Dindigul(Uzhavar Sandhai ),Mango,Safeda,Local,5000.0,6000.0,5500.0
2026-07-21,Tamil Nadu,Dindigul,Palani(Uzhavar Sandhai ),Mango,Neelam,Local,3000.0,4000.0,3500.0
2026-07-21,Tamil Nadu,Erode,Periyar Nagar(Uzhavar Sandhai ),Mango,Safeda,Local,3000.0,5000.0,4000.0
2026-07-21,Tamil Nadu,Erode,Perundurai(Uzhavar Sandhai ),Mango,Safeda,Local,5500.0,6000.0,5750.0
2026-07-21,Tamil Nadu,Erode,Sampath Nagar(Uzhavar Sandhai ),Mango,Safeda,Local,3000.0,8000.0,5500.0
2026-07-21,Tamil Nadu,Kallakuruchi,Kallakurichi(Uzhavar Sandhai ),Mango,Other,Local,4000.0,4000.0,4000.0
2026-07-21,Tamil Nadu,Kallakuruchi,Sankarapuram(Uzhavar Sandhai ),Mango,Neelam,Local,5000.0,5000.0,5000.0
2026-07-21,Tamil Nadu,Kancheepuram,Kancheepuram(Uzhavar Sandhai ),Mango,Safeda,Local,3000.0,6000.0,4500.0
2026-07-21,Tamil Nadu,Kancheepuram,Padappai(Uzhavar Sandhai ),Mango,Safeda,Local,3000.0,6000.0,4500.0
2026-07-21,Tamil Nadu,Karur,Karur(Uzhavar Sandhai ),Mango,Neelam,Local,7500.0,8000.0,7750.0
2026-07-21,Tamil Nadu,Tenkasi,Tenkasi(Uzhavar Sandhai ),Mango,Neelam,Local,4000.0,4000.0,4000.0
2026-07-21,Uttarakhand,Udhamsinghnagar,Kashipur APMC,Mango,Other,Local,2000.0,2000.0,2000.0
2026-07-21,Tamil Nadu,Thanjavur,Thanjavur(Uzhavar Sandhai ),Mango,Safeda,Local,5000.0,7000.0,6000.0
2026-07-21,Telangana,Ranga Reddy,Gaddiannaram APMC,Mango,Langra,Medium,2000.0,6000.0,3000.0
2026-07-21,Telangana,Ranga Reddy,Gaddiannaram APMC,Mango,Neelam,Medium,1111.12,4444.48,2777.8
2026-07-21,Telangana,Ranga Reddy,Gaddiannaram APMC,Mango,Other,Medium,2400.0,2400.0,2400.0
2026-07-21,Telangana,Ranga Reddy,Gaddiannaram APMC,Mango,Raspuri,Medium,555.56,1944.46,1111.12
2026-07-21,Telangana,Ranga Reddy,Gaddiannaram APMC,Mango,Totapuri,Medium,1111.12,3888.92,2777.8
2026-07-21,Uttar Pradesh,Badaun,Shahaswan APMC,Mango,Other,Medium,2500.0,3000.0,2600.0
2026-07-21,Uttar Pradesh,Kanpur,Baripaal APMC,Mango,Langra,Medium,3000.0,3500.0,3200.0
2026-07-21,Uttar Pradesh,Mau(Maunathbhanjan),Kopaganj APMC,Mango,Dusheri,Grade B,3310.0,3390.0,3330.0
2026-07-21,Uttar Pradesh,Rampur,Bilaspur APMC,Mango,Dusheri,Medium,2500.0,3000.0,2750.0
2026-07-21,Uttar Pradesh,Saharanpur,Rampurmaniharan APMC,Mango,Langra,Grade C,2100.0,2300.0,2200.0
2026-07-21,Uttar Pradesh,Shamli,Khandhla APMC,Mango,Dusheri,Medium,4900.0,4940.0,4920.0
2026-07-21,Uttarakhand,Dehradoon,Dehradoon APMC,Mango,Other,Grade B,1800.0,3500.0,2500.0
2026-07-21,Uttarakhand,Dehradoon,Rishikesh APMC,Mango,Chausa,Medium,4000.0,4850.0,4500.0
2026-07-21,Uttarakhand,Dehradoon,Rishikesh APMC,Mango,Dusheri,Medium,2500.0,4000.0,3500.0
2026-07-21,Uttarakhand,Dehradoon,Rishikesh APMC,Mango,Langra,Medium,2200.0,3850.0,3200.0
2026-07-21,Uttarakhand,Dehradoon,Vikasnagar APMC,Mango,Other,Medium,300.0,800.0,800.0
2026-07-21,Uttarakhand,Garhwal (Pauri),Kotadwara APMC,Mango,Other,Medium,1900.0,1900.0,1900.0
2026-07-21,Uttarakhand,Haridwar,Bhagwanpur(Naveen Mandi Sthal) APMC,Mango,Other,Grade A,1000.0,1300.0,1200.0
2026-07-21,Uttarakhand,Haridwar,Haridwar Union APMC,Mango,Dusheri,Grade C,1000.0,2000.0,1300.0
2026-07-21,Uttarakhand,Haridwar,Haridwar Union APMC,Mango,Other,Grade C,2000.0,3500.0,2500.0
2026-07-21,Uttarakhand,Haridwar,Manglaur APMC,Mango,Other,Medium,800.0,1500.0,1200.0
2026-07-21,Uttarakhand,Haridwar,Roorkee APMC,Mango,Other,Local,1200.0,1800.0,1500.0
2026-07-21,Uttarakhand,Nanital,Haldwani APMC,Mango,Other,Grade A,1500.0,3000.0,2200.0
2026-07-21,Uttarakhand,Udhamsinghnagar,Bazpur APMC,Mango,Other,Grade A,2200.0,2300.0,2258.0
2026-07-21,Rajasthan,Kota,Kota (F&V) APMC,Mango,Other,Medium,6000.0,6000.0,6000.0
2026-07-21,Uttarakhand,Udhamsinghnagar,Rudrapur APMC,Mango,Other,Medium,3000.0,6000.0,5000.0
2026-07-21,West Bengal,Kolkata,Mechua APMC,Mango,Other,Grade A,5600.0,6000.0,5800.0
2026-07-21,Telangana,Ranga Reddy,Gaddiannaram APMC,Mango,Badami,Medium,2777.8,14444.56,8888.96
2026-07-21,Tamil Nadu,Virudhunagar,Aruppukottai(Uzhavar Sandhai ),Mango,Safeda,Local,5000.0,6000.0,5500.0
2026-07-21,Tamil Nadu,Villupuram,Villupuram(Uzhavar Sandhai ),Mango,Safeda,Local,7000.0,10000.0,8500.0
2026-07-21,Tamil Nadu,Villupuram,Tindivanam APMC,Mango,Safeda,Local,5000.0,5000.0,5000.0
2026-07-21,Tamil Nadu,The Nilgiris,Udhagamandalam(Uzhavar Sandhai ),Mango,Safeda,Local,10000.0,12000.0,11000.0
2026-07-21,Tamil Nadu,Theni,Bodinayakanur(Uzhavar Sandhai ),Mango,Safeda,Local,4000.0,4000.0,4000.0
2026-07-21,Tamil Nadu,Theni,Devaram(Uzhavar Sandhai ),Mango,Safeda,Local,5000.0,6000.0,5500.0
2026-07-21,Tamil Nadu,Theni,Kambam(Uzhavar Sandhai ),Mango,Other,Local,5000.0,5000.0,5000.0
2026-07-21,Tamil Nadu,Theni,Theni(Uzhavar Sandhai ),Mango,Neelam,Local,3000.0,6000.0,4500.0
2026-07-21,Tamil Nadu,Thiruchirappalli,KKNagar(Uzhavar Sandhai ),Mango,Safeda,Local,6000.0,6000.0,6000.0
2026-07-21,Tamil Nadu,Thiruchirappalli,Musiri(Uzhavar Sandhai ),Mango,Safeda,Local,3000.0,3000.0,3000.0
2026-07-21,Tamil Nadu,Thiruchirappalli,Thuraiyur APMC,Mango,Safeda,Local,8000.0,9000.0,8500.0
2026-07-21,Tamil Nadu,Thirunelveli,Palayamkottai(Uzhavar Sandhai ),Mango,Safeda,Local,6000.0,8000.0,7000.0
2026-07-21,Tamil Nadu,Thirupathur,Natrampalli(Uzhavar Sandhai ),Mango,Safeda,Local,2500.0,3000.0,2750.0
2026-07-21,Tamil Nadu,Thirupathur,Vaniyampadi(Uzhavar Sandhai ),Mango,Safeda,Local,3000.0,3000.0,3000.0
2026-07-21,Tamil Nadu,Thirupur,Dharapuram(Uzhavar Sandhai ),Mango,Safeda,Local,4000.0,6000.0,5000.0
2026-07-21,Tamil Nadu,Thirupur,Tiruppur (South) (Uzhavar Sandhai ),Mango,Safeda,Local,5000.0,6000.0,5500.0
2026-07-21,Tamil Nadu,Thanjavur,Kumbakonam (Uzhavar Sandhai ),Mango,Safeda,Local,3000.0,9000.0,6000.0
2026-07-21,Tamil Nadu,Thiruvannamalai,Arani(Uzhavar Sandhai ),Mango,Safeda,Local,4000.0,5000.0,4500.0
2026-07-21,Tamil Nadu,Thiruvannamalai,Polur(Uzhavar Sandhai ),Mango,Safeda,Local,4000.0,5000.0,4500.0
2026-07-21,Tamil Nadu,Thiruvannamalai,Tamarainagar(Uzhavar Sandhai ),Mango,Safeda,Local,6000.0,7000.0,6500.0
2026-07-21,Tamil Nadu,Thiruvannamalai,Tiruvannamalai(Uzhavar Sandhai ),Mango,Safeda,Local,5000.0,6000.0,5500.0
2026-07-21,Tamil Nadu,Thiruvarur,Mannargudi I(Uzhavar Sandhai ),Mango,Safeda,Local,4000.0,5000.0,4500.0
2026-07-21,Tamil Nadu,Thiruvarur,Mannargudi II(Uzhavar Sandhai ),Mango,Safeda,Local,4000.0,4000.0,4000.0
2026-07-21,Tamil Nadu,Thiruvarur,Tiruthuraipoondi(Uzhavar Sandhai ),Mango,Safeda,Local,3000.0,3000.0,3000.0
2026-07-21,Tamil Nadu,Tuticorin,Tuticorin(Uzhavar Sandhai ),Mango,Safeda,Local,4500.0,5000.0,4750.0
2026-07-21,Tamil Nadu,Vellore,Gudiyatham(Uzhavar Sandhai ),Mango,Neelam,Local,3500.0,4000.0,3750.0
2026-07-21,Tamil Nadu,Vellore,Kahithapattarai(Uzhavar Sandhai ),Mango,Safeda,Local,5000.0,6000.0,5500.0
2026-07-21,Tamil Nadu,Vellore,Katpadi (Uzhavar Sandhai ),Mango,Safeda,Local,7000.0,8000.0,7500.0
2026-07-21,Tamil Nadu,Vellore,Perampet(Uzhavar Sandhai),Mango,Neelam,Local,3000.0,3500.0,3250.0
2026-07-21,Tamil Nadu,Vellore,Thirupathur APMC,Mango,Safeda,Local,4000.0,4000.0,4000.0
2026-07-21,Tamil Nadu,Vellore,Vellore APMC,Mango,Neelam,Local,4000.0,4000.0,4000.0
2026-07-21,Tamil Nadu,Thiruvannamalai,Chengam(Uzhavar Sandhai ),Mango,Safeda,Local,3300.0,4000.0,3650.0
2026-07-21,Rajasthan,Jodhpur,Jodhpur (F&V) APMC,Mango,Langra,Medium,2000.0,4000.0,3000.0
2026-07-21,Tamil Nadu,Chengalpattu,Medavakkam(Uzhavar Sandhai ),Mango,Safeda,Local,5000.0,5000.0,5000.0
2026-07-21,Rajasthan,Jaipur,Jaipur (F&V) APMC,Mango,Other,Medium,1000.0,10000.0,5500.0
2026-07-21,Haryana,Yamuna Nagar,Chhachrauli APMC,Mango,Other,Local,1400.0,3200.0,2000.0
2026-07-21,Haryana,Yamuna Nagar,Jagadhri APMC,Mango,Other,Medium,2500.0,6000.0,5000.0
2026-07-21,Himachal Pradesh,Bilaspur,PMY Bilaspur,Mango,Other,Grade A,5000.0,14000.0,7000.0
2026-07-21,Himachal Pradesh,Chamba,PMY Chamba,Mango,Dusheri,Medium,5500.0,6000.0,5750.0
2026-07-21,Himachal Pradesh,Hamirpur,PMY Hamirpur,Mango,Other,Grade B,6500.0,9000.0,8000.0
2026-07-21,Himachal Pradesh,Hamirpur,SMY Nadaun,Mango,Other,Grade B,6000.0,11000.0,9000.0
2026-07-21,Himachal Pradesh,Kangra,PMY Kangra,Mango,Dusheri,Medium,4000.0,6000.0,5000.0
2026-07-21,Himachal Pradesh,Kangra,SMY Baijnath,Mango,Dusheri,Grade B,4000.0,8000.0,5000.0
2026-07-21,Himachal Pradesh,Kangra,SMY Jaisinghpur,Mango,Other,Medium,5000.0,14000.0,10000.0
2026-07-21,Himachal Pradesh,Kangra,SMY Nagrota Bagwan,Mango,Other,Medium,4000.0,6000.0,5000.0
2026-07-21,Himachal Pradesh,Kangra,SMY Palampur,Mango,Dusheri,Medium,4000.0,8000.0,6000.0
2026-07-21,Himachal Pradesh,Kangra,SMY Palampur,Mango,Other,Medium,10000.0,13000.0,11500.0
2026-07-21,Himachal Pradesh,Kangra,SMY Palampur,Mango,Totapuri,Medium,5000.0,6500.0,5700.0
2026-07-21,Himachal Pradesh,Kullu,PMY Kullu,Mango,Other,Medium,5500.0,15000.0,9000.0
2026-07-21,Himachal Pradesh,Kullu,SMY Bhuntar,Mango,Other,Medium,4000.0,11000.0,8000.0
2026-07-21,Himachal Pradesh,Mandi,PMY Kangni Mandi,Mango,Other,Grade B,5000.0,14000.0,11000.0
2026-07-21,Himachal Pradesh,Mandi,SMY Dhanotu,Mango,Other,Medium,3000.0,11000.0,7500.0
2026-07-21,Himachal Pradesh,Shimla,PMY Dhalli Shimla,Mango,Other,Grade A,4000.0,8000.0,6000.0
2026-07-21,Himachal Pradesh,Shimla,SMY Rohroo,Mango,Other,Grade B,5000.0,8000.0,6500.0
2026-07-21,Himachal Pradesh,Solan,SMY Nalagarh,Mango,Other,Medium,3000.0,3500.0,3300.0
2026-07-21,Himachal Pradesh,Una,PMY Una,Mango,Dusheri,Grade A,5500.0,7500.0,6500.0
2026-07-21,Himachal Pradesh,Una,PMY Una,Mango,Other,Grade A,8000.0,9000.0,8500.0
2026-07-21,Himachal Pradesh,Una,SMY Takarla,Mango,Other,Grade A,5000.0,7000.0,6000.0
2026-07-21,Jammu and Kashmir,Jammu,Narwal Jammu (F&V),Mango,Chausa,Medium,8000.0,10000.0,9000.0
2026-07-21,Jammu and Kashmir,Jammu,Narwal Jammu (F&V),Mango,Dusheri,Medium,6000.0,8500.0,7250.0
2026-07-21,Jammu and Kashmir,Jammu,Narwal Jammu (F&V),Mango,Langra,Medium,7000.0,10000.0,8500.0
2026-07-21,Jammu and Kashmir,Kathua,Kathua (F&V),Mango,Dusheri,Grade B,5000.0,6000.0,5500.0
2026-07-21,Haryana,Sonipat,Sonepat APMC,Mango,Other,Medium,1000.0,8000.0,4000.0
2026-07-21,Haryana,Sonipat,Gohana APMC,Mango,Other,Medium,4000.0,6000.0,5000.0
2026-07-21,Haryana,Rohtak,Rohtak APMC,Mango,Other,Medium,5000.0,9000.0,7000.0
2026-07-21,Haryana,Rohtak,Meham APMC,Mango,Other,Medium,2000.0,3500.0,3000.0
2026-07-21,Rajasthan,Jodhpur,Jodhpur (F&V) APMC,Mango,Badami,Medium,2000.0,4500.0,3250.0
2026-07-21,Andhra Pradesh,Chittor,Bangarupalyam APMC,Mango,Neelam,Grade B,2000.0,5000.0,3000.0
2026-07-21,Andhra Pradesh,Chittor,Chittoor APMC,Mango,Neelam,Local,2000.0,2500.0,2300.0
2026-07-21,Bihar,East Champaran/ Motihari,Motihari APMC,Mango,Other,Grade A,7000.0,8000.0,7500.0
2026-07-21,Chandigarh,Chandigarh,Chandigarh (Grain/F&V) APMC,Mango,Other,Medium,1000.0,6000.0,5000.0
2026-07-21,Chattisgarh,Bilaspur,Tiphra APMC,Mango,Dusheri,Grade B,3700.0,4000.0,3800.0
2026-07-21,Chattisgarh,Durg,Durg APMC,Mango,Dusheri,Medium,4000.0,6000.0,6000.0
2026-07-21,Goa,North Goa,Mapusa APMC,Mango,Neelam,Medium,4000.0,6000.0,5000.0
2026-07-21,Gujarat,Bharuch,Bharuch APMC,Mango,Langra,Local,2000.0,3500.0,2500.0
2026-07-21,Gujarat,Bharuch,Bharuch APMC,Mango,Totapuri,Local,1500.0,2500.0,2000.0
2026-07-21,Gujarat,Mehsana,Mehsana(Mehsana Veg) APMC,Mango,Badami,Local,1750.0,5000.0,4000.0
2026-07-21,Haryana,Ambala,Naraingarh APMC,Mango,Mango,Medium,1500.0,2000.0,1850.0
2026-07-21,Haryana,Ambala,Shahzadpur APMC,Mango,Langra,Medium,2300.0,2300.0,2300.0
2026-07-21,Jammu and Kashmir,Rajouri,Rajouri (Phaliana) (F&V),Mango,Totapuri,Grade B,5500.0,5500.0,5500.0
2026-07-21,Haryana,Faridabad,Ballabhgarh APMC,Mango,Other,Grade A,4000.0,5000.0,4500.0
2026-07-21,Haryana,Gurgaon,Sohna APMC,Mango,Other,Local,2500.0,3000.0,3000.0
2026-07-21,Haryana,Hissar,Barwala(Hisar) APMC,Mango,Other,Local,2000.0,10000.0,4500.0
2026-07-21,Haryana,Hissar,Hansi APMC,Mango,Other,Grade B,3000.0,5000.0,4000.0
2026-07-21,Haryana,Hissar,Uklana APMC,Mango,Other,Medium,3500.0,4000.0,4000.0
2026-07-21,Haryana,Jind,Safidon APMC,Mango,Other,Medium,2500.0,6000.0,4000.0
2026-07-21,Haryana,Karnal,Tarori APMC,Mango,Chausa,Grade A,2000.0,3000.0,2500.0
2026-07-21,Haryana,Kurukshetra,Ladwa APMC,Mango,Other,Medium,3000.0,4000.0,3000.0
2026-07-21,Haryana,Kurukshetra,Shahabad APMC,Mango,Other,Medium,2500.0,5000.0,4500.0
2026-07-21,Haryana,Kurukshetra,Thanesar APMC,Mango,Other,Medium,2000.0,6000.0,4000.0
2026-07-21,Haryana,Mahendragarh-Narnaul,Narnaul APMC,Mango,Mango,Medium,4000.0,6500.0,5000.0
2026-07-21,Haryana,Mewat,Punhana APMC,Mango,Other,Medium,3000.0,3000.0,3000.0
2026-07-21,Haryana,Panipat,Panipat APMC,Mango,Other,Local,2000.0,8000.0,5000.0
2026-07-21,Haryana,Panipat,Samalkha APMC,Mango,Other,Grade A,4500.0,4500.0,4500.0
2026-07-21,Haryana,Fatehabad,Fatehabad APMC,Mango,Other,Local,12000.0,12000.0,12000.0
2026-07-21,Karnataka,Bengaluru,"Binny Mill (F&V), Bengaluru APMC",Mango,Neelam,Local,1500.0,3500.0,2500.0
2026-07-21,Haryana,Sonipat,Sonepat(Kharkhoda) APMC,Mango,Other,Grade A,2000.0,5000.0,4200.0
2026-07-21,Karnataka,Davangere,Davangere APMC,Mango,Mango,Local,3000.0,4000.0,3500.0
2026-07-21,Punjab,Bhatinda,Bhagta Bhai Ka APMC,Mango,Other,Medium,3700.0,3700.0,3700.0
2026-07-21,Punjab,Fazilka,Jalalabad APMC,Mango,Other,Medium,4500.0,5000.0,4700.0
2026-07-21,Punjab,Ferozpur,Zira APMC,Mango,Chausa,Local,4700.0,4700.0,4700.0
2026-07-21,Punjab,Gurdaspur,Quadian APMC,Mango,Other,Grade A,3800.0,4000.0,3900.0
2026-07-21,Punjab,Hoshiarpur,Garh Shankar APMC,Mango,Other,Medium,3600.0,3600.0,3600.0
2026-07-21,Punjab,Hoshiarpur,Mukerian APMC,Mango,Dusheri,Grade B,2500.0,3500.0,3000.0
2026-07-21,Punjab,Hoshiarpur,Tanda Urmur APMC,Mango,Other,Grade A,5000.0,6000.0,5500.0
2026-07-21,Punjab,Hoshiarpur,Tanda Urmur APMC,Mango,Totapuri,Grade A,4000.0,4500.0,4200.0
2026-07-21,Punjab,Jalandhar,Jalandhar City(Jalandhar) APMC,Mango,Other,Medium,2100.0,5000.0,3800.0
2026-07-21,Punjab,Ludhiana,Doraha APMC,Mango,Badami,Local,3000.0,4000.0,3500.0
2026-07-21,Punjab,Ludhiana,Khanna APMC,Mango,Dusheri,Grade A,5000.0,5000.0,5000.0
2026-07-21,Punjab,Ludhiana,Ludhiana APMC,Mango,Other,Medium,2000.0,6000.0,3000.0
2026-07-21,Punjab,Mansa,Mansa APMC,Mango,Other,Grade A,4800.0,4800.0,4800.0
2026-07-21,Punjab,Moga,Baghapurana APMC,Mango,Dusheri,Grade B,4000.0,6000.0,5000.0
2026-07-21,Punjab,Mohali,Kharar APMC,Mango,Other,Small,3000.0,6000.0,3500.0
2026-07-21,Punjab,Nawanshahr,Nawan Shahar(Subzi Mandi) APMC,Mango,Dusheri,Medium,4000.0,5000.0,4600.0
2026-07-21,Punjab,Nawanshahr,Nawan Shahar(Subzi Mandi) APMC,Mango,Other,Medium,6000.0,7000.0,6500.0
2026-07-21,Punjab,Patiala,Patiala APMC,Mango,Other,Grade B,3000.0,3200.0,3100.0
2026-07-21,Punjab,Ropar (Rupnagar),Ropar APMC,Mango,Dusheri,Medium,4500.0,5000.0,4800.0
2026-07-21,Punjab,Ropar (Rupnagar),Ropar APMC,Mango,Langra,Medium,4000.0,4500.0,4200.0
2026-07-21,Punjab,Ropar (Rupnagar),Ropar APMC,Mango,Safeda,Medium,5000.0,6000.0,5500.0
2026-07-21,Punjab,Ropar (Rupnagar),Ropar APMC,Mango,Totapuri,Medium,4800.0,5500.0,5000.0
2026-07-21,Punjab,Sangrur,Bhawanigarh APMC,Mango,Other,Medium,5000.0,6000.0,5500.0
2026-07-21,Punjab,Sangrur,Lehra Gaga APMC,Mango,Other,Grade A,4700.0,6500.0,5176.47
2026-07-21,Punjab,Tarntaran,Patti APMC,Mango,Other,Grade B,1000.0,1000.0,1000.0
2026-07-21,Rajasthan,Ajmer,Ajmer(F&V) APMC,Mango,Other,Medium,3000.0,6000.0,4500.0
2026-07-21,Karnataka,Bengaluru,"Binny Mill (F&V), Bengaluru APMC",Mango,Totapuri,Local,800.0,1200.0,1000.0
2026-07-21,Odisha,Mayurbhanja,Narasinghpur APMC,Mango,Langra,Local,4000.0,5000.0,4500.0
2026-07-21,Odisha,Mayurbhanja,Narasinghpur APMC,Mango,Amrapali,Local,4000.0,5000.0,4500.0
2026-07-21,Rajasthan,Ganganagar,Sriganganagar (F&V) APMC,Mango,Amrapali,Grade C,5100.0,5500.0,5300.0
2026-07-21,NCT of Delhi,Delhi,APMC Keshopur,Mango,Other,Medium,4000.0,6000.0,5100.0
2026-07-21,Odisha,Gajapati,Kasinagar APMC,Mango,Badami,Grade Range-1,1800.0,2000.0,1900.0
2026-07-21,Karnataka,Mysuru,Mysuru APMC,Mango,Other,Medium,2700.0,3560.0,3000.0
2026-07-21,Keralam,Idukki,Kattappana Market,Mango,Other,Small,3000.0,3500.0,3300.0
2026-07-21,Madhya Pradesh,Burhanpur,Burhanpur(F&V) APMC,Mango,Badami,Grade A,2000.0,6500.0,6000.0
2026-07-21,Madhya Pradesh,Harda,Harda(F&V) APMC,Mango,Neelam,Medium,2000.0,4000.0,3000.0
2026-07-21,Madhya Pradesh,Indore,Indore(F&V) APMC,Mango,Other,Local,2500.0,9000.0,6000.0
2026-07-21,Madhya Pradesh,Sehore,Sehore(F&V) APMC,Mango,Badami,Grade Range-1,3000.0,6000.0,4500.0
2026-07-21,Maharashtra,Amarawati,Amrawati(Frui & Veg. Market) APMC,Mango,Totapuri,Local,1500.0,2000.0,1750.0
2026-07-21,Maharashtra,Chandrapur,Chandrapur(Ganjwad) APMC,Mango,Other,Local,4000.0,6000.0,5000.0
2026-07-21,Maharashtra,Chattrapati Sambhajinagar,Chattrapati Sambhajinagar APMC,Mango,Other,Local,2400.0,7000.0,4700.0
2026-07-21,Maharashtra,Jalgaon,Bhusaval APMC,Mango,Other,Local,6000.0,6000.0,6000.0
2026-07-21,Maharashtra,Mumbai,Mumbai- Fruit Market APMC,Mango,Other,Local,6000.0,14000.0,10000.0
2026-07-21,Maharashtra,Nagpur,Nagpur APMC,Mango,Other,Local,2500.0,3500.0,3250.0
2026-07-21,Maharashtra,Palghar,Kalyan APMC,Mango,Totapuri,Local,2000.0,4000.0,3000.0
2026-07-21,Keralam,Idukki,Kattappana Market,Mango,Other,Medium,7000.0,8500.0,8000.0
2026-07-21,Maharashtra,Sangli,"Sangli(Phale, Bhajipala Market) APMC",Mango,Totapuri,Local,1000.0,4000.0,2500.0
2026-07-21,Maharashtra,Pune,Pune(Moshi) APMC,Mango,Other,Local,3000.0,7000.0,5000.0
2026-07-21,NCT of Delhi,Delhi,APMC Azadpur,Mango,Totapuri,Grade A,2143.0,3214.0,2643.0
2026-07-21,NCT of Delhi,Delhi,APMC Azadpur,Mango,Surkha,Grade A,2500.0,6000.0,4000.0
2026-07-21,NCT of Delhi,Delhi,APMC Azadpur,Mango,Saroli,Grade A,1000.0,2000.0,1500.0
2026-07-21,NCT of Delhi,Delhi,APMC Azadpur,Mango,Langra,Grade A,2000.0,5000.0,3100.0
2026-07-21,NCT of Delhi,Delhi,APMC Azadpur,Mango,Safeda,Grade A,2143.0,10000.0,4307.0
2026-07-21,NCT of Delhi,Delhi,APMC Azadpur,Mango,Hapus(Alphaso),Grade A,10000.0,16667.0,13333.0
2026-07-21,NCT of Delhi,Delhi,APMC Azadpur,Mango,Fazli,Grade A,2857.0,5714.0,4464.0
2026-07-21,NCT of Delhi,Delhi,APMC Azadpur,Mango,Dusheri,Grade A,1429.0,3571.0,2393.0
2026-07-21,NCT of Delhi,Delhi,APMC Azadpur,Mango,Dinga,Grade A,2000.0,3000.0,2400.0
2026-07-21,Maharashtra,Solapur,SHRI.SIDDHESHWAR  APMC,Mango,Other,Local,1500.0,3500.0,2500.0
2026-07-21,NCT of Delhi,Delhi,APMC Azadpur,Mango,Keshar,Grade A,2857.0,5714.0,3821.0
2026-07-22,Tamil Nadu,Namakkal,Namakkal(Uzhavar Sandhai ),Mango,Neelam,Local,5000.0,7000.0,6000.0
2026-07-22,Tamil Nadu,Pudukkottai,Pudukottai(Uzhavar Sandhai ),Mango,Neelam,Local,5000.0,6000.0,5500.0
2026-07-22,Tamil Nadu,Perambalur,Perambalur(Uzhavar Sandhai ),Mango,Other,Local,6000.0,6000.0,6000.0
2026-07-22,Tamil Nadu,Namakkal,Rasipuram(Uzhavar Sandhai ),Mango,Other,Local,3000.0,5000.0,4000.0
2026-07-22,Tamil Nadu,Namakkal,Kumarapalayam(Uzhavar Sandhai ),Mango,Safeda,Local,4500.0,5000.0,4750.0
2026-07-22,Tamil Nadu,Madurai,Melur(Uzhavar Sandhai ),Mango,Safeda,Local,5500.0,6000.0,5750.0
2026-07-22,Tamil Nadu,Nagercoil (Kannyiakumari),Myladi(Uzhavar Sandhai ),Mango,Safeda,Local,4500.0,5000.0,4750.0
2026-07-22,Tamil Nadu,Nagapattinam,Nagapattinam(Uzhavar Sandhai ),Mango,Other,Local,6000.0,6500.0,6250.0
2026-07-22,Tamil Nadu,Madurai,Thirumangalam(Uzhavar Sandhai ),Mango,Safeda,Local,5000.0,6000.0,5500.0
2026-07-22,Tamil Nadu,Thanjavur,Thanjavur(Uzhavar Sandhai ),Mango,Other,Local,7000.0,7000.0,7000.0
2026-07-22,Tamil Nadu,Madurai,Chokkikulam(Uzhavar Sandhai ),Mango,Safeda,Local,3500.0,7000.0,5250.0
2026-07-22,Tamil Nadu,Nagercoil (Kannyiakumari),Vadaseri APMC,Mango,Safeda,Local,7000.0,7500.0,7250.0
2026-07-22,Tamil Nadu,Ranipet,Arcot(Uzhavar Sandhai ),Mango,Neelam,Local,6000.0,6000.0,6000.0
2026-07-22,Tamil Nadu,Salem,Thammampatti (Uzhavar Sandhai ),Mango,Safeda,Local,4000.0,5000.0,4500.0
2026-07-22,Tamil Nadu,Salem,Ammapet(Uzhavar Sandhai ),Mango,Neelam,Local,4000.0,5000.0,4500.0
2026-07-22,Tamil Nadu,Salem,Athur(Uzhavar Sandhai ),Mango,Safeda,Local,4000.0,5000.0,4500.0
2026-07-22,Tamil Nadu,Salem,Hasthampatti(Uzhavar Sandhai ),Mango,Neelam,Local,4500.0,5000.0,4750.0
2026-07-22,Tamil Nadu,Salem,Mettur(Uzhavar Sandhai ),Mango,Neelam,Local,5500.0,6000.0,5750.0
2026-07-22,Tamil Nadu,Salem,Sooramangalam(Uzhavar Sandhai ),Mango,Neelam,Local,4000.0,5000.0,4500.0
2026-07-22,Tamil Nadu,Salem,Thathakapatti(Uzhavar Sandhai ),Mango,Safeda,Local,5000.0,6000.0,5500.0
2026-07-22,Tamil Nadu,Salem,Vazhapadi(Uzhavar Sandhai),Mango,Other,Local,5000.0,5000.0,5000.0
2026-07-22,Tamil Nadu,Sivaganga,Singampunari(Uzhavar Sandhai ),Mango,Other,Local,3200.0,3600.0,3400.0
2026-07-22,Tamil Nadu,Sivaganga,Sivagangai (Uzhavar Sandhai ),Mango,Safeda,Local,3500.0,6500.0,5000.0
2026-07-22,Tamil Nadu,Tenkasi,Sankarankoil(Uzhavar Sandhai ),Mango,Safeda,Local,4000.0,4000.0,4000.0
2026-07-22,Tamil Nadu,Tenkasi,Tenkasi(Uzhavar Sandhai ),Mango,Neelam,Local,4000.0,4000.0,4000.0
2026-07-22,Tamil Nadu,Madurai,Anna nagar(Uzhavar Sandhai ),Mango,Other,Local,5000.0,5000.0,5000.0
2026-07-22,Tamil Nadu,Thanjavur,Kumbakonam (Uzhavar Sandhai ),Mango,Safeda,Local,3000.0,9000.0,6000.0
2026-07-22,Tamil Nadu,Ranipet,Ranipettai(Uzhavar Sandhai ),Mango,Safeda,Local,5000.0,6000.0,5500.0
2026-07-22,Tamil Nadu,Madurai,Anaiyur(Uzhavar Sandhai ),Mango,Safeda,Local,3500.0,7000.0,5250.0
2026-07-22,Tamil Nadu,Dharmapuri,Palacode(Uzhavar Sandhai ),Mango,Neelam,Local,4000.0,4500.0,4250.0
2026-07-22,Tamil Nadu,Karur,Pallapatti (Uzhavar Sandhai ),Mango,Safeda,Local,3500.0,4000.0,3750.0
2026-07-22,Tamil Nadu,The Nilgiris,Udhagamandalam(Uzhavar Sandhai ),Mango,Safeda,Local,10000.0,12000.0,11000.0
2026-07-22,Rajasthan,Jodhpur,Jodhpur (F&V) APMC,Mango,Langra,Medium,2000.0,4500.0,3250.0
2026-07-22,Tamil Nadu,Chengalpattu,Guduvancheri(Uzhavar Sandhai ),Mango,Neelam,Local,5000.0,6000.0,5500.0
2026-07-22,Tamil Nadu,Chengalpattu,Jameenrayapettai(Uzhavar Sandhai ),Mango,Neelam,Local,5000.0,6000.0,5500.0
2026-07-22,Tamil Nadu,Chengalpattu,Medavakkam(Uzhavar Sandhai ),Mango,Safeda,Local,5000.0,5000.0,5000.0
2026-07-22,Tamil Nadu,Chengalpattu,Nanganallur(Uzhavar Sandhai ),Mango,Neelam,Local,4500.0,5000.0,4750.0
2026-07-22,Tamil Nadu,Coimbatore,Kurichi(Uzhavar Sandhai ),Mango,Neelam,Local,7000.0,8000.0,7500.0
2026-07-22,Tamil Nadu,Coimbatore,Mettupalayam(Uzhavar Sandhai ),Mango,Safeda,Local,6000.0,10000.0,8000.0
2026-07-22,Tamil Nadu,Coimbatore,RSPuram(Uzhavar Sandhai ),Mango,Neelam,Local,7000.0,8000.0,7500.0
2026-07-22,Tamil Nadu,Coimbatore,Singanallur(Uzhavar Sandhai ),Mango,Safeda,Local,7000.0,8000.0,7500.0
2026-07-22,Tamil Nadu,Coimbatore,Sundarapuram(Uzhavar Sandhai ),Mango,Neelam,Local,7000.0,8000.0,7500.0
2026-07-22,Tamil Nadu,Coimbatore,Vadavalli(Uzhavar Sandhai ),Mango,Safeda,Local,8000.0,12000.0,10000.0
2026-07-22,Tamil Nadu,Cuddalore,Cuddalore(Uzhavar Sandhai ),Mango,Safeda,Local,5000.0,7000.0,6000.0
2026-07-22,Tamil Nadu,Krishnagiri,Krishnagiri(Uzhavar Sandhai ),Mango,Neelam,Local,2500.0,3000.0,2750.0
2026-07-22,Tamil Nadu,Dharmapuri,AJattihalli(Uzhavar Sandhai ),Mango,Safeda,Local,5000.0,6000.0,5500.0
2026-07-22,Tamil Nadu,Dharmapuri,Karimangalam(Uzhavar Sandhai),Mango,Safeda,Local,3300.0,3500.0,3400.0
2026-07-22,Tamil Nadu,Dharmapuri,Pennagaram(Uzhavar Sandhai ),Mango,Safeda,Local,3600.0,4000.0,3800.0
2026-07-22,Tamil Nadu,Dindigul,Chinnalapatti(Uzhavar Sandhai ),Mango,Malgoa,Local,5000.0,6000.0,5500.0
2026-07-22,Tamil Nadu,Dindigul,Dindigul(Uzhavar Sandhai ),Mango,Safeda,Local,5000.0,6000.0,5500.0
2026-07-22,Tamil Nadu,Dindigul,Palani(Uzhavar Sandhai ),Mango,Neelam,Local,3000.0,4000.0,3500.0
2026-07-22,Tamil Nadu,Erode,Periyar Nagar(Uzhavar Sandhai ),Mango,Safeda,Local,3500.0,5500.0,4500.0
2026-07-22,Tamil Nadu,Erode,Perundurai(Uzhavar Sandhai ),Mango,Safeda,Local,5500.0,6000.0,5750.0
2026-07-22,Tamil Nadu,Erode,Sampath Nagar(Uzhavar Sandhai ),Mango,Safeda,Local,3500.0,5500.0,4500.0
2026-07-22,Tamil Nadu,Kallakuruchi,Kallakurichi(Uzhavar Sandhai ),Mango,Other,Local,4000.0,4000.0,4000.0
2026-07-22,Tamil Nadu,Kallakuruchi,Sankarapuram(Uzhavar Sandhai ),Mango,Neelam,Local,5000.0,5000.0,5000.0
2026-07-22,Tamil Nadu,Karur,Gandhigramam(Uzhavar Sandhai),Mango,Neelam,Local,5000.0,6000.0,5500.0
2026-07-22,Tamil Nadu,Karur,Karur(Uzhavar Sandhai ),Mango,Neelam,Local,5500.0,6000.0,5750.0
2026-07-22,Tamil Nadu,Karur,Kulithalai(Uzhavar Sandhai ),Mango,Neelam,Local,5000.0,6000.0,5500.0
2026-07-22,Tamil Nadu,Dharmapuri,Dharmapuri(Uzhavar Sandhai ),Mango,Safeda,Local,4500.0,5000.0,4750.0
2026-07-22,Tamil Nadu,Theni,Bodinayakanur(Uzhavar Sandhai ),Mango,Safeda,Local,5000.0,5000.0,5000.0
2026-07-22,Uttarakhand,Udhamsinghnagar,Sitarganj APMC,Mango,Chausa,Grade A,3000.0,4800.0,3800.0
2026-07-22,Tamil Nadu,Theni,Kambam(Uzhavar Sandhai ),Mango,Other,Local,5000.0,5000.0,5000.0
2026-07-22,Telangana,Ranga Reddy,Gaddiannaram APMC,Mango,Langra,Medium,2000.0,6000.0,3000.0
2026-07-22,Telangana,Ranga Reddy,Gaddiannaram APMC,Mango,Neelam,Medium,1111.12,3888.92,2777.8
2026-07-22,Telangana,Ranga Reddy,Gaddiannaram APMC,Mango,Other,Medium,1111.12,2222.24,1666.68
2026-07-22,Telangana,Ranga Reddy,Gaddiannaram APMC,Mango,Totapuri,Medium,1111.12,3333.36,2222.24
2026-07-22,Uttar Pradesh,Aligarh,Atrauli APMC,Mango,Other,Medium,2400.0,2500.0,2450.0
2026-07-22,Uttar Pradesh,Badaun,Shahaswan APMC,Mango,Other,Medium,2500.0,2800.0,2600.0
2026-07-22,Uttar Pradesh,Baghpat,Khekda APMC,Mango,Dusheri,Grade A,2300.0,2600.0,2500.0
2026-07-22,Uttar Pradesh,Farukhabad,Kayamganj APMC,Mango,Chausa,Medium,6000.0,6200.0,6100.0
2026-07-22,Uttar Pradesh,Mau(Maunathbhanjan),Kopaganj APMC,Mango,Dusheri,Grade B,3300.0,3340.0,3320.0
2026-07-22,Uttar Pradesh,Rampur,Bilaspur APMC,Mango,Dusheri,Medium,2500.0,3000.0,2750.0
2026-07-22,Uttar Pradesh,Shamli,Kairana APMC,Mango,Dusheri,Medium,2300.0,2400.0,2350.0
2026-07-22,Uttar Pradesh,Shamli,Khandhla APMC,Mango,Dusheri,Medium,4900.0,4940.0,4920.0
2026-07-22,Uttarakhand,Dehradoon,Rishikesh APMC,Mango,Chausa,Medium,4000.0,4850.0,4500.0
2026-07-22,Telangana,Ranga Reddy,Gaddiannaram APMC,Mango,Badami,Medium,2777.8,4722.26,2777.8
2026-07-22,Uttarakhand,Dehradoon,Rishikesh APMC,Mango,Dusheri,Medium,2600.0,4100.0,3500.0
2026-07-22,Uttarakhand,Dehradoon,Rishikesh APMC,Mango,Other,Local,1600.0,2000.0,1850.0
2026-07-22,Uttarakhand,Dehradoon,Vikasnagar APMC,Mango,Other,Medium,400.0,900.0,900.0
2026-07-22,Uttarakhand,Garhwal (Pauri),Kotadwara APMC,Mango,Other,Medium,2000.0,2000.0,2000.0
2026-07-22,Uttarakhand,Haridwar,Haridwar Union APMC,Mango,Other,Grade C,2000.0,3500.0,2500.0
2026-07-22,Uttarakhand,Haridwar,Manglaur APMC,Mango,Other,Medium,900.0,1400.0,1200.0
2026-07-22,Uttarakhand,Haridwar,Roorkee APMC,Mango,Other,Local,1200.0,2000.0,1500.0
2026-07-22,Uttarakhand,Nanital,Haldwani APMC,Mango,Other,Grade A,1500.0,3000.0,2000.0
2026-07-22,Uttarakhand,Nanital,Ramnagar APMC,Mango,Other,Local,2000.0,3000.0,2500.0
2026-07-22,Uttarakhand,Udhamsinghnagar,Kashipur APMC,Mango,Other,Local,2500.0,2500.0,2500.0
2026-07-22,West Bengal,Kolkata,Mechua APMC,Mango,Other,Grade A,5600.0,6000.0,5800.0
2026-07-22,Uttarakhand,Udhamsinghnagar,Kicchha APMC,Mango,Chausa,Medium,3000.0,4000.0,3500.0
2026-07-22,Uttarakhand,Udhamsinghnagar,Rudrapur APMC,Mango,Other,Medium,2000.0,5000.0,4000.0
2026-07-22,Rajasthan,Jodhpur,Jodhpur (F&V) APMC,Mango,Badami,Medium,2000.0,4500.0,3250.0
2026-07-22,Uttarakhand,Dehradoon,Rishikesh APMC,Mango,Langra,Medium,2200.0,3800.0,3250.0
2026-07-22,Tamil Nadu,Theni,Devaram(Uzhavar Sandhai ),Mango,Safeda,Local,5000.0,5000.0,5000.0
2026-07-22,Tamil Nadu,Virudhunagar,Srivilliputhur(Uzhavar Sandhai ),Mango,Safeda,Local,3500.0,4000.0,3750.0
2026-07-22,Tamil Nadu,Villupuram,Villupuram(Uzhavar Sandhai ),Mango,Safeda,Local,7000.0,7000.0,7000.0
2026-07-22,Tamil Nadu,Theni,Theni(Uzhavar Sandhai ),Mango,Neelam,Local,3000.0,6000.0,4500.0
2026-07-22,Tamil Nadu,Thiruchirappalli,KKNagar(Uzhavar Sandhai ),Mango,Other,Local,6000.0,6000.0,6000.0
2026-07-22,Tamil Nadu,Thiruchirappalli,Lalgudi(Uzhavar Sandhai ),Mango,Safeda,Local,4000.0,4000.0,4000.0
2026-07-22,Tamil Nadu,Thiruchirappalli,Musiri(Uzhavar Sandhai ),Mango,Safeda,Local,2500.0,3000.0,2750.0
2026-07-22,Tamil Nadu,Thiruchirappalli,Thuraiyur APMC,Mango,Safeda,Local,8000.0,9000.0,8500.0
2026-07-22,Tamil Nadu,Thirunelveli,Palayamkottai(Uzhavar Sandhai ),Mango,Safeda,Local,6000.0,8000.0,7000.0
2026-07-22,Tamil Nadu,Thirupathur,Natrampalli(Uzhavar Sandhai ),Mango,Safeda,Local,2500.0,3000.0,2750.0
2026-07-22,Tamil Nadu,Thirupathur,Vaniyampadi(Uzhavar Sandhai ),Mango,Safeda,Local,3000.0,3000.0,3000.0
2026-07-22,Tamil Nadu,Thirupur,Dharapuram(Uzhavar Sandhai ),Mango,Safeda,Local,5500.0,6000.0,5750.0
2026-07-22,Tamil Nadu,Thirupur,Tiruppur (South) (Uzhavar Sandhai ),Mango,Other,Local,5000.0,6000.0,5500.0
2026-07-22,Tamil Nadu,Thiruvannamalai,Arani(Uzhavar Sandhai ),Mango,Safeda,Local,4000.0,5000.0,4500.0
2026-07-22,Tamil Nadu,Thiruvannamalai,Chengam(Uzhavar Sandhai ),Mango,Safeda,Local,3300.0,4000.0,3650.0
2026-07-22,Tamil Nadu,Thiruvannamalai,Keelpennathur(Uzhavar Sandhai ),Mango,Other,Local,5000.0,6000.0,5500.0
2026-07-22,Tamil Nadu,Virudhunagar,Aruppukottai(Uzhavar Sandhai ),Mango,Safeda,Local,5000.0,6000.0,5500.0
2026-07-22,Tamil Nadu,Thiruvannamalai,Polur(Uzhavar Sandhai ),Mango,Safeda,Local,4000.0,5000.0,4500.0
2026-07-22,Tamil Nadu,Thiruvannamalai,Tiruvannamalai(Uzhavar Sandhai ),Mango,Safeda,Local,5000.0,6000.0,5500.0
2026-07-22,Tamil Nadu,Thiruvarur,Mannargudi I(Uzhavar Sandhai ),Mango,Safeda,Local,4000.0,5000.0,4500.0
2026-07-22,Tamil Nadu,Thiruvarur,Mannargudi II(Uzhavar Sandhai ),Mango,Safeda,Local,4000.0,5000.0,4500.0
2026-07-22,Tamil Nadu,Thiruvarur,Tiruthuraipoondi(Uzhavar Sandhai ),Mango,Safeda,Local,3000.0,3000.0,3000.0
2026-07-22,Tamil Nadu,Tuticorin,Tuticorin(Uzhavar Sandhai ),Mango,Safeda,Local,4000.0,5000.0,4500.0
2026-07-22,Tamil Nadu,Vellore,Gudiyatham(Uzhavar Sandhai ),Mango,Neelam,Local,4000.0,4000.0,4000.0
2026-07-22,Tamil Nadu,Vellore,Kahithapattarai(Uzhavar Sandhai ),Mango,Safeda,Local,5000.0,6000.0,5500.0
2026-07-22,Tamil Nadu,Vellore,Katpadi (Uzhavar Sandhai ),Mango,Safeda,Local,7000.0,8000.0,7500.0
2026-07-22,Tamil Nadu,Vellore,Pallikonda(Uzhavar Sandhai),Mango,Safeda,Local,4000.0,6000.0,5000.0
2026-07-22,Tamil Nadu,Vellore,Perampet(Uzhavar Sandhai),Mango,Neelam,Local,3000.0,3500.0,3250.0
2026-07-22,Tamil Nadu,Vellore,Thirupathur APMC,Mango,Safeda,Local,4000.0,4000.0,4000.0
2026-07-22,Tamil Nadu,Vellore,Vellore APMC,Mango,Neelam,Local,3000.0,4000.0,3500.0
2026-07-22,Tamil Nadu,Villupuram,Tindivanam APMC,Mango,Neelam,Local,5000.0,5000.0,5000.0
2026-07-22,Tamil Nadu,Thiruvannamalai,Tamarainagar(Uzhavar Sandhai ),Mango,Safeda,Local,6000.0,7000.0,6500.0
2026-07-22,Rajasthan,Jaipur,Jaipur (F&V) APMC,Mango,Other,Medium,1000.0,10000.0,5500.0
2026-07-22,Bihar,East Champaran/ Motihari,Motihari APMC,Mango,Other,Grade A,7200.0,8000.0,7500.0
2026-07-22,Punjab,Ropar (Rupnagar),Ropar APMC,Mango,Totapuri,Medium,5000.0,5500.0,5200.0
2026-07-22,Haryana,Sonipat,Ganaur APMC,Mango,Other,Medium,6000.0,8000.0,7000.0
2026-07-22,Haryana,Sonipat,Sonepat APMC,Mango,Dusheri,Medium,1500.0,5000.0,5000.0
2026-07-22,Haryana,Sonipat,Sonepat APMC,Mango,Safeda,Medium,5000.0,8000.0,5000.0
2026-07-22,Haryana,Yamuna Nagar,Jagadhri APMC,Mango,Other,Medium,2500.0,6000.0,5000.0
2026-07-22,Haryana,Yamuna Nagar,Sadhaura APMC,Mango,Other,Local,2000.0,3000.0,2500.0
2026-07-22,Himachal Pradesh,Bilaspur,PMY Bilaspur,Mango,Other,Grade B,5000.0,14000.0,7000.0
2026-07-22,Himachal Pradesh,Hamirpur,PMY Hamirpur,Mango,Other,Grade B,6500.0,9000.0,7700.0
2026-07-22,Himachal Pradesh,Hamirpur,SMY Nadaun,Mango,Other,Grade B,9000.0,9200.0,9100.0
2026-07-22,Himachal Pradesh,Kangra,PMY Kangra,Mango,Other,Medium,4000.0,6000.0,5000.0
2026-07-22,Himachal Pradesh,Kangra,SMY Baijnath,Mango,Dusheri,Grade B,5000.0,8000.0,6000.0
2026-07-22,Himachal Pradesh,Kangra,SMY Jaisinghpur,Mango,Other,Medium,5000.0,14000.0,9000.0
2026-07-22,Himachal Pradesh,Kangra,SMY Nagrota Bagwan,Mango,Other,Medium,4000.0,6000.0,5000.0
2026-07-22,Himachal Pradesh,Kangra,SMY Palampur,Mango,Other,Medium,4000.0,13000.0,8000.0
2026-07-22,Himachal Pradesh,Kullu,PMY Kullu,Mango,Other,Medium,6000.0,8000.0,7000.0
2026-07-22,Himachal Pradesh,Kullu,SMY Bhuntar,Mango,Other,Medium,5000.0,10000.0,7000.0
2026-07-22,Himachal Pradesh,Mandi,PMY Kangni Mandi,Mango,Dusheri,Grade B,2500.0,8000.0,5000.0
2026-07-22,Himachal Pradesh,Shimla,SMY Rampur,Mango,Other,Local,5000.0,7000.0,6000.0
2026-07-22,Himachal Pradesh,Solan,PMY Kather Solan,Mango,Other,Medium,2000.0,11000.0,7000.0
2026-07-22,Himachal Pradesh,Solan,SMY Nalagarh,Mango,Other,Medium,3000.0,4000.0,3500.0
2026-07-22,Himachal Pradesh,Una,PMY Una,Mango,Dusheri,Grade A,5000.0,7000.0,6000.0
2026-07-22,Himachal Pradesh,Una,PMY Una,Mango,Other,Grade A,6000.0,8000.0,7000.0
2026-07-22,Himachal Pradesh,Una,SMY Takarla,Mango,Other,Grade A,4000.0,7000.0,5500.0
2026-07-22,Jammu and Kashmir,Jammu,Narwal Jammu (F&V),Mango,Chausa,Medium,7000.0,10000.0,8500.0
2026-07-22,Jammu and Kashmir,Jammu,Narwal Jammu (F&V),Mango,Dusheri,Medium,6000.0,9000.0,7500.0
2026-07-22,Jammu and Kashmir,Jammu,Narwal Jammu (F&V),Mango,Langra,Medium,7000.0,10000.0,8500.0
2026-07-22,Jammu and Kashmir,Jammu,Narwal Jammu (F&V),Mango,Totapuri,Medium,3800.0,4500.0,4150.0
2026-07-22,Jammu and Kashmir,Rajouri,Rajouri (Phaliana) (F&V),Mango,Totapuri,Grade B,5000.0,5000.0,5000.0
2026-07-22,Haryana,Sirsa,Sirsa APMC,Mango,Other,Medium,2000.0,9000.0,4000.0
2026-07-22,Haryana,Rohtak,Rohtak APMC,Mango,Other,Medium,4000.0,8000.0,5000.0
2026-07-22,Haryana,Rohtak,Meham APMC,Mango,Other,Medium,2000.0,4000.0,3000.0
2026-07-22,Haryana,Rewari,Kosli APMC,Mango,Other,Medium,4000.0,4000.0,4000.0
2026-07-22,Rajasthan,Ganganagar,Sriganganagar (F&V) APMC,Mango,Amrapali,Grade A,4900.0,5300.0,5100.0
2026-07-22,Andhra Pradesh,Chittor,Chittoor APMC,Mango,Neelam,Local,2000.0,2500.0,2300.0
2026-07-22,Andhra Pradesh,Tirupathi,Thiruchanur APMC,Mango,Other,Grade A,1000.0,2000.0,1600.0
2026-07-22,Chandigarh,Chandigarh,Chandigarh (Grain/F&V) APMC,Mango,Other,Medium,1000.0,6000.0,5000.0
2026-07-22,Chattisgarh,Bilaspur,Tiphra APMC,Mango,Dusheri,Grade B,4000.0,4500.0,4200.0
2026-07-22,Chattisgarh,Durg,Durg APMC,Mango,Dusheri,Medium,5000.0,6000.0,6000.0
2026-07-22,Goa,North Goa,Mapusa APMC,Mango,Neelam,Grade A,4000.0,6000.0,5000.0
2026-07-22,Gujarat,Bharuch,Bharuch APMC,Mango,Totapuri,Local,1500.0,2500.0,2000.0
2026-07-22,Gujarat,Mehsana,Mehsana(Mehsana Veg) APMC,Mango,Badami,Local,2000.0,5000.0,4000.0
2026-07-22,Haryana,Ambala,Naraingarh APMC,Mango,Mango,Medium,1500.0,6000.0,2500.0
2026-07-22,Haryana,Ambala,Shahzadpur APMC,Mango,Langra,Medium,3000.0,3000.0,3000.0
2026-07-22,Haryana,Bhiwani,Bhiwani APMC,Mango,Dusheri,Grade B,2870.0,4500.0,3250.0
2026-07-22,Haryana,Faridabad,Ballabhgarh APMC,Mango,Other,Grade A,5000.0,6000.0,5500.0
2026-07-22,Karnataka,Bengaluru,Binny Mill (FF&V) Bengaluru APMC,Mango,Neelam,Local,1500.0,2500.0,2000.0
2026-07-22,Haryana,Gurgaon,Gurgaon APMC,Mango,Other,Grade B,3000.0,5000.0,4000.0
2026-07-22,Haryana,Hissar,Barwala(Hisar) APMC,Mango,Other,Local,3000.0,5000.0,4000.0
2026-07-22,Haryana,Hissar,Hansi APMC,Mango,Other,Grade B,3000.0,5000.0,4000.0
2026-07-22,Haryana,Jhajar,Jhajjar APMC,Mango,Other,Medium,5000.0,5000.0,5000.0
2026-07-22,Haryana,Jind,Narwana APMC,Mango,Other,Local,4000.0,7000.0,5000.0
2026-07-22,Haryana,Jind,Safidon APMC,Mango,Other,Medium,2500.0,6000.0,4000.0
2026-07-22,Haryana,Karnal,Tarori APMC,Mango,Chausa,Grade A,2000.0,4000.0,3000.0
2026-07-22,Haryana,Kurukshetra,Ladwa APMC,Mango,Other,Medium,2000.0,4000.0,3000.0
2026-07-22,Haryana,Kurukshetra,Shahabad APMC,Mango,Other,Medium,2500.0,5000.0,3000.0
2026-07-22,Haryana,Kurukshetra,Thanesar APMC,Mango,Other,Medium,2000.0,6000.0,4000.0
2026-07-22,Haryana,Mahendragarh-Narnaul,Mohindergarh APMC,Mango,Other,Medium,3500.0,4000.0,4000.0
2026-07-22,Haryana,Mahendragarh-Narnaul,Narnaul APMC,Mango,Mango,Medium,4000.0,7000.0,5000.0
2026-07-22,Haryana,Mewat,Tauru APMC,Mango,Other,Medium,5000.0,5000.0,5000.0
2026-07-22,Haryana,Panipat,Samalkha APMC,Mango,Other,Grade A,4000.0,5000.0,4500.0
2026-07-22,Haryana,Gurgaon,Pataudi APMC,Mango,Other,Grade B,3000.0,3500.0,3200.0
2026-07-22,Karnataka,Bengaluru,Binny Mill (FF&V) Bengaluru APMC,Mango,Totapuri,Local,800.0,1200.0,1000.0
2026-07-22,Andhra Pradesh,Chittor,Bangarupalyam APMC,Mango,Neelam,Grade B,3000.0,4000.0,3500.0
2026-07-22,Karnataka,Mysuru,Mysuru APMC,Mango,Other,Medium,2800.0,3360.0,3090.0
2026-07-22,Punjab,Fazilka,Fazilka APMC,Mango,Other,Medium,7000.0,7000.0,7000.0
2026-07-22,Punjab,Fazilka,Jalalabad APMC,Mango,Other,Medium,4500.0,5000.0,4700.0
2026-07-22,Punjab,Ferozpur,Zira APMC,Mango,Chausa,Local,4500.0,4500.0,4500.0
2026-07-22,Punjab,Gurdaspur,Gurdaspur APMC,Mango,Other,Grade B,4800.0,4800.0,4800.0
2026-07-22,Punjab,Gurdaspur,Quadian APMC,Mango,Other,Grade A,4000.0,4200.0,4100.0
2026-07-22,Punjab,Hoshiarpur,Garh Shankar APMC,Mango,Other,Medium,3500.0,3500.0,3500.0
2026-07-22,Punjab,Hoshiarpur,Garh Shankar(Mahalpur) APMC,Mango,Dusheri,Medium,5000.0,5000.0,5000.0
2026-07-22,Punjab,Hoshiarpur,Mukerian APMC,Mango,Dusheri,Grade B,3000.0,4000.0,3500.0
2026-07-22,Punjab,Hoshiarpur,Tanda Urmur APMC,Mango,Other,Grade A,5000.0,6000.0,5500.0
2026-07-22,Punjab,Hoshiarpur,Tanda Urmur APMC,Mango,Totapuri,Grade A,4000.0,5000.0,4500.0
2026-07-22,Punjab,Jalandhar,Jalandhar City(Jalandhar) APMC,Mango,Other,Medium,2000.0,5200.0,3700.0
2026-07-22,Punjab,Ludhiana,Doraha APMC,Mango,Badami,Local,3500.0,3500.0,3500.0
2026-07-22,Punjab,Ludhiana,Khanna APMC,Mango,Safeda,Grade A,5000.0,5000.0,5000.0
2026-07-22,Punjab,Ludhiana,Ludhiana APMC,Mango,Other,Medium,2000.0,5000.0,3000.0
2026-07-22,Punjab,Ludhiana,Raikot APMC,Mango,Chausa,Grade A,5420.0,5420.0,5420.0
2026-07-22,Punjab,Moga,Baghapurana APMC,Mango,Dusheri,Grade B,3000.0,4500.0,4000.0
2026-07-22,Punjab,Mohali,Kharar APMC,Mango,Other,Small,2000.0,5000.0,4000.0
2026-07-22,Punjab,Nawanshahr,Nawan Shahar(Subzi Mandi) APMC,Mango,Other,Medium,6000.0,7000.0,6600.0
2026-07-22,Punjab,Patiala,Nabha APMC,Mango,Other,Grade B,3000.0,6500.0,5300.0
2026-07-22,Punjab,Patiala,Patran APMC,Mango,Other,Grade A,3620.0,3620.0,3620.0
2026-07-22,Punjab,Patiala,Rajpura APMC,Mango,Dusheri,Grade A,6000.0,6400.0,6250.0
2026-07-22,Punjab,Patiala,Rajpura APMC,Mango,Langra,Grade A,5000.0,5400.0,5250.0
2026-07-22,Punjab,Patiala,Rajpura APMC,Mango,Safeda,Grade A,6800.0,7000.0,6900.0
2026-07-22,Punjab,Ropar (Rupnagar),Chamkaur Sahib APMC,Mango,Other,Medium,7000.0,7000.0,7000.0
2026-07-22,Punjab,Ropar (Rupnagar),Ropar APMC,Mango,Dusheri,Medium,4000.0,4500.0,4200.0
2026-07-22,Punjab,Ropar (Rupnagar),Ropar APMC,Mango,Langra,Medium,4400.0,4800.0,4500.0
2026-07-22,Karnataka,Davangere,Davangere APMC,Mango,Mango,Local,3000.0,4000.0,3500.0
2026-07-22,Punjab,Fatehgarh,Bassi Pathana APMC,Mango,Other,Medium,7000.0,7500.0,7200.0
2026-07-22,Odisha,Mayurbhanja,Narasinghpur APMC,Mango,Langra,Local,3000.0,5000.0,4000.0
2026-07-22,Punjab,Ropar (Rupnagar),Ropar APMC,Mango,Safeda,Medium,5500.0,6000.0,5800.0
2026-07-22,Odisha,Gajapati,Kasinagar APMC,Mango,Badami,Grade Range-1,180.0,2000.0,1900.0
2026-07-22,Keralam,Idukki,Kattappana Market,Mango,Other,Medium,7800.0,9500.0,8000.0
2026-07-22,Keralam,Idukki,Kattappana Market,Mango,Other,Small,3000.0,3200.0,3200.0
2026-07-22,Keralam,Malappuram,Manjeri Market,Mango,Other,Local,5950.0,6050.0,6000.0
2026-07-22,Madhya Pradesh,Harda,Harda(F&V) APMC,Mango,Totapuri,Medium,2000.0,4000.0,3000.0
2026-07-22,Madhya Pradesh,Indore,Indore(F&V) APMC,Mango,Other,Local,3000.0,8000.0,5000.0
2026-07-22,Madhya Pradesh,Sagar,Sagar(F&V) APMC,Mango,Other,Local,3000.0,5000.0,4000.0
2026-07-22,Madhya Pradesh,Sheopur,Sheopurkalan(F&V) APMC,Mango,Other,Medium,3500.0,3800.0,3600.0
2026-07-22,Maharashtra,Ahilyanagar,Shrirampur APMC,Mango,Other,Local,3000.0,5000.0,4000.0
2026-07-22,Odisha,Mayurbhanja,Narasinghpur APMC,Mango,Amrapali,Local,3000.0,5000.0,4000.0
2026-07-22,Maharashtra,Chandrapur,Chandrapur(Ganjwad) APMC,Mango,Other,Local,4000.0,6000.0,5000.0
2026-07-22,Maharashtra,Jalgaon,Bhusaval APMC,Mango,Other,Local,6000.0,6000.0,6000.0
2026-07-22,Maharashtra,Jalgaon,Jalgaon APMC,Mango,Other,Local,5000.0,5000.0,5000.0
2026-07-22,Maharashtra,Mumbai,Mumbai- Fruit Market APMC,Mango,Other,Local,6000.0,12000.0,9000.0
2026-07-22,Maharashtra,Nagpur,Nagpur APMC,Mango,Other,Local,2500.0,3500.0,3250.0
2026-07-22,Maharashtra,Amarawati,Amrawati(Frui & Veg. Market) APMC,Mango,Totapuri,Local,1600.0,2200.0,1900.0
2026-07-22,Maharashtra,Sangli,"Sangli(Phale, Bhajipala Market) APMC",Mango,Totapuri,Local,1000.0,3000.0,2000.0
2026-07-22,Maharashtra,Nashik,Nasik APMC,Mango,Other,Local,1700.0,3500.0,2000.0
2026-07-22,NCT of Delhi,Delhi,APMC Azadpur,Mango,Surkha,Grade A,2500.0,6000.0,4000.0
2026-07-22,NCT of Delhi,Delhi,APMC Azadpur,Mango,Saroli,Grade A,1000.0,2000.0,1500.0
2026-07-22,NCT of Delhi,Delhi,APMC Azadpur,Mango,Safeda,Grade A,3571.0,10000.0,4664.0
2026-07-22,NCT of Delhi,Delhi,APMC Azadpur,Mango,Langra,Grade A,2000.0,5000.0,3100.0
2026-07-22,NCT of Delhi,Delhi,APMC Azadpur,Mango,Keshar,Grade A,2857.0,5714.0,3821.0
2026-07-22,NCT of Delhi,Delhi,APMC Azadpur,Mango,Totapuri,Grade A,2143.0,3214.0,2643.0
2026-07-22,NCT of Delhi,Delhi,APMC Azadpur,Mango,Fazli,Grade A,2857.0,5714.0,4464.0
2026-07-22,NCT of Delhi,Delhi,APMC Azadpur,Mango,Dusheri,Grade A,1429.0,3571.0,2393.0
2026-07-22,NCT of Delhi,Delhi,APMC Azadpur,Mango,Dinga,Grade A,2000.0,3000.0,2400.0
2026-07-22,Maharashtra,Solapur,SHRI.SIDDHESHWAR  APMC,Mango,Other,Local,1000.0,3500.0,2000.0
2026-07-22,Maharashtra,Solapur,Akluj APMC,Mango,Other,Local,4000.0,5000.0,4500.0
2026-07-22,NCT of Delhi,Delhi,APMC Azadpur,Mango,Hapus(Alphaso),Grade A,10000.0,16667.0,13333.0
2026-07-23,Tamil Nadu,Pudukkottai,Pudukottai(Uzhavar Sandhai ),Mango,Other,Local,5000.0,6000.0,5500.0
2026-07-23,Tamil Nadu,Pudukkottai,Gandarvakottai(Uzhavar Sandhai ),Mango,Safeda,Local,4000.0,5000.0,4500.0
2026-07-23,Tamil Nadu,Perambalur,Perambalur(Uzhavar Sandhai ),Mango,Other,Local,5000.0,6000.0,5500.0
2026-07-23,Tamil Nadu,Namakkal,Rasipuram(Uzhavar Sandhai ),Mango,Other,Local,3000.0,5000.0,4000.0
2026-07-23,West Bengal,Kolkata,Mechua APMC,Mango,Other,Grade A,5800.0,6200.0,6000.0
2026-07-23,Tamil Nadu,Nagercoil (Kannyiakumari),Myladi(Uzhavar Sandhai ),Mango,Safeda,Local,5500.0,6000.0,5750.0
2026-07-23,Tamil Nadu,Nagercoil (Kannyiakumari),Vadaseri APMC,Mango,Safeda,Local,6500.0,7000.0,6750.0
2026-07-23,Tamil Nadu,Nagapattinam,Nagapattinam(Uzhavar Sandhai ),Mango,Other,Local,4500.0,5000.0,4750.0
2026-07-23,Tamil Nadu,Madurai,Thirumangalam(Uzhavar Sandhai ),Mango,Safeda,Local,5000.0,6000.0,5500.0
2026-07-23,Tamil Nadu,Madurai,Chokkikulam(Uzhavar Sandhai ),Mango,Safeda,Local,4000.0,7000.0,5500.0
2026-07-23,Tamil Nadu,Namakkal,Kumarapalayam(Uzhavar Sandhai ),Mango,Safeda,Local,4500.0,5000.0,4750.0
2026-07-23,Tamil Nadu,Ranipet,Arcot(Uzhavar Sandhai ),Mango,Neelam,Local,6000.0,6000.0,6000.0
2026-07-23,Tamil Nadu,Thanjavur,Papanasam(Uzhavar Sandhai ),Mango,Safeda,Local,5000.0,5000.0,5000.0
2026-07-23,Tamil Nadu,Salem,Ammapet(Uzhavar Sandhai ),Mango,Neelam,Local,6000.0,7000.0,6500.0
2026-07-23,Tamil Nadu,Salem,Athur(Uzhavar Sandhai ),Mango,Safeda,Local,4000.0,5000.0,4500.0
2026-07-23,Tamil Nadu,Salem,Hasthampatti(Uzhavar Sandhai ),Mango,Neelam,Local,4000.0,5000.0,4500.0
2026-07-23,Tamil Nadu,Salem,Mettur(Uzhavar Sandhai ),Mango,Neelam,Local,5500.0,6000.0,5750.0
2026-07-23,Tamil Nadu,Salem,Sooramangalam(Uzhavar Sandhai ),Mango,Neelam,Local,4000.0,5000.0,4500.0
2026-07-23,Tamil Nadu,Salem,Thammampatti (Uzhavar Sandhai ),Mango,Safeda,Local,4000.0,5000.0,4500.0
2026-07-23,Tamil Nadu,Salem,Thathakapatti(Uzhavar Sandhai ),Mango,Safeda,Local,5000.0,6000.0,5500.0
2026-07-23,Tamil Nadu,Salem,Vazhapadi(Uzhavar Sandhai),Mango,Other,Local,5000.0,5000.0,5000.0
2026-07-23,Tamil Nadu,Sivaganga,Singampunari(Uzhavar Sandhai ),Mango,Other,Local,3600.0,4200.0,3900.0
2026-07-23,Tamil Nadu,Sivaganga,Sivagangai (Uzhavar Sandhai ),Mango,Safeda,Local,3600.0,4200.0,3900.0
2026-07-23,Tamil Nadu,Tenkasi,Sankarankoil(Uzhavar Sandhai ),Mango,Safeda,Local,4000.0,5000.0,4500.0
2026-07-23,Tamil Nadu,Tenkasi,Tenkasi(Uzhavar Sandhai ),Mango,Neelam,Local,4000.0,4000.0,4000.0
2026-07-23,Tamil Nadu,Thanjavur,Kumbakonam (Uzhavar Sandhai ),Mango,Safeda,Local,3000.0,9000.0,6000.0
2026-07-23,Tamil Nadu,Ranipet,Ranipettai(Uzhavar Sandhai ),Mango,Safeda,Local,8000.0,8000.0,8000.0
2026-07-23,Tamil Nadu,Madurai,Anna nagar(Uzhavar Sandhai ),Mango,Neelam,Local,4000.0,4000.0,4000.0
2026-07-23,Tamil Nadu,Dindigul,Palani(Uzhavar Sandhai ),Mango,Neelam,Local,3000.0,4000.0,3500.0
2026-07-23,Tamil Nadu,Krishnagiri,Krishnagiri(Uzhavar Sandhai ),Mango,Neelam,Local,2500.0,3000.0,2750.0
2026-07-23,Tamil Nadu,Thanjavur,Thanjavur(Uzhavar Sandhai ),Mango,Safeda,Local,5000.0,7000.0,6000.0
2026-07-23,Tamil Nadu,Chengalpattu,Nanganallur(Uzhavar Sandhai ),Mango,Neelam,Local,4500.0,5000.0,4750.0
2026-07-23,Tamil Nadu,Coimbatore,Kurichi(Uzhavar Sandhai ),Mango,Neelam,Local,7000.0,8000.0,7500.0
2026-07-23,Tamil Nadu,Coimbatore,Mettupalayam(Uzhavar Sandhai ),Mango,Safeda,Local,6000.0,10000.0,8000.0
2026-07-23,Tamil Nadu,Coimbatore,RSPuram(Uzhavar Sandhai ),Mango,Neelam,Local,7000.0,8000.0,7500.0
2026-07-23,Tamil Nadu,Coimbatore,Sundarapuram(Uzhavar Sandhai ),Mango,Neelam,Local,7000.0,8000.0,7500.0
2026-07-23,Tamil Nadu,Coimbatore,Vadavalli(Uzhavar Sandhai ),Mango,Safeda,Local,8000.0,11000.0,9500.0
2026-07-23,Tamil Nadu,Cuddalore,Cuddalore(Uzhavar Sandhai ),Mango,Safeda,Local,5000.0,5000.0,5000.0
2026-07-23,Tamil Nadu,Cuddalore,Vadalur(Uzhavar Sandhai ),Mango,Neelam,Local,4000.0,4000.0,4000.0
2026-07-23,Tamil Nadu,Dharmapuri,AJattihalli(Uzhavar Sandhai ),Mango,Safeda,Local,6000.0,6000.0,6000.0
2026-07-23,Tamil Nadu,Dharmapuri,Dharmapuri(Uzhavar Sandhai ),Mango,Safeda,Local,4600.0,5000.0,4800.0
2026-07-23,Tamil Nadu,Dharmapuri,Karimangalam(Uzhavar Sandhai),Mango,Safeda,Local,3300.0,3500.0,3400.0
2026-07-23,Tamil Nadu,Dharmapuri,Palacode(Uzhavar Sandhai ),Mango,Neelam,Local,4000.0,4500.0,4250.0
2026-07-23,Tamil Nadu,Dharmapuri,Pennagaram(Uzhavar Sandhai ),Mango,Safeda,Local,3600.0,4000.0,3800.0
2026-07-23,Tamil Nadu,Dindigul,Chinnalapatti(Uzhavar Sandhai ),Mango,Neelam,Local,4000.0,5000.0,4500.0
2026-07-23,Tamil Nadu,Dindigul,Dindigul(Uzhavar Sandhai ),Mango,Safeda,Local,4000.0,5000.0,4500.0
2026-07-23,Tamil Nadu,Erode,Periyar Nagar(Uzhavar Sandhai ),Mango,Safeda,Local,3000.0,5000.0,4000.0
2026-07-23,Tamil Nadu,Erode,Perundurai(Uzhavar Sandhai ),Mango,Safeda,Local,5500.0,6000.0,5750.0
2026-07-23,Tamil Nadu,Erode,Sampath Nagar(Uzhavar Sandhai ),Mango,Safeda,Local,3500.0,8000.0,5750.0
2026-07-23,Tamil Nadu,Kallakuruchi,Kallakurichi(Uzhavar Sandhai ),Mango,Other,Local,4000.0,4000.0,4000.0
2026-07-23,Tamil Nadu,Kallakuruchi,Sankarapuram(Uzhavar Sandhai ),Mango,Safeda,Local,5000.0,5000.0,5000.0
2026-07-23,Tamil Nadu,Kancheepuram,Kancheepuram(Uzhavar Sandhai ),Mango,Safeda,Local,2000.0,4000.0,3000.0
2026-07-23,Tamil Nadu,Kancheepuram,Padappai(Uzhavar Sandhai ),Mango,Safeda,Local,2500.0,3500.0,3000.0
2026-07-23,Tamil Nadu,Karur,Gandhigramam(Uzhavar Sandhai),Mango,Neelam,Local,5000.0,8000.0,6500.0
2026-07-23,Tamil Nadu,Karur,Karur(Uzhavar Sandhai ),Mango,Neelam,Local,7500.0,8000.0,7750.0
2026-07-23,Tamil Nadu,Karur,Kulithalai(Uzhavar Sandhai ),Mango,Neelam,Local,5000.0,6000.0,5500.0
2026-07-23,Tamil Nadu,Karur,Pallapatti (Uzhavar Sandhai ),Mango,Other,Local,4500.0,5000.0,4750.0
2026-07-23,Tamil Nadu,Madurai,Anaiyur(Uzhavar Sandhai ),Mango,Safeda,Local,4000.0,7000.0,5500.0
2026-07-23,Tamil Nadu,The Nilgiris,Udhagamandalam(Uzhavar Sandhai ),Mango,Safeda,Local,10000.0,12000.0,11000.0
2026-07-23,Tamil Nadu,Villupuram,Villupuram(Uzhavar Sandhai ),Mango,Safeda,Local,7000.0,7000.0,7000.0
2026-07-23,Tamil Nadu,Theni,Kambam(Uzhavar Sandhai ),Mango,Other,Local,6000.0,6000.0,6000.0
2026-07-23,Telangana,Ranga Reddy,Gaddiannaram APMC,Mango,Langra,Medium,2000.0,6000.0,2800.0
2026-07-23,Telangana,Ranga Reddy,Gaddiannaram APMC,Mango,Neelam,Medium,1388.9,5000.04,3888.92
2026-07-23,Telangana,Ranga Reddy,Gaddiannaram APMC,Mango,Other,Medium,2700.0,2700.0,2700.0
2026-07-23,Telangana,Ranga Reddy,Gaddiannaram APMC,Mango,Raspuri,Medium,555.56,1666.68,1111.12
2026-07-23,Telangana,Ranga Reddy,Gaddiannaram APMC,Mango,Totapuri,Medium,1111.12,4444.48,2777.8
2026-07-23,Uttar Pradesh,Badaun,Shahaswan APMC,Mango,Other,Medium,2500.0,2600.0,2550.0
2026-07-23,Uttar Pradesh,Mau(Maunathbhanjan),Kopaganj APMC,Mango,Dusheri,Grade B,3300.0,3390.0,3380.0
2026-07-23,Uttar Pradesh,Rampur,Bilaspur APMC,Mango,Langra,Local,2700.0,3100.0,2900.0
2026-07-23,Uttar Pradesh,Shamli,Kairana APMC,Mango,Dusheri,Medium,2300.0,2400.0,2350.0
2026-07-23,Uttarakhand,Dehradoon,Dehradoon APMC,Mango,Other,Grade B,1850.0,2200.0,2050.0
2026-07-23,Uttarakhand,Dehradoon,Rishikesh APMC,Mango,Chausa,Medium,4000.0,4800.0,4500.0
2026-07-23,Uttarakhand,Dehradoon,Rishikesh APMC,Mango,Dusheri,Medium,2600.0,4000.0,3550.0
2026-07-23,Uttarakhand,Dehradoon,Rishikesh APMC,Mango,Langra,Medium,2200.0,3850.0,3250.0
2026-07-23,Uttarakhand,Dehradoon,Rishikesh APMC,Mango,Other,Medium,1650.0,2000.0,1825.0
2026-07-23,Uttarakhand,Garhwal (Pauri),Kotadwara APMC,Mango,Other,Medium,2100.0,2100.0,2100.0
2026-07-23,Uttarakhand,Haridwar,Bhagwanpur(Naveen Mandi Sthal) APMC,Mango,Other,Grade B,1500.0,2500.0,1650.0
2026-07-23,Uttarakhand,Haridwar,Haridwar Union APMC,Mango,Chausa,Grade Range-2,3500.0,4500.0,4000.0
2026-07-23,Uttarakhand,Haridwar,Haridwar Union APMC,Mango,Other,Grade C,1500.0,2500.0,2000.0
2026-07-23,Uttarakhand,Haridwar,Manglaur APMC,Mango,Other,Medium,1000.0,1500.0,1200.0
2026-07-23,Uttarakhand,Haridwar,Roorkee APMC,Mango,Other,Local,1200.0,2000.0,1500.0
2026-07-23,Uttarakhand,Nanital,Haldwani APMC,Mango,Other,Grade A,1600.0,2200.0,1800.0
2026-07-23,Uttarakhand,Nanital,Ramnagar APMC,Mango,Other,Local,2000.0,3000.0,2500.0
2026-07-23,Uttarakhand,Udhamsinghnagar,Jaspur(UC) APMC,Mango,Other,Grade A,2800.0,2800.0,2800.0
2026-07-23,Uttarakhand,Udhamsinghnagar,Kashipur APMC,Mango,Other,Local,2200.0,2200.0,2200.0
2026-07-23,Uttarakhand,Udhamsinghnagar,Kicchha APMC,Mango,Chausa,Medium,3000.0,4000.0,3500.0
2026-07-23,Uttarakhand,Udhamsinghnagar,Sitarganj APMC,Mango,Chausa,Grade B,3000.0,4500.0,4000.0
2026-07-23,Tamil Nadu,Chengalpattu,Medavakkam(Uzhavar Sandhai ),Mango,Safeda,Local,5000.0,5000.0,5000.0
2026-07-23,Telangana,Ranga Reddy,Gaddiannaram APMC,Mango,Badami,Medium,6666.72,13333.44,9444.52
2026-07-23,Tamil Nadu,Theni,Devaram(Uzhavar Sandhai ),Mango,Safeda,Local,5000.0,5000.0,5000.0
2026-07-23,Tamil Nadu,Virudhunagar,Srivilliputhur(Uzhavar Sandhai ),Mango,Safeda,Local,3500.0,4000.0,3750.0
2026-07-23,Tamil Nadu,Villupuram,Tindivanam APMC,Mango,Safeda,Local,5000.0,5000.0,5000.0
2026-07-23,Tamil Nadu,Theni,Theni(Uzhavar Sandhai ),Mango,Neelam,Local,3000.0,5000.0,4000.0
2026-07-23,Tamil Nadu,Thiruchirappalli,KKNagar(Uzhavar Sandhai ),Mango,Other,Local,6000.0,6000.0,6000.0
2026-07-23,Tamil Nadu,Thiruchirappalli,Lalgudi(Uzhavar Sandhai ),Mango,Safeda,Local,4000.0,4000.0,4000.0
2026-07-23,Tamil Nadu,Thiruchirappalli,Musiri(Uzhavar Sandhai ),Mango,Safeda,Local,2500.0,3000.0,2750.0
2026-07-23,Tamil Nadu,Thiruchirappalli,Thuraiyur APMC,Mango,Safeda,Local,5000.0,7000.0,6000.0
2026-07-23,Tamil Nadu,Thirunelveli,Palayamkottai(Uzhavar Sandhai ),Mango,Safeda,Local,6000.0,8000.0,7000.0
2026-07-23,Tamil Nadu,Thirupathur,Natrampalli(Uzhavar Sandhai ),Mango,Safeda,Local,2500.0,3000.0,2750.0
2026-07-23,Tamil Nadu,Thirupathur,Vaniyampadi(Uzhavar Sandhai ),Mango,Safeda,Local,3000.0,3000.0,3000.0
2026-07-23,Tamil Nadu,Thirupur,Dharapuram(Uzhavar Sandhai ),Mango,Safeda,Local,5500.0,6000.0,5750.0
2026-07-23,Tamil Nadu,Thirupur,Tiruppur (South) (Uzhavar Sandhai ),Mango,Neelam,Local,4000.0,6000.0,5000.0
2026-07-23,Tamil Nadu,Thiruvannamalai,Arani(Uzhavar Sandhai ),Mango,Safeda,Local,4000.0,5000.0,4500.0
2026-07-23,Tamil Nadu,Thiruvannamalai,Chengam(Uzhavar Sandhai ),Mango,Safeda,Local,3300.0,4000.0,3650.0
2026-07-23,Tamil Nadu,Thiruvannamalai,Keelpennathur(Uzhavar Sandhai ),Mango,Other,Local,5000.0,6000.0,5500.0
2026-07-23,Tamil Nadu,Thiruvannamalai,Polur(Uzhavar Sandhai ),Mango,Safeda,Local,4200.0,5000.0,4600.0
2026-07-23,Tamil Nadu,Thiruvannamalai,Tamarainagar(Uzhavar Sandhai ),Mango,Safeda,Local,5000.0,6000.0,5500.0
2026-07-23,Tamil Nadu,Thiruvannamalai,Tiruvannamalai(Uzhavar Sandhai ),Mango,Safeda,Local,5000.0,6000.0,5500.0
2026-07-23,Tamil Nadu,Thiruvarur,Mannargudi I(Uzhavar Sandhai ),Mango,Safeda,Local,4000.0,6000.0,5000.0
2026-07-23,Tamil Nadu,Thiruvarur,Mannargudi II(Uzhavar Sandhai ),Mango,Safeda,Local,4000.0,6000.0,5000.0
2026-07-23,Tamil Nadu,Thiruvarur,Tiruthuraipoondi(Uzhavar Sandhai ),Mango,Safeda,Local,3000.0,3000.0,3000.0
2026-07-23,Tamil Nadu,Tuticorin,Tuticorin(Uzhavar Sandhai ),Mango,Safeda,Local,4500.0,5000.0,4750.0
2026-07-23,Tamil Nadu,Vellore,Gudiyatham(Uzhavar Sandhai ),Mango,Neelam,Local,4000.0,4000.0,4000.0
2026-07-23,Tamil Nadu,Vellore,Kahithapattarai(Uzhavar Sandhai ),Mango,Safeda,Local,5000.0,6000.0,5500.0
2026-07-23,Tamil Nadu,Vellore,Katpadi (Uzhavar Sandhai ),Mango,Safeda,Local,4000.0,5000.0,4500.0
2026-07-23,Tamil Nadu,Vellore,Pallikonda(Uzhavar Sandhai),Mango,Neelam,Local,3000.0,4000.0,3500.0
2026-07-23,Tamil Nadu,Vellore,Perampet(Uzhavar Sandhai),Mango,Neelam,Local,1500.0,2000.0,1750.0
2026-07-23,Tamil Nadu,Vellore,Thirupathur APMC,Mango,Safeda,Local,4000.0,4000.0,4000.0
2026-07-23,Tamil Nadu,Vellore,Vellore APMC,Mango,Neelam,Local,2500.0,4000.0,3250.0
2026-07-23,Tamil Nadu,Virudhunagar,Aruppukottai(Uzhavar Sandhai ),Mango,Safeda,Local,5000.0,6000.0,5500.0
2026-07-23,Tamil Nadu,Chengalpattu,Jameenrayapettai(Uzhavar Sandhai ),Mango,Neelam,Local,5000.0,6000.0,5500.0
2026-07-23,Tamil Nadu,Namakkal,Namakkal(Uzhavar Sandhai ),Mango,Neelam,Local,5000.0,7000.0,6000.0
2026-07-23,Rajasthan,Jaipur,Jaipur (F&V) APMC,Mango,Other,Medium,3000.0,12000.0,7500.0
2026-07-23,Haryana,Rohtak,Rohtak APMC,Mango,Other,Medium,3000.0,7000.0,5000.0
2026-07-23,Haryana,Sirsa,Sirsa APMC,Mango,Other,Medium,2500.0,8000.0,6000.0
2026-07-23,Haryana,Sonipat,Ganaur APMC,Mango,Other,Medium,8000.0,9000.0,8500.0
2026-07-23,Haryana,Sonipat,Gohana APMC,Mango,Other,Medium,4000.0,6000.0,5000.0
2026-07-23,Haryana,Sonipat,Sonepat APMC,Mango,Dusheri,Medium,1500.0,3500.0,2500.0
2026-07-23,Haryana,Sonipat,Sonepat APMC,Mango,Langra,Local,3500.0,4000.0,4000.0
2026-07-23,Haryana,Sonipat,Sonepat(Kharkhoda) APMC,Mango,Other,Grade A,2500.0,5000.0,4200.0
2026-07-23,Haryana,Yamuna Nagar,Chhachrauli APMC,Mango,Other,Local,1900.0,3200.0,1900.0
2026-07-23,Haryana,Yamuna Nagar,Jagadhri APMC,Mango,Other,Medium,2500.0,8000.0,6000.0
2026-07-23,Himachal Pradesh,Bilaspur,PMY Bilaspur,Mango,Other,Grade B,5000.0,9500.0,7000.0
2026-07-23,Himachal Pradesh,Chamba,PMY Chamba,Mango,Dusheri,Medium,5500.0,6000.0,5750.0
2026-07-23,Himachal Pradesh,Kangra,PMY Kangra,Mango,Dusheri,Medium,4000.0,6000.0,5000.0
2026-07-23,Himachal Pradesh,Kangra,SMY Baijnath,Mango,Other,Grade A,10000.0,11000.0,10500.0
2026-07-23,Himachal Pradesh,Kangra,SMY Jaisinghpur,Mango,Dusheri,Medium,5000.0,9000.0,7000.0
2026-07-23,Himachal Pradesh,Kangra,SMY Nagrota Bagwan,Mango,Other,Medium,4000.0,6000.0,5000.0
2026-07-23,Himachal Pradesh,Kangra,SMY Palampur,Mango,Other,Medium,4000.0,13000.0,9000.0
2026-07-23,Himachal Pradesh,Kullu,PMY Kullu,Mango,Other,Medium,6000.0,8000.0,7000.0
2026-07-23,Himachal Pradesh,Kullu,SMY Bhuntar,Mango,Other,Medium,5000.0,10000.0,8000.0
2026-07-23,Himachal Pradesh,Mandi,PMY Kangni Mandi,Mango,Dusheri,Grade B,2500.0,6500.0,4000.0
2026-07-23,Himachal Pradesh,Mandi,SMY Dhanotu,Mango,Other,Medium,3000.0,11000.0,7500.0
2026-07-23,Himachal Pradesh,Shimla,SMY Rohroo,Mango,Other,Grade B,5000.0,9000.0,7000.0
2026-07-23,Himachal Pradesh,Solan,PMY Kather Solan,Mango,Other,Medium,2000.0,9000.0,7000.0
2026-07-23,Himachal Pradesh,Solan,SMY Nalagarh,Mango,Other,Medium,3000.0,4000.0,3500.0
2026-07-23,Himachal Pradesh,Una,PMY Una,Mango,Dusheri,Grade A,7000.0,8000.0,7500.0
2026-07-23,Himachal Pradesh,Una,PMY Una,Mango,Other,Grade A,7000.0,9000.0,8000.0
2026-07-23,Jammu and Kashmir,Jammu,Narwal Jammu (F&V),Mango,Chausa,Medium,7000.0,10000.0,8500.0
2026-07-23,Jammu and Kashmir,Jammu,Narwal Jammu (F&V),Mango,Dusheri,Medium,6000.0,9000.0,7500.0
2026-07-23,Haryana,Rohtak,Meham APMC,Mango,Other,Medium,2200.0,4000.0,3500.0
2026-07-23,Jammu and Kashmir,Jammu,Narwal Jammu (F&V),Mango,Langra,Medium,7500.0,10000.0,8750.0
2026-07-23,Haryana,Panipat,Samalkha APMC,Mango,Other,Grade A,4000.0,5000.0,4500.0
2026-07-23,Haryana,Mewat,Tauru APMC,Mango,Other,Medium,5000.0,5000.0,5000.0
2026-07-23,Andhra Pradesh,Anakapally,Payakaraopeta APMC,Mango,Other,Local,2800.0,3000.0,2900.0
2026-07-23,Andhra Pradesh,Chittor,Bangarupalyam APMC,Mango,Neelam,Grade B,2500.0,4000.0,3000.0
2026-07-23,Andhra Pradesh,Chittor,Chittoor APMC,Mango,Neelam,Local,2000.0,2500.0,2300.0
2026-07-23,Andhra Pradesh,YSR Kadapa,Rajampet APMC,Mango,Neelam,Grade A,1500.0,2000.0,1750.0
2026-07-23,Chandigarh,Chandigarh,Chandigarh (Grain/F&V) APMC,Mango,Other,Medium,1000.0,7000.0,5500.0
2026-07-23,Goa,North Goa,Mapusa APMC,Mango,Neelam,Medium,4000.0,6000.0,5000.0
2026-07-23,Goa,North Goa,Mapusa APMC,Mango,Totapuri,Medium,2000.0,4000.0,3000.0
2026-07-23,Gujarat,Banaskanth,Deesa(Deesa Veg Yard) APMC,Mango,Other,Medium,2000.0,4000.0,3000.0
2026-07-23,Gujarat,Mehsana,Mehsana(Mehsana Veg) APMC,Mango,Badami,Local,1500.0,4500.0,3500.0
2026-07-23,Haryana,Ambala,Naraingarh APMC,Mango,Mango,Medium,1800.0,5000.0,2500.0
2026-07-23,Haryana,Bhiwani,Bhiwani APMC,Mango,Dusheri,Grade B,2784.0,3455.0,2980.0
2026-07-23,Haryana,Faridabad,Ballabhgarh APMC,Mango,Other,Grade A,4000.0,5000.0,4500.0
2026-07-23,Haryana,Faridabad,Faridabad APMC,Mango,Other,Grade B,4500.0,4500.0,4500.0
2026-07-23,Haryana,Fatehabad,Fatehabad APMC,Mango,Other,Local,12000.0,12000.0,12000.0
2026-07-23,Haryana,Gurgaon,Gurgaon APMC,Mango,Other,Grade B,3000.0,5000.0,4000.0
2026-07-23,Haryana,Hissar,Barwala(Hisar) APMC,Mango,Other,Local,5000.0,6000.0,5500.0
2026-07-23,Haryana,Hissar,Hansi APMC,Mango,Other,Grade B,3000.0,5000.0,4000.0
2026-07-23,Haryana,Hissar,Uklana APMC,Mango,Other,Medium,3500.0,4000.0,4000.0
2026-07-23,Haryana,Jhajar,Bahadurgarh APMC,Mango,Other,Medium,3700.0,3800.0,3750.0
2026-07-23,Haryana,Jind,Narwana APMC,Mango,Other,Local,4000.0,8000.0,6000.0
2026-07-23,Haryana,Jind,Safidon APMC,Mango,Other,Medium,3500.0,3500.0,3500.0
2026-07-23,Haryana,Kaithal,Pundri APMC,Mango,Other,Medium,4000.0,5000.0,4500.0
2026-07-23,Haryana,Karnal,Tarori APMC,Mango,Chausa,Grade A,3000.0,4000.0,3500.0
2026-07-23,Haryana,Kurukshetra,Ladwa APMC,Mango,Other,Medium,3000.0,5000.0,4000.0
2026-07-23,Haryana,Kurukshetra,Shahabad APMC,Mango,Other,Medium,2800.0,6000.0,3600.0
2026-07-23,Haryana,Mahendragarh-Narnaul,Narnaul APMC,Mango,Mango,Medium,4000.0,7000.0,6000.0
2026-07-23,Haryana,Mewat,Punhana APMC,Mango,Other,Medium,3000.0,3000.0,3000.0
2026-07-23,Haryana,Panipat,Panipat APMC,Mango,Other,Local,2000.0,8000.0,5000.0
2026-07-23,Jammu and Kashmir,Jammu,Narwal Jammu (F&V),Mango,Totapuri,Medium,3800.0,4500.0,4150.0
2026-07-23,Tamil Nadu,Chengalpattu,Guduvancheri(Uzhavar Sandhai ),Mango,Neelam,Local,5000.0,6000.0,5500.0
2026-07-23,Jammu and Kashmir,Rajouri,Rajouri (Phaliana) (F&V),Mango,Totapuri,Grade B,5500.0,5500.0,5500.0
2026-07-23,NCT of Delhi,Delhi,APMC Azadpur,Mango,Totapuri,Grade A,2143.0,3214.0,2643.0
2026-07-23,NCT of Delhi,Delhi,APMC Keshopur,Mango,Other,Medium,4000.0,7000.0,5600.0
2026-07-23,Odisha,Mayurbhanja,Narasinghpur APMC,Mango,Amrapali,Local,3000.0,5000.0,4000.0
2026-07-23,Odisha,Mayurbhanja,Narasinghpur APMC,Mango,Langra,Local,3000.0,5000.0,4000.0
2026-07-23,Punjab,Bhatinda,Bathinda APMC,Mango,Other,Grade B,6000.0,8000.0,8000.0
2026-07-23,Punjab,Bhatinda,Bhagta Bhai Ka APMC,Mango,Other,Medium,3400.0,3400.0,3400.0
2026-07-23,Punjab,Fazilka,Fazilka APMC,Mango,Other,Medium,7000.0,7000.0,7000.0
2026-07-23,Punjab,Fazilka,Jalalabad APMC,Mango,Other,Medium,4800.0,5200.0,5000.0
2026-07-23,Punjab,Ferozpur,Zira APMC,Mango,Chausa,Local,4600.0,4600.0,4600.0
2026-07-23,Punjab,Gurdaspur,Gurdaspur APMC,Mango,Other,Grade A,4800.0,4800.0,4800.0
2026-07-23,Punjab,Gurdaspur,Quadian APMC,Mango,Other,Grade A,4800.0,5000.0,4900.0
2026-07-23,Punjab,Hoshiarpur,Garh Shankar(Mahalpur) APMC,Mango,Dusheri,Medium,5000.0,5000.0,5000.0
2026-07-23,Punjab,Hoshiarpur,Mukerian APMC,Mango,Dusheri,Grade B,2500.0,4500.0,3500.0
2026-07-23,Punjab,Hoshiarpur,Tanda Urmur APMC,Mango,Other,Grade A,5000.0,6000.0,5500.0
2026-07-23,Punjab,Hoshiarpur,Tanda Urmur APMC,Mango,Totapuri,Grade A,4000.0,5000.0,4500.0
2026-07-23,Punjab,Jalandhar,Jalandhar City(Jalandhar) APMC,Mango,Other,Medium,2100.0,5000.0,3800.0
2026-07-23,Punjab,Ludhiana,Doraha APMC,Mango,Badami,Local,3000.0,3000.0,3000.0
2026-07-23,Punjab,Ludhiana,Khanna APMC,Mango,Safeda,Grade A,5000.0,5000.0,5000.0
2026-07-23,Punjab,Ludhiana,Ludhiana APMC,Mango,Other,Medium,2000.0,4500.0,3000.0
2026-07-23,Punjab,Moga,Baghapurana APMC,Mango,Dusheri,Grade B,4000.0,6000.0,5000.0
2026-07-23,Punjab,Mohali,Kharar APMC,Mango,Other,Small,2000.0,4000.0,3000.0
2026-07-23,Punjab,Patiala,Nabha APMC,Mango,Other,Grade B,2700.0,5000.0,3500.0
2026-07-23,Punjab,Patiala,Patran APMC,Mango,Other,Grade A,3890.0,3890.0,3890.0
2026-07-23,Punjab,Patiala,Rajpura APMC,Mango,Dusheri,Grade A,6000.0,6200.0,6050.0
2026-07-23,Punjab,Sangrur,Dhuri APMC,Mango,Safeda,Medium,5700.0,7500.0,6500.0
2026-07-23,Rajasthan,Ganganagar,Sriganganagar (F&V) APMC,Mango,Amrapali,Grade B,4800.0,5200.0,5000.0
2026-07-23,Jammu and Kashmir,Kathua,Kathua (F&V),Mango,Dusheri,Grade A,4000.0,6000.0,5000.0
2026-07-23,NCT of Delhi,Delhi,APMC Azadpur,Mango,Surkha,Grade A,2500.0,6000.0,4000.0
2026-07-23,NCT of Delhi,Delhi,APMC Azadpur,Mango,Saroli,Grade A,1000.0,2000.0,1500.0
2026-07-23,Punjab,Hoshiarpur,Garh Shankar APMC,Mango,Dusheri,Medium,3500.0,3500.0,3500.0
2026-07-23,NCT of Delhi,Delhi,APMC Azadpur,Mango,Langra,Grade A,2000.0,5000.0,3100.0
2026-07-23,NCT of Delhi,Delhi,APMC Azadpur,Mango,Safeda,Grade A,3571.0,5714.0,3950.0
2026-07-23,Karnataka,Bengaluru,Binny Mill (FF&V) Bengaluru APMC,Mango,Totapuri,Local,800.0,1200.0,1000.0
2026-07-23,Keralam,Idukki,Kattappana Market,Mango,Other,Medium,7800.0,9000.0,8000.0
2026-07-23,Keralam,Idukki,Kattappana Market,Mango,Other,Small,3200.0,3400.0,3400.0
2026-07-23,Keralam,Malappuram,Kottakkal Market,Mango,Neelam,Local,3800.0,4000.0,3900.0
2026-07-23,Madhya Pradesh,Burhanpur,Burhanpur(F&V) APMC,Mango,Badami,Grade A,2000.0,6000.0,5500.0
2026-07-23,Madhya Pradesh,Harda,Harda(F&V) APMC,Mango,Badami,Medium,3000.0,4000.0,3500.0
2026-07-23,Madhya Pradesh,Indore,Indore(F&V) APMC,Mango,Other,Local,3000.0,8000.0,5000.0
2026-07-23,Madhya Pradesh,Sehore,Sehore(F&V) APMC,Mango,Badami,Grade Range-1,3000.0,5000.0,4000.0
2026-07-23,Madhya Pradesh,Sheopur,Sheopurkalan(F&V) APMC,Mango,Other,Medium,3000.0,3500.0,3200.0
2026-07-23,Maharashtra,Ahilyanagar,Ahilyanagar APMC,Mango,Totapuri,Local,1500.0,3000.0,2750.0
2026-07-23,Maharashtra,Ahilyanagar,Shrirampur APMC,Mango,Other,Local,3000.0,5000.0,4000.0
2026-07-23,Maharashtra,Amarawati,Amrawati(Frui & Veg. Market) APMC,Mango,Totapuri,Local,1500.0,2000.0,1750.0
2026-07-23,Madhya Pradesh,Sagar,Sagar(F&V) APMC,Mango,Other,Local,3000.0,5000.0,4000.0
2026-07-23,Maharashtra,Jalgaon,Bhusaval APMC,Mango,Other,Local,5000.0,6000.0,6000.0
2026-07-23,NCT of Delhi,Delhi,APMC Azadpur,Mango,Keshar,Grade A,2857.0,5714.0,3821.0
2026-07-23,Maharashtra,Chattrapati Sambhajinagar,Chattrapati Sambhajinagar APMC,Mango,Other,Local,2500.0,3500.0,3000.0
2026-07-23,NCT of Delhi,Delhi,APMC Azadpur,Mango,Fazli,Grade A,2857.0,5714.0,4464.0
2026-07-23,NCT of Delhi,Delhi,APMC Azadpur,Mango,Dusheri,Grade A,1429.0,3571.0,2393.0
2026-07-23,NCT of Delhi,Delhi,APMC Azadpur,Mango,Dinga,Grade A,2000.0,3000.0,2400.0
2026-07-23,Maharashtra,Sangli,"Sangli(Phale, Bhajipala Market) APMC",Mango,Totapuri,Local,1000.0,3000.0,2000.0
2026-07-23,NCT of Delhi,Delhi,APMC Azadpur,Mango,Hapus(Alphaso),Grade A,10000.0,16667.0,13333.0
2026-07-23,Maharashtra,Nashik,Nasik APMC,Mango,Totapuri,Local,1700.0,3500.0,2000.0
2026-07-23,Maharashtra,Nagpur,Nagpur APMC,Mango,Other,Local,2500.0,3500.0,3250.0
2026-07-23,Maharashtra,Mumbai,Mumbai- Fruit Market APMC,Mango,Other,Local,6000.0,14000.0,10000.0
2026-07-23,Maharashtra,Jalgaon,Jalgaon APMC,Mango,Other,Local,4000.0,5000.0,4500.0
2026-07-23,Karnataka,Bengaluru,Binny Mill (FF&V) Bengaluru APMC,Mango,Neelam,Local,1500.0,2500.0,2000.0
2026-07-23,Maharashtra,Pune,Pune(Moshi) APMC,Mango,Other,Local,3000.0,10000.0,6500.0
2026-07-24,Tamil Nadu,Nagercoil (Kannyiakumari),Myladi(Uzhavar Sandhai ),Mango,Safeda,Local,4500.0,5000.0,4750.0
2026-07-24,Tamil Nadu,Nagapattinam,Nagapattinam(Uzhavar Sandhai ),Mango,Other,Local,6000.0,7000.0,6500.0
2026-07-24,Tamil Nadu,Madurai,Thirumangalam(Uzhavar Sandhai ),Mango,Safeda,Local,5000.0,6000.0,5500.0
2026-07-24,Tamil Nadu,Madurai,Melur(Uzhavar Sandhai ),Mango,Safeda,Local,5500.0,6000.0,5750.0
2026-07-24,Tamil Nadu,Madurai,Chokkikulam(Uzhavar Sandhai ),Mango,Safeda,Local,3500.0,6000.0,4750.0
2026-07-24,Tamil Nadu,Krishnagiri,Krishnagiri(Uzhavar Sandhai ),Mango,Neelam,Local,2000.0,3000.0,2500.0
2026-07-24,Tamil Nadu,Madurai,Anaiyur(Uzhavar Sandhai ),Mango,Safeda,Local,5000.0,6000.0,5500.0
2026-07-24,Tamil Nadu,Karur,Pallapatti (Uzhavar Sandhai ),Mango,Other,Local,3500.0,4000.0,3750.0
2026-07-24,Tamil Nadu,Karur,Kulithalai(Uzhavar Sandhai ),Mango,Neelam,Local,5000.0,6000.0,5500.0
2026-07-24,Tamil Nadu,Nagercoil (Kannyiakumari),Vadaseri APMC,Mango,Safeda,Local,6500.0,7000.0,6750.0
2026-07-24,Tamil Nadu,Madurai,Anna nagar(Uzhavar Sandhai ),Mango,Neelam,Local,4000.0,4000.0,4000.0
2026-07-24,Tamil Nadu,Namakkal,Kumarapalayam(Uzhavar Sandhai ),Mango,Safeda,Local,4500.0,5000.0,4750.0
2026-07-24,Tamil Nadu,Salem,Thathakapatti(Uzhavar Sandhai ),Mango,Safeda,Local,5000.0,6000.0,5500.0
2026-07-24,Tamil Nadu,Namakkal,Rasipuram(Uzhavar Sandhai ),Mango,Other,Local,4500.0,5000.0,4750.0
2026-07-24,Tamil Nadu,Perambalur,Perambalur(Uzhavar Sandhai ),Mango,Other,Local,5000.0,6000.0,5500.0
2026-07-24,Tamil Nadu,Pudukkottai,Gandarvakottai(Uzhavar Sandhai ),Mango,Other,Local,5000.0,6000.0,5500.0
2026-07-24,Tamil Nadu,Pudukkottai,Pudukottai(Uzhavar Sandhai ),Mango,Other,Local,5000.0,6000.0,5500.0
2026-07-24,Tamil Nadu,Ranipet,Arcot(Uzhavar Sandhai ),Mango,Neelam,Local,5000.0,6000.0,5500.0
2026-07-24,Tamil Nadu,Ranipet,Ranipettai(Uzhavar Sandhai ),Mango,Neelam,Local,5000.0,6000.0,5500.0
2026-07-24,Tamil Nadu,Salem,Ammapet(Uzhavar Sandhai ),Mango,Neelam,Local,5600.0,6000.0,5800.0
2026-07-24,Tamil Nadu,Salem,Athur(Uzhavar Sandhai ),Mango,Safeda,Local,4000.0,5000.0,4500.0
2026-07-24,Tamil Nadu,Salem,Hasthampatti(Uzhavar Sandhai ),Mango,Neelam,Local,5000.0,6000.0,5500.0
2026-07-24,Tamil Nadu,Salem,Mettur(Uzhavar Sandhai ),Mango,Neelam,Local,4000.0,5000.0,4500.0
2026-07-24,Tamil Nadu,Salem,Sooramangalam(Uzhavar Sandhai ),Mango,Neelam,Local,4000.0,5000.0,4500.0
2026-07-24,Tamil Nadu,Salem,Thammampatti (Uzhavar Sandhai ),Mango,Safeda,Local,3000.0,4000.0,3500.0
2026-07-24,Tamil Nadu,Karur,Karur(Uzhavar Sandhai ),Mango,Neelam,Local,7500.0,8000.0,7750.0
2026-07-24,Tamil Nadu,Namakkal,Namakkal(Uzhavar Sandhai ),Mango,Neelam,Local,5000.0,7000.0,6000.0
2026-07-24,Tamil Nadu,Karur,Gandhigramam(Uzhavar Sandhai),Mango,Neelam,Local,5000.0,8000.0,6500.0
2026-07-24,Rajasthan,Jodhpur,Jodhpur (F&V) APMC,Mango,Badami,Medium,2000.0,5000.0,3500.0
2026-07-24,Tamil Nadu,Kallakuruchi,Kallakurichi(Uzhavar Sandhai ),Mango,Other,Local,4000.0,4000.0,4000.0
2026-07-24,Tamil Nadu,Salem,Vazhapadi(Uzhavar Sandhai),Mango,Other,Local,5000.0,6000.0,5500.0
2026-07-24,Rajasthan,Jodhpur,Jodhpur (F&V) APMC,Mango,Langra,Medium,2000.0,5000.0,3500.0
2026-07-24,Rajasthan,Udaipur,Udaipur (F&V) APMC,Mango,Other,Medium,2000.0,4000.0,3000.0
2026-07-24,Tamil Nadu,Chengalpattu,Guduvancheri(Uzhavar Sandhai ),Mango,Neelam,Local,5000.0,6000.0,5500.0
2026-07-24,Tamil Nadu,Chengalpattu,Jameenrayapettai(Uzhavar Sandhai ),Mango,Neelam,Local,5000.0,6000.0,5500.0
2026-07-24,Tamil Nadu,Chengalpattu,Medavakkam(Uzhavar Sandhai ),Mango,Safeda,Local,5000.0,5000.0,5000.0
2026-07-24,Tamil Nadu,Chengalpattu,Nanganallur(Uzhavar Sandhai ),Mango,Neelam,Local,4500.0,5000.0,4750.0
2026-07-24,Tamil Nadu,Chengalpattu,Pallavaram(Uzhavar Sandhai ),Mango,Neelam,Local,5000.0,6000.0,5500.0
2026-07-24,Tamil Nadu,Coimbatore,Kurichi(Uzhavar Sandhai ),Mango,Neelam,Local,7000.0,8000.0,7500.0
2026-07-24,Tamil Nadu,Coimbatore,Mettupalayam(Uzhavar Sandhai ),Mango,Safeda,Local,6000.0,10000.0,8000.0
2026-07-24,Tamil Nadu,Coimbatore,RSPuram(Uzhavar Sandhai ),Mango,Neelam,Local,7000.0,8000.0,7500.0
2026-07-24,Tamil Nadu,Coimbatore,Singanallur(Uzhavar Sandhai ),Mango,Safeda,Local,8000.0,10000.0,9000.0
2026-07-24,Tamil Nadu,Coimbatore,Sundarapuram(Uzhavar Sandhai ),Mango,Neelam,Local,7000.0,8000.0,7500.0
2026-07-24,Tamil Nadu,Coimbatore,Vadavalli(Uzhavar Sandhai ),Mango,Safeda,Local,10000.0,11000.0,10500.0
2026-07-24,Tamil Nadu,Cuddalore,Cuddalore(Uzhavar Sandhai ),Mango,Safeda,Local,5000.0,7000.0,6000.0
2026-07-24,Tamil Nadu,Dharmapuri,AJattihalli(Uzhavar Sandhai ),Mango,Neelam,Local,4800.0,5000.0,4900.0
2026-07-24,Tamil Nadu,Dharmapuri,Dharmapuri(Uzhavar Sandhai ),Mango,Safeda,Local,4600.0,5000.0,4800.0
2026-07-24,Tamil Nadu,Dharmapuri,Harur(Uzhavar Sandhai ),Mango,Other,Local,4000.0,5000.0,4500.0
2026-07-24,Tamil Nadu,Dharmapuri,Karimangalam(Uzhavar Sandhai),Mango,Safeda,Local,3300.0,3500.0,3400.0
2026-07-24,Tamil Nadu,Dharmapuri,Palacode(Uzhavar Sandhai ),Mango,Safeda,Local,4000.0,4500.0,4250.0
2026-07-24,Tamil Nadu,Dharmapuri,Pennagaram(Uzhavar Sandhai ),Mango,Safeda,Local,3700.0,4000.0,3850.0
2026-07-24,Tamil Nadu,Dindigul,Chinnalapatti(Uzhavar Sandhai ),Mango,Safeda,Local,4000.0,5000.0,4500.0
2026-07-24,Tamil Nadu,Dindigul,Dindigul(Uzhavar Sandhai ),Mango,Safeda,Local,4000.0,5000.0,4500.0
2026-07-24,Tamil Nadu,Dindigul,Palani(Uzhavar Sandhai ),Mango,Neelam,Local,3000.0,4000.0,3500.0
2026-07-24,Tamil Nadu,Erode,Periyar Nagar(Uzhavar Sandhai ),Mango,Neelam,Local,5000.0,5500.0,5250.0
2026-07-24,Tamil Nadu,Erode,Perundurai(Uzhavar Sandhai ),Mango,Safeda,Local,5500.0,6000.0,5750.0
2026-07-24,Tamil Nadu,Erode,Sampath Nagar(Uzhavar Sandhai ),Mango,Safeda,Local,3500.0,5500.0,4500.0
2026-07-24,Tamil Nadu,Kallakuruchi,Sankarapuram(Uzhavar Sandhai ),Mango,Neelam,Local,5000.0,5000.0,5000.0
2026-07-24,Tamil Nadu,Sivaganga,Singampunari(Uzhavar Sandhai ),Mango,Other,Local,3600.0,4200.0,3900.0
2026-07-24,Tamil Nadu,Vellore,Kahithapattarai(Uzhavar Sandhai ),Mango,Neelam,Local,4000.0,5000.0,4500.0
2026-07-24,Tamil Nadu,Tenkasi,Sankarankoil(Uzhavar Sandhai ),Mango,Safeda,Local,4000.0,4000.0,4000.0
2026-07-24,Tamil Nadu,Vellore,Vellore APMC,Mango,Neelam,Local,4000.0,5000.0,4500.0
2026-07-24,Tamil Nadu,Villupuram,Tindivanam APMC,Mango,Safeda,Local,5000.0,5000.0,5000.0
2026-07-24,Tamil Nadu,Villupuram,Villupuram(Uzhavar Sandhai ),Mango,Safeda,Local,7000.0,7000.0,7000.0
2026-07-24,Tamil Nadu,Virudhunagar,Aruppukottai(Uzhavar Sandhai ),Mango,Safeda,Local,5500.0,6000.0,5750.0
2026-07-24,Telangana,Ranga Reddy,Gaddiannaram APMC,Mango,Langra,Medium,1111.12,5000.04,2777.8
2026-07-24,Telangana,Ranga Reddy,Gaddiannaram APMC,Mango,Totapuri,Medium,694.45,3888.92,2222.24
2026-07-24,Uttar Pradesh,Aligarh,Atrauli APMC,Mango,Other,Medium,2600.0,2700.0,2650.0
2026-07-24,Uttar Pradesh,Badaun,Shahaswan APMC,Mango,Other,Medium,2500.0,2800.0,2600.0
2026-07-24,Uttar Pradesh,Mau(Maunathbhanjan),Kopaganj APMC,Mango,Dusheri,Grade B,3310.0,3340.0,3320.0
2026-07-24,Uttar Pradesh,Shamli,Kairana APMC,Mango,Dusheri,Medium,2300.0,2400.0,2350.0
2026-07-24,Uttar Pradesh,Shamli,Khandhla APMC,Mango,Chausa,Medium,4800.0,4840.0,4820.0
2026-07-24,Uttarakhand,Dehradoon,Dehradoon APMC,Mango,Other,Grade A,1250.0,3500.0,2050.0
2026-07-24,Uttarakhand,Dehradoon,Dehradoon APMC,Mango,Other,Grade B,1800.0,3050.0,2200.0
2026-07-24,Uttarakhand,Dehradoon,Rishikesh APMC,Mango,Chausa,Medium,4000.0,4800.0,4600.0
2026-07-24,Uttarakhand,Dehradoon,Rishikesh APMC,Mango,Dusheri,Medium,2650.0,4000.0,3500.0
2026-07-24,Uttarakhand,Dehradoon,Rishikesh APMC,Mango,Langra,Medium,2200.0,3800.0,3200.0
2026-07-24,Uttarakhand,Dehradoon,Rishikesh APMC,Mango,Other,Medium,1600.0,2000.0,1850.0
2026-07-24,Uttarakhand,Garhwal (Pauri),Kotadwara APMC,Mango,Other,Medium,2500.0,2500.0,2500.0
2026-07-24,Uttarakhand,Haridwar,Bhagwanpur(Naveen Mandi Sthal) APMC,Mango,Other,Grade B,600.0,800.0,750.0
2026-07-24,Uttarakhand,Haridwar,Haridwar Union APMC,Mango,Chausa,Grade C,3000.0,4200.0,3500.0
2026-07-24,Uttarakhand,Haridwar,Haridwar Union APMC,Mango,Other,Grade C,2000.0,3000.0,2500.0
2026-07-24,Uttarakhand,Haridwar,Manglaur APMC,Mango,Langra,Local,2000.0,3000.0,2500.0
2026-07-24,Uttarakhand,Haridwar,Roorkee APMC,Mango,Other,Local,1200.0,1800.0,1500.0
2026-07-24,Uttarakhand,Nanital,Haldwani APMC,Mango,Other,Grade A,1500.0,3000.0,2500.0
2026-07-24,Uttarakhand,Udhamsinghnagar,Kicchha APMC,Mango,Chausa,Medium,3000.0,4000.0,3500.0
2026-07-24,Uttarakhand,Udhamsinghnagar,Sitarganj APMC,Mango,Chausa,Grade B,2500.0,5000.0,3800.0
2026-07-24,Rajasthan,Jaipur,Jaipur (F&V) APMC,Mango,Other,Medium,3000.0,12000.0,7500.0
2026-07-24,Tamil Nadu,Vellore,Thirupathur APMC,Mango,Safeda,Local,4000.0,4000.0,4000.0
2026-07-24,Tamil Nadu,Sivaganga,Sivagangai (Uzhavar Sandhai ),Mango,Safeda,Local,3600.0,7200.0,5400.0
2026-07-24,Tamil Nadu,Vellore,Perampet(Uzhavar Sandhai),Mango,Neelam,Local,4000.0,4000.0,4000.0
2026-07-24,Tamil Nadu,Vellore,Katpadi (Uzhavar Sandhai ),Mango,Safeda,Local,4000.0,4000.0,4000.0
2026-07-24,Tamil Nadu,Tenkasi,Tenkasi(Uzhavar Sandhai ),Mango,Neelam,Local,4000.0,5000.0,4500.0
2026-07-24,Tamil Nadu,Thanjavur,Kumbakonam (Uzhavar Sandhai ),Mango,Safeda,Local,3000.0,9000.0,6000.0
2026-07-24,Tamil Nadu,Thanjavur,Thanjavur(Uzhavar Sandhai ),Mango,Safeda,Local,5000.0,7000.0,6000.0
2026-07-24,Tamil Nadu,The Nilgiris,Udhagamandalam(Uzhavar Sandhai ),Mango,Safeda,Local,10000.0,12000.0,11000.0
2026-07-24,Tamil Nadu,Theni,Bodinayakanur(Uzhavar Sandhai ),Mango,Safeda,Local,5000.0,5000.0,5000.0
2026-07-24,Tamil Nadu,Theni,Devaram(Uzhavar Sandhai ),Mango,Safeda,Local,5000.0,5000.0,5000.0
2026-07-24,Tamil Nadu,Theni,Kambam(Uzhavar Sandhai ),Mango,Safeda,Local,5000.0,6000.0,5500.0
2026-07-24,Tamil Nadu,Theni,Theni(Uzhavar Sandhai ),Mango,Neelam,Local,3000.0,6000.0,4500.0
2026-07-24,Tamil Nadu,Thiruchirappalli,KKNagar(Uzhavar Sandhai ),Mango,Safeda,Local,5000.0,6000.0,5500.0
2026-07-24,Tamil Nadu,Thiruchirappalli,Musiri(Uzhavar Sandhai ),Mango,Safeda,Local,3000.0,3000.0,3000.0
2026-07-24,Tamil Nadu,Thiruchirappalli,Thuraiyur APMC,Mango,Safeda,Local,8000.0,9000.0,8500.0
2026-07-24,Tamil Nadu,Thirunelveli,Palayamkottai(Uzhavar Sandhai ),Mango,Safeda,Local,6000.0,8000.0,7000.0
2026-07-24,Tamil Nadu,Thirupathur,Natrampalli(Uzhavar Sandhai ),Mango,Safeda,Local,2500.0,3000.0,2750.0
2026-07-24,Tamil Nadu,Thirupathur,Vaniyampadi(Uzhavar Sandhai ),Mango,Safeda,Local,3000.0,3000.0,3000.0
2026-07-24,Tamil Nadu,Thirupur,Dharapuram(Uzhavar Sandhai ),Mango,Safeda,Local,5500.0,6000.0,5750.0
2026-07-24,Tamil Nadu,Thirupur,Tiruppur (South) (Uzhavar Sandhai ),Mango,Neelam,Local,5000.0,6000.0,5500.0
2026-07-24,Tamil Nadu,Thiruvannamalai,Arani(Uzhavar Sandhai ),Mango,Safeda,Local,4000.0,5000.0,4500.0
2026-07-24,Tamil Nadu,Thiruvannamalai,Chengam(Uzhavar Sandhai ),Mango,Safeda,Local,3300.0,4000.0,3650.0
2026-07-24,Tamil Nadu,Thiruvannamalai,Keelpennathur(Uzhavar Sandhai ),Mango,Other,Local,5000.0,6000.0,5500.0
2026-07-24,Tamil Nadu,Thiruvannamalai,Polur(Uzhavar Sandhai ),Mango,Safeda,Local,4200.0,5000.0,4600.0
2026-07-24,Tamil Nadu,Thiruvannamalai,Tamarainagar(Uzhavar Sandhai ),Mango,Safeda,Local,5000.0,6000.0,5500.0
2026-07-24,Tamil Nadu,Thiruvannamalai,Tiruvannamalai(Uzhavar Sandhai ),Mango,Safeda,Local,5000.0,6000.0,5500.0
2026-07-24,Tamil Nadu,Thiruvarur,Mannargudi I(Uzhavar Sandhai ),Mango,Safeda,Local,5000.0,5000.0,5000.0
2026-07-24,Tamil Nadu,Thiruvarur,Mannargudi II(Uzhavar Sandhai ),Mango,Safeda,Local,4000.0,4000.0,4000.0
2026-07-24,Tamil Nadu,Thiruvarur,Tiruthuraipoondi(Uzhavar Sandhai ),Mango,Safeda,Local,3000.0,3000.0,3000.0
2026-07-24,Tamil Nadu,Tuticorin,Tuticorin(Uzhavar Sandhai ),Mango,Safeda,Local,4000.0,5000.0,4500.0
2026-07-24,Tamil Nadu,Vellore,Gudiyatham(Uzhavar Sandhai ),Mango,Neelam,Local,3000.0,4000.0,3500.0
2026-07-24,Tamil Nadu,Vellore,Pallikonda(Uzhavar Sandhai),Mango,Safeda,Local,4000.0,4000.0,4000.0
2026-07-24,Rajasthan,Ganganagar,Sriganganagar (F&V) APMC,Mango,Amrapali,Grade C,5300.0,5700.0,5500.0
2026-07-24,Punjab,Ropar (Rupnagar),Ropar APMC,Mango,Dusheri,Local,4500.0,5000.0,4800.0
2026-07-24,Punjab,Sangrur,Lehra Gaga APMC,Mango,Other,Grade A,6500.0,6500.0,6500.0
2026-07-24,Haryana,Panipat,Samalkha APMC,Mango,Other,Grade A,6000.0,6000.0,6000.0
2026-07-24,Haryana,Rewari,Kosli APMC,Mango,Other,Medium,4000.0,4000.0,4000.0
2026-07-24,Haryana,Rohtak,Meham APMC,Mango,Other,Medium,2500.0,5000.0,4000.0
2026-07-24,Haryana,Rohtak,Rohtak APMC,Mango,Other,Medium,4000.0,6000.0,5000.0
2026-07-24,Haryana,Sirsa,Sirsa APMC,Mango,Other,Medium,1750.0,7000.0,4800.0
2026-07-24,Haryana,Sonipat,Gohana APMC,Mango,Other,Medium,4000.0,6000.0,5000.0
2026-07-24,Haryana,Sonipat,Sonepat APMC,Mango,Other,Medium,1000.0,7000.0,4000.0
2026-07-24,Haryana,Sonipat,Sonepat(Kharkhoda) APMC,Mango,Other,Grade A,3500.0,5000.0,4400.0
2026-07-24,Haryana,Yamuna Nagar,Jagadhri APMC,Mango,Other,Medium,2000.0,7000.0,6000.0
2026-07-24,Haryana,Yamuna Nagar,Radaur APMC,Mango,Other,Medium,2500.0,3000.0,2800.0
2026-07-24,Himachal Pradesh,Bilaspur,PMY Bilaspur,Mango,Other,Grade B,4000.0,10000.0,6500.0
2026-07-24,Himachal Pradesh,Hamirpur,PMY Hamirpur,Mango,Other,Grade B,6000.0,10000.0,8000.0
2026-07-24,Himachal Pradesh,Hamirpur,SMY Nadaun,Mango,Other,Grade B,9000.0,10000.0,9500.0
2026-07-24,Himachal Pradesh,Kangra,PMY Kangra,Mango,Other,Medium,4000.0,6000.0,5000.0
2026-07-24,Himachal Pradesh,Kangra,SMY Jaisinghpur,Mango,Other,Medium,5000.0,14000.0,10000.0
2026-07-24,Himachal Pradesh,Kangra,SMY Jassur,Mango,Other,Medium,3000.0,5000.0,4000.0
2026-07-24,Himachal Pradesh,Kangra,SMY Nagrota Bagwan,Mango,Other,Medium,4000.0,6000.0,5000.0
2026-07-24,Himachal Pradesh,Kangra,SMY Palampur,Mango,Other,Medium,4000.0,13000.0,9000.0
2026-07-24,Himachal Pradesh,Kullu,PMY Kullu,Mango,Other,Medium,6000.0,7500.0,7000.0
2026-07-24,Himachal Pradesh,Kullu,SMY Bhuntar,Mango,Other,Medium,5000.0,10000.0,8000.0
2026-07-24,Himachal Pradesh,Mandi,PMY Kangni Mandi,Mango,Dusheri,Grade B,2500.0,4500.0,4000.0
2026-07-24,Himachal Pradesh,Mandi,SMY Dhanotu,Mango,Other,Medium,4000.0,8000.0,6000.0
2026-07-24,Himachal Pradesh,Shimla,SMY Rampur,Mango,Other,Local,4000.0,5000.0,4500.0
2026-07-24,Himachal Pradesh,Shimla,SMY Rohroo,Mango,Other,Grade B,6000.0,8000.0,7000.0
2026-07-24,Himachal Pradesh,Solan,SMY Nalagarh,Mango,Other,Medium,3000.0,4000.0,3500.0
2026-07-24,Himachal Pradesh,Una,PMY Una,Mango,Dusheri,Grade A,6000.0,7000.0,6500.0
2026-07-24,Himachal Pradesh,Una,PMY Una,Mango,Other,Grade A,7000.0,8000.0,7500.0
2026-07-24,Haryana,Panipat,Panipat APMC,Mango,Other,Local,3000.0,5000.0,4000.0
2026-07-24,Jammu and Kashmir,Jammu,MAC F&V Market Narwal Jammu,Mango,Chausa,Medium,8000.0,9000.0,8500.0
2026-07-24,Haryana,Mewat,Punhana APMC,Mango,Other,Medium,3000.0,3000.0,3000.0
2026-07-24,Haryana,Kurukshetra,Shahabad APMC,Mango,Other,Medium,2500.0,5000.0,3000.0
2026-07-24,Andhra Pradesh,Anakapally,Payakaraopeta APMC,Mango,Other,Local,2800.0,3000.0,2900.0
2026-07-24,Andhra Pradesh,Chittor,Bangarupalyam APMC,Mango,Neelam,Grade B,2500.0,3500.0,3000.0
2026-07-24,Andhra Pradesh,Chittor,Chittoor APMC,Mango,Neelam,Local,2000.0,2500.0,2300.0
2026-07-24,Andhra Pradesh,Tirupathi,Puttur APMC,Mango,Other,Local,1000.0,1100.0,1050.0
2026-07-24,Andhra Pradesh,Tirupathi,Railway Koduru APMC,Mango,Neelam,Grade B,1000.0,1600.0,1300.0
2026-07-24,Andhra Pradesh,YSR Kadapa,Rajampet APMC,Mango,Neelam,Grade B,1800.0,2000.0,1900.0
2026-07-24,Rajasthan,Ajmer,Ajmer(F&V) APMC,Mango,Other,Medium,3000.0,5000.0,4200.0
2026-07-24,Chandigarh,Chandigarh,Chandigarh (Grain/F&V) APMC,Mango,Other,Medium,1000.0,6000.0,5500.0
2026-07-24,Chattisgarh,Bilaspur,Tiphra APMC,Mango,Dusheri,Grade B,4200.0,4500.0,4400.0
2026-07-24,Chattisgarh,Durg,Durg APMC,Mango,Dusheri,Medium,5000.0,6000.0,5000.0
2026-07-24,Chattisgarh,Rajnandgaon,Rajnandgaon APMC,Mango,Badami,Grade B,7000.0,9000.0,8000.0
2026-07-24,Goa,North Goa,Mapusa APMC,Mango,Neelam,Medium,4000.0,6000.0,5000.0
2026-07-24,Gujarat,Bharuch,Bharuch APMC,Mango,Langra,Local,2000.0,3500.0,2500.0
2026-07-24,Gujarat,Bharuch,Bharuch APMC,Mango,Totapuri,Local,1500.0,2500.0,2000.0
2026-07-24,Gujarat,Mehsana,Mehsana(Mehsana Veg) APMC,Mango,Badami,Local,2000.0,4500.0,3500.0
2026-07-24,Haryana,Ambala,Naraingarh APMC,Mango,Mango,Medium,2000.0,4000.0,2500.0
2026-07-24,Haryana,Bhiwani,Bhiwani APMC,Mango,Dusheri,Grade B,4540.0,7011.0,5580.0
2026-07-24,Haryana,Faridabad,Ballabhgarh APMC,Mango,Other,Grade A,4000.0,5000.0,4500.0
2026-07-24,Haryana,Gurgaon,Gurgaon APMC,Mango,Other,Grade B,3000.0,5000.0,4000.0
2026-07-24,Haryana,Hissar,Barwala(Hisar) APMC,Mango,Other,Local,2000.0,7000.0,5000.0
2026-07-24,Haryana,Hissar,Hansi APMC,Mango,Other,Grade B,3000.0,5000.0,4000.0
2026-07-24,Haryana,Hissar,Uklana APMC,Mango,Other,Medium,4000.0,4000.0,4000.0
2026-07-24,Haryana,Jhajar,Jhajjar APMC,Mango,Other,Medium,3000.0,3000.0,3000.0
2026-07-24,Haryana,Jind,Narwana APMC,Mango,Other,Local,4000.0,9000.0,6000.0
2026-07-24,Haryana,Jind,Safidon APMC,Mango,Other,Medium,3000.0,6000.0,4500.0
2026-07-24,Haryana,Karnal,Tarori APMC,Mango,Chausa,Grade A,2000.0,4000.0,3000.0
2026-07-24,Haryana,Kurukshetra,Ladwa APMC,Mango,Other,Medium,3500.0,5000.0,4500.0
2026-07-24,Haryana,Mahendragarh-Narnaul,Narnaul APMC,Mango,Mango,Medium,4000.0,7000.0,5000.0
2026-07-24,Jammu and Kashmir,Jammu,MAC F&V Market Narwal Jammu,Mango,Dusheri,Medium,8000.0,9000.0,8500.0
2026-07-24,Bihar,East Champaran/ Motihari,Motihari APMC,Mango,Other,Grade A,7500.0,8500.0,8000.0
2026-07-24,Jammu and Kashmir,Rajouri,Rajouri (Phaliana) (F&V),Mango,Totapuri,Grade B,5500.0,5500.0,5500.0
2026-07-24,Punjab,Fatehgarh,Sirhind APMC,Mango,Dusheri,Medium,4800.0,6000.0,5500.0
2026-07-24,Punjab,Fatehgarh,Sirhind APMC,Mango,Langra,Medium,5500.0,7500.0,6000.0
2026-07-24,Punjab,Fazilka,Fazilka APMC,Mango,Other,Medium,7000.0,7000.0,7000.0
2026-07-24,Punjab,Fazilka,Jalalabad APMC,Mango,Other,Medium,5000.0,5500.0,5200.0
2026-07-24,Punjab,Ferozpur,Ferozepur Cantt. APMC,Mango,Other,Grade A,3500.0,4500.0,4000.0
2026-07-24,Punjab,Gurdaspur,Gurdaspur APMC,Mango,Other,Grade B,5000.0,5000.0,5000.0
2026-07-24,Punjab,Gurdaspur,Quadian APMC,Mango,Other,Grade A,4300.0,4500.0,4400.0
2026-07-24,Punjab,Hoshiarpur,Garh Shankar APMC,Mango,Other,Medium,4000.0,4000.0,4000.0
2026-07-24,Punjab,Hoshiarpur,Garh Shankar(Mahalpur) APMC,Mango,Dusheri,Medium,5200.0,5200.0,5200.0
2026-07-24,Punjab,Hoshiarpur,Mukerian APMC,Mango,Dusheri,Grade B,2500.0,3500.0,3000.0
2026-07-24,Punjab,Hoshiarpur,Tanda Urmur APMC,Mango,Other,Grade A,5000.0,6000.0,5500.0
2026-07-24,Punjab,Hoshiarpur,Tanda Urmur APMC,Mango,Totapuri,Grade A,4500.0,5500.0,5000.0
2026-07-24,Punjab,Bhatinda,Talwandi Sabo APMC,Mango,Other,Grade A,3500.0,4200.0,4000.0
2026-07-24,Punjab,Jalandhar,Jalandhar City(Jalandhar) APMC,Mango,Other,Medium,2000.0,5200.0,3700.0
2026-07-24,Punjab,Ludhiana,Ludhiana APMC,Mango,Other,Medium,2000.0,5000.0,3000.0
2026-07-24,Punjab,Mansa,Mansa APMC,Mango,Other,Grade A,4700.0,4700.0,4700.0
2026-07-24,Punjab,Moga,Baghapurana APMC,Mango,Dusheri,Grade B,2500.0,4000.0,3500.0
2026-07-24,Punjab,Mohali,Kharar APMC,Mango,Other,Small,2000.0,4000.0,3000.0
2026-07-24,Punjab,Nawanshahr,Nawan Shahar(Subzi Mandi) APMC,Mango,Other,Medium,5000.0,6000.0,5600.0
2026-07-24,Punjab,Patiala,Nabha APMC,Mango,Other,Grade B,3400.0,7000.0,5000.0
2026-07-24,Punjab,Patiala,Patran APMC,Mango,Other,Grade A,3560.0,3560.0,3560.0
2026-07-24,Punjab,Ropar (Rupnagar),Ropar APMC,Mango,Langra,Medium,4500.0,4800.0,4600.0
2026-07-24,Punjab,Ropar (Rupnagar),Ropar APMC,Mango,Totapuri,Local,5000.0,5500.0,5200.0
2026-07-24,Punjab,Sangrur,Bhawanigarh APMC,Mango,Other,Medium,5000.0,6000.0,5500.0
2026-07-24,Punjab,Sangrur,Dhuri APMC,Mango,Dusheri,Medium,6500.0,7500.0,7000.0
2026-07-24,Jammu and Kashmir,Jammu,MAC F&V Market Narwal Jammu,Mango,Totapuri,Medium,4000.0,4500.0,4250.0
2026-07-24,Punjab,Ludhiana,Khanna APMC,Mango,Dusheri,Grade A,5000.0,5000.0,5000.0
2026-07-24,Odisha,Mayurbhanja,Narasinghpur APMC,Mango,Langra,Local,3000.0,5000.0,4000.0
2026-07-24,Punjab,Ropar (Rupnagar),Ropar APMC,Mango,Safeda,Medium,5000.0,5500.0,5200.0
2026-07-24,NCT of Delhi,Delhi,APMC Keshopur,Mango,Other,Medium,4000.0,6000.0,5500.0
2026-07-24,Odisha,Mayurbhanja,Narasinghpur APMC,Mango,Amrapali,Local,3000.0,5000.0,4000.0
2026-07-24,Karnataka,Bengaluru,Binny Mill (FF&V) Bengaluru APMC,Mango,Totapuri,Local,800.0,1400.0,1000.0
2026-07-24,Karnataka,Davangere,Davangere APMC,Mango,Mango,Local,3000.0,4000.0,3500.0
2026-07-24,Madhya Pradesh,Gwalior,Lashkar(F&V) APMC,Mango,Other,Grade B,1500.0,2500.0,2000.0
2026-07-24,Madhya Pradesh,Harda,Harda(F&V) APMC,Mango,Neelam,Medium,3000.0,4000.0,3500.0
2026-07-24,Madhya Pradesh,Indore,Indore(F&V) APMC,Mango,Other,Local,2000.0,8000.0,4500.0
2026-07-24,Madhya Pradesh,Sehore,Sehore(F&V) APMC,Mango,Safeda,Grade Range-1,3000.0,5000.0,4000.0
2026-07-24,Madhya Pradesh,Sheopur,Sheopurkalan(F&V) APMC,Mango,Other,Medium,3000.0,4000.0,3500.0
2026-07-24,Maharashtra,Ahilyanagar,Ahilyanagar APMC,Mango,Totapuri,Local,1500.0,3500.0,2500.0
2026-07-24,Maharashtra,Ahilyanagar,Shrirampur APMC,Mango,Other,Local,3000.0,5000.0,4000.0
2026-07-24,Maharashtra,Mumbai,Mumbai- Fruit Market APMC,Mango,Other,Local,7000.0,15000.0,11000.0
2026-07-24,Maharashtra,Nagpur,Nagpur APMC,Mango,Other,Local,2500.0,3500.0,3250.0
2026-07-24,Maharashtra,Nashik,Nasik APMC,Mango,Totapuri,Local,1500.0,3000.0,1700.0
2026-07-24,Keralam,Malappuram,Kottakkal Market,Mango,Neelam,Local,3800.0,4000.0,3900.0
2026-07-24,Maharashtra,Solapur,Akluj APMC,Mango,Other,Local,3000.0,5000.0,4500.0
2026-07-24,NCT of Delhi,Delhi,APMC Azadpur,Mango,Totapuri,Grade A,2143.0,3214.0,2643.0
2026-07-24,Maharashtra,Pune,Pune(Moshi) APMC,Mango,Other,Local,3000.0,7000.0,5000.0
2026-07-24,NCT of Delhi,Delhi,APMC Azadpur,Mango,Surkha,Grade A,2500.0,6000.0,4000.0
2026-07-24,NCT of Delhi,Delhi,APMC Azadpur,Mango,Saroli,Grade A,1000.0,2000.0,1500.0
2026-07-24,NCT of Delhi,Delhi,APMC Azadpur,Mango,Safeda,Grade A,3571.0,5714.0,4450.0
2026-07-24,NCT of Delhi,Delhi,APMC Azadpur,Mango,Langra,Grade A,4000.0,7000.0,5100.0
2026-07-24,Karnataka,Bengaluru,Binny Mill (FF&V) Bengaluru APMC,Mango,Neelam,Local,2000.0,3000.0,2500.0
2026-07-24,Maharashtra,Solapur,SHRI.SIDDHESHWAR  APMC,Mango,Other,Local,2500.0,2500.0,2500.0
2026-07-24,NCT of Delhi,Delhi,APMC Azadpur,Mango,Hapus(Alphaso),Grade A,10000.0,16667.0,13333.0
2026-07-24,NCT of Delhi,Delhi,APMC Azadpur,Mango,Keshar,Grade A,4286.0,7143.0,5429.0
2026-07-24,NCT of Delhi,Delhi,APMC Azadpur,Mango,Fazli,Grade A,2857.0,5714.0,4464.0
2026-07-24,NCT of Delhi,Delhi,APMC Azadpur,Mango,Dusheri,Grade A,1429.0,3571.0,2393.0
2026-07-24,NCT of Delhi,Delhi,APMC Azadpur,Mango,Dinga,Grade A,3000.0,4000.0,3400.0
2026-07-25,Tamil Nadu,Ranipet,Arcot(Uzhavar Sandhai ),Mango,Neelam,Local,6000.0,6000.0,6000.0
2026-07-25,Tamil Nadu,Pudukkottai,Pudukottai(Uzhavar Sandhai ),Mango,Other,Local,6000.0,7000.0,6500.0
2026-07-25,Tamil Nadu,Pudukkottai,Gandarvakottai(Uzhavar Sandhai ),Mango,Other,Local,4000.0,5000.0,4500.0
2026-07-25,Tamil Nadu,Perambalur,Perambalur(Uzhavar Sandhai ),Mango,Other,Local,5000.0,6000.0,5500.0
2026-07-25,Tamil Nadu,Tenkasi,Tenkasi(Uzhavar Sandhai ),Mango,Neelam,Local,4000.0,4000.0,4000.0
2026-07-25,Tamil Nadu,Ranipet,Ranipettai(Uzhavar Sandhai ),Mango,Neelam,Local,5000.0,6000.0,5500.0
2026-07-25,Tamil Nadu,Namakkal,Namakkal(Uzhavar Sandhai ),Mango,Neelam,Local,5000.0,7000.0,6000.0
2026-07-25,Tamil Nadu,Namakkal,Kumarapalayam(Uzhavar Sandhai ),Mango,Safeda,Local,4500.0,5000.0,4750.0
2026-07-25,Tamil Nadu,Nagercoil (Kannyiakumari),Vadaseri APMC,Mango,Safeda,Local,6500.0,7000.0,6750.0
2026-07-25,Tamil Nadu,Nagercoil (Kannyiakumari),Myladi(Uzhavar Sandhai ),Mango,Safeda,Local,4500.0,5000.0,4750.0
2026-07-25,Tamil Nadu,Namakkal,Tiruchengode APMC,Mango,Other,Local,6200.0,7000.0,6600.0
2026-07-25,Tamil Nadu,Namakkal,Rasipuram(Uzhavar Sandhai ),Mango,Other,Local,3000.0,5000.0,4000.0
2026-07-25,Tamil Nadu,Salem,Athur(Uzhavar Sandhai ),Mango,Safeda,Local,4000.0,5000.0,4500.0
2026-07-25,Tamil Nadu,Salem,Elampillai(Uzhavar Sandhai ),Mango,Neelam,Local,4000.0,5000.0,4500.0
2026-07-25,Tamil Nadu,Salem,Hasthampatti(Uzhavar Sandhai ),Mango,Neelam,Local,4000.0,5000.0,4500.0
2026-07-25,Tamil Nadu,Salem,Mettur(Uzhavar Sandhai ),Mango,Neelam,Local,4000.0,5000.0,4500.0
2026-07-25,Tamil Nadu,Salem,Thammampatti (Uzhavar Sandhai ),Mango,Safeda,Local,4000.0,5000.0,4500.0
2026-07-25,Tamil Nadu,Salem,Thathakapatti(Uzhavar Sandhai ),Mango,Safeda,Local,5000.0,6000.0,5500.0
2026-07-25,Tamil Nadu,Salem,Vazhapadi(Uzhavar Sandhai),Mango,Other,Local,4000.0,5000.0,4500.0
2026-07-25,Tamil Nadu,Sivaganga,Singampunari(Uzhavar Sandhai ),Mango,Other,Local,3600.0,4200.0,3900.0
2026-07-25,Tamil Nadu,Sivaganga,Sivagangai (Uzhavar Sandhai ),Mango,Safeda,Local,3600.0,6000.0,4800.0
2026-07-25,Tamil Nadu,Nagapattinam,Nagapattinam(Uzhavar Sandhai ),Mango,Other,Local,6000.0,6000.0,6000.0
2026-07-25,Tamil Nadu,Tenkasi,Sankarankoil(Uzhavar Sandhai ),Mango,Safeda,Local,4000.0,4000.0,4000.0
2026-07-25,Tamil Nadu,Salem,Ammapet(Uzhavar Sandhai ),Mango,Neelam,Local,4000.0,5000.0,4500.0
2026-07-25,Tamil Nadu,Salem,Sooramangalam(Uzhavar Sandhai ),Mango,Neelam,Local,4000.0,5000.0,4500.0
2026-07-25,Tamil Nadu,Erode,Perundurai(Uzhavar Sandhai ),Mango,Neelam,Local,5500.0,6000.0,5750.0
2026-07-25,Tamil Nadu,Madurai,Melur(Uzhavar Sandhai ),Mango,Safeda,Local,5500.0,6000.0,5750.0
2026-07-25,Tamil Nadu,Coimbatore,Vadavalli(Uzhavar Sandhai ),Mango,Safeda,Local,10000.0,11000.0,10500.0
2026-07-25,Tamil Nadu,Thanjavur,Kumbakonam (Uzhavar Sandhai ),Mango,Safeda,Local,3000.0,9000.0,6000.0
2026-07-25,Tamil Nadu,Cuddalore,Cuddalore(Uzhavar Sandhai ),Mango,Safeda,Local,5000.0,7000.0,6000.0
2026-07-25,Tamil Nadu,Dharmapuri,AJattihalli(Uzhavar Sandhai ),Mango,Safeda,Local,6000.0,6000.0,6000.0
2026-07-25,Tamil Nadu,Dharmapuri,Dharmapuri(Uzhavar Sandhai ),Mango,Safeda,Local,4600.0,5000.0,4800.0
2026-07-25,Tamil Nadu,Dharmapuri,Harur(Uzhavar Sandhai ),Mango,Other,Local,4000.0,5000.0,4500.0
2026-07-25,Tamil Nadu,Dharmapuri,Karimangalam(Uzhavar Sandhai),Mango,Safeda,Local,3300.0,3500.0,3400.0
2026-07-25,Tamil Nadu,Dharmapuri,Palacode(Uzhavar Sandhai ),Mango,Neelam,Local,4000.0,4500.0,4250.0
2026-07-25,Tamil Nadu,Dharmapuri,Pennagaram(Uzhavar Sandhai ),Mango,Safeda,Local,3600.0,4000.0,3800.0
2026-07-25,Tamil Nadu,Dindigul,Chinnalapatti(Uzhavar Sandhai ),Mango,Neelam,Local,4000.0,5000.0,4500.0
2026-07-25,Tamil Nadu,Dindigul,Dindigul(Uzhavar Sandhai ),Mango,Safeda,Local,4000.0,5000.0,4500.0
2026-07-25,Tamil Nadu,Madurai,Thirumangalam(Uzhavar Sandhai ),Mango,Safeda,Local,6000.0,7000.0,6500.0
2026-07-25,Tamil Nadu,Dindigul,Palani(Uzhavar Sandhai ),Mango,Neelam,Local,2000.0,4000.0,3000.0
2026-07-25,Tamil Nadu,Erode,Sampath Nagar(Uzhavar Sandhai ),Mango,Safeda,Local,5000.0,8000.0,6500.0
2026-07-25,Tamil Nadu,Kallakuruchi,Kallakurichi(Uzhavar Sandhai ),Mango,Other,Local,4000.0,4000.0,4000.0
2026-07-25,Tamil Nadu,Kallakuruchi,Sankarapuram(Uzhavar Sandhai ),Mango,Neelam,Local,5000.0,5000.0,5000.0
2026-07-25,Tamil Nadu,Karur,Gandhigramam(Uzhavar Sandhai),Mango,Neelam,Local,5000.0,8000.0,6500.0
2026-07-25,Tamil Nadu,Karur,Karur(Uzhavar Sandhai ),Mango,Neelam,Local,7500.0,8000.0,7750.0
2026-07-25,Tamil Nadu,Karur,Kulithalai(Uzhavar Sandhai ),Mango,Neelam,Local,5000.0,6000.0,5500.0
2026-07-25,Tamil Nadu,Karur,Pallapatti (Uzhavar Sandhai ),Mango,Safeda,Local,3500.0,4000.0,3750.0
2026-07-25,Tamil Nadu,Krishnagiri,Krishnagiri(Uzhavar Sandhai ),Mango,Safeda,Local,2500.0,3000.0,2750.0
2026-07-25,Tamil Nadu,Madurai,Anaiyur(Uzhavar Sandhai ),Mango,Safeda,Local,5000.0,6000.0,5500.0
2026-07-25,Tamil Nadu,Madurai,Anna nagar(Uzhavar Sandhai ),Mango,Other,Local,5000.0,5000.0,5000.0
2026-07-25,Tamil Nadu,Madurai,Chokkikulam(Uzhavar Sandhai ),Mango,Safeda,Local,4000.0,6000.0,5000.0
2026-07-25,Tamil Nadu,Erode,Periyar Nagar(Uzhavar Sandhai ),Mango,Safeda,Local,5000.0,5500.0,5250.0
2026-07-25,Tamil Nadu,Thanjavur,Thanjavur(Uzhavar Sandhai ),Mango,Safeda,Local,5000.0,7000.0,6000.0
2026-07-25,Tamil Nadu,Vellore,Vellore APMC,Mango,Neelam,Local,4000.0,5000.0,4500.0
2026-07-25,Tamil Nadu,Theni,Bodinayakanur(Uzhavar Sandhai ),Mango,Safeda,Local,4000.0,5000.0,4500.0
2026-07-25,Tamil Nadu,Villupuram,Villupuram(Uzhavar Sandhai ),Mango,Safeda,Local,7000.0,7000.0,7000.0
2026-07-25,Tamil Nadu,Virudhunagar,Aruppukottai(Uzhavar Sandhai ),Mango,Safeda,Local,5500.0,6000.0,5750.0
2026-07-25,Uttar Pradesh,Badaun,Shahaswan APMC,Mango,Other,Medium,2500.0,2800.0,2600.0
2026-07-25,Uttar Pradesh,Mau(Maunathbhanjan),Kopaganj APMC,Mango,Dusheri,Grade B,3310.0,3330.0,3320.0
2026-07-25,Uttar Pradesh,Rampur,Bilaspur APMC,Mango,Dusheri,Medium,2500.0,3100.0,2800.0
2026-07-25,Uttar Pradesh,Shamli,Kairana APMC,Mango,Dusheri,Medium,2300.0,2400.0,2350.0
2026-07-25,Uttar Pradesh,Sitapur,Hargaon (Laharpur) APMC,Mango,Dusheri,Grade C,5500.0,6500.0,6000.0
2026-07-25,Uttarakhand,Dehradoon,Dehradoon APMC,Mango,Other,Grade A,2500.0,4500.0,3500.0
2026-07-25,Uttarakhand,Dehradoon,Dehradoon APMC,Mango,Other,Grade B,1450.0,2200.0,1800.0
2026-07-25,Uttarakhand,Dehradoon,Rishikesh APMC,Mango,Chausa,Medium,4500.0,5500.0,5000.0
2026-07-25,Uttarakhand,Dehradoon,Rishikesh APMC,Mango,Dusheri,Medium,2800.0,4500.0,3800.0
2026-07-25,Tamil Nadu,Villupuram,Tindivanam APMC,Mango,Safeda,Local,5000.0,5000.0,5000.0
2026-07-25,Uttarakhand,Dehradoon,Rishikesh APMC,Mango,Langra,Medium,2400.0,4000.0,3500.0
2026-07-25,Uttarakhand,Garhwal (Pauri),Kotadwara APMC,Mango,Other,Medium,2500.0,2500.0,2500.0
2026-07-25,Uttarakhand,Haridwar,Haridwar Union APMC,Mango,Chausa,Grade Range-2,3500.0,5000.0,4200.0
2026-07-25,Uttarakhand,Haridwar,Haridwar Union APMC,Mango,Other,Grade C,2000.0,3500.0,2500.0
2026-07-25,Uttarakhand,Haridwar,Roorkee APMC,Mango,Other,Local,1200.0,2000.0,1500.0
2026-07-25,Uttarakhand,Nanital,Ramnagar APMC,Mango,Other,Local,2000.0,3000.0,2500.0
2026-07-25,Uttarakhand,Udhamsinghnagar,Jaspur(UC) APMC,Mango,Other,Local,2600.0,2800.0,2631.0
2026-07-25,Uttarakhand,Udhamsinghnagar,Kicchha APMC,Mango,Chausa,Medium,3000.0,4000.0,3500.0
2026-07-25,Uttarakhand,Udhamsinghnagar,Rudrapur APMC,Mango,Other,Medium,4000.0,6500.0,5000.0
2026-07-25,Uttarakhand,Udhamsinghnagar,Sitarganj APMC,Mango,Chausa,Grade B,3000.0,5000.0,4200.0
2026-07-25,West Bengal,Kolkata,Mechua APMC,Mango,Other,Grade A,6000.0,6400.0,6200.0
2026-07-25,Tamil Nadu,Coimbatore,Sundarapuram(Uzhavar Sandhai ),Mango,Neelam,Local,7000.0,8000.0,7500.0
2026-07-25,Uttarakhand,Dehradoon,Rishikesh APMC,Mango,Other,Medium,2000.0,2800.0,2500.0
2026-07-25,Tamil Nadu,The Nilgiris,Udhagamandalam(Uzhavar Sandhai ),Mango,Safeda,Local,10000.0,12000.0,11000.0
2026-07-25,Tamil Nadu,Vellore,Thirupathur APMC,Mango,Safeda,Local,4000.0,4000.0,4000.0
2026-07-25,Tamil Nadu,Vellore,Pallikonda(Uzhavar Sandhai),Mango,Safeda,Local,4000.0,4000.0,4000.0
2026-07-25,Tamil Nadu,Theni,Devaram(Uzhavar Sandhai ),Mango,Safeda,Local,5000.0,5000.0,5000.0
2026-07-25,Tamil Nadu,Theni,Kambam(Uzhavar Sandhai ),Mango,Safeda,Local,5000.0,6000.0,5500.0
2026-07-25,Tamil Nadu,Theni,Theni(Uzhavar Sandhai ),Mango,Neelam,Local,3000.0,6000.0,4500.0
2026-07-25,Tamil Nadu,Thiruchirappalli,KKNagar(Uzhavar Sandhai ),Mango,Safeda,Local,5000.0,6000.0,5500.0
2026-07-25,Tamil Nadu,Thiruchirappalli,Musiri(Uzhavar Sandhai ),Mango,Safeda,Local,3000.0,3000.0,3000.0
2026-07-25,Tamil Nadu,Thiruchirappalli,Thuraiyur APMC,Mango,Safeda,Local,7000.0,9000.0,8000.0
2026-07-25,Tamil Nadu,Thirunelveli,Palayamkottai(Uzhavar Sandhai ),Mango,Safeda,Local,6000.0,8000.0,7000.0
2026-07-25,Tamil Nadu,Thirupathur,Natrampalli(Uzhavar Sandhai ),Mango,Safeda,Local,2500.0,3000.0,2750.0
2026-07-25,Tamil Nadu,Thirupathur,Vaniyampadi(Uzhavar Sandhai ),Mango,Safeda,Local,4000.0,4000.0,4000.0
2026-07-25,Tamil Nadu,Thirupur,Dharapuram(Uzhavar Sandhai ),Mango,Safeda,Local,5500.0,6000.0,5750.0
2026-07-25,Tamil Nadu,Thirupur,Tiruppur (South) (Uzhavar Sandhai ),Mango,Safeda,Local,5000.0,6000.0,5500.0
2026-07-25,Tamil Nadu,Vellore,Perampet(Uzhavar Sandhai),Mango,Neelam,Local,3500.0,4000.0,3750.0
2026-07-25,Tamil Nadu,Thiruvannamalai,Arani(Uzhavar Sandhai ),Mango,Safeda,Local,4000.0,5000.0,4500.0
2026-07-25,Tamil Nadu,Thiruvannamalai,Keelpennathur(Uzhavar Sandhai ),Mango,Other,Local,5000.0,6000.0,5500.0
2026-07-25,Tamil Nadu,Thiruvannamalai,Polur(Uzhavar Sandhai ),Mango,Safeda,Local,4200.0,5000.0,4600.0
2026-07-25,Tamil Nadu,Thiruvannamalai,Tamarainagar(Uzhavar Sandhai ),Mango,Safeda,Local,5000.0,6000.0,5500.0
2026-07-25,Tamil Nadu,Thiruvannamalai,Tiruvannamalai(Uzhavar Sandhai ),Mango,Safeda,Local,5000.0,6000.0,5500.0
2026-07-25,Tamil Nadu,Thiruvarur,Mannargudi I(Uzhavar Sandhai ),Mango,Safeda,Local,5000.0,5000.0,5000.0
2026-07-25,Tamil Nadu,Thiruvarur,Mannargudi II(Uzhavar Sandhai ),Mango,Safeda,Local,4000.0,4000.0,4000.0
2026-07-25,Tamil Nadu,Thiruvarur,Tiruthuraipoondi(Uzhavar Sandhai ),Mango,Safeda,Local,4000.0,4000.0,4000.0
2026-07-25,Tamil Nadu,Tuticorin,Tuticorin(Uzhavar Sandhai ),Mango,Safeda,Local,4500.0,5000.0,4750.0
2026-07-25,Tamil Nadu,Vellore,Gudiyatham(Uzhavar Sandhai ),Mango,Neelam,Local,3000.0,4000.0,3500.0
2026-07-25,Tamil Nadu,Vellore,Kahithapattarai(Uzhavar Sandhai ),Mango,Neelam,Local,4000.0,5000.0,4500.0
2026-07-25,Tamil Nadu,Vellore,Katpadi (Uzhavar Sandhai ),Mango,Safeda,Local,7000.0,8000.0,7500.0
2026-07-25,Tamil Nadu,Thiruvannamalai,Chengam(Uzhavar Sandhai ),Mango,Safeda,Local,3500.0,4000.0,3750.0
2026-07-25,Tamil Nadu,Coimbatore,Singanallur(Uzhavar Sandhai ),Mango,Safeda,Local,6000.0,10000.0,8000.0
2026-07-25,Himachal Pradesh,Una,PMY Una,Mango,Other,Grade A,7000.0,8000.0,7500.0
2026-07-25,Tamil Nadu,Coimbatore,Mettupalayam(Uzhavar Sandhai ),Mango,Safeda,Local,6000.0,10000.0,8000.0
2026-07-25,Himachal Pradesh,Bilaspur,PMY Bilaspur,Mango,Other,Grade B,6800.0,12000.0,7800.0
2026-07-25,Himachal Pradesh,Chamba,PMY Chamba,Mango,Dusheri,Medium,5500.0,6000.0,5750.0
2026-07-25,Himachal Pradesh,Hamirpur,PMY Hamirpur,Mango,Other,Grade B,6000.0,10000.0,8000.0
2026-07-25,Himachal Pradesh,Hamirpur,SMY Nadaun,Mango,Other,Grade B,6000.0,10000.0,8000.0
2026-07-25,Himachal Pradesh,Kangra,PMY Kangra,Mango,Other,Medium,4000.0,6000.0,5000.0
2026-07-25,Himachal Pradesh,Kangra,SMY Baijnath,Mango,Dusheri,Grade A,4500.0,5200.0,5000.0
2026-07-25,Himachal Pradesh,Kangra,SMY Jaisinghpur,Mango,Other,Medium,5000.0,14000.0,10000.0
2026-07-25,Himachal Pradesh,Kangra,SMY Jassur,Mango,Other,Medium,3000.0,5000.0,4000.0
2026-07-25,Himachal Pradesh,Kangra,SMY Nagrota Bagwan,Mango,Other,Medium,4000.0,6000.0,5000.0
2026-07-25,Himachal Pradesh,Kangra,SMY Palampur,Mango,Other,Medium,4000.0,13000.0,9000.0
2026-07-25,Himachal Pradesh,Kullu,PMY Kullu,Mango,Other,Medium,6000.0,7500.0,6600.0
2026-07-25,Himachal Pradesh,Mandi,PMY Kangni Mandi,Mango,Dusheri,Grade B,4500.0,15000.0,10000.0
2026-07-25,Himachal Pradesh,Mandi,SMY Dhanotu,Mango,Other,Medium,4000.0,8000.0,6000.0
2026-07-25,Himachal Pradesh,Shimla,PMY Dhalli Shimla,Mango,Other,Grade A,5000.0,10000.0,7000.0
2026-07-25,Himachal Pradesh,Shimla,SMY Rohroo,Mango,Other,Grade B,8000.0,9000.0,8500.0
2026-07-25,Himachal Pradesh,Solan,PMY Kather Solan,Mango,Other,Medium,2000.0,14000.0,7000.0
2026-07-25,Himachal Pradesh,Solan,SMY Nalagarh,Mango,Other,Medium,4000.0,4500.0,4300.0
2026-07-25,Himachal Pradesh,Una,PMY Una,Mango,Dusheri,Grade A,5000.0,6000.0,5500.0
2026-07-25,Himachal Pradesh,Una,SMY Santoshgarh,Mango,Dusheri,Grade A,6000.0,6000.0,6000.0
2026-07-25,Himachal Pradesh,Una,SMY Takarla,Mango,Other,Grade A,4000.0,6000.0,5000.0
2026-07-25,Jammu and Kashmir,Jammu,MAC F&V Market Narwal Jammu,Mango,Chausa,Medium,8000.0,9000.0,8500.0
2026-07-25,Jammu and Kashmir,Jammu,MAC F&V Market Narwal Jammu,Mango,Langra,Medium,7000.0,9000.0,8000.0
2026-07-25,Jammu and Kashmir,Kathua,Kathua (F&V),Mango,Dusheri,Grade B,4000.0,6000.0,5000.0
2026-07-25,Haryana,Yamuna Nagar,Radaur APMC,Mango,Other,Medium,2500.0,3000.0,2800.0
2026-07-25,Haryana,Yamuna Nagar,Chhachrauli APMC,Mango,Other,Local,2100.0,2100.0,2100.0
2026-07-25,Haryana,Sonipat,Sonepat(Kharkhoda) APMC,Mango,Other,Grade A,1500.0,5000.0,4200.0
2026-07-25,Haryana,Sonipat,Sonepat APMC,Mango,Other,Medium,4000.0,8000.0,6000.0
2026-07-25,Tamil Nadu,Coimbatore,RSPuram(Uzhavar Sandhai ),Mango,Neelam,Local,7000.0,8000.0,7500.0
2026-07-25,Andhra Pradesh,Anakapally,Payakaraopeta APMC,Mango,Other,Local,2800.0,3000.0,2900.0
2026-07-25,Andhra Pradesh,Chittor,Bangarupalyam APMC,Mango,Neelam,Grade B,3000.0,4000.0,3500.0
2026-07-25,Andhra Pradesh,Tirupathi,Puttur APMC,Mango,Other,Local,1100.0,1200.0,1150.0
2026-07-25,Andhra Pradesh,YSR Kadapa,Rajampet APMC,Mango,Neelam,Grade B,1800.0,2200.0,2000.0
2026-07-25,Chandigarh,Chandigarh,Chandigarh (Grain/F&V) APMC,Mango,Other,Medium,1000.0,6000.0,5500.0
2026-07-25,Chattisgarh,Bilaspur,Tiphra APMC,Mango,Dusheri,Grade B,3300.0,3500.0,3400.0
2026-07-25,Chattisgarh,Durg,Durg APMC,Mango,Dusheri,Medium,4000.0,6000.0,6000.0
2026-07-25,Chattisgarh,Rajnandgaon,Rajnandgaon APMC,Mango,Badami,Grade B,7000.0,8000.0,7800.0
2026-07-25,Haryana,Ambala,Naraingarh APMC,Mango,Mango,Medium,1500.0,4000.0,2200.0
2026-07-25,Haryana,Faridabad,Ballabhgarh APMC,Mango,Other,Grade A,3000.0,4500.0,4000.0
2026-07-25,Jammu and Kashmir,Rajouri,Rajouri (Phaliana) (F&V),Mango,Totapuri,Grade B,5500.0,5500.0,5500.0
2026-07-25,Haryana,Gurgaon,Gurgaon APMC,Mango,Other,Grade C,3000.0,5000.0,4000.0
2026-07-25,Haryana,Hissar,Uklana APMC,Mango,Other,Medium,3500.0,4000.0,4000.0
2026-07-25,Haryana,Jind,Narwana APMC,Mango,Other,Local,4000.0,9000.0,6000.0
2026-07-25,Haryana,Jind,Safidon APMC,Mango,Other,Medium,3500.0,6000.0,4500.0
2026-07-25,Haryana,Karnal,Tarori APMC,Mango,Chausa,Grade A,2000.0,4000.0,3000.0
2026-07-25,Haryana,Kurukshetra,Shahabad APMC,Mango,Other,Medium,3000.0,3500.0,3200.0
2026-07-25,Haryana,Mahendragarh-Narnaul,Mohindergarh APMC,Mango,Other,Medium,3000.0,4000.0,3500.0
2026-07-25,Haryana,Mahendragarh-Narnaul,Narnaul APMC,Mango,Mango,Medium,4000.0,6000.0,5000.0
2026-07-25,Haryana,Rewari,Kosli APMC,Mango,Other,Medium,4000.0,4000.0,4000.0
2026-07-25,Haryana,Rohtak,Meham APMC,Mango,Other,Medium,2000.0,5000.0,4000.0
2026-07-25,Haryana,Rohtak,Rohtak APMC,Mango,Other,Medium,4000.0,7000.0,6000.0
2026-07-25,Haryana,Sonipat,Gohana APMC,Mango,Other,Medium,4000.0,6000.0,5000.0
2026-07-25,Haryana,Gurgaon,Pataudi APMC,Mango,Other,Grade B,5000.0,6500.0,6000.0
2026-07-25,Keralam,Idukki,Kattappana Market,Mango,Other,Medium,7500.0,8500.0,8000.0
2026-07-25,Haryana,Yamuna Nagar,Jagadhri APMC,Mango,Other,Medium,4000.0,7000.0,6100.0
2026-07-25,Keralam,Malappuram,Kottakkal Market,Mango,Other,Local,3800.0,4000.0,3900.0
2026-07-25,Punjab,Bhatinda,Bathinda APMC,Mango,Other,Grade B,6000.0,8000.0,7000.0
2026-07-25,Punjab,Bhatinda,Bhagta Bhai Ka APMC,Mango,Other,Medium,3500.0,3500.0,3500.0
2026-07-25,Punjab,Fatehgarh,Sirhind APMC,Mango,Dusheri,Medium,4800.0,6000.0,5500.0
2026-07-25,Punjab,Fatehgarh,Sirhind APMC,Mango,Safeda,Medium,7000.0,9000.0,8000.0
2026-07-25,Punjab,Ferozpur,Zira APMC,Mango,Chausa,Local,5200.0,5200.0,5200.0
2026-07-25,Punjab,Gurdaspur,Gurdaspur APMC,Mango,Other,Grade B,4700.0,4700.0,4700.0
2026-07-25,Punjab,Gurdaspur,Quadian APMC,Mango,Other,Grade A,4400.0,4600.0,4500.0
2026-07-25,Punjab,Hoshiarpur,Tanda Urmur APMC,Mango,Totapuri,Grade A,4000.0,5000.0,4500.0
2026-07-25,Punjab,Ludhiana,Doraha APMC,Mango,Badami,Local,3000.0,4000.0,3500.0
2026-07-25,Punjab,Ludhiana,Ludhiana APMC,Mango,Other,Medium,2000.0,5000.0,3000.0
2026-07-25,Punjab,Ludhiana,Raikot APMC,Mango,Chausa,Grade A,5380.0,5380.0,5380.0
2026-07-25,Punjab,Patiala,Rajpura APMC,Mango,Dusheri,Grade A,5000.0,5500.0,5200.0
2026-07-25,Punjab,Patiala,Rajpura APMC,Mango,Langra,Grade A,5000.0,5250.0,5100.0
2026-07-25,Punjab,Ropar (Rupnagar),Chamkaur Sahib APMC,Mango,Other,Medium,7000.0,7000.0,7000.0
2026-07-25,Punjab,Sangrur,Lehra Gaga APMC,Mango,Other,Grade A,5500.0,5500.0,5500.0
2026-07-25,Punjab,Tarntaran,Patti APMC,Mango,Other,Grade B,750.0,750.0,750.0
2026-07-25,Rajasthan,Ganganagar,Sriganganagar (F&V) APMC,Mango,Amrapali,Grade A,5300.0,5700.0,5500.0
2026-07-25,Rajasthan,Udaipur,Udaipur (F&V) APMC,Mango,Other,Medium,2000.0,4000.0,3000.0
2026-07-25,Tamil Nadu,Chengalpattu,Guduvancheri(Uzhavar Sandhai ),Mango,Neelam,Local,5000.0,6000.0,5500.0
2026-07-25,Tamil Nadu,Chengalpattu,Jameenrayapettai(Uzhavar Sandhai ),Mango,Neelam,Local,5000.0,6000.0,5500.0
2026-07-25,Tamil Nadu,Chengalpattu,Medavakkam(Uzhavar Sandhai ),Mango,Safeda,Local,5000.0,5000.0,5000.0
2026-07-25,Tamil Nadu,Chengalpattu,Nanganallur(Uzhavar Sandhai ),Mango,Neelam,Local,4500.0,5000.0,4750.0
2026-07-25,Tamil Nadu,Chengalpattu,Pallavaram(Uzhavar Sandhai ),Mango,Neelam,Local,5000.0,6000.0,5500.0
2026-07-25,Keralam,Idukki,Kattappana Market,Mango,Other,Small,3000.0,3400.0,3400.0
2026-07-25,Tamil Nadu,Coimbatore,Kurichi(Uzhavar Sandhai ),Mango,Neelam,Local,7000.0,8000.0,7500.0
2026-07-25,Odisha,Mayurbhanja,Narasinghpur APMC,Mango,Langra,Local,3000.0,5000.0,4000.0
2026-07-25,Odisha,Mayurbhanja,Narasinghpur APMC,Mango,Amrapali,Local,3000.0,5000.0,4000.0
2026-07-25,Punjab,Ludhiana,Khanna APMC,Mango,Dusheri,Grade A,5000.0,5000.0,5000.0
2026-07-25,Odisha,Gajapati,Kasinagar APMC,Mango,Badami,Grade Range-1,1800.0,2000.0,1900.0
2026-07-25,Keralam,Malappuram,Manjeri Market,Mango,Other,Local,5950.0,6050.0,6000.0
2026-07-25,Madhya Pradesh,Rewa,Rewa(F&V) APMC,Mango,Dusheri,Grade C,1800.0,1800.0,1800.0
2026-07-25,Madhya Pradesh,Satna,Satna(F&V) APMC,Mango,Dusheri,Grade A,1500.0,2000.0,1750.0
2026-07-25,Madhya Pradesh,Ujjain,Ujjain(F&V) APMC,Mango,Badami,Medium,1700.0,4000.0,2245.0
2026-07-25,Maharashtra,Amarawati,Amrawati(Frui & Veg. Market) APMC,Mango,Totapuri,Local,3000.0,3500.0,3250.0
2026-07-25,Maharashtra,Chandrapur,Chandrapur(Ganjwad) APMC,Mango,Other,Local,4000.0,6000.0,5000.0
2026-07-25,Maharashtra,Chattrapati Sambhajinagar,Chattrapati Sambhajinagar APMC,Mango,Other,Local,3000.0,6500.0,4750.0
2026-07-25,Maharashtra,Nagpur,Nagpur APMC,Mango,Other,Local,2500.0,3500.0,3250.0
2026-07-25,Maharashtra,Nashik,Nasik APMC,Mango,Totapuri,Local,1500.0,3000.0,1700.0
2026-07-25,Maharashtra,Pune,Pune(Moshi) APMC,Mango,Other,Local,4000.0,6000.0,5000.0
2026-07-25,Maharashtra,Solapur,Akluj APMC,Mango,Other,Local,4000.0,5000.0,4500.0
2026-07-25,Maharashtra,Solapur,SHRI.SIDDHESHWAR  APMC,Mango,Other,Local,2000.0,2500.0,2200.0
2026-07-25,Madhya Pradesh,Indore,Indore(F&V) APMC,Mango,Other,Local,1500.0,6000.0,4000.0
2026-07-25,NCT of Delhi,Delhi,APMC Azadpur,Mango,Dusheri,Grade A,1429.0,3571.0,2393.0
2026-07-25,NCT of Delhi,Delhi,APMC Azadpur,Mango,Fazli,Grade A,2857.0,5714.0,4464.0
2026-07-25,NCT of Delhi,Delhi,APMC Azadpur,Mango,Hapus(Alphaso),Grade A,10000.0,16667.0,13333.0
2026-07-25,NCT of Delhi,Delhi,APMC Azadpur,Mango,Keshar,Grade A,4286.0,7143.0,5429.0
2026-07-25,NCT of Delhi,Delhi,APMC Azadpur,Mango,Langra,Grade A,4000.0,7000.0,5100.0
2026-07-25,NCT of Delhi,Delhi,APMC Azadpur,Mango,Safeda,Grade A,3571.0,5714.0,4450.0
2026-07-25,NCT of Delhi,Delhi,APMC Azadpur,Mango,Saroli,Grade A,1000.0,2000.0,1500.0
2026-07-25,NCT of Delhi,Delhi,APMC Azadpur,Mango,Surkha,Grade A,2500.0,6000.0,4000.0
2026-07-25,NCT of Delhi,Delhi,APMC Azadpur,Mango,Totapuri,Grade A,2143.0,3214.0,2643.0
2026-07-25,NCT of Delhi,Delhi,APMC Azadpur,Mango,Dinga,Grade A,3000.0,4000.0,3400.0
2026-07-25,NCT of Delhi,Delhi,APMC Keshopur,Mango,Other,Medium,4000.0,6000.0,5200.0
2026-07-26,Tamil Nadu,Tenkasi,Sankarankoil(Uzhavar Sandhai ),Mango,Safeda,Local,4000.0,4000.0,4000.0
2026-07-26,Tamil Nadu,Tenkasi,Tenkasi(Uzhavar Sandhai ),Mango,Neelam,Local,4000.0,4000.0,4000.0
2026-07-26,Tamil Nadu,Thanjavur,Kumbakonam (Uzhavar Sandhai ),Mango,Safeda,Local,3000.0,9000.0,6000.0
2026-07-26,Tamil Nadu,Thanjavur,Thanjavur(Uzhavar Sandhai ),Mango,Other,Local,7000.0,7000.0,7000.0
2026-07-26,Tamil Nadu,Theni,Kambam(Uzhavar Sandhai ),Mango,Safeda,Local,4000.0,5000.0,4500.0
2026-07-26,Tamil Nadu,Theni,Bodinayakanur(Uzhavar Sandhai ),Mango,Safeda,Local,5000.0,5000.0,5000.0
2026-07-26,Tamil Nadu,Theni,Devaram(Uzhavar Sandhai ),Mango,Safeda,Local,5000.0,5000.0,5000.0
2026-07-26,Tamil Nadu,Sivaganga,Sivagangai (Uzhavar Sandhai ),Mango,Safeda,Local,4000.0,5500.0,4750.0
2026-07-26,Tamil Nadu,Theni,Theni(Uzhavar Sandhai ),Mango,Neelam,Local,3000.0,6000.0,4500.0
2026-07-26,Tamil Nadu,Thiruchirappalli,KKNagar(Uzhavar Sandhai ),Mango,Safeda,Local,5000.0,6000.0,5500.0
2026-07-26,Tamil Nadu,The Nilgiris,Udhagamandalam(Uzhavar Sandhai ),Mango,Safeda,Local,10000.0,12000.0,11000.0
2026-07-26,Tamil Nadu,Sivaganga,Singampunari(Uzhavar Sandhai ),Mango,Other,Local,3600.0,4200.0,3900.0
2026-07-26,Tamil Nadu,Salem,Mettur(Uzhavar Sandhai ),Mango,Neelam,Local,5500.0,6000.0,5750.0
2026-07-26,Tamil Nadu,Salem,Thathakapatti(Uzhavar Sandhai ),Mango,Safeda,Local,4000.0,5000.0,4500.0
2026-07-26,Tamil Nadu,Salem,Thammampatti (Uzhavar Sandhai ),Mango,Safeda,Local,4000.0,5000.0,4500.0
2026-07-26,Tamil Nadu,Salem,Sooramangalam(Uzhavar Sandhai ),Mango,Neelam,Local,4000.0,5000.0,4500.0
2026-07-26,Tamil Nadu,Salem,Hasthampatti(Uzhavar Sandhai ),Mango,Neelam,Local,4500.0,5000.0,4750.0
2026-07-26,Tamil Nadu,Salem,Elampillai(Uzhavar Sandhai ),Mango,Neelam,Local,4000.0,5000.0,4500.0
2026-07-26,Tamil Nadu,Salem,Ammapet(Uzhavar Sandhai ),Mango,Neelam,Local,4500.0,5000.0,4750.0
2026-07-26,Tamil Nadu,Ranipet,Ranipettai(Uzhavar Sandhai ),Mango,Safeda,Local,5000.0,6000.0,5500.0
2026-07-26,Tamil Nadu,Ranipet,Arcot(Uzhavar Sandhai ),Mango,Neelam,Local,6000.0,6000.0,6000.0
2026-07-26,Tamil Nadu,Pudukkottai,Pudukottai(Uzhavar Sandhai ),Mango,Other,Local,6500.0,7000.0,6750.0
2026-07-26,Tamil Nadu,Pudukkottai,Gandarvakottai(Uzhavar Sandhai ),Mango,Other,Local,4500.0,5000.0,4750.0
2026-07-26,Tamil Nadu,Thiruchirappalli,Musiri(Uzhavar Sandhai ),Mango,Safeda,Local,3000.0,3000.0,3000.0
2026-07-26,Tamil Nadu,Salem,Vazhapadi(Uzhavar Sandhai),Mango,Other,Local,4000.0,5000.0,4500.0
2026-07-26,Tamil Nadu,Thirunelveli,Palayamkottai(Uzhavar Sandhai ),Mango,Safeda,Local,6000.0,8000.0,7000.0
2026-07-26,Uttarakhand,Haridwar,Roorkee APMC,Mango,Other,Local,1200.0,1800.0,1500.0
2026-07-26,Tamil Nadu,Thirupur,Dharapuram(Uzhavar Sandhai ),Mango,Safeda,Local,5500.0,6000.0,5750.0
2026-07-26,West Bengal,Kolkata,Mechua APMC,Mango,Other,Grade A,6000.0,6400.0,6200.0
2026-07-26,Tamil Nadu,Perambalur,Perambalur(Uzhavar Sandhai ),Mango,Other,Local,5000.0,6000.0,5500.0
2026-07-26,Uttarakhand,Haridwar,Manglaur APMC,Mango,Langra,Medium,2000.0,3500.0,2500.0
2026-07-26,Uttarakhand,Haridwar,Bhagwanpur(Naveen Mandi Sthal) APMC,Mango,Other,Grade B,1200.0,1600.0,1500.0
2026-07-26,Uttarakhand,Dehradoon,Vikasnagar APMC,Mango,Other,Medium,400.0,1000.0,1000.0
2026-07-26,Tamil Nadu,Virudhunagar,Aruppukottai(Uzhavar Sandhai ),Mango,Safeda,Local,5500.0,6000.0,5750.0
2026-07-26,Tamil Nadu,Villupuram,Villupuram(Uzhavar Sandhai ),Mango,Safeda,Local,7000.0,7000.0,7000.0
2026-07-26,Tamil Nadu,Villupuram,Tindivanam APMC,Mango,Safeda,Local,5000.0,5000.0,5000.0
2026-07-26,Tamil Nadu,Vellore,Vellore APMC,Mango,Neelam,Local,3000.0,4000.0,3500.0
2026-07-26,Tamil Nadu,Vellore,Thirupathur APMC,Mango,Safeda,Local,4000.0,4000.0,4000.0
2026-07-26,Tamil Nadu,Vellore,Perampet(Uzhavar Sandhai),Mango,Neelam,Local,3500.0,4000.0,3750.0
2026-07-26,Tamil Nadu,Vellore,Pallikonda(Uzhavar Sandhai),Mango,Safeda,Local,4000.0,4000.0,4000.0
2026-07-26,Tamil Nadu,Thirupathur,Natrampalli(Uzhavar Sandhai ),Mango,Safeda,Local,2000.0,3000.0,2500.0
2026-07-26,Tamil Nadu,Vellore,Katpadi (Uzhavar Sandhai ),Mango,Safeda,Local,7000.0,8000.0,7500.0
2026-07-26,Tamil Nadu,Vellore,Gudiyatham(Uzhavar Sandhai ),Mango,Neelam,Local,3000.0,4000.0,3500.0
2026-07-26,Tamil Nadu,Tuticorin,Tuticorin(Uzhavar Sandhai ),Mango,Safeda,Local,4000.0,5000.0,4500.0
2026-07-26,Tamil Nadu,Thiruvarur,Tiruthuraipoondi(Uzhavar Sandhai ),Mango,Safeda,Local,4000.0,4000.0,4000.0
2026-07-26,Tamil Nadu,Thiruvarur,Mannargudi II(Uzhavar Sandhai ),Mango,Safeda,Local,5000.0,5000.0,5000.0
2026-07-26,Tamil Nadu,Thiruvarur,Mannargudi I(Uzhavar Sandhai ),Mango,Safeda,Local,5000.0,5000.0,5000.0
2026-07-26,Tamil Nadu,Thiruvannamalai,Tiruvannamalai(Uzhavar Sandhai ),Mango,Safeda,Local,5000.0,6000.0,5500.0
2026-07-26,Tamil Nadu,Thiruvannamalai,Tamarainagar(Uzhavar Sandhai ),Mango,Safeda,Local,5000.0,6000.0,5500.0
2026-07-26,Tamil Nadu,Thiruvannamalai,Polur(Uzhavar Sandhai ),Mango,Safeda,Local,4200.0,5000.0,4600.0
2026-07-26,Tamil Nadu,Thiruvannamalai,Keelpennathur(Uzhavar Sandhai ),Mango,Other,Local,5000.0,6000.0,5500.0
2026-07-26,Tamil Nadu,Thiruvannamalai,Chengam(Uzhavar Sandhai ),Mango,Safeda,Local,3300.0,4000.0,3650.0
2026-07-26,Tamil Nadu,Thiruvannamalai,Arani(Uzhavar Sandhai ),Mango,Safeda,Local,4000.0,5000.0,4500.0
2026-07-26,Tamil Nadu,Thirupur,Tiruppur (South) (Uzhavar Sandhai ),Mango,Safeda,Local,5000.0,6000.0,5500.0
2026-07-26,Tamil Nadu,Vellore,Kahithapattarai(Uzhavar Sandhai ),Mango,Neelam,Local,4000.0,5000.0,4500.0
2026-07-26,Tamil Nadu,Namakkal,Rasipuram(Uzhavar Sandhai ),Mango,Other,Local,3000.0,5000.0,4000.0
2026-07-26,Tamil Nadu,Salem,Athur(Uzhavar Sandhai ),Mango,Safeda,Local,4000.0,5000.0,4500.0
2026-07-26,Tamil Nadu,Namakkal,Kumarapalayam(Uzhavar Sandhai ),Mango,Safeda,Local,4500.0,5000.0,4750.0
2026-07-26,Tamil Nadu,Coimbatore,Sundarapuram(Uzhavar Sandhai ),Mango,Other,Local,7500.0,8000.0,7750.0
2026-07-26,Tamil Nadu,Coimbatore,Singanallur(Uzhavar Sandhai ),Mango,Safeda,Local,9000.0,12000.0,10500.0
2026-07-26,Tamil Nadu,Coimbatore,RSPuram(Uzhavar Sandhai ),Mango,Neelam,Local,7000.0,8000.0,7500.0
2026-07-26,Tamil Nadu,Coimbatore,Mettupalayam(Uzhavar Sandhai ),Mango,Safeda,Local,6000.0,10000.0,8000.0
2026-07-26,Tamil Nadu,Coimbatore,Kurichi(Uzhavar Sandhai ),Mango,Other,Local,7500.0,8000.0,7750.0
2026-07-26,Tamil Nadu,Chengalpattu,Pallavaram(Uzhavar Sandhai ),Mango,Other,Local,7000.0,8000.0,7500.0
2026-07-26,Tamil Nadu,Chengalpattu,Nanganallur(Uzhavar Sandhai ),Mango,Neelam,Local,4500.0,5000.0,4750.0
2026-07-26,Tamil Nadu,Chengalpattu,Medavakkam(Uzhavar Sandhai ),Mango,Safeda,Local,5000.0,5000.0,5000.0
2026-07-26,Tamil Nadu,Chengalpattu,Jameenrayapettai(Uzhavar Sandhai ),Mango,Neelam,Local,5000.0,6000.0,5500.0
2026-07-26,Punjab,Patiala,Rajpura APMC,Mango,Dusheri,Grade A,6000.0,6350.0,6200.0
2026-07-26,Punjab,Patiala,Rajpura APMC,Mango,Chausa,Grade A,5000.0,5300.0,5100.0
2026-07-26,Punjab,Ferozpur,Ferozepur Cantt. APMC,Mango,Other,Grade A,4000.0,5000.0,4500.0
2026-07-26,Odisha,Mayurbhanja,Narasinghpur APMC,Mango,Langra,Local,3000.0,5000.0,4000.0
2026-07-26,Odisha,Mayurbhanja,Narasinghpur APMC,Mango,Amrapali,Local,3000.0,5000.0,4000.0
2026-07-26,Maharashtra,Pune,Pune(Moshi) APMC,Mango,Other,Local,5000.0,10000.0,7500.0
2026-07-26,Maharashtra,Chattrapati Sambhajinagar,Chattrapati Sambhajinagar APMC,Mango,Other,Local,5500.0,6500.0,6000.0
2026-07-26,Madhya Pradesh,Satna,Satna(F&V) APMC,Mango,Dusheri,Grade A,1500.0,1500.0,1500.0
2026-07-26,Himachal Pradesh,Kullu,SMY Bhuntar,Mango,Other,Medium,5000.0,10000.0,8000.0
2026-07-26,Haryana,Rewari,Kosli APMC,Mango,Other,Medium,4000.0,4000.0,4000.0
2026-07-26,Haryana,Hissar,Hansi APMC,Mango,Other,Grade B,3000.0,5000.0,4000.0
2026-07-26,Haryana,Faridabad,Faridabad APMC,Mango,Other,Grade B,5500.0,5500.0,5500.0
2026-07-26,Chandigarh,Chandigarh,Chandigarh (Grain/F&V) APMC,Mango,Other,Medium,1000.0,6000.0,5500.0
2026-07-26,Bihar,East Champaran/ Motihari,Motihari APMC,Mango,Other,Grade A,8000.0,8500.0,8200.0
2026-07-26,Andhra Pradesh,Anakapally,Payakaraopeta APMC,Mango,Other,Local,2000.0,2800.0,2400.0
2026-07-26,Tamil Nadu,Namakkal,Namakkal(Uzhavar Sandhai ),Mango,Neelam,Local,5000.0,7000.0,6000.0
2026-07-26,Tamil Nadu,Coimbatore,Vadavalli(Uzhavar Sandhai ),Mango,Safeda,Local,6500.0,8000.0,7250.0
2026-07-26,Tamil Nadu,Cuddalore,Cuddalore(Uzhavar Sandhai ),Mango,Safeda,Local,5000.0,7000.0,6000.0
2026-07-26,Punjab,Mansa,Budalada APMC,Mango,Other,Medium,5500.0,5500.0,5500.0
2026-07-26,Tamil Nadu,Cuddalore,Vadalur(Uzhavar Sandhai ),Mango,Neelam,Local,4000.0,4000.0,4000.0
2026-07-26,Tamil Nadu,Nagercoil (Kannyiakumari),Vadaseri APMC,Mango,Safeda,Local,6500.0,7000.0,6750.0
2026-07-26,Tamil Nadu,Cuddalore,Panruti(Uzhavar Sandhai ),Mango,Safeda,Local,5000.0,5000.0,5000.0
2026-07-26,Tamil Nadu,Nagapattinam,Nagapattinam(Uzhavar Sandhai ),Mango,Other,Local,4000.0,5000.0,4500.0
2026-07-26,Tamil Nadu,Madurai,Thirumangalam(Uzhavar Sandhai ),Mango,Safeda,Local,6000.0,7000.0,6500.0
2026-07-26,Tamil Nadu,Madurai,Melur(Uzhavar Sandhai ),Mango,Safeda,Local,5500.0,6000.0,5750.0
2026-07-26,Tamil Nadu,Madurai,Chokkikulam(Uzhavar Sandhai ),Mango,Safeda,Local,4000.0,7000.0,5500.0
2026-07-26,Tamil Nadu,Madurai,Anna nagar(Uzhavar Sandhai ),Mango,Safeda,Local,6000.0,7000.0,6500.0
2026-07-26,Tamil Nadu,Madurai,Anna nagar(Uzhavar Sandhai ),Mango,Other,Local,5000.0,5000.0,5000.0
2026-07-26,Tamil Nadu,Krishnagiri,Krishnagiri(Uzhavar Sandhai ),Mango,Neelam,Local,2500.0,3000.0,2750.0
2026-07-26,Tamil Nadu,Karur,Pallapatti (Uzhavar Sandhai ),Mango,Safeda,Local,4500.0,5000.0,4750.0
2026-07-26,Tamil Nadu,Karur,Kulithalai(Uzhavar Sandhai ),Mango,Neelam,Local,5000.0,6000.0,5500.0
2026-07-26,Tamil Nadu,Karur,Karur(Uzhavar Sandhai ),Mango,Neelam,Local,7500.0,8000.0,7750.0
2026-07-26,Tamil Nadu,Karur,Gandhigramam(Uzhavar Sandhai),Mango,Neelam,Local,5000.0,8000.0,6500.0
2026-07-26,Tamil Nadu,Madurai,Anaiyur(Uzhavar Sandhai ),Mango,Safeda,Local,4000.0,7000.0,5500.0
2026-07-26,Tamil Nadu,Dharmapuri,Pennagaram(Uzhavar Sandhai ),Mango,Safeda,Local,3600.0,4000.0,3800.0
2026-07-26,Tamil Nadu,Kallakuruchi,Kallakurichi(Uzhavar Sandhai ),Mango,Other,Local,4000.0,4000.0,4000.0
2026-07-26,Tamil Nadu,Erode,Sampath Nagar(Uzhavar Sandhai ),Mango,Safeda,Local,3500.0,8000.0,5750.0
2026-07-26,Tamil Nadu,Erode,Perundurai(Uzhavar Sandhai ),Mango,Safeda,Local,5500.0,6000.0,5750.0
2026-07-26,Tamil Nadu,Erode,Periyar Nagar(Uzhavar Sandhai ),Mango,Neelam,Local,5500.0,6000.0,5750.0
2026-07-26,Tamil Nadu,Dindigul,Palani(Uzhavar Sandhai ),Mango,Neelam,Local,2500.0,4000.0,3250.0
2026-07-26,Tamil Nadu,Dindigul,Dindigul(Uzhavar Sandhai ),Mango,Safeda,Local,4000.0,5000.0,4500.0
2026-07-26,Tamil Nadu,Dindigul,Chinnalapatti(Uzhavar Sandhai ),Mango,Safeda,Local,4000.0,5000.0,4500.0
2026-07-26,Tamil Nadu,Dharmapuri,Palacode(Uzhavar Sandhai ),Mango,Neelam,Local,4000.0,4500.0,4250.0
2026-07-26,Tamil Nadu,Dharmapuri,Karimangalam(Uzhavar Sandhai),Mango,Safeda,Local,3300.0,3500.0,3400.0
2026-07-26,Tamil Nadu,Kallakuruchi,Sankarapuram(Uzhavar Sandhai ),Mango,Neelam,Local,5000.0,5000.0,5000.0
2026-07-26,Tamil Nadu,Dharmapuri,Dharmapuri(Uzhavar Sandhai ),Mango,Safeda,Local,4500.0,5000.0,4750.0
2026-07-26,Tamil Nadu,Dharmapuri,AJattihalli(Uzhavar Sandhai ),Mango,Safeda,Local,6000.0,6000.0,6000.0
2026-07-27,Tamil Nadu,Nagercoil (Kannyiakumari),Vadaseri APMC,Mango,Safeda,Local,6500.0,7000.0,6750.0
2026-07-27,Tamil Nadu,Namakkal,Kumarapalayam(Uzhavar Sandhai ),Mango,Safeda,Local,4500.0,5000.0,4750.0
2026-07-27,Tamil Nadu,Karur,Pallapatti (Uzhavar Sandhai ),Mango,Safeda,Local,4500.0,5000.0,4750.0
2026-07-27,Tamil Nadu,Namakkal,Namakkal(Uzhavar Sandhai ),Mango,Neelam,Local,6000.0,7000.0,6500.0
2026-07-27,Tamil Nadu,Nagapattinam,Nagapattinam(Uzhavar Sandhai ),Mango,Other,Local,6000.0,6000.0,6000.0
2026-07-27,Tamil Nadu,Madurai,Thirumangalam(Uzhavar Sandhai ),Mango,Safeda,Local,6000.0,7000.0,6500.0
2026-07-27,Tamil Nadu,Krishnagiri,Krishnagiri(Uzhavar Sandhai ),Mango,Safeda,Local,2500.0,3000.0,2750.0
2026-07-27,Tamil Nadu,Madurai,Chokkikulam(Uzhavar Sandhai ),Mango,Safeda,Local,4000.0,7000.0,5500.0
2026-07-27,Tamil Nadu,Madurai,Anna nagar(Uzhavar Sandhai ),Mango,Other,Local,5000.0,5000.0,5000.0
2026-07-27,Tamil Nadu,Madurai,Anaiyur(Uzhavar Sandhai ),Mango,Safeda,Local,4000.0,7000.0,5500.0
2026-07-27,Tamil Nadu,Namakkal,Rasipuram(Uzhavar Sandhai ),Mango,Other,Local,3000.0,5000.0,4000.0
2026-07-27,Tamil Nadu,Madurai,Melur(Uzhavar Sandhai ),Mango,Safeda,Local,5500.0,6000.0,5750.0
2026-07-27,Tamil Nadu,Perambalur,Perambalur(Uzhavar Sandhai ),Mango,Other,Local,5000.0,6000.0,5500.0
2026-07-27,Tamil Nadu,Sivaganga,Singampunari(Uzhavar Sandhai ),Mango,Other,Local,3600.0,4200.0,3900.0
2026-07-27,Tamil Nadu,Pudukkottai,Pudukottai(Uzhavar Sandhai ),Mango,Other,Local,6000.0,7000.0,6500.0
2026-07-27,Tamil Nadu,Ranipet,Arcot(Uzhavar Sandhai ),Mango,Neelam,Local,6000.0,6000.0,6000.0
2026-07-27,Tamil Nadu,Ranipet,Ranipettai(Uzhavar Sandhai ),Mango,Neelam,Local,5000.0,6000.0,5500.0
2026-07-27,Tamil Nadu,Salem,Ammapet(Uzhavar Sandhai ),Mango,Neelam,Local,4000.0,7000.0,5500.0
2026-07-27,Tamil Nadu,Salem,Athur(Uzhavar Sandhai ),Mango,Safeda,Local,4000.0,5000.0,4500.0
2026-07-27,Tamil Nadu,Salem,Elampillai(Uzhavar Sandhai ),Mango,Neelam,Local,4000.0,5000.0,4500.0
2026-07-27,Tamil Nadu,Salem,Hasthampatti(Uzhavar Sandhai ),Mango,Neelam,Local,4500.0,5000.0,4750.0
2026-07-27,Tamil Nadu,Salem,Sooramangalam(Uzhavar Sandhai ),Mango,Neelam,Local,4500.0,5000.0,4750.0
2026-07-27,Tamil Nadu,Salem,Thammampatti (Uzhavar Sandhai ),Mango,Safeda,Local,4000.0,5000.0,4500.0
2026-07-27,Tamil Nadu,Salem,Thathakapatti(Uzhavar Sandhai ),Mango,Safeda,Local,4000.0,5000.0,4500.0
2026-07-27,Tamil Nadu,Salem,Vazhapadi(Uzhavar Sandhai),Mango,Neelam,Local,4500.0,5000.0,4750.0
2026-07-27,Tamil Nadu,Sivaganga,Sivagangai (Uzhavar Sandhai ),Mango,Safeda,Local,4200.0,5600.0,4900.0
2026-07-27,Tamil Nadu,Karur,Kulithalai(Uzhavar Sandhai ),Mango,Neelam,Local,5000.0,6000.0,5500.0
2026-07-27,Tamil Nadu,Pudukkottai,Gandarvakottai(Uzhavar Sandhai ),Mango,Other,Local,4500.0,5000.0,4750.0
2026-07-27,Tamil Nadu,Karur,Karur(Uzhavar Sandhai ),Mango,Neelam,Local,7500.0,8000.0,7750.0
2026-07-27,Punjab,Sangrur,Sunam APMC,Mango,Other,Grade A,5000.0,5000.0,5000.0
2026-07-27,Tamil Nadu,Kallakuruchi,Sankarapuram(Uzhavar Sandhai ),Mango,Neelam,Local,5000.0,5000.0,5000.0
2026-07-27,Punjab,Sangrur,Bhawanigarh APMC,Mango,Other,Medium,5000.0,5500.0,5250.0
2026-07-27,Punjab,Sangrur,Dhuri APMC,Mango,Dusheri,Medium,6000.0,7500.0,6500.0
2026-07-27,Tamil Nadu,Tenkasi,Sankarankoil(Uzhavar Sandhai ),Mango,Safeda,Local,4000.0,4000.0,4000.0
2026-07-27,Punjab,Tarntaran,Patti APMC,Mango,Other,Grade B,800.0,800.0,800.0
2026-07-27,Rajasthan,Ajmer,Ajmer(F&V) APMC,Mango,Other,Medium,3500.0,5500.0,4500.0
2026-07-27,Rajasthan,Ganganagar,Sriganganagar (F&V) APMC,Mango,Amrapali,Grade B,5600.0,6000.0,5800.0
2026-07-27,Rajasthan,Jodhpur,Jodhpur (F&V) APMC,Mango,Badami,Medium,2000.0,5000.0,3500.0
2026-07-27,Rajasthan,Udaipur,Udaipur (F&V) APMC,Mango,Other,Medium,2000.0,4000.0,3000.0
2026-07-27,Tamil Nadu,Chengalpattu,Jameenrayapettai(Uzhavar Sandhai ),Mango,Neelam,Local,5000.0,6000.0,5500.0
2026-07-27,Tamil Nadu,Chengalpattu,Medavakkam(Uzhavar Sandhai ),Mango,Safeda,Local,5000.0,5000.0,5000.0
2026-07-27,Tamil Nadu,Chengalpattu,Nanganallur(Uzhavar Sandhai ),Mango,Neelam,Local,4500.0,5000.0,4750.0
2026-07-27,Tamil Nadu,Coimbatore,Kurichi(Uzhavar Sandhai ),Mango,Other,Local,7000.0,8000.0,7500.0
2026-07-27,Tamil Nadu,Coimbatore,Mettupalayam(Uzhavar Sandhai ),Mango,Safeda,Local,7000.0,10000.0,8500.0
2026-07-27,Tamil Nadu,Karur,Gandhigramam(Uzhavar Sandhai),Mango,Neelam,Local,5000.0,8000.0,6500.0
2026-07-27,Tamil Nadu,Coimbatore,RSPuram(Uzhavar Sandhai ),Mango,Neelam,Local,7000.0,8000.0,7500.0
2026-07-27,Tamil Nadu,Coimbatore,Sundarapuram(Uzhavar Sandhai ),Mango,Other,Local,7500.0,8000.0,7750.0
2026-07-27,Tamil Nadu,Coimbatore,Vadavalli(Uzhavar Sandhai ),Mango,Safeda,Local,6000.0,8000.0,7000.0
2026-07-27,Tamil Nadu,Cuddalore,Cuddalore(Uzhavar Sandhai ),Mango,Safeda,Local,5000.0,7000.0,6000.0
2026-07-27,Tamil Nadu,Dharmapuri,AJattihalli(Uzhavar Sandhai ),Mango,Safeda,Local,6000.0,6000.0,6000.0
2026-07-27,Tamil Nadu,Dharmapuri,Dharmapuri(Uzhavar Sandhai ),Mango,Safeda,Local,4600.0,5000.0,4800.0
2026-07-27,Tamil Nadu,Dharmapuri,Harur(Uzhavar Sandhai ),Mango,Other,Local,4000.0,5000.0,4500.0
2026-07-27,Tamil Nadu,Dharmapuri,Pennagaram(Uzhavar Sandhai ),Mango,Safeda,Local,3600.0,4000.0,3800.0
2026-07-27,Tamil Nadu,Dindigul,Chinnalapatti(Uzhavar Sandhai ),Mango,Safeda,Local,4000.0,5000.0,4500.0
2026-07-27,Tamil Nadu,Dindigul,Dindigul(Uzhavar Sandhai ),Mango,Safeda,Local,4000.0,5000.0,4500.0
2026-07-27,Tamil Nadu,Dindigul,Palani(Uzhavar Sandhai ),Mango,Neelam,Local,2500.0,4000.0,3250.0
2026-07-27,Tamil Nadu,Erode,Periyar Nagar(Uzhavar Sandhai ),Mango,Neelam,Local,5500.0,6000.0,5750.0
2026-07-27,Tamil Nadu,Erode,Sampath Nagar(Uzhavar Sandhai ),Mango,Safeda,Local,3500.0,6000.0,4750.0
2026-07-27,Tamil Nadu,Kallakuruchi,Kallakurichi(Uzhavar Sandhai ),Mango,Other,Local,4000.0,4000.0,4000.0
2026-07-27,Tamil Nadu,Coimbatore,Singanallur(Uzhavar Sandhai ),Mango,Safeda,Local,9000.0,12000.0,10500.0
2026-07-27,Tamil Nadu,Tenkasi,Tenkasi(Uzhavar Sandhai ),Mango,Neelam,Local,4000.0,5000.0,4500.0
2026-07-27,Tamil Nadu,Vellore,Pallikonda(Uzhavar Sandhai),Mango,Safeda,Local,4000.0,4000.0,4000.0
2026-07-27,Tamil Nadu,Thanjavur,Thanjavur(Uzhavar Sandhai ),Mango,Other,Local,7000.0,7000.0,7000.0
2026-07-27,Telangana,Ranga Reddy,Gaddiannaram APMC,Mango,Langra,Medium,2000.0,6000.0,2800.0
2026-07-27,Telangana,Ranga Reddy,Gaddiannaram APMC,Mango,Neelam,Medium,1388.9,5000.04,3055.58
2026-07-27,Telangana,Ranga Reddy,Gaddiannaram APMC,Mango,Other,Medium,2000.0,2000.0,2000.0
2026-07-27,Telangana,Ranga Reddy,Gaddiannaram APMC,Mango,Totapuri,Medium,1111.12,3888.92,2500.02
2026-07-27,Telangana,Warangal,Warangal APMC,Mango,Totapuri,Large,1000.0,3000.0,1400.0
2026-07-27,Uttar Pradesh,Badaun,Shahaswan APMC,Mango,Other,Medium,2500.0,2600.0,2550.0
2026-07-27,Uttar Pradesh,Kanpur,Baripaal APMC,Mango,Other,Medium,3000.0,3500.0,3200.0
2026-07-27,Uttar Pradesh,Mau(Maunathbhanjan),Kopaganj APMC,Mango,Dusheri,Grade B,3320.0,3380.0,3340.0
2026-07-27,Uttar Pradesh,Rampur,Bilaspur APMC,Mango,Dusheri,Local,2800.0,3200.0,3000.0
2026-07-27,Uttar Pradesh,Shamli,Kairana APMC,Mango,Dusheri,Medium,2300.0,2400.0,2350.0
2026-07-27,Uttar Pradesh,Sitapur,Hargaon (Laharpur) APMC,Mango,Dusheri,Local,3500.0,3700.0,3600.0
2026-07-27,Uttarakhand,Dehradoon,Dehradoon APMC,Mango,Other,Grade B,2050.0,3250.0,3000.0
2026-07-27,Uttarakhand,Dehradoon,Dehradoon APMC,Mango,Other,Grade C,2000.0,3000.0,2500.0
2026-07-27,Tamil Nadu,Virudhunagar,Aruppukottai(Uzhavar Sandhai ),Mango,Safeda,Local,5500.0,6000.0,5750.0
2026-07-27,Uttarakhand,Dehradoon,Rishikesh APMC,Mango,Chausa,Medium,4800.0,5600.0,5000.0
2026-07-27,Uttarakhand,Dehradoon,Rishikesh APMC,Mango,Langra,Medium,2500.0,4500.0,3600.0
2026-07-27,Uttarakhand,Dehradoon,Vikasnagar APMC,Mango,Other,Medium,400.0,1000.0,1000.0
2026-07-27,Uttarakhand,Garhwal (Pauri),Kotadwara APMC,Mango,Other,Medium,2800.0,2800.0,2800.0
2026-07-27,Uttarakhand,Haridwar,Bhagwanpur(Naveen Mandi Sthal) APMC,Mango,Other,Grade B,600.0,1400.0,800.0
2026-07-27,Uttarakhand,Haridwar,Haridwar Union APMC,Mango,Chausa,Grade C,3000.0,4000.0,3500.0
2026-07-27,Uttarakhand,Udhamsinghnagar,Sitarganj APMC,Mango,Chausa,Grade B,3500.0,5500.0,4000.0
2026-07-27,Uttarakhand,Haridwar,Haridwar Union APMC,Mango,Other,Grade C,1500.0,2500.0,2000.0
2026-07-27,Uttarakhand,Haridwar,Manglaur APMC,Mango,Other,Medium,1000.0,2000.0,1500.0
2026-07-27,Uttarakhand,Haridwar,Roorkee APMC,Mango,Other,Local,1300.0,2000.0,1600.0
2026-07-27,Uttarakhand,Nanital,Haldwani APMC,Mango,Other,Grade A,2000.0,2500.0,2200.0
2026-07-27,Uttarakhand,Udhamsinghnagar,Jaspur(UC) APMC,Mango,Other,Grade A,3000.0,3500.0,3265.0
2026-07-27,Uttarakhand,Udhamsinghnagar,Kicchha APMC,Mango,Chausa,Medium,3000.0,4000.0,3500.0
2026-07-27,Punjab,Ropar (Rupnagar),Ropar APMC,Mango,Totapuri,Medium,4500.0,5000.0,4800.0
2026-07-27,Uttarakhand,Dehradoon,Rishikesh APMC,Mango,Fazli,Medium,2000.0,2800.0,2600.0
2026-07-27,Tamil Nadu,Thanjavur,Kumbakonam (Uzhavar Sandhai ),Mango,Safeda,Local,3000.0,9000.0,6000.0
2026-07-27,Tamil Nadu,Villupuram,Villupuram(Uzhavar Sandhai ),Mango,Safeda,Local,7000.0,10000.0,8500.0
2026-07-27,Tamil Nadu,Vellore,Vellore APMC,Mango,Safeda,Local,3000.0,5000.0,4000.0
2026-07-27,Tamil Nadu,The Nilgiris,Udhagamandalam(Uzhavar Sandhai ),Mango,Safeda,Local,10000.0,12000.0,11000.0
2026-07-27,Tamil Nadu,Theni,Bodinayakanur(Uzhavar Sandhai ),Mango,Safeda,Local,5000.0,5000.0,5000.0
2026-07-27,Tamil Nadu,Theni,Devaram(Uzhavar Sandhai ),Mango,Safeda,Local,5000.0,5000.0,5000.0
2026-07-27,Tamil Nadu,Theni,Kambam(Uzhavar Sandhai ),Mango,Neelam,Local,4000.0,4500.0,4250.0
2026-07-27,Tamil Nadu,Theni,Theni(Uzhavar Sandhai ),Mango,Neelam,Local,3000.0,6000.0,4500.0
2026-07-27,Tamil Nadu,Thiruchirappalli,KKNagar(Uzhavar Sandhai ),Mango,Other,Local,5000.0,5000.0,5000.0
2026-07-27,Tamil Nadu,Thiruchirappalli,Musiri(Uzhavar Sandhai ),Mango,Safeda,Local,3000.0,3000.0,3000.0
2026-07-27,Tamil Nadu,Thiruchirappalli,Thuraiyur APMC,Mango,Safeda,Local,9000.0,10000.0,9500.0
2026-07-27,Tamil Nadu,Thirunelveli,Palayamkottai(Uzhavar Sandhai ),Mango,Safeda,Local,6000.0,8000.0,7000.0
2026-07-27,Tamil Nadu,Thirupathur,Natrampalli(Uzhavar Sandhai ),Mango,Safeda,Local,2000.0,3000.0,2500.0
2026-07-27,Tamil Nadu,Thirupathur,Vaniyampadi(Uzhavar Sandhai ),Mango,Safeda,Local,4000.0,4000.0,4000.0
2026-07-27,Tamil Nadu,Thirupur,Dharapuram(Uzhavar Sandhai ),Mango,Safeda,Local,5000.0,6000.0,5500.0
2026-07-27,Tamil Nadu,Thirupur,Tiruppur (South) (Uzhavar Sandhai ),Mango,Safeda,Local,5000.0,6000.0,5500.0
2026-07-27,Tamil Nadu,Villupuram,Tindivanam APMC,Mango,Other,Local,7000.0,7000.0,7000.0
2026-07-27,Tamil Nadu,Thiruvannamalai,Arani(Uzhavar Sandhai ),Mango,Safeda,Local,4000.0,5000.0,4500.0
2026-07-27,Tamil Nadu,Thiruvannamalai,Keelpennathur(Uzhavar Sandhai ),Mango,Other,Local,5000.0,6000.0,5500.0
2026-07-27,Tamil Nadu,Thiruvannamalai,Polur(Uzhavar Sandhai ),Mango,Safeda,Local,4200.0,5000.0,4600.0
2026-07-27,Tamil Nadu,Thiruvannamalai,Tamarainagar(Uzhavar Sandhai ),Mango,Safeda,Local,5000.0,6000.0,5500.0
2026-07-27,Tamil Nadu,Thiruvannamalai,Tiruvannamalai(Uzhavar Sandhai ),Mango,Safeda,Local,5000.0,6000.0,5500.0
2026-07-27,Tamil Nadu,Thiruvarur,Mannargudi I(Uzhavar Sandhai ),Mango,Safeda,Local,5000.0,5000.0,5000.0
2026-07-27,Tamil Nadu,Thiruvarur,Mannargudi II(Uzhavar Sandhai ),Mango,Safeda,Local,5000.0,6000.0,5500.0
2026-07-27,Tamil Nadu,Thiruvarur,Tiruthuraipoondi(Uzhavar Sandhai ),Mango,Safeda,Local,4000.0,4000.0,4000.0
2026-07-27,Tamil Nadu,Tuticorin,Tuticorin(Uzhavar Sandhai ),Mango,Safeda,Local,4500.0,5000.0,4750.0
2026-07-27,Tamil Nadu,Vellore,Gudiyatham(Uzhavar Sandhai ),Mango,Neelam,Local,3500.0,4000.0,3750.0
2026-07-27,Tamil Nadu,Vellore,Kahithapattarai(Uzhavar Sandhai ),Mango,Neelam,Local,4000.0,5000.0,4500.0
2026-07-27,Tamil Nadu,Vellore,Katpadi (Uzhavar Sandhai ),Mango,Safeda,Local,7000.0,8000.0,7500.0
2026-07-27,Tamil Nadu,Vellore,Perampet(Uzhavar Sandhai),Mango,Neelam,Local,3500.0,4000.0,3750.0
2026-07-27,Tamil Nadu,Vellore,Thirupathur APMC,Mango,Safeda,Local,4000.0,4000.0,4000.0
2026-07-27,Tamil Nadu,Thiruvannamalai,Chengam(Uzhavar Sandhai ),Mango,Safeda,Local,3500.0,4000.0,3750.0
2026-07-27,Punjab,Ropar (Rupnagar),Ropar APMC,Mango,Safeda,Medium,4000.0,4600.0,4200.0
2026-07-27,Gujarat,Bharuch,Bharuch APMC,Mango,Totapuri,Local,1500.0,2500.0,1800.0
2026-07-27,Punjab,Ropar (Rupnagar),Ropar APMC,Mango,Dusheri,Medium,5500.0,5800.0,5700.0
2026-07-27,Haryana,Sonipat,Gohana APMC,Mango,Other,Medium,4000.0,6000.0,5000.0
2026-07-27,Haryana,Sonipat,Sonepat APMC,Mango,Dusheri,Medium,1000.0,6000.0,4000.0
2026-07-27,Haryana,Sonipat,Sonepat APMC,Mango,Langra,Medium,2000.0,8000.0,4000.0
2026-07-27,Haryana,Sonipat,Sonepat(Kharkhoda) APMC,Mango,Other,Grade A,2000.0,5000.0,4200.0
2026-07-27,Haryana,Yamuna Nagar,Chhachrauli APMC,Mango,Other,Grade A,1200.0,3500.0,2000.0
2026-07-27,Haryana,Yamuna Nagar,Jagadhri APMC,Mango,Other,Medium,3000.0,8000.0,7000.0
2026-07-27,Haryana,Yamuna Nagar,Radaur APMC,Mango,Other,Medium,2100.0,2800.0,2500.0
2026-07-27,Himachal Pradesh,Bilaspur,PMY Bilaspur,Mango,Other,Grade B,8000.0,12000.0,8400.0
2026-07-27,Himachal Pradesh,Chamba,PMY Chamba,Mango,Dusheri,Medium,5500.0,6000.0,5750.0
2026-07-27,Himachal Pradesh,Hamirpur,PMY Hamirpur,Mango,Other,Grade B,6000.0,8500.0,7200.0
2026-07-27,Himachal Pradesh,Hamirpur,SMY Nadaun,Mango,Other,Grade B,8000.0,15000.0,12000.0
2026-07-27,Himachal Pradesh,Kangra,PMY Kangra,Mango,Other,Medium,4000.0,6000.0,5000.0
2026-07-27,Himachal Pradesh,Kangra,SMY Baijnath,Mango,Dusheri,Grade A,5000.0,8000.0,7000.0
2026-07-27,Himachal Pradesh,Kangra,SMY Jaisinghpur,Mango,Other,Medium,5000.0,14000.0,10000.0
2026-07-27,Himachal Pradesh,Kangra,SMY Jassur,Mango,Other,Medium,3000.0,5000.0,4000.0
2026-07-27,Himachal Pradesh,Kangra,SMY Nagrota Bagwan,Mango,Other,Medium,4000.0,6000.0,5000.0
2026-07-27,Himachal Pradesh,Kangra,SMY Palampur,Mango,Other,Medium,4000.0,13000.0,9000.0
2026-07-27,Himachal Pradesh,Kullu,PMY Kullu,Mango,Other,Medium,6000.0,7500.0,7000.0
2026-07-27,Himachal Pradesh,Kullu,SMY Bhuntar,Mango,Other,Medium,5000.0,10000.0,8000.0
2026-07-27,Himachal Pradesh,Mandi,PMY Kangni Mandi,Mango,Other,Grade B,3200.0,10000.0,8500.0
2026-07-27,Himachal Pradesh,Mandi,SMY Dhanotu,Mango,Other,Medium,5000.0,8000.0,6500.0
2026-07-27,Himachal Pradesh,Shimla,PMY Dhalli Shimla,Mango,Other,Grade A,5000.0,10000.0,7000.0
2026-07-27,Himachal Pradesh,Shimla,SMY Rampur,Mango,Other,Local,5000.0,7000.0,6000.0
2026-07-27,Himachal Pradesh,Shimla,SMY Rohroo,Mango,Other,Grade B,6000.0,8000.0,7000.0
2026-07-27,Himachal Pradesh,Solan,PMY Kather Solan,Mango,Other,Medium,3500.0,8000.0,6200.0
2026-07-27,Himachal Pradesh,Solan,SMY Nalagarh,Mango,Other,Medium,3500.0,4000.0,3800.0
2026-07-27,Himachal Pradesh,Una,PMY Una,Mango,Dusheri,Grade A,4500.0,6500.0,5500.0
2026-07-27,Haryana,Sonipat,Ganaur APMC,Mango,Other,Medium,8000.0,10000.0,9000.0
2026-07-27,Haryana,Sirsa,kalanwali APMC,Mango,Other,Local,4500.0,5000.0,5000.0
2026-07-27,Haryana,Sirsa,Sirsa APMC,Mango,Other,Medium,2500.0,8000.0,5000.0
2026-07-27,Haryana,Rohtak,Sampla APMC,Mango,Other,Local,8000.0,8000.0,8000.0
2026-07-27,Punjab,Ropar (Rupnagar),Ropar APMC,Mango,Langra,Medium,5000.0,5500.0,5200.0
2026-07-27,Andhra Pradesh,Anakapally,Payakaraopeta APMC,Mango,Other,Local,2800.0,3000.0,2900.0
2026-07-27,Andhra Pradesh,Chittor,Bangarupalyam APMC,Mango,Neelam,Grade B,2500.0,5000.0,3500.0
2026-07-27,Andhra Pradesh,Tirupathi,Puttur APMC,Mango,Other,Local,1100.0,1200.0,1150.0
2026-07-27,Chattisgarh,Bilaspur,Tiphra APMC,Mango,Dusheri,Grade B,3000.0,3200.0,3100.0
2026-07-27,Gujarat,Bharuch,Bharuch APMC,Mango,Langra,Local,2500.0,3500.0,3000.0
2026-07-27,Gujarat,Mehsana,Mehsana(Mehsana Veg) APMC,Mango,Badami,Local,1750.0,4250.0,3500.0
2026-07-27,Haryana,Ambala,Naraingarh APMC,Mango,Mango,Medium,1100.0,5000.0,2500.0
2026-07-27,Haryana,Faridabad,Ballabhgarh APMC,Mango,Other,Grade A,4000.0,5000.0,4500.0
2026-07-27,Haryana,Faridabad,Faridabad APMC,Mango,Other,Grade B,6000.0,6000.0,6000.0
2026-07-27,Haryana,Fatehabad,Fatehabad APMC,Mango,Other,Local,10000.0,10000.0,10000.0
2026-07-27,Haryana,Gurgaon,Gurgaon APMC,Mango,Other,Grade B,3000.0,5000.0,4000.0
2026-07-27,Haryana,Gurgaon,Pataudi APMC,Mango,Other,Grade B,3000.0,3500.0,3200.0
2026-07-27,Himachal Pradesh,Una,PMY Una,Mango,Other,Grade A,7000.0,10000.0,8500.0
2026-07-27,Haryana,Hissar,Barwala(Hisar) APMC,Mango,Other,Local,4000.0,10000.0,7000.0
2026-07-27,Haryana,Hissar,Uklana APMC,Mango,Other,Medium,4000.0,5000.0,5000.0
2026-07-27,Haryana,Jind,Narwana APMC,Mango,Other,Local,3000.0,10000.0,5000.0
2026-07-27,Haryana,Karnal,Tarori APMC,Mango,Chausa,Grade A,3000.0,5000.0,4000.0
2026-07-27,Haryana,Kurukshetra,Ladwa APMC,Mango,Dusheri,Medium,3500.0,5000.0,4000.0
2026-07-27,Haryana,Kurukshetra,Shahabad APMC,Mango,Other,Medium,1000.0,4000.0,1900.0
2026-07-27,Haryana,Kurukshetra,Thanesar APMC,Mango,Other,Medium,2000.0,8000.0,5000.0
2026-07-27,Haryana,Mahendragarh-Narnaul,Mohindergarh APMC,Mango,Other,Medium,3000.0,3000.0,3000.0
2026-07-27,Haryana,Mahendragarh-Narnaul,Narnaul APMC,Mango,Mango,Medium,4000.0,7000.0,6000.0
2026-07-27,Haryana,Panipat,Panipat APMC,Mango,Other,Local,3000.0,7000.0,5000.0
2026-07-27,Haryana,Panipat,Samalkha APMC,Mango,Other,Grade A,5500.0,5500.0,5500.0
2026-07-27,Haryana,Rewari,Kosli APMC,Mango,Other,Medium,4000.0,4000.0,4000.0
2026-07-27,Haryana,Rohtak,Meham APMC,Mango,Other,Medium,2500.0,4000.0,3000.0
2026-07-27,Haryana,Rohtak,Rohtak APMC,Mango,Other,Medium,4000.0,8000.0,5000.0
2026-07-27,Haryana,Hissar,Hansi APMC,Mango,Other,Grade B,4000.0,8000.0,6000.0
2026-07-27,Himachal Pradesh,Una,SMY Takarla,Mango,Other,Grade A,4000.0,6000.0,5000.0
2026-07-27,Andhra Pradesh,YSR Kadapa,Rajampet APMC,Mango,Neelam,Grade B,2000.0,2400.0,2200.0
2026-07-27,Jammu and Kashmir,Jammu,MAC F&V Market Narwal Jammu,Mango,Langra,Medium,7000.0,9000.0,8000.0
2026-07-27,Odisha,Mayurbhanja,Narasinghpur APMC,Mango,Amrapali,Local,3000.0,5000.0,4000.0
2026-07-27,Odisha,Mayurbhanja,Narasinghpur APMC,Mango,Langra,Local,3000.0,5000.0,4000.0
2026-07-27,Punjab,Bhatinda,Bathinda APMC,Mango,Other,Grade B,5000.0,7000.0,6000.0
2026-07-27,Punjab,Bhatinda,Bhagta Bhai Ka APMC,Mango,Other,Medium,3300.0,3300.0,3300.0
2026-07-27,Punjab,Bhatinda,Raman APMC,Mango,Other,Medium,4005.0,6025.0,5015.0
2026-07-27,Punjab,Bhatinda,Rampuraphul(Nabha Mandi) APMC,Mango,Other,Grade A,4000.0,8000.0,6000.0
2026-07-27,Punjab,Fazilka,Fazilka APMC,Mango,Other,Medium,7000.0,7000.0,7000.0
2026-07-27,Punjab,Fazilka,Jalalabad APMC,Mango,Other,Medium,5500.0,6000.0,5700.0
2026-07-27,Punjab,Ferozpur,Zira APMC,Mango,Chausa,Local,4900.0,4900.0,4900.0
2026-07-27,Punjab,Gurdaspur,Gurdaspur APMC,Mango,Other,Grade B,5000.0,5000.0,5000.0
2026-07-27,Punjab,Hoshiarpur,Garh Shankar APMC,Mango,Other,Medium,4500.0,4500.0,4500.0
2026-07-27,Punjab,Hoshiarpur,Garh Shankar(Mahalpur) APMC,Mango,Dusheri,Medium,5500.0,5500.0,5500.0
2026-07-27,Punjab,Hoshiarpur,Mukerian APMC,Mango,Dusheri,Grade B,2000.0,3000.0,2500.0
2026-07-27,Odisha,Gajapati,Kasinagar APMC,Mango,Badami,Grade Range-1,1800.0,2000.0,1900.0
2026-07-27,Punjab,Hoshiarpur,Tanda Urmur APMC,Mango,Totapuri,Grade A,4000.0,5000.0,4500.0
2026-07-27,Punjab,Ludhiana,Jagraon APMC,Mango,Dusheri,Grade A,5300.0,5300.0,5300.0
2026-07-27,Punjab,Ludhiana,Khanna APMC,Mango,Dusheri,Grade A,5000.0,5000.0,5000.0
2026-07-27,Punjab,Ludhiana,Ludhiana APMC,Mango,Other,Medium,2000.0,5000.0,3000.0
2026-07-27,Punjab,Ludhiana,Raikot APMC,Mango,Chausa,Grade A,5430.0,5430.0,5430.0
2026-07-27,Punjab,Mansa,Mansa APMC,Mango,Other,Grade A,4670.0,4670.0,4670.0
2026-07-27,Punjab,Moga,Baghapurana APMC,Mango,Dusheri,Grade B,3000.0,5000.0,4000.0
2026-07-27,Punjab,Mohali,Banur APMC,Mango,Other,Local,6666.0,6666.0,6666.0
2026-07-27,Punjab,Muktsar,Muktsar APMC,Mango,Other,Medium,2500.0,5500.0,4000.0
2026-07-27,Punjab,Nawanshahr,Banga APMC,Mango,Other,Grade B,4624.0,4624.0,4624.0
2026-07-27,Punjab,Nawanshahr,Nawan Shahar(Subzi Mandi) APMC,Mango,Other,Medium,6000.0,7000.0,6600.0
2026-07-27,Punjab,Patiala,Patiala APMC,Mango,Other,Grade B,2900.0,3100.0,3000.0
2026-07-27,Jammu and Kashmir,Jammu,MAC F&V Market Narwal Jammu,Mango,Chausa,Medium,8000.0,9000.0,8500.0
2026-07-27,Punjab,Ropar (Rupnagar),Morinda APMC,Mango,Other,Local,5000.0,6400.0,5700.0
2026-07-27,Punjab,Jalandhar,Jalandhar City(Jalandhar) APMC,Mango,Other,Medium,2100.0,5800.0,4500.0
2026-07-27,NCT of Delhi,Delhi,APMC Keshopur,Mango,Other,Medium,5000.0,8000.0,7000.0
2026-07-27,Punjab,Patiala,Nabha APMC,Mango,Other,Grade B,2800.0,6000.0,4000.0
2026-07-27,NCT of Delhi,Delhi,APMC Azadpur,Mango,Surkha,Grade A,2500.0,6000.0,4000.0
2026-07-27,NCT of Delhi,Delhi,APMC Azadpur,Mango,Totapuri,Grade A,2143.0,3214.0,2643.0
2026-07-27,Jammu and Kashmir,Rajouri,Rajouri (Phaliana) (F&V),Mango,Safeda,Grade B,8000.0,8000.0,8000.0
2026-07-27,Karnataka,Bengaluru,Binny Mill (FF&V) Bengaluru APMC,Mango,Totapuri,Local,800.0,1400.0,1200.0
2026-07-27,Karnataka,Davangere,Davangere APMC,Mango,Mango,Local,3000.0,4000.0,3500.0
2026-07-27,Karnataka,Mysuru,Mysuru APMC,Mango,Other,Medium,2850.0,2850.0,2850.0
2026-07-27,Keralam,Idukki,Kattappana Market,Mango,Other,Medium,7500.0,8500.0,8000.0
2026-07-27,Keralam,Idukki,Kattappana Market,Mango,Other,Small,3000.0,3500.0,3200.0
2026-07-27,Madhya Pradesh,Harda,Harda(F&V) APMC,Mango,Neelam,Medium,3000.0,4000.0,3500.0
2026-07-27,Madhya Pradesh,Indore,Indore(F&V) APMC,Mango,Other,Local,1500.0,6000.0,4500.0
2026-07-27,Madhya Pradesh,Rewa,Rewa(F&V) APMC,Mango,Dusheri,Grade B,2000.0,2000.0,2000.0
2026-07-27,Maharashtra,Ahilyanagar,Shrirampur APMC,Mango,Other,Local,3500.0,4500.0,4000.0
2026-07-27,Maharashtra,Amarawati,Amrawati(Frui & Veg. Market) APMC,Mango,Totapuri,Local,2000.0,3000.0,2500.0
2026-07-27,Maharashtra,Chattrapati Sambhajinagar,Chattrapati Sambhajinagar APMC,Mango,Other,Local,2500.0,3500.0,3000.0
2026-07-27,Maharashtra,Mumbai,Mumbai- Fruit Market APMC,Mango,Other,Local,6000.0,15000.0,10500.0
2026-07-27,Karnataka,Bengaluru,Binny Mill (FF&V) Bengaluru APMC,Mango,Neelam,Local,1500.0,3500.0,2500.0
2026-07-27,Maharashtra,Nashik,Nasik APMC,Mango,Other,Local,1500.0,3000.0,1700.0
2026-07-27,NCT of Delhi,Delhi,APMC Azadpur,Mango,Saroli,Grade A,1000.0,2000.0,1500.0
2026-07-27,Maharashtra,Nagpur,Nagpur APMC,Mango,Other,Local,2500.0,3500.0,3250.0
2026-07-27,NCT of Delhi,Delhi,APMC Azadpur,Mango,Langra,Grade A,5000.0,8000.0,6100.0
2026-07-27,NCT of Delhi,Delhi,APMC Azadpur,Mango,Keshar,Grade A,4286.0,7143.0,5429.0
2026-07-27,NCT of Delhi,Delhi,APMC Azadpur,Mango,Hapus(Alphaso),Grade A,10000.0,16667.0,13333.0
2026-07-27,NCT of Delhi,Delhi,APMC Azadpur,Mango,Fazli,Grade A,2857.0,5714.0,4464.0
2026-07-27,NCT of Delhi,Delhi,APMC Azadpur,Mango,Safeda,Grade A,3571.0,5714.0,4950.0
2026-07-27,NCT of Delhi,Delhi,APMC Azadpur,Mango,Dinga,Grade A,3000.0,4000.0,3400.0
2026-07-27,Maharashtra,Pune,Pune(Moshi) APMC,Mango,Other,Local,4000.0,10000.0,7000.0
2026-07-27,NCT of Delhi,Delhi,APMC Azadpur,Mango,Chausa,Grade A,5000.0,10000.0,7679.0
2026-07-27,Maharashtra,Solapur,SHRI.SIDDHESHWAR  APMC,Mango,Other,Local,2500.0,2500.0,2500.0
2026-07-27,Maharashtra,Sangli,"Sangli(Phale, Bhajipala Market) APMC",Mango,Totapuri,Local,1000.0,3000.0,2000.0
2026-07-27,NCT of Delhi,Delhi,APMC Azadpur,Mango,Dusheri,Grade A,1429.0,3571.0,2393.0
2026-07-28,Tamil Nadu,Nagercoil (Kannyiakumari),Vadaseri APMC,Mango,Safeda,Local,6500.0,7000.0,6750.0
2026-07-28,Tamil Nadu,Nagapattinam,Nagapattinam(Uzhavar Sandhai ),Mango,Other,Local,6000.0,7000.0,6500.0
2026-07-28,Tamil Nadu,Madurai,Thirumangalam(Uzhavar Sandhai ),Mango,Safeda,Local,6000.0,7000.0,6500.0
2026-07-28,Tamil Nadu,Madurai,Chokkikulam(Uzhavar Sandhai ),Mango,Safeda,Local,4000.0,7000.0,5500.0
2026-07-28,Tamil Nadu,Madurai,Anna nagar(Uzhavar Sandhai ),Mango,Other,Local,5000.0,5000.0,5000.0
2026-07-28,Tamil Nadu,Madurai,Anaiyur(Uzhavar Sandhai ),Mango,Safeda,Local,4000.0,7000.0,5500.0
2026-07-28,Tamil Nadu,Krishnagiri,Krishnagiri(Uzhavar Sandhai ),Mango,Safeda,Local,2500.0,3000.0,2750.0
2026-07-28,Tamil Nadu,Karur,Pallapatti (Uzhavar Sandhai ),Mango,Safeda,Local,4500.0,5000.0,4750.0
2026-07-28,Tamil Nadu,Karur,Kulithalai(Uzhavar Sandhai ),Mango,Neelam,Local,5000.0,6000.0,5500.0
2026-07-28,Tamil Nadu,Madurai,Melur(Uzhavar Sandhai ),Mango,Safeda,Local,5500.0,6000.0,5750.0
2026-07-28,Tamil Nadu,Namakkal,Namakkal(Uzhavar Sandhai ),Mango,Neelam,Local,6000.0,7000.0,6500.0
2026-07-28,Tamil Nadu,Perambalur,Perambalur(Uzhavar Sandhai ),Mango,Neelam,Local,6000.0,7000.0,6500.0
2026-07-28,Tamil Nadu,Namakkal,Tiruchengode APMC,Mango,Other,Local,6200.0,7000.0,6600.0
2026-07-28,Tamil Nadu,Pudukkottai,Gandarvakottai(Uzhavar Sandhai ),Mango,Safeda,Local,4500.0,5000.0,4750.0
2026-07-28,Tamil Nadu,Pudukkottai,Pudukottai(Uzhavar Sandhai ),Mango,Neelam,Local,3500.0,4000.0,3750.0
2026-07-28,Tamil Nadu,Ranipet,Arcot(Uzhavar Sandhai ),Mango,Neelam,Local,6000.0,6000.0,6000.0
2026-07-28,Tamil Nadu,Salem,Ammapet(Uzhavar Sandhai ),Mango,Neelam,Local,6000.0,7000.0,6500.0
2026-07-28,Tamil Nadu,Salem,Athur(Uzhavar Sandhai ),Mango,Safeda,Local,4000.0,5000.0,4500.0
2026-07-28,Tamil Nadu,Salem,Hasthampatti(Uzhavar Sandhai ),Mango,Neelam,Local,4000.0,5000.0,4500.0
2026-07-28,Tamil Nadu,Salem,Mettur(Uzhavar Sandhai ),Mango,Neelam,Local,4500.0,5000.0,4750.0
2026-07-28,Tamil Nadu,Salem,Sooramangalam(Uzhavar Sandhai ),Mango,Neelam,Local,4000.0,5000.0,4500.0
2026-07-28,Tamil Nadu,Salem,Thammampatti (Uzhavar Sandhai ),Mango,Safeda,Local,4000.0,5000.0,4500.0
2026-07-28,Tamil Nadu,Karur,Karur(Uzhavar Sandhai ),Mango,Neelam,Local,7500.0,8000.0,7750.0
2026-07-28,Tamil Nadu,Salem,Vazhapadi(Uzhavar Sandhai),Mango,Neelam,Local,4000.0,5000.0,4500.0
2026-07-28,Tamil Nadu,Namakkal,Rasipuram(Uzhavar Sandhai ),Mango,Other,Local,3000.0,5000.0,4000.0
2026-07-28,Tamil Nadu,Salem,Thathakapatti(Uzhavar Sandhai ),Mango,Safeda,Local,4000.0,5000.0,4500.0
2026-07-28,Tamil Nadu,Coimbatore,Sundarapuram(Uzhavar Sandhai ),Mango,Neelam,Local,7000.0,8000.0,7500.0
2026-07-28,Tamil Nadu,Kallakuruchi,Sankarapuram(Uzhavar Sandhai ),Mango,Neelam,Local,5000.0,5000.0,5000.0
2026-07-28,Punjab,Sangrur,Malerkotla APMC,Mango,Other,Local,2500.0,7000.0,4500.0
2026-07-28,Tamil Nadu,Sivaganga,Singampunari(Uzhavar Sandhai ),Mango,Other,Local,3600.0,4200.0,3900.0
2026-07-28,Punjab,Sangrur,Sangrur APMC,Mango,Dusheri,Grade B,3000.0,8000.0,5000.0
2026-07-28,Punjab,Sangrur,Sunam APMC,Mango,Other,Grade A,4500.0,4500.0,4500.0
2026-07-28,Punjab,Tarntaran,Patti APMC,Mango,Other,Grade B,800.0,800.0,800.0
2026-07-28,Rajasthan,Ajmer,Ajmer(F&V) APMC,Mango,Other,Medium,3000.0,6000.0,4400.0
2026-07-28,Rajasthan,Ganganagar,Sriganganagar (F&V) APMC,Mango,Amrapali,Grade C,5300.0,5700.0,5500.0
2026-07-28,Rajasthan,Jodhpur,Jodhpur (F&V) APMC,Mango,Other,Medium,2000.0,5000.0,3500.0
2026-07-28,Rajasthan,Udaipur,Udaipur (F&V) APMC,Mango,Other,Medium,2000.0,4000.0,3000.0
2026-07-28,Tamil Nadu,Chengalpattu,Jameenrayapettai(Uzhavar Sandhai ),Mango,Neelam,Local,5000.0,6000.0,5500.0
2026-07-28,Tamil Nadu,Chengalpattu,Medavakkam(Uzhavar Sandhai ),Mango,Safeda,Local,5000.0,5000.0,5000.0
2026-07-28,Tamil Nadu,Chengalpattu,Nanganallur(Uzhavar Sandhai ),Mango,Neelam,Local,6500.0,7000.0,6750.0
2026-07-28,Tamil Nadu,Coimbatore,Kurichi(Uzhavar Sandhai ),Mango,Neelam,Local,7000.0,8000.0,7500.0
2026-07-28,Tamil Nadu,Coimbatore,Mettupalayam(Uzhavar Sandhai ),Mango,Safeda,Local,7000.0,10000.0,8500.0
2026-07-28,Tamil Nadu,Coimbatore,RSPuram(Uzhavar Sandhai ),Mango,Neelam,Local,6000.0,7000.0,6500.0
2026-07-28,Tamil Nadu,Coimbatore,Singanallur(Uzhavar Sandhai ),Mango,Safeda,Local,7500.0,8000.0,7750.0
2026-07-28,Tamil Nadu,Coimbatore,Vadavalli(Uzhavar Sandhai ),Mango,Safeda,Local,6500.0,8000.0,7250.0
2026-07-28,Tamil Nadu,Cuddalore,Cuddalore(Uzhavar Sandhai ),Mango,Safeda,Local,5000.0,7000.0,6000.0
2026-07-28,Tamil Nadu,Cuddalore,Panruti(Uzhavar Sandhai ),Mango,Safeda,Local,5000.0,5000.0,5000.0
2026-07-28,Tamil Nadu,Dharmapuri,Dharmapuri(Uzhavar Sandhai ),Mango,Safeda,Local,4800.0,5000.0,4900.0
2026-07-28,Tamil Nadu,Dharmapuri,Pennagaram(Uzhavar Sandhai ),Mango,Safeda,Local,2500.0,3000.0,2750.0
2026-07-28,Tamil Nadu,Dindigul,Chinnalapatti(Uzhavar Sandhai ),Mango,Safeda,Local,4000.0,5000.0,4500.0
2026-07-28,Tamil Nadu,Dindigul,Dindigul(Uzhavar Sandhai ),Mango,Safeda,Local,4000.0,5000.0,4500.0
2026-07-28,Tamil Nadu,Dindigul,Palani(Uzhavar Sandhai ),Mango,Neelam,Local,2500.0,4000.0,3250.0
2026-07-28,Tamil Nadu,Erode,Periyar Nagar(Uzhavar Sandhai ),Mango,Neelam,Local,5500.0,6000.0,5750.0
2026-07-28,Tamil Nadu,Erode,Sampath Nagar(Uzhavar Sandhai ),Mango,Safeda,Local,3500.0,6000.0,4750.0
2026-07-28,Tamil Nadu,Kallakuruchi,Kallakurichi(Uzhavar Sandhai ),Mango,Neelam,Local,4000.0,4000.0,4000.0
2026-07-28,Tamil Nadu,Karur,Gandhigramam(Uzhavar Sandhai),Mango,Neelam,Local,5000.0,8000.0,6500.0
2026-07-28,Tamil Nadu,Sivaganga,Sivagangai (Uzhavar Sandhai ),Mango,Safeda,Local,4200.0,5500.0,4850.0
2026-07-28,Tamil Nadu,Vellore,Perampet(Uzhavar Sandhai),Mango,Neelam,Local,3500.0,4000.0,3750.0
2026-07-28,Tamil Nadu,Tenkasi,Tenkasi(Uzhavar Sandhai ),Mango,Neelam,Local,4000.0,5000.0,4500.0
2026-07-28,Tamil Nadu,Villupuram,Villupuram(Uzhavar Sandhai ),Mango,Safeda,Local,7000.0,7000.0,7000.0
2026-07-28,Tamil Nadu,Virudhunagar,Aruppukottai(Uzhavar Sandhai ),Mango,Safeda,Local,5000.0,6000.0,5500.0
2026-07-28,Telangana,Ranga Reddy,Gaddiannaram APMC,Mango,Langra,Medium,2000.0,6000.0,2800.0
2026-07-28,Telangana,Ranga Reddy,Gaddiannaram APMC,Mango,Neelam,Medium,1666.68,6666.72,3333.36
2026-07-28,Telangana,Ranga Reddy,Gaddiannaram APMC,Mango,Totapuri,Medium,1111.12,3333.36,2222.24
2026-07-28,Telangana,Warangal,Warangal APMC,Mango,Totapuri,Small,1000.0,2000.0,1400.0
2026-07-28,Uttar Pradesh,Badaun,Shahaswan APMC,Mango,Other,Medium,2500.0,3200.0,3000.0
2026-07-28,Uttar Pradesh,Mau(Maunathbhanjan),Kopaganj APMC,Mango,Dusheri,Grade B,3325.0,3390.0,3350.0
2026-07-28,Uttar Pradesh,Shamli,Kairana APMC,Mango,Dusheri,Medium,2300.0,2400.0,2350.0
2026-07-28,Uttar Pradesh,Shamli,Khandhla APMC,Mango,Chausa,Medium,4800.0,4820.0,4810.0
2026-07-28,Uttarakhand,Dehradoon,Dehradoon APMC,Mango,Other,Grade B,1850.0,3500.0,2050.0
2026-07-28,Uttarakhand,Dehradoon,Rishikesh APMC,Mango,Chausa,Medium,4800.0,6000.0,5000.0
2026-07-28,Tamil Nadu,Villupuram,Tindivanam APMC,Mango,Safeda,Local,5000.0,5000.0,5000.0
2026-07-28,Uttarakhand,Dehradoon,Rishikesh APMC,Mango,Fazli,Medium,2000.0,2850.0,2650.0
2026-07-28,Uttarakhand,Dehradoon,Vikasnagar APMC,Mango,Other,Medium,400.0,800.0,800.0
2026-07-28,Uttarakhand,Garhwal (Pauri),Kotadwara APMC,Mango,Other,Medium,2800.0,2800.0,2800.0
2026-07-28,Uttarakhand,Haridwar,Haridwar Union APMC,Mango,Chausa,Grade C,3500.0,4200.0,3800.0
2026-07-28,Uttarakhand,Haridwar,Haridwar Union APMC,Mango,Other,Grade Range-2,2000.0,3000.0,2500.0
2026-07-28,Uttarakhand,Haridwar,Manglaur APMC,Mango,Other,Local,1000.0,1500.0,1200.0
2026-07-28,Uttarakhand,Haridwar,Roorkee APMC,Mango,Other,Local,1300.0,2000.0,1600.0
2026-07-28,Uttarakhand,Nanital,Haldwani APMC,Mango,Other,Grade A,700.0,2500.0,1500.0
2026-07-28,Uttarakhand,Udhamsinghnagar,Jaspur(UC) APMC,Mango,Other,Grade A,3200.0,3500.0,3425.0
2026-07-28,Uttarakhand,Udhamsinghnagar,Rudrapur APMC,Mango,Other,Medium,4000.0,6000.0,5000.0
2026-07-28,Uttarakhand,Udhamsinghnagar,Sitarganj APMC,Mango,Chausa,Grade B,3000.0,5500.0,4000.0
2026-07-28,West Bengal,Kolkata,Mechua APMC,Mango,Other,Grade A,6300.0,6700.0,6500.0
2026-07-28,Punjab,Sangrur,Dhuri APMC,Mango,Dusheri,Medium,6000.0,7500.0,6500.0
2026-07-28,Uttarakhand,Dehradoon,Rishikesh APMC,Mango,Langra,Medium,2500.0,4600.0,3650.0
2026-07-28,Tamil Nadu,Tenkasi,Sankarankoil(Uzhavar Sandhai ),Mango,Safeda,Local,4000.0,4000.0,4000.0
2026-07-28,Tamil Nadu,Vellore,Vellore APMC,Mango,Neelam,Local,3000.0,4000.0,3500.0
2026-07-28,Tamil Nadu,Vellore,Pallikonda(Uzhavar Sandhai),Mango,Safeda,Local,4000.0,4000.0,4000.0
2026-07-28,Tamil Nadu,Thanjavur,Kumbakonam (Uzhavar Sandhai ),Mango,Safeda,Local,3000.0,9000.0,6000.0
2026-07-28,Tamil Nadu,Thanjavur,Thanjavur(Uzhavar Sandhai ),Mango,Safeda,Local,5000.0,7000.0,6000.0
2026-07-28,Tamil Nadu,The Nilgiris,Udhagamandalam(Uzhavar Sandhai ),Mango,Safeda,Local,7000.0,8000.0,7500.0
2026-07-28,Tamil Nadu,Theni,Bodinayakanur(Uzhavar Sandhai ),Mango,Safeda,Local,5000.0,5000.0,5000.0
2026-07-28,Tamil Nadu,Theni,Devaram(Uzhavar Sandhai ),Mango,Safeda,Local,4000.0,5000.0,4500.0
2026-07-28,Tamil Nadu,Theni,Kambam(Uzhavar Sandhai ),Mango,Safeda,Local,4000.0,4000.0,4000.0
2026-07-28,Tamil Nadu,Theni,Theni(Uzhavar Sandhai ),Mango,Neelam,Local,3000.0,6000.0,4500.0
2026-07-28,Tamil Nadu,Thiruchirappalli,KKNagar(Uzhavar Sandhai ),Mango,Other,Local,5000.0,5000.0,5000.0
2026-07-28,Tamil Nadu,Thiruchirappalli,Musiri(Uzhavar Sandhai ),Mango,Safeda,Local,2500.0,3000.0,2750.0
2026-07-28,Tamil Nadu,Thiruchirappalli,Thuraiyur APMC,Mango,Safeda,Local,7000.0,10000.0,8500.0
2026-07-28,Tamil Nadu,Thirunelveli,Palayamkottai(Uzhavar Sandhai ),Mango,Safeda,Local,6000.0,8000.0,7000.0
2026-07-28,Tamil Nadu,Thirupathur,Natrampalli(Uzhavar Sandhai ),Mango,Safeda,Local,2000.0,3000.0,2500.0
2026-07-28,Tamil Nadu,Vellore,Thirupathur APMC,Mango,Safeda,Local,4000.0,4000.0,4000.0
2026-07-28,Tamil Nadu,Thirupathur,Vaniyampadi(Uzhavar Sandhai ),Mango,Safeda,Local,3000.0,3000.0,3000.0
2026-07-28,Tamil Nadu,Thiruvannamalai,Arani(Uzhavar Sandhai ),Mango,Safeda,Local,4000.0,5000.0,4500.0
2026-07-28,Tamil Nadu,Thiruvannamalai,Chengam(Uzhavar Sandhai ),Mango,Safeda,Local,3500.0,4000.0,3750.0
2026-07-28,Tamil Nadu,Thiruvannamalai,Polur(Uzhavar Sandhai ),Mango,Safeda,Local,4200.0,5000.0,4600.0
2026-07-28,Tamil Nadu,Thiruvannamalai,Tamarainagar(Uzhavar Sandhai ),Mango,Safeda,Local,6000.0,7000.0,6500.0
2026-07-28,Tamil Nadu,Thiruvannamalai,Tiruvannamalai(Uzhavar Sandhai ),Mango,Safeda,Local,5000.0,6000.0,5500.0
2026-07-28,Tamil Nadu,Thiruvarur,Mannargudi I(Uzhavar Sandhai ),Mango,Safeda,Local,5000.0,6000.0,5500.0
2026-07-28,Tamil Nadu,Thiruvarur,Mannargudi II(Uzhavar Sandhai ),Mango,Safeda,Local,5000.0,5000.0,5000.0
2026-07-28,Tamil Nadu,Thiruvarur,Tiruthuraipoondi(Uzhavar Sandhai ),Mango,Safeda,Local,4000.0,4000.0,4000.0
2026-07-28,Tamil Nadu,Tuticorin,Tuticorin(Uzhavar Sandhai ),Mango,Safeda,Local,4500.0,5000.0,4750.0
2026-07-28,Tamil Nadu,Vellore,Gudiyatham(Uzhavar Sandhai ),Mango,Neelam,Local,3500.0,4000.0,3750.0
2026-07-28,Tamil Nadu,Vellore,Kahithapattarai(Uzhavar Sandhai ),Mango,Neelam,Local,4000.0,5000.0,4500.0
2026-07-28,Tamil Nadu,Vellore,Katpadi (Uzhavar Sandhai ),Mango,Safeda,Local,7000.0,8000.0,7500.0
2026-07-28,Tamil Nadu,Thirupur,Dharapuram(Uzhavar Sandhai ),Mango,Safeda,Local,6000.0,6000.0,6000.0
2026-07-28,Punjab,Sangrur,Bhawanigarh APMC,Mango,Other,Medium,5000.0,5500.0,5250.0
2026-07-28,Tamil Nadu,Ranipet,Ranipettai(Uzhavar Sandhai ),Mango,Neelam,Local,5000.0,6000.0,5500.0
2026-07-28,Punjab,Ropar (Rupnagar),Morinda APMC,Mango,Dusheri,Medium,4000.0,5000.0,4500.0
2026-07-28,Haryana,Sonipat,Sonepat APMC,Mango,Langra,Medium,2000.0,6000.0,4000.0
2026-07-28,Haryana,Sonipat,Sonepat(Kharkhoda) APMC,Mango,Other,Grade A,2000.0,5000.0,4200.0
2026-07-28,Haryana,Yamuna Nagar,Jagadhri APMC,Mango,Other,Medium,2000.0,8000.0,7000.0
2026-07-28,Himachal Pradesh,Bilaspur,PMY Bilaspur,Mango,Other,Grade B,6000.0,12000.0,9000.0
2026-07-28,Himachal Pradesh,Hamirpur,PMY Hamirpur,Mango,Other,Grade B,7000.0,10000.0,8500.0
2026-07-28,Himachal Pradesh,Hamirpur,SMY Nadaun,Mango,Other,Grade B,8000.0,15000.0,12000.0
2026-07-28,Himachal Pradesh,Kangra,PMY Kangra,Mango,Other,Medium,4000.0,6500.0,5000.0
2026-07-28,Himachal Pradesh,Kangra,SMY Baijnath,Mango,Dusheri,Grade B,6000.0,8000.0,8000.0
2026-07-28,Himachal Pradesh,Kangra,SMY Jaisinghpur,Mango,Other,Medium,5000.0,9500.0,7500.0
2026-07-28,Himachal Pradesh,Kangra,SMY Jassur,Mango,Other,Medium,3000.0,5000.0,4000.0
2026-07-28,Himachal Pradesh,Kangra,SMY Nagrota Bagwan,Mango,Other,Medium,4000.0,6000.0,5000.0
2026-07-28,Himachal Pradesh,Kangra,SMY Palampur,Mango,Other,Medium,4000.0,9000.0,6000.0
2026-07-28,Haryana,Sonipat,Sonepat APMC,Mango,Dusheri,Medium,1000.0,7000.0,4000.0
2026-07-28,Himachal Pradesh,Kullu,SMY Bhuntar,Mango,Other,Medium,5000.0,10000.0,8000.0
2026-07-28,Himachal Pradesh,Mandi,SMY Dhanotu,Mango,Other,Medium,5000.0,8000.0,6500.0
2026-07-28,Himachal Pradesh,Shimla,SMY Rohroo,Mango,Other,Grade B,6000.0,8000.0,7000.0
2026-07-28,Himachal Pradesh,Solan,SMY Nalagarh,Mango,Other,Medium,4000.0,4500.0,4300.0
2026-07-28,Himachal Pradesh,Una,PMY Una,Mango,Dusheri,Grade A,6000.0,7000.0,6500.0
2026-07-28,Himachal Pradesh,Una,PMY Una,Mango,Other,Grade A,7000.0,8000.0,7500.0
2026-07-28,Himachal Pradesh,Una,SMY Takarla,Mango,Other,Grade A,4000.0,6000.0,5000.0
2026-07-28,Jammu and Kashmir,Jammu,MAC F&V Market Narwal Jammu,Mango,Chausa,Medium,8000.0,9500.0,8750.0
2026-07-28,Jammu and Kashmir,Jammu,MAC F&V Market Narwal Jammu,Mango,Dusheri,Medium,7000.0,9000.0,8000.0
2026-07-28,Jammu and Kashmir,Jammu,MAC F&V Market Narwal Jammu,Mango,Langra,Medium,7000.0,9000.0,8000.0
2026-07-28,Jammu and Kashmir,Jammu,MAC F&V Market Narwal Jammu,Mango,Totapuri,Medium,4500.0,5500.0,5000.0
2026-07-28,Jammu and Kashmir,Rajouri,Rajouri (Phaliana) (F&V),Mango,Chausa,Grade B,5500.0,5500.0,5500.0
2026-07-28,Karnataka,Bengaluru,Binny Mill (FF&V) Bengaluru APMC,Mango,Neelam,Local,1500.0,2500.0,2000.0
2026-07-28,Himachal Pradesh,Mandi,PMY Kangni Mandi,Mango,Other,Grade B,6000.0,7000.0,6500.0
2026-07-28,Karnataka,Bengaluru,Binny Mill (FF&V) Bengaluru APMC,Mango,Totapuri,Local,800.0,1200.0,1000.0
2026-07-28,Haryana,Sonipat,Gohana APMC,Mango,Other,Medium,4000.0,6000.0,5000.0
2026-07-28,Haryana,Sirsa,Sirsa APMC,Mango,Other,Medium,3000.0,10000.0,5000.0
2026-07-28,Punjab,Sangrur,Ahmedgarh APMC,Mango,Badami,Medium,5700.0,6000.0,6000.0
2026-07-28,Andhra Pradesh,Anakapally,Payakaraopeta APMC,Mango,Other,Local,2800.0,3000.0,2900.0
2026-07-28,Andhra Pradesh,Chittor,Bangarupalyam APMC,Mango,Neelam,Grade B,2500.0,3500.0,3000.0
2026-07-28,Bihar,East Champaran/ Motihari,Motihari APMC,Mango,Other,Grade A,8000.0,8500.0,8200.0
2026-07-28,Chattisgarh,Bilaspur,Tiphra APMC,Mango,Dusheri,Grade B,3000.0,3500.0,3200.0
2026-07-28,Gujarat,Banaskanth,Deesa(Deesa Veg Yard) APMC,Mango,Other,Medium,2000.0,4000.0,3000.0
2026-07-28,Gujarat,Mehsana,Mehsana(Mehsana Veg) APMC,Mango,Badami,Local,1500.0,3500.0,3000.0
2026-07-28,Haryana,Ambala,Naraingarh APMC,Mango,Mango,Medium,2000.0,4000.0,2500.0
2026-07-28,Haryana,Faridabad,Faridabad APMC,Mango,Other,Grade B,7000.0,7000.0,7000.0
2026-07-28,Haryana,Fatehabad,Fatehabad APMC,Mango,Other,Local,8000.0,8000.0,8000.0
2026-07-28,Haryana,Gurgaon,Gurgaon APMC,Mango,Other,Grade B,3000.0,5000.0,4000.0
2026-07-28,Haryana,Hissar,Barwala(Hisar) APMC,Mango,Other,Local,8000.0,10000.0,9000.0
2026-07-28,Haryana,Sirsa,kalanwali APMC,Mango,Other,Local,5000.0,5000.0,5000.0
2026-07-28,Haryana,Hissar,Hansi APMC,Mango,Other,Grade B,4000.0,8000.0,6000.0
2026-07-28,Haryana,Jind,Safidon APMC,Mango,Other,Medium,3500.0,6000.0,4500.0
2026-07-28,Haryana,Karnal,Tarori APMC,Mango,Other,Grade A,3000.0,4000.0,3500.0
2026-07-28,Haryana,Kurukshetra,Ladwa APMC,Mango,Dusheri,Medium,4000.0,6000.0,5000.0
2026-07-28,Haryana,Kurukshetra,Shahabad APMC,Mango,Other,Medium,2500.0,4000.0,3000.0
2026-07-28,Haryana,Mahendragarh-Narnaul,Mohindergarh APMC,Mango,Other,Medium,4000.0,4000.0,4000.0
2026-07-28,Haryana,Mahendragarh-Narnaul,Narnaul APMC,Mango,Mango,Medium,5000.0,7000.0,6000.0
2026-07-28,Haryana,Mewat,Tauru APMC,Mango,Other,Medium,5000.0,5000.0,5000.0
2026-07-28,Haryana,Panipat,Panipat APMC,Mango,Other,Local,3000.0,7000.0,5000.0
2026-07-28,Haryana,Panipat,Samalkha APMC,Mango,Other,Grade A,5500.0,5500.0,5500.0
2026-07-28,Haryana,Rohtak,Meham APMC,Mango,Other,Medium,2000.0,3000.0,2500.0
2026-07-28,Haryana,Rohtak,Rohtak APMC,Mango,Other,Medium,4000.0,7000.0,5000.0
2026-07-28,Haryana,Rohtak,Sampla APMC,Mango,Other,Local,6000.0,6000.0,6000.0
2026-07-28,Haryana,Hissar,Uklana APMC,Mango,Other,Medium,4500.0,5000.0,5000.0
2026-07-28,Madhya Pradesh,Harda,Harda(F&V) APMC,Mango,Neelam,Medium,3500.0,4500.0,4000.0
2026-07-28,Andhra Pradesh,Tirupathi,Puttur APMC,Mango,Other,Local,1100.0,1200.0,1150.0
2026-07-28,Madhya Pradesh,Sagar,Sagar(F&V) APMC,Mango,Other,Local,3000.0,5000.0,4000.0
2026-07-28,Punjab,Bhatinda,Rampuraphul(Nabha Mandi) APMC,Mango,Other,Grade A,4000.0,9000.0,7000.0
2026-07-28,Punjab,Fatehgarh,Bassi Pathana APMC,Mango,Other,Medium,7000.0,8000.0,7500.0
2026-07-28,Punjab,Fazilka,Fazilka APMC,Mango,Other,Medium,7000.0,7000.0,7000.0
2026-07-28,Punjab,Fazilka,Jalalabad APMC,Mango,Other,Medium,4700.0,5000.0,4800.0
2026-07-28,Punjab,Ferozpur,Firozepur City APMC,Mango,Other,Grade A,9500.0,9500.0,9500.0
2026-07-28,Punjab,Ferozpur,Zira APMC,Mango,Chausa,Local,5000.0,5000.0,5000.0
2026-07-28,Punjab,Gurdaspur,Dinanagar APMC,Mango,Other,Medium,4000.0,5000.0,4500.0
2026-07-28,Punjab,Gurdaspur,Gurdaspur APMC,Mango,Other,Grade A,4650.0,4650.0,4650.0
2026-07-28,Punjab,Hoshiarpur,Dasuya APMC,Mango,Other,Grade B,4500.0,4500.0,4500.0
2026-07-28,Punjab,Hoshiarpur,Garh Shankar(Mahalpur) APMC,Mango,Dusheri,Medium,5500.0,5500.0,5500.0
2026-07-28,Punjab,Hoshiarpur,Tanda Urmur APMC,Mango,Totapuri,Grade A,4000.0,5000.0,4500.0
2026-07-28,Punjab,Jalandhar,Jalandhar City(Jalandhar) APMC,Mango,Other,Medium,2000.0,5500.0,4200.0
2026-07-28,Punjab,Ludhiana,Khanna APMC,Mango,Safeda,Grade A,5000.0,5000.0,5000.0
2026-07-28,Punjab,Ludhiana,Ludhiana APMC,Mango,Other,Medium,2000.0,5500.0,3000.0
2026-07-28,Punjab,Ludhiana,Raikot APMC,Mango,Chausa,Grade A,5460.0,5460.0,5460.0
2026-07-28,Punjab,Mansa,Mansa APMC,Mango,Other,Grade A,4730.0,4730.0,4730.0
2026-07-28,Punjab,Moga,Baghapurana APMC,Mango,Dusheri,Grade B,4000.0,6000.0,5000.0
2026-07-28,Punjab,Mohali,Banur APMC,Mango,Other,Local,6666.0,6666.0,6666.0
2026-07-28,Punjab,Mohali,Kharar APMC,Mango,Other,Medium,2500.0,4500.0,3000.0
2026-07-28,Punjab,Muktsar,Muktsar APMC,Mango,Other,Medium,2500.0,5800.0,4100.0
2026-07-28,Punjab,Nawanshahr,Nawan Shahar(Subzi Mandi) APMC,Mango,Other,Medium,6000.0,7000.0,6600.0
2026-07-28,Punjab,Patiala,Nabha APMC,Mango,Other,Grade B,3500.0,7000.0,5200.0
2026-07-28,Punjab,Patiala,Patiala APMC,Mango,Other,Grade B,3000.0,3200.0,3100.0
2026-07-28,Punjab,Patiala,Rajpura APMC,Mango,Chausa,Grade A,5000.0,5200.0,5050.0
2026-07-28,Madhya Pradesh,Indore,Indore(F&V) APMC,Mango,Other,Local,1500.0,6000.0,4500.0
2026-07-28,Punjab,Bhatinda,Raman APMC,Mango,Other,Medium,4005.0,6035.0,5035.0
2026-07-28,Punjab,Bhatinda,Bhagta Bhai Ka APMC,Mango,Other,Medium,3600.0,3600.0,3600.0
2026-07-28,Punjab,Patiala,Patran APMC,Mango,Other,Grade A,4280.0,4280.0,4280.0
2026-07-28,Odisha,Mayurbhanja,Narasinghpur APMC,Mango,Langra,Local,3000.0,5000.0,4000.0
2026-07-28,Madhya Pradesh,Sehore,Sehore(F&V) APMC,Mango,Badami,Grade Range-1,3000.0,5000.0,4500.0
2026-07-28,Punjab,Bhatinda,Bathinda APMC,Mango,Other,Grade B,4000.0,6000.0,5000.0
2026-07-28,Maharashtra,Ahilyanagar,Ahilyanagar APMC,Mango,Totapuri,Local,1000.0,2600.0,1800.0
2026-07-28,Maharashtra,Ahilyanagar,Rahata APMC,Mango,Other,Local,2000.0,2000.0,2000.0
2026-07-28,Maharashtra,Amarawati,Amrawati(Frui & Veg. Market) APMC,Mango,Totapuri,Local,2000.0,3000.0,2500.0
2026-07-28,Maharashtra,Chattrapati Sambhajinagar,Chattrapati Sambhajinagar APMC,Mango,Other,Local,3500.0,5500.0,4500.0
2026-07-28,Maharashtra,Mumbai,Mumbai- Fruit Market APMC,Mango,Other,Local,5000.0,14000.0,9500.0
2026-07-28,Maharashtra,Nagpur,Nagpur APMC,Mango,Other,Local,2500.0,3500.0,3250.0
2026-07-28,Maharashtra,Nashik,Nasik APMC,Mango,Other,Local,1800.0,4000.0,2000.0
2026-07-28,Maharashtra,Palghar,Kalyan APMC,Mango,Totapuri,Local,2000.0,2400.0,2200.0
2026-07-28,Maharashtra,Pune,Pune(Moshi) APMC,Mango,Other,Local,4000.0,10000.0,7000.0
2026-07-28,Maharashtra,Sangli,"Sangli(Phale, Bhajipala Market) APMC",Mango,Totapuri,Local,2000.0,3000.0,2500.0
2026-07-28,Maharashtra,Solapur,SHRI.SIDDHESHWAR  APMC,Mango,Other,Local,2500.0,2500.0,2500.0
2026-07-28,Punjab,Patiala,Rajpura APMC,Mango,Dusheri,Grade A,6000.0,6200.0,6100.0
2026-07-28,NCT of Delhi,Delhi,APMC Azadpur,Mango,Dinga,Grade A,3000.0,4000.0,3400.0
2026-07-28,NCT of Delhi,Delhi,APMC Azadpur,Mango,Chausa,Grade A,5000.0,10000.0,7679.0
2026-07-28,Odisha,Gajapati,Kasinagar APMC,Mango,Badami,Grade Range-1,1800.0,2000.0,1900.0
2026-07-28,NCT of Delhi,Delhi,APMC Keshopur,Mango,Other,Medium,5000.0,8000.0,6500.0
2026-07-28,NCT of Delhi,Delhi,APMC Azadpur,Mango,Totapuri,Grade A,2143.0,3214.0,2643.0
2026-07-28,NCT of Delhi,Delhi,APMC Azadpur,Mango,Surkha,Grade A,2500.0,6000.0,4000.0
2026-07-28,NCT of Delhi,Delhi,APMC Azadpur,Mango,Saroli,Grade A,1000.0,2000.0,1500.0
2026-07-28,Odisha,Mayurbhanja,Narasinghpur APMC,Mango,Amrapali,Local,3000.0,5000.0,4000.0
2026-07-28,NCT of Delhi,Delhi,APMC Azadpur,Mango,Langra,Grade A,5000.0,8000.0,6100.0
2026-07-28,NCT of Delhi,Delhi,APMC Azadpur,Mango,Keshar,Grade A,4286.0,7143.0,5429.0
2026-07-28,NCT of Delhi,Delhi,APMC Azadpur,Mango,Hapus(Alphaso),Grade A,10000.0,16667.0,13333.0
2026-07-28,NCT of Delhi,Delhi,APMC Azadpur,Mango,Dusheri,Grade A,1429.0,3571.0,2393.0
2026-07-28,NCT of Delhi,Delhi,APMC Azadpur,Mango,Fazli,Grade A,2857.0,5714.0,4464.0
2026-07-28,NCT of Delhi,Delhi,APMC Azadpur,Mango,Safeda,Grade A,3571.0,5714.0,4950.0
2026-07-29,Tamil Nadu,Krishnagiri,Krishnagiri(Uzhavar Sandhai ),Mango,Neelam,Local,2500.0,3500.0,3000.0
2026-07-29,Tamil Nadu,Madurai,Anaiyur(Uzhavar Sandhai ),Mango,Safeda,Local,4500.0,7000.0,5750.0
2026-07-29,Tamil Nadu,Madurai,Anna nagar(Uzhavar Sandhai ),Mango,Other,Local,5000.0,5000.0,5000.0
2026-07-29,Tamil Nadu,Madurai,Chokkikulam(Uzhavar Sandhai ),Mango,Safeda,Local,5000.0,8000.0,6500.0
2026-07-29,Tamil Nadu,Madurai,Melur(Uzhavar Sandhai ),Mango,Safeda,Local,4000.0,4500.0,4250.0
2026-07-29,Tamil Nadu,Nagapattinam,Nagapattinam(Uzhavar Sandhai ),Mango,Other,Local,6000.0,7000.0,6500.0
2026-07-29,Tamil Nadu,Nagercoil (Kannyiakumari),Vadaseri APMC,Mango,Safeda,Local,7000.0,8000.0,7500.0
2026-07-29,Tamil Nadu,Namakkal,Namakkal(Uzhavar Sandhai ),Mango,Neelam,Local,6000.0,7000.0,6500.0
2026-07-29,Tamil Nadu,Namakkal,Rasipuram(Uzhavar Sandhai ),Mango,Other,Local,3000.0,5000.0,4000.0
2026-07-29,Tamil Nadu,Perambalur,Perambalur(Uzhavar Sandhai ),Mango,Other,Local,5000.0,7000.0,6000.0
2026-07-29,Tamil Nadu,Pudukkottai,Pudukottai(Uzhavar Sandhai ),Mango,Neelam,Local,4000.0,5000.0,4500.0
2026-07-29,Tamil Nadu,Ranipet,Arcot(Uzhavar Sandhai ),Mango,Neelam,Local,6000.0,6000.0,6000.0
2026-07-29,Tamil Nadu,Ranipet,Ranipettai(Uzhavar Sandhai ),Mango,Neelam,Local,6000.0,7000.0,6500.0
2026-07-29,Tamil Nadu,Salem,Ammapet(Uzhavar Sandhai ),Mango,Neelam,Local,6000.0,7000.0,6500.0
2026-07-29,Tamil Nadu,Karur,Pallapatti (Uzhavar Sandhai ),Mango,Safeda,Local,4600.0,5000.0,4800.0
2026-07-29,Tamil Nadu,Salem,Sooramangalam(Uzhavar Sandhai ),Mango,Neelam,Local,4000.0,5000.0,4500.0
2026-07-29,Tamil Nadu,Salem,Thammampatti (Uzhavar Sandhai ),Mango,Safeda,Local,4000.0,5000.0,4500.0
2026-07-29,Tamil Nadu,Salem,Thathakapatti(Uzhavar Sandhai ),Mango,Safeda,Local,4000.0,5000.0,4500.0
2026-07-29,Tamil Nadu,Salem,Vazhapadi(Uzhavar Sandhai),Mango,Neelam,Local,4000.0,5000.0,4500.0
2026-07-29,Tamil Nadu,Sivaganga,Singampunari(Uzhavar Sandhai ),Mango,Other,Local,4200.0,4600.0,4400.0
2026-07-29,Tamil Nadu,Sivaganga,Sivagangai (Uzhavar Sandhai ),Mango,Safeda,Local,4500.0,5500.0,5000.0
2026-07-29,Tamil Nadu,Tenkasi,Sankarankoil(Uzhavar Sandhai ),Mango,Safeda,Local,4000.0,4000.0,4000.0
2026-07-29,Tamil Nadu,Tenkasi,Tenkasi(Uzhavar Sandhai ),Mango,Neelam,Local,5000.0,5000.0,5000.0
2026-07-29,Tamil Nadu,Pudukkottai,Gandarvakottai(Uzhavar Sandhai ),Mango,Safeda,Local,4500.0,5000.0,4750.0
2026-07-29,Tamil Nadu,Salem,Hasthampatti(Uzhavar Sandhai ),Mango,Neelam,Local,4000.0,5000.0,4500.0
2026-07-29,Tamil Nadu,Erode,Periyar Nagar(Uzhavar Sandhai ),Mango,Neelam,Local,5500.0,6000.0,5750.0
2026-07-29,Tamil Nadu,Karur,Karur(Uzhavar Sandhai ),Mango,Neelam,Local,7500.0,8000.0,7750.0
2026-07-29,Punjab,Sangrur,Sangrur APMC,Mango,Dusheri,Grade B,4000.0,10000.0,5000.0
2026-07-29,Tamil Nadu,Thanjavur,Kumbakonam (Uzhavar Sandhai ),Mango,Safeda,Local,3000.0,9000.0,6000.0
2026-07-29,Punjab,Tarntaran,Patti APMC,Mango,Other,Grade B,560.0,560.0,560.0
2026-07-29,Rajasthan,Ganganagar,Sriganganagar (F&V) APMC,Mango,Amrapali,Grade B,5500.0,5900.0,5700.0
2026-07-29,Rajasthan,Kota,Kota (F&V) APMC,Mango,Other,Medium,8000.0,8000.0,8000.0
2026-07-29,Tamil Nadu,Chengalpattu,Guduvancheri(Uzhavar Sandhai ),Mango,Neelam,Local,5000.0,6000.0,5500.0
2026-07-29,Tamil Nadu,Chengalpattu,Jameenrayapettai(Uzhavar Sandhai ),Mango,Neelam,Local,6000.0,7000.0,6500.0
2026-07-29,Tamil Nadu,Chengalpattu,Medavakkam(Uzhavar Sandhai ),Mango,Safeda,Local,5000.0,5000.0,5000.0
2026-07-29,Tamil Nadu,Chengalpattu,Nanganallur(Uzhavar Sandhai ),Mango,Neelam,Local,4500.0,5000.0,4750.0
2026-07-29,Tamil Nadu,Coimbatore,Kurichi(Uzhavar Sandhai ),Mango,Neelam,Local,7000.0,8000.0,7500.0
2026-07-29,Tamil Nadu,Coimbatore,Mettupalayam(Uzhavar Sandhai ),Mango,Safeda,Local,6000.0,10000.0,8000.0
2026-07-29,Tamil Nadu,Coimbatore,RSPuram(Uzhavar Sandhai ),Mango,Neelam,Local,6000.0,7000.0,6500.0
2026-07-29,Tamil Nadu,Coimbatore,Singanallur(Uzhavar Sandhai ),Mango,Safeda,Local,7500.0,8000.0,7750.0
2026-07-29,Tamil Nadu,Coimbatore,Sundarapuram(Uzhavar Sandhai ),Mango,Neelam,Local,7000.0,8000.0,7500.0
2026-07-29,Tamil Nadu,Coimbatore,Vadavalli(Uzhavar Sandhai ),Mango,Safeda,Local,6000.0,8000.0,7000.0
2026-07-29,Tamil Nadu,Cuddalore,Panruti(Uzhavar Sandhai ),Mango,Safeda,Local,5000.0,5000.0,5000.0
2026-07-29,Tamil Nadu,Dharmapuri,Dharmapuri(Uzhavar Sandhai ),Mango,Safeda,Local,4500.0,5000.0,4750.0
2026-07-29,Tamil Nadu,Dharmapuri,Pennagaram(Uzhavar Sandhai ),Mango,Safeda,Local,2800.0,3000.0,2900.0
2026-07-29,Tamil Nadu,Dindigul,Chinnalapatti(Uzhavar Sandhai ),Mango,Neelam,Local,4000.0,5000.0,4500.0
2026-07-29,Tamil Nadu,Dindigul,Dindigul(Uzhavar Sandhai ),Mango,Safeda,Local,4000.0,5000.0,4500.0
2026-07-29,Tamil Nadu,Dindigul,Palani(Uzhavar Sandhai ),Mango,Neelam,Local,2500.0,4000.0,3250.0
2026-07-29,Tamil Nadu,Erode,Sampath Nagar(Uzhavar Sandhai ),Mango,Safeda,Local,3500.0,6000.0,4750.0
2026-07-29,Tamil Nadu,Kallakuruchi,Kallakurichi(Uzhavar Sandhai ),Mango,Other,Local,4000.0,4000.0,4000.0
2026-07-29,Tamil Nadu,Kallakuruchi,Sankarapuram(Uzhavar Sandhai ),Mango,Neelam,Local,5000.0,5000.0,5000.0
2026-07-29,Tamil Nadu,Karur,Gandhigramam(Uzhavar Sandhai),Mango,Neelam,Local,5000.0,8000.0,6500.0
2026-07-29,Tamil Nadu,Karur,Kulithalai(Uzhavar Sandhai ),Mango,Neelam,Local,5000.0,6000.0,5500.0
2026-07-29,Tamil Nadu,Cuddalore,Cuddalore(Uzhavar Sandhai ),Mango,Safeda,Local,5000.0,5000.0,5000.0
2026-07-29,Tamil Nadu,Vellore,Thirupathur APMC,Mango,Safeda,Local,4000.0,4000.0,4000.0
2026-07-29,Tamil Nadu,The Nilgiris,Udhagamandalam(Uzhavar Sandhai ),Mango,Safeda,Local,10000.0,12000.0,11000.0
2026-07-29,Telangana,Ranga Reddy,Gaddiannaram APMC,Mango,Langra,Medium,2000.0,6000.0,3000.0
2026-07-29,Telangana,Ranga Reddy,Gaddiannaram APMC,Mango,Neelam,Medium,1666.68,6111.16,4444.48
2026-07-29,Telangana,Ranga Reddy,Gaddiannaram APMC,Mango,Totapuri,Medium,1666.68,4444.48,2777.8
2026-07-29,Telangana,Warangal,Warangal APMC,Mango,Totapuri,Small,1000.0,1000.0,1000.0
2026-07-29,Uttar Pradesh,Aligarh,Atrauli APMC,Mango,Other,Medium,2800.0,3000.0,2900.0
2026-07-29,Uttar Pradesh,Badaun,Shahaswan APMC,Mango,Other,Medium,2500.0,3050.0,3000.0
2026-07-29,Uttar Pradesh,Mau(Maunathbhanjan),Kopaganj APMC,Mango,Dusheri,Grade B,3330.0,3400.0,3340.0
2026-07-29,Uttar Pradesh,Rampur,Bilaspur APMC,Mango,Dusheri,Medium,2700.0,3100.0,2900.0
2026-07-29,Uttar Pradesh,Shamli,Khandhla APMC,Mango,Dusheri,Medium,4800.0,4900.0,4850.0
2026-07-29,Uttarakhand,Dehradoon,Dehradoon APMC,Mango,Other,Grade B,1850.0,2500.0,2000.0
2026-07-29,Uttarakhand,Dehradoon,Rishikesh APMC,Mango,Chausa,Medium,4800.0,6000.0,5050.0
2026-07-29,Tamil Nadu,Virudhunagar,Aruppukottai(Uzhavar Sandhai ),Mango,Safeda,Local,5000.0,6000.0,5500.0
2026-07-29,Uttarakhand,Dehradoon,Rishikesh APMC,Mango,Fazli,Medium,2000.0,2800.0,2600.0
2026-07-29,Uttarakhand,Dehradoon,Vikasnagar APMC,Mango,Other,Medium,500.0,900.0,900.0
2026-07-29,Uttarakhand,Garhwal (Pauri),Kotadwara APMC,Mango,Other,Medium,2800.0,2800.0,2800.0
2026-07-29,Uttarakhand,Haridwar,Haridwar Union APMC,Mango,Chausa,Grade C,3500.0,4500.0,4000.0
2026-07-29,Uttarakhand,Haridwar,Haridwar Union APMC,Mango,Other,Grade C,1500.0,2500.0,2000.0
2026-07-29,Uttarakhand,Haridwar,Manglaur APMC,Mango,Other,Medium,1000.0,1800.0,1500.0
2026-07-29,Uttarakhand,Haridwar,Roorkee APMC,Mango,Other,Local,1200.0,2000.0,1500.0
2026-07-29,Uttarakhand,Nanital,Haldwani APMC,Mango,Other,Grade A,800.0,2500.0,1500.0
2026-07-29,Uttarakhand,Udhamsinghnagar,Jaspur(UC) APMC,Mango,Other,Grade A,2800.0,2800.0,2800.0
2026-07-29,Uttarakhand,Udhamsinghnagar,Kicchha APMC,Mango,Chausa,Medium,3000.0,4000.0,3500.0
2026-07-29,Uttarakhand,Udhamsinghnagar,Rudrapur APMC,Mango,Other,Medium,4000.0,8000.0,6000.0
2026-07-29,Punjab,Sangrur,Ahmedgarh APMC,Mango,Badami,Medium,5800.0,6000.0,6000.0
2026-07-29,Uttarakhand,Dehradoon,Rishikesh APMC,Mango,Langra,Medium,2500.0,4700.0,3600.0
2026-07-29,Tamil Nadu,Villupuram,Villupuram(Uzhavar Sandhai ),Mango,Safeda,Local,7000.0,10000.0,8500.0
2026-07-29,Tamil Nadu,Villupuram,Tindivanam APMC,Mango,Safeda,Local,5000.0,5000.0,5000.0
2026-07-29,Tamil Nadu,Vellore,Vellore APMC,Mango,Safeda,Local,6000.0,8000.0,7000.0
2026-07-29,Tamil Nadu,Theni,Bodinayakanur(Uzhavar Sandhai ),Mango,Safeda,Local,5000.0,5000.0,5000.0
2026-07-29,Tamil Nadu,Theni,Devaram(Uzhavar Sandhai ),Mango,Safeda,Local,5000.0,5000.0,5000.0
2026-07-29,Tamil Nadu,Theni,Kambam(Uzhavar Sandhai ),Mango,Safeda,Local,4000.0,5000.0,4500.0
2026-07-29,Tamil Nadu,Theni,Theni(Uzhavar Sandhai ),Mango,Neelam,Local,3000.0,6000.0,4500.0
2026-07-29,Tamil Nadu,Thiruchirappalli,KKNagar(Uzhavar Sandhai ),Mango,Safeda,Local,5000.0,5000.0,5000.0
2026-07-29,Tamil Nadu,Thiruchirappalli,Lalgudi(Uzhavar Sandhai ),Mango,Safeda,Local,4000.0,4000.0,4000.0
2026-07-29,Tamil Nadu,Thiruchirappalli,Musiri(Uzhavar Sandhai ),Mango,Safeda,Local,3000.0,3000.0,3000.0
2026-07-29,Tamil Nadu,Thiruchirappalli,Thuraiyur APMC,Mango,Safeda,Local,8000.0,10000.0,9000.0
2026-07-29,Tamil Nadu,Thirunelveli,Palayamkottai(Uzhavar Sandhai ),Mango,Safeda,Local,6000.0,8000.0,7000.0
2026-07-29,Tamil Nadu,Thirupathur,Natrampalli(Uzhavar Sandhai ),Mango,Safeda,Local,2000.0,3000.0,2500.0
2026-07-29,Tamil Nadu,Thirupathur,Vaniyampadi(Uzhavar Sandhai ),Mango,Safeda,Local,3000.0,3000.0,3000.0
2026-07-29,Tamil Nadu,Thirupur,Dharapuram(Uzhavar Sandhai ),Mango,Safeda,Local,5500.0,6000.0,5750.0
2026-07-29,Tamil Nadu,Thiruvannamalai,Arani(Uzhavar Sandhai ),Mango,Safeda,Local,4000.0,5000.0,4500.0
2026-07-29,Tamil Nadu,Thiruvannamalai,Chengam(Uzhavar Sandhai ),Mango,Safeda,Local,3300.0,4000.0,3650.0
2026-07-29,Tamil Nadu,Thiruvannamalai,Polur(Uzhavar Sandhai ),Mango,Safeda,Local,4000.0,5000.0,4500.0
2026-07-29,Tamil Nadu,Thiruvannamalai,Tamarainagar(Uzhavar Sandhai ),Mango,Safeda,Local,6000.0,7000.0,6500.0
2026-07-29,Tamil Nadu,Thiruvannamalai,Tiruvannamalai(Uzhavar Sandhai ),Mango,Safeda,Local,5000.0,6000.0,5500.0
2026-07-29,Tamil Nadu,Thiruvarur,Mannargudi I(Uzhavar Sandhai ),Mango,Safeda,Local,5000.0,6000.0,5500.0
2026-07-29,Tamil Nadu,Thiruvarur,Mannargudi II(Uzhavar Sandhai ),Mango,Safeda,Local,5000.0,6000.0,5500.0
2026-07-29,Tamil Nadu,Thiruvarur,Tiruthuraipoondi(Uzhavar Sandhai ),Mango,Safeda,Local,4000.0,4000.0,4000.0
2026-07-29,Tamil Nadu,Vellore,Gudiyatham(Uzhavar Sandhai ),Mango,Neelam,Local,4000.0,4000.0,4000.0
2026-07-29,Tamil Nadu,Vellore,Kahithapattarai(Uzhavar Sandhai ),Mango,Neelam,Local,4000.0,5000.0,4500.0
2026-07-29,Tamil Nadu,Vellore,Katpadi (Uzhavar Sandhai ),Mango,Safeda,Local,7000.0,8000.0,7500.0
2026-07-29,Tamil Nadu,Vellore,Pallikonda(Uzhavar Sandhai),Mango,Other,Local,7000.0,8000.0,7500.0
2026-07-29,Tamil Nadu,Vellore,Perampet(Uzhavar Sandhai),Mango,Neelam,Local,3500.0,4000.0,3750.0
2026-07-29,Tamil Nadu,Thanjavur,Thanjavur(Uzhavar Sandhai ),Mango,Safeda,Local,5000.0,7000.0,6000.0
2026-07-29,Punjab,Ropar (Rupnagar),Morinda APMC,Mango,Other,Local,5000.0,5000.0,5000.0
2026-07-29,Himachal Pradesh,Una,PMY Una,Mango,Other,Grade A,6000.0,7000.0,6500.0
2026-07-29,Punjab,Patiala,Rajpura APMC,Mango,Safeda,Grade A,7000.0,7200.0,7100.0
2026-07-29,Haryana,Rohtak,Sampla APMC,Mango,Other,Local,5000.0,5000.0,5000.0
2026-07-29,Haryana,Sirsa,Sirsa APMC,Mango,Other,Medium,4000.0,10000.0,5500.0
2026-07-29,Haryana,Sonipat,Ganaur APMC,Mango,Other,Medium,6000.0,8000.0,7000.0
2026-07-29,Haryana,Sonipat,Gohana APMC,Mango,Other,Medium,4000.0,6000.0,5000.0
2026-07-29,Haryana,Sonipat,Sonepat APMC,Mango,Other,Medium,6000.0,8000.0,7000.0
2026-07-29,Haryana,Sonipat,Sonepat(Kharkhoda) APMC,Mango,Other,Grade A,2500.0,5000.0,4200.0
2026-07-29,Haryana,Yamuna Nagar,Chhachrauli APMC,Mango,Other,Grade A,2000.0,2000.0,2000.0
2026-07-29,Haryana,Yamuna Nagar,Jagadhri APMC,Mango,Other,Medium,3500.0,7000.0,6000.0
2026-07-29,Haryana,Yamuna Nagar,Radaur APMC,Mango,Other,Medium,2300.0,2500.0,2400.0
2026-07-29,Himachal Pradesh,Bilaspur,PMY Bilaspur,Mango,Other,Grade B,8000.0,12000.0,8900.0
2026-07-29,Himachal Pradesh,Chamba,PMY Chamba,Mango,Dusheri,Medium,5500.0,6000.0,5750.0
2026-07-29,Haryana,Rohtak,Rohtak APMC,Mango,Other,Medium,4000.0,7000.0,5000.0
2026-07-29,Himachal Pradesh,Hamirpur,PMY Hamirpur,Mango,Other,Grade B,7000.0,10000.0,8500.0
2026-07-29,Himachal Pradesh,Kangra,PMY Kangra,Mango,Other,Medium,4000.0,6500.0,5500.0
2026-07-29,Himachal Pradesh,Kangra,SMY Jaisinghpur,Mango,Other,Medium,7500.0,9500.0,8500.0
2026-07-29,Himachal Pradesh,Kangra,SMY Nagrota Bagwan,Mango,Other,Medium,4000.0,6000.0,5000.0
2026-07-29,Himachal Pradesh,Kangra,SMY Palampur,Mango,Other,Medium,7000.0,9000.0,8000.0
2026-07-29,Himachal Pradesh,Kullu,PMY Kullu,Mango,Other,Medium,7000.0,8000.0,7500.0
2026-07-29,Himachal Pradesh,Kullu,SMY Bhuntar,Mango,Other,Medium,5500.0,10000.0,8000.0
2026-07-29,Himachal Pradesh,Mandi,PMY Kangni Mandi,Mango,Other,Grade B,5000.0,10000.0,8000.0
2026-07-29,Himachal Pradesh,Mandi,SMY Dhanotu,Mango,Other,Medium,6500.0,7000.0,6750.0
2026-07-29,Himachal Pradesh,Shimla,PMY Dhalli Shimla,Mango,Other,Grade A,5000.0,20000.0,9000.0
2026-07-29,Himachal Pradesh,Shimla,SMY Rohroo,Mango,Other,Grade B,6000.0,9000.0,7500.0
2026-07-29,Himachal Pradesh,Solan,PMY Kather Solan,Mango,Other,Medium,2500.0,13000.0,8000.0
2026-07-29,Himachal Pradesh,Hamirpur,SMY Nadaun,Mango,Other,Grade B,7000.0,10000.0,8500.0
2026-07-29,Haryana,Rohtak,Meham APMC,Mango,Other,Medium,2500.0,5000.0,4000.0
2026-07-29,Haryana,Rewari,Kosli APMC,Mango,Other,Medium,4000.0,4000.0,4000.0
2026-07-29,Haryana,Panipat,Panipat APMC,Mango,Other,Local,3000.0,7000.0,5000.0
2026-07-29,Uttarakhand,Udhamsinghnagar,Sitarganj APMC,Mango,Chausa,Grade B,3500.0,5200.0,4500.0
2026-07-29,Andhra Pradesh,Anakapally,Payakaraopeta APMC,Mango,Other,Local,2600.0,2800.0,2700.0
2026-07-29,Andhra Pradesh,Chittor,Bangarupalyam APMC,Mango,Neelam,Grade B,2500.0,3500.0,3000.0
2026-07-29,Andhra Pradesh,Tirupathi,Puttur APMC,Mango,Other,Local,1100.0,1200.0,1150.0
2026-07-29,Chattisgarh,Bilaspur,Tiphra APMC,Mango,Dusheri,Grade B,3000.0,3200.0,3100.0
2026-07-29,Chattisgarh,Durg,Durg APMC,Mango,Dusheri,Medium,5000.0,6000.0,6000.0
2026-07-29,Gujarat,Mehsana,Mehsana(Mehsana Veg) APMC,Mango,Badami,Local,4000.0,6000.0,5000.0
2026-07-29,Haryana,Ambala,Naraingarh APMC,Mango,Mango,Medium,2200.0,3500.0,2600.0
2026-07-29,Haryana,Faridabad,Ballabhgarh APMC,Mango,Other,Grade A,4000.0,5000.0,4500.0
2026-07-29,Haryana,Faridabad,Faridabad APMC,Mango,Other,Grade B,6500.0,6500.0,6500.0
2026-07-29,Haryana,Fatehabad,Fatehabad APMC,Mango,Other,Local,8000.0,8000.0,8000.0
2026-07-29,Haryana,Gurgaon,Gurgaon APMC,Mango,Other,Grade B,5000.0,7000.0,6000.0
2026-07-29,Haryana,Gurgaon,Pataudi APMC,Mango,Other,Grade B,4000.0,4500.0,4200.0
2026-07-29,Haryana,Hissar,Barwala(Hisar) APMC,Mango,Other,Local,4000.0,8000.0,6000.0
2026-07-29,Haryana,Hissar,Hansi APMC,Mango,Other,Grade B,4000.0,8000.0,6000.0
2026-07-29,Haryana,Hissar,Uklana APMC,Mango,Other,Medium,4000.0,4500.0,4500.0
2026-07-29,Haryana,Jhajar,Jhajjar APMC,Mango,Other,Medium,8000.0,8000.0,8000.0
2026-07-29,Haryana,Jind,Narwana APMC,Mango,Other,Local,4000.0,9000.0,6500.0
2026-07-29,Haryana,Karnal,Tarori APMC,Mango,Chausa,Grade A,3500.0,4000.0,3800.0
2026-07-29,Haryana,Kurukshetra,Ladwa APMC,Mango,Dusheri,Medium,4000.0,6000.0,5000.0
2026-07-29,Haryana,Kurukshetra,Shahabad APMC,Mango,Other,Medium,3000.0,7000.0,4500.0
2026-07-29,Haryana,Kurukshetra,Thanesar APMC,Mango,Other,Medium,2000.0,7000.0,4500.0
2026-07-29,Haryana,Mahendragarh-Narnaul,Mohindergarh APMC,Mango,Other,Medium,3500.0,4000.0,4000.0
2026-07-29,Haryana,Mewat,Punhana APMC,Mango,Other,Medium,5000.0,5000.0,5000.0
2026-07-29,Haryana,Mewat,Tauru APMC,Mango,Other,Medium,5000.0,5000.0,5000.0
2026-07-29,Himachal Pradesh,Una,PMY Una,Mango,Dusheri,Grade A,6000.0,6500.0,6250.0
2026-07-29,Punjab,Ropar (Rupnagar),Chamkaur Sahib APMC,Mango,Other,Medium,7000.0,7000.0,7000.0
2026-07-29,Himachal Pradesh,Una,SMY Takarla,Mango,Other,Grade A,4000.0,7000.0,6000.0
2026-07-29,Jammu and Kashmir,Jammu,MAC F&V Market Narwal Jammu,Mango,Langra,Medium,7000.0,9000.0,8000.0
2026-07-29,Punjab,Fazilka,Fazilka APMC,Mango,Other,Medium,7000.0,7000.0,7000.0
2026-07-29,Punjab,Fazilka,Jalalabad APMC,Mango,Other,Medium,5000.0,5500.0,5200.0
2026-07-29,Punjab,Ferozpur,Ferozepur Cantt. APMC,Mango,Other,Grade A,5000.0,6000.0,5500.0
2026-07-29,Punjab,Ferozpur,Firozepur City APMC,Mango,Dusheri,Grade A,9000.0,9000.0,9000.0
2026-07-29,Punjab,Ferozpur,Zira APMC,Mango,Chausa,Local,4900.0,4900.0,4900.0
2026-07-29,Punjab,Gurdaspur,Gurdaspur APMC,Mango,Other,Grade A,4600.0,4600.0,4600.0
2026-07-29,Punjab,Hoshiarpur,Garh Shankar APMC,Mango,Other,Medium,4500.0,4500.0,4500.0
2026-07-29,Punjab,Hoshiarpur,Garh Shankar(Mahalpur) APMC,Mango,Dusheri,Medium,5000.0,5000.0,5000.0
2026-07-29,Punjab,Hoshiarpur,Tanda Urmur APMC,Mango,Totapuri,Grade A,4000.0,5000.0,4500.0
2026-07-29,Punjab,Jalandhar,Jalandhar City(Jalandhar) APMC,Mango,Other,Medium,2100.0,5200.0,4000.0
2026-07-29,Punjab,Ludhiana,Khanna APMC,Mango,Dusheri,Grade A,5000.0,5000.0,5000.0
2026-07-29,Punjab,Bhatinda,Rampuraphul(Nabha Mandi) APMC,Mango,Other,Grade A,4000.0,8000.0,6000.0
2026-07-29,Punjab,Ludhiana,Ludhiana APMC,Mango,Other,Medium,2000.0,6000.0,3000.0
2026-07-29,Punjab,Mansa,Mansa APMC,Mango,Other,Grade A,4700.0,4700.0,4700.0
2026-07-29,Punjab,Mohali,Banur APMC,Mango,Other,Local,6666.0,6666.0,6666.0
2026-07-29,Punjab,Mohali,Kharar APMC,Mango,Other,Medium,2500.0,4500.0,3000.0
2026-07-29,Punjab,Muktsar,Muktsar APMC,Mango,Other,Medium,2000.0,6000.0,4000.0
2026-07-29,Punjab,Nawanshahr,Nawan Shahar(Subzi Mandi) APMC,Mango,Other,Medium,6000.0,7000.0,6600.0
2026-07-29,Punjab,Patiala,Dudhansadhan APMC,Mango,Other,Grade B,7000.0,7000.0,7000.0
2026-07-29,Punjab,Patiala,Nabha APMC,Mango,Other,Grade B,2600.0,5000.0,3300.0
2026-07-29,Punjab,Patiala,Patiala APMC,Mango,Other,Grade A,2900.0,3100.0,3000.0
2026-07-29,Punjab,Patiala,Patran APMC,Mango,Other,Grade A,4720.0,4720.0,4720.0
2026-07-29,Punjab,Patiala,Rajpura APMC,Mango,Chausa,Grade A,5000.0,5200.0,5100.0
2026-07-29,Punjab,Patiala,Rajpura APMC,Mango,Dusheri,Grade A,6000.0,6300.0,6150.0
2026-07-29,Punjab,Ludhiana,Raikot APMC,Mango,Chausa,Grade A,5460.0,5460.0,5460.0
2026-07-29,Punjab,Bhatinda,Bhagta Bhai Ka APMC,Mango,Other,Medium,3700.0,3700.0,3700.0
2026-07-29,Punjab,Bhatinda,Bathinda APMC,Mango,Other,Grade B,4000.0,6000.0,5000.0
2026-07-29,Odisha,Mayurbhanja,Narasinghpur APMC,Mango,Langra,Local,3000.0,5000.0,4000.0
2026-07-29,Jammu and Kashmir,Rajouri,Rajouri (Phaliana) (F&V),Mango,Totapuri,Grade B,8000.0,8000.0,8000.0
2026-07-29,Karnataka,Davangere,Davangere APMC,Mango,Mango,Local,3000.0,4000.0,3500.0
2026-07-29,Keralam,Malappuram,Manjeri Market,Mango,Other,Local,5950.0,6050.0,6000.0
2026-07-29,Madhya Pradesh,Harda,Harda(F&V) APMC,Mango,Neelam,Medium,3500.0,4500.0,4000.0
2026-07-29,Madhya Pradesh,Indore,Indore(F&V) APMC,Mango,Other,Local,1500.0,7000.0,4000.0
2026-07-29,Madhya Pradesh,Katni,Katni(F&V) APMC,Mango,Other,Grade C,2000.0,3000.0,2357.14
2026-07-29,Madhya Pradesh,Sehore,Sehore(F&V) APMC,Mango,Neelam,Grade Range-1,3000.0,5000.0,4500.0
2026-07-29,Maharashtra,Ahilyanagar,Shrirampur APMC,Mango,Other,Local,3000.0,5000.0,4000.0
2026-07-29,Maharashtra,Mumbai,Mumbai- Fruit Market APMC,Mango,Other,Local,5000.0,12000.0,8500.0
2026-07-29,Maharashtra,Nagpur,Nagpur APMC,Mango,Other,Local,2500.0,3500.0,3250.0
2026-07-29,Maharashtra,Palghar,Kalyan APMC,Mango,Totapuri,Local,1800.0,2500.0,2150.0
2026-07-29,Maharashtra,Sangli,"Sangli(Phale, Bhajipala Market) APMC",Mango,Totapuri,Local,2000.0,3000.0,2500.0
2026-07-29,NCT of Delhi,Delhi,APMC Azadpur,Mango,Chausa,Grade A,5000.0,10000.0,7679.0
2026-07-29,NCT of Delhi,Delhi,APMC Azadpur,Mango,Dinga,Grade A,3000.0,4000.0,3400.0
2026-07-29,NCT of Delhi,Delhi,APMC Azadpur,Mango,Dusheri,Grade A,1429.0,3571.0,2393.0
2026-07-29,NCT of Delhi,Delhi,APMC Azadpur,Mango,Fazli,Grade A,2857.0,5714.0,4464.0
2026-07-29,NCT of Delhi,Delhi,APMC Azadpur,Mango,Hapus(Alphaso),Grade A,10000.0,16667.0,13333.0
2026-07-29,NCT of Delhi,Delhi,APMC Azadpur,Mango,Keshar,Grade A,4286.0,7143.0,5429.0
2026-07-29,NCT of Delhi,Delhi,APMC Azadpur,Mango,Langra,Grade A,5000.0,8000.0,6100.0
2026-07-29,NCT of Delhi,Delhi,APMC Azadpur,Mango,Safeda,Grade A,3571.0,5714.0,4950.0
2026-07-29,NCT of Delhi,Delhi,APMC Azadpur,Mango,Saroli,Grade A,1000.0,2000.0,1500.0
2026-07-29,NCT of Delhi,Delhi,APMC Azadpur,Mango,Surkha,Grade A,2500.0,6000.0,4000.0
2026-07-29,NCT of Delhi,Delhi,APMC Azadpur,Mango,Totapuri,Grade A,2857.0,3929.0,3357.0
2026-07-29,Odisha,Gajapati,Kasinagar APMC,Mango,Badami,Grade Range-1,1800.0,2000.0,1900.0
2026-07-29,Odisha,Mayurbhanja,Narasinghpur APMC,Mango,Amrapali,Local,3000.0,5000.0,4000.0
2026-07-29,Jammu and Kashmir,Jammu,MAC F&V Market Narwal Jammu,Mango,Chausa,Medium,8000.0,8500.0,8250.0
2026-07-29,West Bengal,Kolkata,Mechua APMC,Mango,Other,Grade A,6300.0,6700.0,6500.0
