date,market,variety,arrival_kg,temperature_c,rainfall_mm,humidity_pct,modal_price
2021-01-01,Indore,Alphonso,4147.055408483383,20.9014996381452,0.0,54.90792697306409,4045.5354049957564
2021-01-01,Indore,Dashehari,3444.188683140501,20.9014996381452,0.0,54.90792697306409,3598.457329799007
2021-01-01,Indore,Kesar,3844.8173575813366,20.9014996381452,0.0,54.90792697306409,3557.580472140034
2021-01-01,Lucknow,Alphonso,3754.8674833545588,20.9014996381452,0.0,54.90792697306409,4374.8616542629015
2021-01-01,Lucknow,Dashehari,3351.55156449207,20.9014996381452,0.0,54.90792697306409,3674.42691324628
2021-01-01,Lucknow,Kesar,2772.531368057054,20.9014996381452,0.0,54.90792697306409,3824.6121298703492
2021-01-01,Delhi,Alphonso,3312.928454223784,20.9014996381452,0.0,54.90792697306409,4755.516262552487
2021-01-01,Delhi,Dashehari,3663.5423989582823,20.9014996381452,0.0,54.90792697306409,3811.271020566657
2021-01-01,Delhi,Kesar,2972.9219853860563,20.9014996381452,0.0,54.90792697306409,4762.843807009355
2021-01-01,Mumbai,Alphonso,3447.532945725559,20.9014996381452,0.0,54.90792697306409,5325.752132586191
2021-01-01,Mumbai,Dashehari,2967.9441914347904,20.9014996381452,0.0,54.90792697306409,4401.934141100171
2021-01-01,Mumbai,Kesar,3582.2125018041193,20.9014996381452,0.0,54.90792697306409,4582.17589171221
2021-01-08,Indore,Alphonso,3561.1252440327626,20.946306699126584,0.0,49.48140217406796,4451.185167762146
2021-01-08,Indore,Dashehari,3796.408999029348,20.946306699126584,0.0,49.48140217406796,2985.036051439091
2021-01-08,Indore,Kesar,4130.825853765797,20.946306699126584,0.0,49.48140217406796,3295.477127803808
2021-01-08,Lucknow,Alphonso,3885.3533269264235,20.946306699126584,0.0,49.48140217406796,4006.6734173313193
2021-01-08,Lucknow,Dashehari,3270.533469365149,20.946306699126584,0.0,49.48140217406796,3605.5166364471506
2021-01-08,Lucknow,Kesar,4097.194520922685,20.946306699126584,0.0,49.48140217406796,3852.1289153245466
2021-01-08,Delhi,Alphonso,3755.548575969225,20.946306699126584,0.0,49.48140217406796,4728.580229595902
2021-01-08,Delhi,Dashehari,3210.3990927775503,20.946306699126584,0.0,49.48140217406796,3851.3338442654285
2021-01-08,Delhi,Kesar,3617.552380540606,20.946306699126584,0.0,49.48140217406796,4497.900210698531
2021-01-08,Mumbai,Alphonso,3939.2552047519057,20.946306699126584,0.0,49.48140217406796,4832.364473655799
2021-01-08,Mumbai,Dashehari,3931.4414766824393,20.946306699126584,0.0,49.48140217406796,4181.803362198659
2021-01-08,Mumbai,Kesar,3531.0390888021375,20.946306699126584,0.0,49.48140217406796,4833.292334483406
2021-01-15,Indore,Alphonso,3937.716358530934,22.25142594287275,3.071897991872336,46.21779904205685,4045.425896595906
2021-01-15,Indore,Dashehari,4451.619359720364,22.25142594287275,3.071897991872336,46.21779904205685,2907.044575917015
2021-01-15,Indore,Kesar,3987.137718205893,22.25142594287275,3.071897991872336,46.21779904205685,3277.7623388806874
2021-01-15,Lucknow,Alphonso,3582.9186592391516,22.25142594287275,3.071897991872336,46.21779904205685,4495.916712846741
2021-01-15,Lucknow,Dashehari,4603.8973202997495,22.25142594287275,3.071897991872336,46.21779904205685,3252.924083940418
2021-01-15,Lucknow,Kesar,4462.814468028229,22.25142594287275,3.071897991872336,46.21779904205685,3756.3753037423257
2021-01-15,Delhi,Alphonso,3803.3534070293704,22.25142594287275,3.071897991872336,46.21779904205685,4775.035019205061
2021-01-15,Delhi,Dashehari,4676.615935457808,22.25142594287275,3.071897991872336,46.21779904205685,3646.3478680566363
2021-01-15,Delhi,Kesar,4687.258771197023,22.25142594287275,3.071897991872336,46.21779904205685,3579.3267259272147
2021-01-15,Mumbai,Alphonso,4390.162310621509,22.25142594287275,3.071897991872336,46.21779904205685,5020.026679849831
2021-01-15,Mumbai,Dashehari,3941.798368685073,22.25142594287275,3.071897991872336,46.21779904205685,4201.58065689191
2021-01-15,Mumbai,Kesar,3266.373743031063,22.25142594287275,3.071897991872336,46.21779904205685,4667.099209922489
2021-01-22,Indore,Alphonso,3989.466662426968,21.653932370012694,4.874722457454318,47.507798086243355,3808.3168756510418
2021-01-22,Indore,Dashehari,4679.0249506650725,21.653932370012694,4.874722457454318,47.507798086243355,2933.687851352143
2021-01-22,Indore,Kesar,4100.960022077427,21.653932370012694,4.874722457454318,47.507798086243355,3470.9524767195794
2021-01-22,Lucknow,Alphonso,4351.6951233234595,21.653932370012694,4.874722457454318,47.507798086243355,4307.788118830809
2021-01-22,Lucknow,Dashehari,4032.042866033302,21.653932370012694,4.874722457454318,47.507798086243355,3231.99024045952
2021-01-22,Lucknow,Kesar,4156.02084233138,21.653932370012694,4.874722457454318,47.507798086243355,3405.2207004496827
2021-01-22,Delhi,Alphonso,4431.3122144100735,21.653932370012694,4.874722457454318,47.507798086243355,4566.090893131679
2021-01-22,Delhi,Dashehari,4314.909486241228,21.653932370012694,4.874722457454318,47.507798086243355,3597.8277512021655
2021-01-22,Delhi,Kesar,3746.715806764077,21.653932370012694,4.874722457454318,47.507798086243355,4066.6121394178135
2021-01-22,Mumbai,Alphonso,4175.778296973535,21.653932370012694,4.874722457454318,47.507798086243355,4820.687140817984
2021-01-22,Mumbai,Dashehari,4248.349818917839,21.653932370012694,4.874722457454318,47.507798086243355,4124.763329554517
2021-01-22,Mumbai,Kesar,5067.338464068455,21.653932370012694,4.874722457454318,47.507798086243355,4336.040225510521
2021-01-29,Indore,Alphonso,4541.9488543806565,22.00310957127172,0.0,40.40636066374402,3775.355007290182
2021-01-29,Indore,Dashehari,5537.851249554457,22.00310957127172,0.0,40.40636066374402,2650.6261647089113
2021-01-29,Indore,Kesar,4673.173341493788,22.00310957127172,0.0,40.40636066374402,3234.64504327349
2021-01-29,Lucknow,Alphonso,4085.08318951253,22.00310957127172,0.0,40.40636066374402,4352.457495789765
2021-01-29,Lucknow,Dashehari,4853.327617635053,22.00310957127172,0.0,40.40636066374402,3250.8511425827546
2021-01-29,Lucknow,Kesar,4188.799422642447,22.00310957127172,0.0,40.40636066374402,3880.583443182173
2021-01-29,Delhi,Alphonso,3991.8139794434305,22.00310957127172,0.0,40.40636066374402,4669.172123873547
2021-01-29,Delhi,Dashehari,5428.736654884335,22.00310957127172,0.0,40.40636066374402,3226.5952268866117
2021-01-29,Delhi,Kesar,4326.035312719234,22.00310957127172,0.0,40.40636066374402,4021.315252715629
2021-01-29,Mumbai,Alphonso,4351.1641429138635,22.00310957127172,0.0,40.40636066374402,4619.735399972917
2021-01-29,Mumbai,Dashehari,4579.979594482754,22.00310957127172,0.0,40.40636066374402,3766.4533678117214
2021-01-29,Mumbai,Kesar,4741.991376814415,22.00310957127172,0.0,40.40636066374402,4163.009553300637
2021-02-05,Indore,Alphonso,5102.407728127883,24.518169745110225,0.0,48.50821457709509,3465.67160670781
2021-02-05,Indore,Dashehari,4867.984815021668,24.518169745110225,0.0,48.50821457709509,3064.7090037958783
2021-02-05,Indore,Kesar,4134.007547355524,24.518169745110225,0.0,48.50821457709509,3394.773310740761
2021-02-05,Lucknow,Alphonso,4880.953958879385,24.518169745110225,0.0,48.50821457709509,4167.816979050567
2021-02-05,Lucknow,Dashehari,4282.220556828783,24.518169745110225,0.0,48.50821457709509,2997.17868414459
2021-02-05,Lucknow,Kesar,4985.777467426775,24.518169745110225,0.0,48.50821457709509,3561.677871774095
2021-02-05,Delhi,Alphonso,4877.197981318366,24.518169745110225,0.0,48.50821457709509,4490.12561580109
2021-02-05,Delhi,Dashehari,4504.990952548619,24.518169745110225,0.0,48.50821457709509,3636.5678687591703
2021-02-05,Delhi,Kesar,4894.229830499488,24.518169745110225,0.0,48.50821457709509,3796.115949994286
2021-02-05,Mumbai,Alphonso,5523.310645637918,24.518169745110225,0.0,48.50821457709509,4796.754584278237
2021-02-05,Mumbai,Dashehari,4300.479442298956,24.518169745110225,0.0,48.50821457709509,4149.753924669218
2021-02-05,Mumbai,Kesar,4387.128173089087,24.518169745110225,0.0,48.50821457709509,4557.652732246545
2021-02-12,Indore,Alphonso,5148.065186414755,24.577260272416222,0.0,55.26923269171219,3801.6372679405054
2021-02-12,Indore,Dashehari,5741.670008701734,24.577260272416222,0.0,55.26923269171219,2602.647710249324
2021-02-12,Indore,Kesar,4681.45834989716,24.577260272416222,0.0,55.26923269171219,3077.54307238207
2021-02-12,Lucknow,Alphonso,4656.62870165398,24.577260272416222,0.0,55.26923269171219,4028.246698703898
2021-02-12,Lucknow,Dashehari,5119.413605566813,24.577260272416222,0.0,55.26923269171219,3108.62806757353
2021-02-12,Lucknow,Kesar,5313.826115254566,24.577260272416222,0.0,55.26923269171219,3426.169812488354
2021-02-12,Delhi,Alphonso,5564.366446503082,24.577260272416222,0.0,55.26923269171219,4231.093982342766
2021-02-12,Delhi,Dashehari,6071.020482276003,24.577260272416222,0.0,55.26923269171219,3400.1546084841734
2021-02-12,Delhi,Kesar,4640.089793073643,24.577260272416222,0.0,55.26923269171219,3752.341360291897
2021-02-12,Mumbai,Alphonso,5175.94178173743,24.577260272416222,0.0,55.26923269171219,4708.425350624762
2021-02-12,Mumbai,Dashehari,5268.553013276993,24.577260272416222,0.0,55.26923269171219,3917.1614027295323
2021-02-12,Mumbai,Kesar,4953.821250577406,24.577260272416222,0.0,55.26923269171219,4136.207478339907
2021-02-19,Indore,Alphonso,5253.0650781462455,21.273452171230538,0.0,55.27886560484854,3302.5601322560015
2021-02-19,Indore,Dashehari,5236.699950834636,21.273452171230538,0.0,55.27886560484854,2699.0959636914395
2021-02-19,Indore,Kesar,4813.88460601371,21.273452171230538,0.0,55.27886560484854,3133.5161164782107
2021-02-19,Lucknow,Alphonso,5190.711067872563,21.273452171230538,0.0,55.27886560484854,3632.28218066391
2021-02-19,Lucknow,Dashehari,5310.542524633477,21.273452171230538,0.0,55.27886560484854,3017.3883868027397
2021-02-19,Lucknow,Kesar,5600.648077764275,21.273452171230538,0.0,55.27886560484854,3453.9125418591966
2021-02-19,Delhi,Alphonso,4616.359833311327,21.273452171230538,0.0,55.27886560484854,4172.591549309722
2021-02-19,Delhi,Dashehari,5373.441687377627,21.273452171230538,0.0,55.27886560484854,3397.6067939267077
2021-02-19,Delhi,Kesar,5373.446655016583,21.273452171230538,0.0,55.27886560484854,4398.616096905348
2021-02-19,Mumbai,Alphonso,5395.78378477143,21.273452171230538,0.0,55.27886560484854,4805.505560464133
2021-02-19,Mumbai,Dashehari,5549.028285891444,21.273452171230538,0.0,55.27886560484854,3790.770160265067
2021-02-19,Mumbai,Kesar,5041.319882638025,21.273452171230538,0.0,55.27886560484854,4301.521707304425
2021-02-26,Indore,Alphonso,5360.503092741204,23.142868662013363,0.0,49.31737705042451,3907.158981293294
2021-02-26,Indore,Dashehari,4580.847359949975,23.142868662013363,0.0,49.31737705042451,2854.3853054618958
2021-02-26,Indore,Kesar,4682.667088510813,23.142868662013363,0.0,49.31737705042451,3027.583184211434
2021-02-26,Lucknow,Alphonso,5763.333675773621,23.142868662013363,0.0,49.31737705042451,3729.5813377834106
2021-02-26,Lucknow,Dashehari,4896.655525814952,23.142868662013363,0.0,49.31737705042451,2845.2583336719927
2021-02-26,Lucknow,Kesar,5599.592536560544,23.142868662013363,0.0,49.31737705042451,3116.018345695496
2021-02-26,Delhi,Alphonso,5414.336872819465,23.142868662013363,0.0,49.31737705042451,4189.033290060662
2021-02-26,Delhi,Dashehari,5067.113297944347,23.142868662013363,0.0,49.31737705042451,3729.2405384340545
2021-02-26,Delhi,Kesar,5581.321045913879,23.142868662013363,0.0,49.31737705042451,3286.247542122611
2021-02-26,Mumbai,Alphonso,5402.335162894446,23.142868662013363,0.0,49.31737705042451,4463.869103006168
2021-02-26,Mumbai,Dashehari,5668.726770905164,23.142868662013363,0.0,49.31737705042451,3492.386444304663
2021-02-26,Mumbai,Kesar,5281.858860399915,23.142868662013363,0.0,49.31737705042451,4195.574111329976
2021-03-05,Indore,Alphonso,5271.63030408877,26.396195621957233,0.0,51.010992053601925,3428.6440746022604
2021-03-05,Indore,Dashehari,6167.790124665591,26.396195621957233,0.0,51.010992053601925,2557.831276734673
2021-03-05,Indore,Kesar,4957.254846819134,26.396195621957233,0.0,51.010992053601925,3268.0460692439224
2021-03-05,Lucknow,Alphonso,6310.470907358205,26.396195621957233,0.0,51.010992053601925,3845.095774776237
2021-03-05,Lucknow,Dashehari,4853.860442171547,26.396195621957233,0.0,51.010992053601925,2934.2797784947034
2021-03-05,Lucknow,Kesar,5968.372888227802,26.396195621957233,0.0,51.010992053601925,3093.449167509122
2021-03-05,Delhi,Alphonso,5639.136199811644,26.396195621957233,0.0,51.010992053601925,4319.526404852691
2021-03-05,Delhi,Dashehari,5090.8362399219195,26.396195621957233,0.0,51.010992053601925,3368.0717039244378
2021-03-05,Delhi,Kesar,4165.101492525523,26.396195621957233,0.0,51.010992053601925,3761.02874710674
2021-03-05,Mumbai,Alphonso,5360.581167995888,26.396195621957233,0.0,51.010992053601925,4405.631208208573
2021-03-05,Mumbai,Dashehari,6114.5729501258065,26.396195621957233,0.0,51.010992053601925,3337.088212145948
2021-03-05,Mumbai,Kesar,5285.590633874359,26.396195621957233,0.0,51.010992053601925,4167.2637810156175
2021-03-12,Indore,Alphonso,5571.147193504571,28.082481600660348,0.0,59.6169970427886,3351.2375781455876
2021-03-12,Indore,Dashehari,5751.895358802045,28.082481600660348,0.0,59.6169970427886,2631.205210783898
2021-03-12,Indore,Kesar,5326.967218233218,28.082481600660348,0.0,59.6169970427886,3084.425906181266
2021-03-12,Lucknow,Alphonso,5412.928530352032,28.082481600660348,0.0,59.6169970427886,3876.821616846901
2021-03-12,Lucknow,Dashehari,5831.906238905155,28.082481600660348,0.0,59.6169970427886,3166.4555340682773
2021-03-12,Lucknow,Kesar,5071.927769565997,28.082481600660348,0.0,59.6169970427886,3801.7146390812904
2021-03-12,Delhi,Alphonso,4786.218849287736,28.082481600660348,0.0,59.6169970427886,4341.874920186844
2021-03-12,Delhi,Dashehari,5802.3808516905665,28.082481600660348,0.0,59.6169970427886,3336.8656130530453
2021-03-12,Delhi,Kesar,5317.9741611684985,28.082481600660348,0.0,59.6169970427886,3736.018276090402
2021-03-12,Mumbai,Alphonso,5369.853595233203,28.082481600660348,0.0,59.6169970427886,4558.056326773107
2021-03-12,Mumbai,Dashehari,5906.894807905146,28.082481600660348,0.0,59.6169970427886,3731.737352215824
2021-03-12,Mumbai,Kesar,5289.890130992475,28.082481600660348,0.0,59.6169970427886,4340.463384164382
2021-03-19,Indore,Alphonso,5310.964914644155,27.22016285701966,1.5248482407901807,58.229192085133484,3424.6645058813638
2021-03-19,Indore,Dashehari,5941.4803610622885,27.22016285701966,1.5248482407901807,58.229192085133484,2621.8709605395784
2021-03-19,Indore,Kesar,5634.202281427325,27.22016285701966,1.5248482407901807,58.229192085133484,2988.433296091429
2021-03-19,Lucknow,Alphonso,6153.628877328354,27.22016285701966,1.5248482407901807,58.229192085133484,3567.334729843213
2021-03-19,Lucknow,Dashehari,5861.401871480999,27.22016285701966,1.5248482407901807,58.229192085133484,2790.0237634480854
2021-03-19,Lucknow,Kesar,5555.4904377220955,27.22016285701966,1.5248482407901807,58.229192085133484,3479.262332320484
2021-03-19,Delhi,Alphonso,5972.729458608196,27.22016285701966,1.5248482407901807,58.229192085133484,4252.811209683405
2021-03-19,Delhi,Dashehari,6164.754441874716,27.22016285701966,1.5248482407901807,58.229192085133484,3175.5956697092142
2021-03-19,Delhi,Kesar,5915.344107530969,27.22016285701966,1.5248482407901807,58.229192085133484,3560.8608222103694
2021-03-19,Mumbai,Alphonso,5772.229460008361,27.22016285701966,1.5248482407901807,58.229192085133484,4519.043725165077
2021-03-19,Mumbai,Dashehari,5681.361305010071,27.22016285701966,1.5248482407901807,58.229192085133484,3765.954007429598
2021-03-19,Mumbai,Kesar,5315.274645719595,27.22016285701966,1.5248482407901807,58.229192085133484,4501.351051146621
2021-03-26,Indore,Alphonso,6003.706779930106,26.092316657579776,0.0,62.29512537127855,3503.351123596279
2021-03-26,Indore,Dashehari,5938.3799060506435,26.092316657579776,0.0,62.29512537127855,2500.5639747127498
2021-03-26,Indore,Kesar,5328.1399537505995,26.092316657579776,0.0,62.29512537127855,3026.2564057140735
2021-03-26,Lucknow,Alphonso,5416.177017740087,26.092316657579776,0.0,62.29512537127855,3972.2864657362893
2021-03-26,Lucknow,Dashehari,5628.218749744076,26.092316657579776,0.0,62.29512537127855,2710.007906537725
2021-03-26,Lucknow,Kesar,5558.487365683734,26.092316657579776,0.0,62.29512537127855,3345.4767128608505
2021-03-26,Delhi,Alphonso,5461.551881223342,26.092316657579776,0.0,62.29512537127855,4040.597767092152
2021-03-26,Delhi,Dashehari,5784.516586941697,26.092316657579776,0.0,62.29512537127855,3274.5577740643753
2021-03-26,Delhi,Kesar,5484.26443219648,26.092316657579776,0.0,62.29512537127855,3599.722284107646
2021-03-26,Mumbai,Alphonso,5779.861677287986,26.092316657579776,0.0,62.29512537127855,4270.646493532954
2021-03-26,Mumbai,Dashehari,5124.056192594309,26.092316657579776,0.0,62.29512537127855,3620.026702421896
2021-03-26,Mumbai,Kesar,5601.6628416601925,26.092316657579776,0.0,62.29512537127855,4119.340827223116
2021-04-02,Indore,Alphonso,5692.239661590577,30.647797123210797,2.2293981447688425,57.251438511670486,3324.0810133666337
2021-04-02,Indore,Dashehari,5692.440890354697,30.647797123210797,2.2293981447688425,57.251438511670486,2552.5415228182724
2021-04-02,Indore,Kesar,5828.933568886889,30.647797123210797,2.2293981447688425,57.251438511670486,2831.0298258486846
2021-04-02,Lucknow,Alphonso,5907.584750448122,30.647797123210797,2.2293981447688425,57.251438511670486,4041.6671873475443
2021-04-02,Lucknow,Dashehari,5656.3420853689095,30.647797123210797,2.2293981447688425,57.251438511670486,2983.3059726991487
2021-04-02,Lucknow,Kesar,5975.903741436098,30.647797123210797,2.2293981447688425,57.251438511670486,3181.2570796897944
2021-04-02,Delhi,Alphonso,5789.48313747582,30.647797123210797,2.2293981447688425,57.251438511670486,4189.299105482818
2021-04-02,Delhi,Dashehari,5738.916584171186,30.647797123210797,2.2293981447688425,57.251438511670486,3156.9926918429455
2021-04-02,Delhi,Kesar,5709.65021445523,30.647797123210797,2.2293981447688425,57.251438511670486,3791.042091909983
2021-04-02,Mumbai,Alphonso,6280.30358786967,30.647797123210797,2.2293981447688425,57.251438511670486,4671.353540966539
2021-04-02,Mumbai,Dashehari,6561.119127756276,30.647797123210797,2.2293981447688425,57.251438511670486,3410.0154337717645
2021-04-02,Mumbai,Kesar,6048.774399439924,30.647797123210797,2.2293981447688425,57.251438511670486,4073.361607221459
2021-04-09,Indore,Alphonso,5441.033744735587,32.5321079791234,0.0,55.4997207199848,3219.8197439248897
2021-04-09,Indore,Dashehari,5470.488794240891,32.5321079791234,0.0,55.4997207199848,2560.1751863100335
2021-04-09,Indore,Kesar,5740.9483175036785,32.5321079791234,0.0,55.4997207199848,3109.652426842286
2021-04-09,Lucknow,Alphonso,6431.25913859955,32.5321079791234,0.0,55.4997207199848,3894.95669427863
2021-04-09,Lucknow,Dashehari,5450.029340648234,32.5321079791234,0.0,55.4997207199848,2838.7871261936734
2021-04-09,Lucknow,Kesar,5877.558471515798,32.5321079791234,0.0,55.4997207199848,3085.9045462165004
2021-04-09,Delhi,Alphonso,6413.3743092549375,32.5321079791234,0.0,55.4997207199848,4339.398894417002
2021-04-09,Delhi,Dashehari,5493.120542071314,32.5321079791234,0.0,55.4997207199848,3084.3811355438647
2021-04-09,Delhi,Kesar,6222.339752579361,32.5321079791234,0.0,55.4997207199848,3640.868720743304
2021-04-09,Mumbai,Alphonso,6175.91732770258,32.5321079791234,0.0,55.4997207199848,4282.844950783609
2021-04-09,Mumbai,Dashehari,5441.040793731687,32.5321079791234,0.0,55.4997207199848,3803.0635714306295
2021-04-09,Mumbai,Kesar,5699.583040419093,32.5321079791234,0.0,55.4997207199848,4074.5703162113596
2021-04-16,Indore,Alphonso,5678.269902941437,30.9617707134591,0.0,60.71041394698239,3647.7516886529093
2021-04-16,Indore,Dashehari,5914.797601492233,30.9617707134591,0.0,60.71041394698239,2410.1421362523747
2021-04-16,Indore,Kesar,5016.505981962428,30.9617707134591,0.0,60.71041394698239,3404.252032240288
2021-04-16,Lucknow,Alphonso,5763.077255048514,30.9617707134591,0.0,60.71041394698239,3705.159798562881
2021-04-16,Lucknow,Dashehari,6250.612440465687,30.9617707134591,0.0,60.71041394698239,2872.9524759406836
2021-04-16,Lucknow,Kesar,6101.870523882208,30.9617707134591,0.0,60.71041394698239,3291.0579134068153
2021-04-16,Delhi,Alphonso,6454.450820209472,30.9617707134591,0.0,60.71041394698239,4431.401485053865
2021-04-16,Delhi,Dashehari,5530.565990865048,30.9617707134591,0.0,60.71041394698239,3556.6221738678687
2021-04-16,Delhi,Kesar,5888.3020300907365,30.9617707134591,0.0,60.71041394698239,3963.7005959912835
2021-04-16,Mumbai,Alphonso,5244.182266024635,30.9617707134591,0.0,60.71041394698239,4856.777735967078
2021-04-16,Mumbai,Dashehari,6053.521444996512,30.9617707134591,0.0,60.71041394698239,3371.03431339626
2021-04-16,Mumbai,Kesar,5156.848245190367,30.9617707134591,0.0,60.71041394698239,3881.94680492071
2021-04-23,Indore,Alphonso,5578.2999922747385,30.359631385517464,2.8982882402589327,70.70989278274489,3882.4860697640543
2021-04-23,Indore,Dashehari,4996.6214968208715,30.359631385517464,2.8982882402589327,70.70989278274489,2487.42856165899
2021-04-23,Indore,Kesar,5526.443000548181,30.359631385517464,2.8982882402589327,70.70989278274489,3167.8013108810774
2021-04-23,Lucknow,Alphonso,5535.584180869191,30.359631385517464,2.8982882402589327,70.70989278274489,3524.884539607042
2021-04-23,Lucknow,Dashehari,5513.014064301713,30.359631385517464,2.8982882402589327,70.70989278274489,2766.2822285054926
2021-04-23,Lucknow,Kesar,5816.531099638843,30.359631385517464,2.8982882402589327,70.70989278274489,3412.441356533115
2021-04-23,Delhi,Alphonso,5172.710165575886,30.359631385517464,2.8982882402589327,70.70989278274489,4269.84539524641
2021-04-23,Delhi,Dashehari,5124.976671351248,30.359631385517464,2.8982882402589327,70.70989278274489,3459.651231818279
2021-04-23,Delhi,Kesar,5930.719008307324,30.359631385517464,2.8982882402589327,70.70989278274489,3548.4691603349584
2021-04-23,Mumbai,Alphonso,5750.280686313966,30.359631385517464,2.8982882402589327,70.70989278274489,4562.932375327122
2021-04-23,Mumbai,Dashehari,5231.512947201891,30.359631385517464,2.8982882402589327,70.70989278274489,3832.4914748825136
2021-04-23,Mumbai,Kesar,5134.565151139079,30.359631385517464,2.8982882402589327,70.70989278274489,4169.550668003148
2021-04-30,Indore,Alphonso,5157.612080949291,29.648661355523934,8.391559823279371,65.17631775985865,3659.566042773313
2021-04-30,Indore,Dashehari,5392.571064269993,29.648661355523934,8.391559823279371,65.17631775985865,2638.9825139274467
2021-04-30,Indore,Kesar,5683.168964163695,29.648661355523934,8.391559823279371,65.17631775985865,3162.8008076710753
2021-04-30,Lucknow,Alphonso,5225.301825102114,29.648661355523934,8.391559823279371,65.17631775985865,3805.2182215776024
2021-04-30,Lucknow,Dashehari,5327.481605285668,29.648661355523934,8.391559823279371,65.17631775985865,2576.1273348081995
2021-04-30,Lucknow,Kesar,4831.425859266904,29.648661355523934,8.391559823279371,65.17631775985865,3725.800546883997
2021-04-30,Delhi,Alphonso,6095.489369546838,29.648661355523934,8.391559823279371,65.17631775985865,4107.405259773447
2021-04-30,Delhi,Dashehari,5668.125069368632,29.648661355523934,8.391559823279371,65.17631775985865,3385.182348743508
2021-04-30,Delhi,Kesar,6669.05460752842,29.648661355523934,8.391559823279371,65.17631775985865,3750.5134881151334
2021-04-30,Mumbai,Alphonso,5386.335247554019,29.648661355523934,8.391559823279371,65.17631775985865,4507.882209544226
2021-04-30,Mumbai,Dashehari,4794.923756043296,29.648661355523934,8.391559823279371,65.17631775985865,3922.957011780332
2021-04-30,Mumbai,Kesar,5134.961986032604,29.648661355523934,8.391559823279371,65.17631775985865,3969.1210081985755
2021-05-07,Indore,Alphonso,5650.938062794602,31.09297275174238,0.0,75.23760065309807,3680.2678393416627
2021-05-07,Indore,Dashehari,5890.259815570832,31.09297275174238,0.0,75.23760065309807,2752.551294655504
2021-05-07,Indore,Kesar,4953.768479483517,31.09297275174238,0.0,75.23760065309807,3581.3557736831876
2021-05-07,Lucknow,Alphonso,5513.8461774886855,31.09297275174238,0.0,75.23760065309807,3819.6751463549567
2021-05-07,Lucknow,Dashehari,5222.1466887813785,31.09297275174238,0.0,75.23760065309807,3001.274076491778
2021-05-07,Lucknow,Kesar,4745.162267629087,31.09297275174238,0.0,75.23760065309807,3811.454516464142
2021-05-07,Delhi,Alphonso,6062.048816202874,31.09297275174238,0.0,75.23760065309807,4055.9608158777196
2021-05-07,Delhi,Dashehari,5523.46985469105,31.09297275174238,0.0,75.23760065309807,3387.5315297953643
2021-05-07,Delhi,Kesar,5103.432006508943,31.09297275174238,0.0,75.23760065309807,3873.6230985470766
2021-05-07,Mumbai,Alphonso,4952.685852142896,31.09297275174238,0.0,75.23760065309807,4916.12220572603
2021-05-07,Mumbai,Dashehari,4965.902113450406,31.09297275174238,0.0,75.23760065309807,4053.691614300981
2021-05-07,Mumbai,Kesar,5278.186916235167,31.09297275174238,0.0,75.23760065309807,4305.787472723399
2021-05-14,Indore,Alphonso,5333.384870641114,31.24551682378564,0.0,72.35464475703992,3594.864596424202
2021-05-14,Indore,Dashehari,5172.750917763051,31.24551682378564,0.0,72.35464475703992,3034.9883342129147
2021-05-14,Indore,Kesar,4465.255883142812,31.24551682378564,0.0,72.35464475703992,3524.8925928660237
2021-05-14,Lucknow,Alphonso,4867.968492013022,31.24551682378564,0.0,72.35464475703992,4257.307248987767
2021-05-14,Lucknow,Dashehari,4827.714332974354,31.24551682378564,0.0,72.35464475703992,2936.9664591483447
2021-05-14,Lucknow,Kesar,4482.001020438096,31.24551682378564,0.0,72.35464475703992,3732.7289239235333
2021-05-14,Delhi,Alphonso,5236.906996279954,31.24551682378564,0.0,72.35464475703992,4325.413565354157
2021-05-14,Delhi,Dashehari,5388.45497910231,31.24551682378564,0.0,72.35464475703992,3261.8383097565134
2021-05-14,Delhi,Kesar,5106.586076132434,31.24551682378564,0.0,72.35464475703992,3793.665407542262
2021-05-14,Mumbai,Alphonso,4872.283552470497,31.24551682378564,0.0,72.35464475703992,4962.354538595607
2021-05-14,Mumbai,Dashehari,4788.85264947778,31.24551682378564,0.0,72.35464475703992,3999.620342335974
2021-05-14,Mumbai,Kesar,5535.535119277137,31.24551682378564,0.0,72.35464475703992,4230.5969592192905
2021-05-21,Indore,Alphonso,5520.730715898624,34.32322803406617,0.0,72.95069095868773,3398.483806573753
2021-05-21,Indore,Dashehari,4625.345165447273,34.32322803406617,0.0,72.95069095868773,3208.4221985704053
2021-05-21,Indore,Kesar,4862.885113218266,34.32322803406617,0.0,72.95069095868773,3528.598282285965
2021-05-21,Lucknow,Alphonso,4702.5091929491355,34.32322803406617,0.0,72.95069095868773,4306.245852472696
2021-05-21,Lucknow,Dashehari,4881.832373478632,34.32322803406617,0.0,72.95069095868773,3568.582289331029
2021-05-21,Lucknow,Kesar,5045.871604955949,34.32322803406617,0.0,72.95069095868773,3789.6229357398834
2021-05-21,Delhi,Alphonso,4779.352481186476,34.32322803406617,0.0,72.95069095868773,4589.058778511804
2021-05-21,Delhi,Dashehari,4771.079992507615,34.32322803406617,0.0,72.95069095868773,3849.3183324351403
2021-05-21,Delhi,Kesar,4775.709475307358,34.32322803406617,0.0,72.95069095868773,4229.643114144448
2021-05-21,Mumbai,Alphonso,5774.263587093639,34.32322803406617,0.0,72.95069095868773,5054.546346399267
2021-05-21,Mumbai,Dashehari,4813.693854768327,34.32322803406617,0.0,72.95069095868773,4386.86495758963
2021-05-21,Mumbai,Kesar,4780.873118426843,34.32322803406617,0.0,72.95069095868773,4209.691767809573
2021-05-28,Indore,Alphonso,4741.64132937823,31.932482251295593,0.0,70.19130141830583,4276.970013088115
2021-05-28,Indore,Dashehari,4865.044927208074,31.932482251295593,0.0,70.19130141830583,3013.560554083597
2021-05-28,Indore,Kesar,5066.036210175805,31.932482251295593,0.0,70.19130141830583,3018.8158627135817
2021-05-28,Lucknow,Alphonso,4828.519800945835,31.932482251295593,0.0,70.19130141830583,4398.32890689605
2021-05-28,Lucknow,Dashehari,4142.839479390473,31.932482251295593,0.0,70.19130141830583,3688.8713576536084
2021-05-28,Lucknow,Kesar,4869.672540700175,31.932482251295593,0.0,70.19130141830583,3677.41385433847
2021-05-28,Delhi,Alphonso,4987.3867241449225,31.932482251295593,0.0,70.19130141830583,5039.701840225352
2021-05-28,Delhi,Dashehari,4807.020479725807,31.932482251295593,0.0,70.19130141830583,3808.122755350061
2021-05-28,Delhi,Kesar,4550.529617886311,31.932482251295593,0.0,70.19130141830583,4056.639418443447
2021-05-28,Mumbai,Alphonso,5066.408304320107,31.932482251295593,0.0,70.19130141830583,4862.65815272543
2021-05-28,Mumbai,Dashehari,4762.900472590166,31.932482251295593,0.0,70.19130141830583,4085.4063106826948
2021-05-28,Mumbai,Kesar,4925.865908000966,31.932482251295593,0.0,70.19130141830583,4602.110051678123
2021-06-04,Indore,Alphonso,4115.06354105043,35.282507895289335,1.3894649258876748,72.14605431975494,4122.9121541439345
2021-06-04,Indore,Dashehari,4657.4892245812935,35.282507895289335,1.3894649258876748,72.14605431975494,3341.5062689182428
2021-06-04,Indore,Kesar,4137.702897692303,35.282507895289335,1.3894649258876748,72.14605431975494,3855.3389223811164
2021-06-04,Lucknow,Alphonso,5048.824170885333,35.282507895289335,1.3894649258876748,72.14605431975494,4409.226310167618
2021-06-04,Lucknow,Dashehari,5257.287352386579,35.282507895289335,1.3894649258876748,72.14605431975494,3258.002599078485
2021-06-04,Lucknow,Kesar,4008.707146038786,35.282507895289335,1.3894649258876748,72.14605431975494,3701.8594472569603
2021-06-04,Delhi,Alphonso,5104.986751959026,35.282507895289335,1.3894649258876748,72.14605431975494,4842.484581137817
2021-06-04,Delhi,Dashehari,4484.335158999171,35.282507895289335,1.3894649258876748,72.14605431975494,3986.8104024644294
2021-06-04,Delhi,Kesar,4056.373408444002,35.282507895289335,1.3894649258876748,72.14605431975494,4853.68452115782
2021-06-04,Mumbai,Alphonso,4558.257500153443,35.282507895289335,1.3894649258876748,72.14605431975494,5242.801091347972
2021-06-04,Mumbai,Dashehari,4796.875676922829,35.282507895289335,1.3894649258876748,72.14605431975494,4366.74041821321
2021-06-04,Mumbai,Kesar,4596.1226370750055,35.282507895289335,1.3894649258876748,72.14605431975494,4574.008901693054
2021-06-11,Indore,Alphonso,4901.560857261169,34.61757304674105,11.552928555747611,81.64605235525947,3968.417931453604
2021-06-11,Indore,Dashehari,3868.4442785019783,34.61757304674105,11.552928555747611,81.64605235525947,3323.7560917699348
2021-06-11,Indore,Kesar,4286.576171520888,34.61757304674105,11.552928555747611,81.64605235525947,3868.0884699692383
2021-06-11,Lucknow,Alphonso,3587.3003547194826,34.61757304674105,11.552928555747611,81.64605235525947,4872.322701171632
2021-06-11,Lucknow,Dashehari,4201.0830471738145,34.61757304674105,11.552928555747611,81.64605235525947,3509.684166436405
2021-06-11,Lucknow,Kesar,3859.444456501343,34.61757304674105,11.552928555747611,81.64605235525947,3750.143504412147
2021-06-11,Delhi,Alphonso,4593.554440190176,34.61757304674105,11.552928555747611,81.64605235525947,4829.075142377909
2021-06-11,Delhi,Dashehari,3748.3018467089887,34.61757304674105,11.552928555747611,81.64605235525947,3834.9091961391587
2021-06-11,Delhi,Kesar,4129.9723268893595,34.61757304674105,11.552928555747611,81.64605235525947,4699.746563230234
2021-06-11,Mumbai,Alphonso,4160.449666059969,34.61757304674105,11.552928555747611,81.64605235525947,5023.271036066175
2021-06-11,Mumbai,Dashehari,4165.988980971033,34.61757304674105,11.552928555747611,81.64605235525947,4343.749448388861
2021-06-11,Mumbai,Kesar,3185.5315494287815,34.61757304674105,11.552928555747611,81.64605235525947,4959.548952647841
2021-06-18,Indore,Alphonso,4461.560444639057,33.64806019716281,7.390113730180028,85.44360219271292,4169.9589080707
2021-06-18,Indore,Dashehari,3568.3240693232865,33.64806019716281,7.390113730180028,85.44360219271292,3942.346184512383
2021-06-18,Indore,Kesar,4034.62180642575,33.64806019716281,7.390113730180028,85.44360219271292,3797.715099793295
2021-06-18,Lucknow,Alphonso,4001.284397975953,33.64806019716281,7.390113730180028,85.44360219271292,4636.863817708142
2021-06-18,Lucknow,Dashehari,3953.190268050377,33.64806019716281,7.390113730180028,85.44360219271292,3606.6063429180895
2021-06-18,Lucknow,Kesar,3792.1908563237976,33.64806019716281,7.390113730180028,85.44360219271292,4132.949809628437
2021-06-18,Delhi,Alphonso,3793.5645243664485,33.64806019716281,7.390113730180028,85.44360219271292,4910.285897137749
2021-06-18,Delhi,Dashehari,4053.506523896713,33.64806019716281,7.390113730180028,85.44360219271292,4045.9126789684374
2021-06-18,Delhi,Kesar,4612.53162825303,33.64806019716281,7.390113730180028,85.44360219271292,3914.009493809312
2021-06-18,Mumbai,Alphonso,4447.537173588939,33.64806019716281,7.390113730180028,85.44360219271292,5545.178395809164
2021-06-18,Mumbai,Dashehari,3181.5783398566946,33.64806019716281,7.390113730180028,85.44360219271292,4587.071884296931
2021-06-18,Mumbai,Kesar,3862.358086421638,33.64806019716281,7.390113730180028,85.44360219271292,4672.863191800497
2021-06-25,Indore,Alphonso,4124.454289348074,32.810529517363435,0.7201936288065784,86.07785398431145,4599.021184621877
2021-06-25,Indore,Dashehari,4038.851757706383,32.810529517363435,0.7201936288065784,86.07785398431145,3282.3204043993323
2021-06-25,Indore,Kesar,3540.3748255771798,32.810529517363435,0.7201936288065784,86.07785398431145,4063.362992022716
2021-06-25,Lucknow,Alphonso,3261.3318085323112,32.810529517363435,0.7201936288065784,86.07785398431145,4953.843031500795
2021-06-25,Lucknow,Dashehari,3654.0527728258353,32.810529517363435,0.7201936288065784,86.07785398431145,3787.345795138005
2021-06-25,Lucknow,Kesar,4034.566919370486,32.810529517363435,0.7201936288065784,86.07785398431145,4266.2883901863825
2021-06-25,Delhi,Alphonso,3605.7964657614575,32.810529517363435,0.7201936288065784,86.07785398431145,5372.179040374084
2021-06-25,Delhi,Dashehari,3317.7576010491302,32.810529517363435,0.7201936288065784,86.07785398431145,4426.215080666706
2021-06-25,Delhi,Kesar,3987.423435276443,32.810529517363435,0.7201936288065784,86.07785398431145,4539.088462179304
2021-06-25,Mumbai,Alphonso,3880.6361409859364,32.810529517363435,0.7201936288065784,86.07785398431145,5288.828090478759
2021-06-25,Mumbai,Dashehari,4119.79373977185,32.810529517363435,0.7201936288065784,86.07785398431145,4537.697781886911
2021-06-25,Mumbai,Kesar,3541.0937238814736,32.810529517363435,0.7201936288065784,86.07785398431145,5263.967829957557
2021-07-02,Indore,Alphonso,3742.403980538256,32.80248185485692,0.05454169824883248,70.47265934281045,4226.201255390663
2021-07-02,Indore,Dashehari,4201.917672793746,32.80248185485692,0.05454169824883248,70.47265934281045,3099.2187808149365
2021-07-02,Indore,Kesar,4178.582547316015,32.80248185485692,0.05454169824883248,70.47265934281045,3916.1495409164695
2021-07-02,Lucknow,Alphonso,3461.314755251843,32.80248185485692,0.05454169824883248,70.47265934281045,4709.189163765937
2021-07-02,Lucknow,Dashehari,3659.654445740828,32.80248185485692,0.05454169824883248,70.47265934281045,3864.7992086670592
2021-07-02,Lucknow,Kesar,3941.3207528066087,32.80248185485692,0.05454169824883248,70.47265934281045,4241.4344965908585
2021-07-02,Delhi,Alphonso,3560.120704584751,32.80248185485692,0.05454169824883248,70.47265934281045,5124.03933031313
2021-07-02,Delhi,Dashehari,3477.221750511573,32.80248185485692,0.05454169824883248,70.47265934281045,4359.815658645368
2021-07-02,Delhi,Kesar,2815.93264293735,32.80248185485692,0.05454169824883248,70.47265934281045,4580.770003629128
2021-07-02,Mumbai,Alphonso,3797.305637609086,32.80248185485692,0.05454169824883248,70.47265934281045,5577.552019430274
2021-07-02,Mumbai,Dashehari,3426.4066654589283,32.80248185485692,0.05454169824883248,70.47265934281045,4716.876163506044
2021-07-02,Mumbai,Kesar,3639.0326821446683,32.80248185485692,0.05454169824883248,70.47265934281045,4978.128630095155
2021-07-09,Indore,Alphonso,3663.3011022857886,32.473946116976165,6.958722587824445,74.11126447869366,4180.506318905922
2021-07-09,Indore,Dashehari,3911.6622549302574,32.473946116976165,6.958722587824445,74.11126447869366,3627.3339070270763
2021-07-09,Indore,Kesar,3602.4118937255503,32.473946116976165,6.958722587824445,74.11126447869366,4174.815802319768
2021-07-09,Lucknow,Alphonso,4166.189777785031,32.473946116976165,6.958722587824445,74.11126447869366,4879.0380177821335
2021-07-09,Lucknow,Dashehari,2763.650307467342,32.473946116976165,6.958722587824445,74.11126447869366,3818.5846567236267
2021-07-09,Lucknow,Kesar,3250.0725689217284,32.473946116976165,6.958722587824445,74.11126447869366,4366.048892712214
2021-07-09,Delhi,Alphonso,3707.063608187649,32.473946116976165,6.958722587824445,74.11126447869366,5048.460230238775
2021-07-09,Delhi,Dashehari,3574.706705790831,32.473946116976165,6.958722587824445,74.11126447869366,4166.949431214227
2021-07-09,Delhi,Kesar,3255.392878803221,32.473946116976165,6.958722587824445,74.11126447869366,4507.195850462916
2021-07-09,Mumbai,Alphonso,3130.706701555638,32.473946116976165,6.958722587824445,74.11126447869366,5439.53513078922
2021-07-09,Mumbai,Dashehari,3109.650698809067,32.473946116976165,6.958722587824445,74.11126447869366,4976.283963683954
2021-07-09,Mumbai,Kesar,3120.240444467223,32.473946116976165,6.958722587824445,74.11126447869366,5658.551057746805
2021-07-16,Indore,Alphonso,3780.1239517635963,34.06760020177815,7.35565312199819,75.25585905360334,4453.979039750769
2021-07-16,Indore,Dashehari,3548.803925858145,34.06760020177815,7.35565312199819,75.25585905360334,4160.046670024933
2021-07-16,Indore,Kesar,3461.57604011014,34.06760020177815,7.35565312199819,75.25585905360334,4321.801671302612
2021-07-16,Lucknow,Alphonso,3218.7294299496452,34.06760020177815,7.35565312199819,75.25585905360334,4952.3469341106265
2021-07-16,Lucknow,Dashehari,4208.320254254204,34.06760020177815,7.35565312199819,75.25585905360334,3767.6644436234606
2021-07-16,Lucknow,Kesar,4224.979423198772,34.06760020177815,7.35565312199819,75.25585905360334,4404.915211997222
2021-07-16,Delhi,Alphonso,3275.013289642293,34.06760020177815,7.35565312199819,75.25585905360334,5462.347160685397
2021-07-16,Delhi,Dashehari,3889.021779850692,34.06760020177815,7.35565312199819,75.25585905360334,4449.918032616985
2021-07-16,Delhi,Kesar,2871.910112043817,34.06760020177815,7.35565312199819,75.25585905360334,4790.1876479746525
2021-07-16,Mumbai,Alphonso,3400.992545779398,34.06760020177815,7.35565312199819,75.25585905360334,5712.439484312716
2021-07-16,Mumbai,Dashehari,3748.268839020271,34.06760020177815,7.35565312199819,75.25585905360334,4795.3139489353525
2021-07-16,Mumbai,Kesar,2965.8622565159594,34.06760020177815,7.35565312199819,75.25585905360334,5372.596566799217
2021-07-23,Indore,Alphonso,3833.568861819562,33.83808083456787,9.244063446615613,85.28538146964964,4700.255242651807
2021-07-23,Indore,Dashehari,3471.9337154165414,33.83808083456787,9.244063446615613,85.28538146964964,3483.724186710353
2021-07-23,Indore,Kesar,3671.8472876530345,33.83808083456787,9.244063446615613,85.28538146964964,4184.0964954300225
2021-07-23,Lucknow,Alphonso,3608.6315348781495,33.83808083456787,9.244063446615613,85.28538146964964,4728.276803592486
2021-07-23,Lucknow,Dashehari,3067.577383836695,33.83808083456787,9.244063446615613,85.28538146964964,4345.048808027526
2021-07-23,Lucknow,Kesar,3484.177938457338,33.83808083456787,9.244063446615613,85.28538146964964,4603.163320122961
2021-07-23,Delhi,Alphonso,3511.3273504521835,33.83808083456787,9.244063446615613,85.28538146964964,5380.96240554605
2021-07-23,Delhi,Dashehari,3875.313522390399,33.83808083456787,9.244063446615613,85.28538146964964,4317.20073840881
2021-07-23,Delhi,Kesar,3538.4483107763936,33.83808083456787,9.244063446615613,85.28538146964964,4787.514975611551
2021-07-23,Mumbai,Alphonso,3326.201509027074,33.83808083456787,9.244063446615613,85.28538146964964,5753.27796966898
2021-07-23,Mumbai,Dashehari,3588.8535086534853,33.83808083456787,9.244063446615613,85.28538146964964,4775.476840061156
2021-07-23,Mumbai,Kesar,4002.3024502294084,33.83808083456787,9.244063446615613,85.28538146964964,5026.201468077405
2021-07-30,Indore,Alphonso,3578.6219106046296,32.150703943406846,5.57656852830934,87.23467268152945,4901.744785913896
2021-07-30,Indore,Dashehari,2905.7758507852113,32.150703943406846,5.57656852830934,87.23467268152945,3985.1941074335045
2021-07-30,Indore,Kesar,3855.852318249375,32.150703943406846,5.57656852830934,87.23467268152945,4180.9224135030645
2021-07-30,Lucknow,Alphonso,3926.1921500261406,32.150703943406846,5.57656852830934,87.23467268152945,4860.338204695603
2021-07-30,Lucknow,Dashehari,4063.7389760742317,32.150703943406846,5.57656852830934,87.23467268152945,4442.493359276479
2021-07-30,Lucknow,Kesar,3354.8645758241364,32.150703943406846,5.57656852830934,87.23467268152945,4476.0986352178925
2021-07-30,Delhi,Alphonso,4081.3537908470803,32.150703943406846,5.57656852830934,87.23467268152945,5609.844016597429
2021-07-30,Delhi,Dashehari,3290.8559891386926,32.150703943406846,5.57656852830934,87.23467268152945,4492.177007596157
2021-07-30,Delhi,Kesar,3387.286156455797,32.150703943406846,5.57656852830934,87.23467268152945,4708.452112570162
2021-07-30,Mumbai,Alphonso,3132.539221406321,32.150703943406846,5.57656852830934,87.23467268152945,5715.562314849865
2021-07-30,Mumbai,Dashehari,3192.8809739583485,32.150703943406846,5.57656852830934,87.23467268152945,4979.202857676251
2021-07-30,Mumbai,Kesar,3593.685893014608,32.150703943406846,5.57656852830934,87.23467268152945,5592.391340682279
2021-08-06,Indore,Alphonso,3480.2145161390267,30.363633653653945,11.54058367795755,78.83090660126086,4803.843538467476
2021-08-06,Indore,Dashehari,3050.9111913750803,30.363633653653945,11.54058367795755,78.83090660126086,3928.484382648126
2021-08-06,Indore,Kesar,3566.5808832852226,30.363633653653945,11.54058367795755,78.83090660126086,4255.471311312638
2021-08-06,Lucknow,Alphonso,3615.6674575631273,30.363633653653945,11.54058367795755,78.83090660126086,5399.948525605108
2021-08-06,Lucknow,Dashehari,3244.9040062994736,30.363633653653945,11.54058367795755,78.83090660126086,4029.1524697482796
2021-08-06,Lucknow,Kesar,3250.7437894300942,30.363633653653945,11.54058367795755,78.83090660126086,4423.694879236248
2021-08-06,Delhi,Alphonso,3245.045149077393,30.363633653653945,11.54058367795755,78.83090660126086,5638.729491547941
2021-08-06,Delhi,Dashehari,4068.2016991959417,30.363633653653945,11.54058367795755,78.83090660126086,4273.8040040523365
2021-08-06,Delhi,Kesar,3167.0577707583084,30.363633653653945,11.54058367795755,78.83090660126086,5023.599044195567
2021-08-06,Mumbai,Alphonso,3279.1107822876115,30.363633653653945,11.54058367795755,78.83090660126086,5932.502429166733
2021-08-06,Mumbai,Dashehari,3581.16920834052,30.363633653653945,11.54058367795755,78.83090660126086,4591.370244581716
2021-08-06,Mumbai,Kesar,4119.002080532025,30.363633653653945,11.54058367795755,78.83090660126086,5490.652249443941
2021-08-13,Indore,Alphonso,3633.78271599481,30.30173203375972,6.253620888043552,81.01544029545448,4862.807123477785
2021-08-13,Indore,Dashehari,4304.08181550654,30.30173203375972,6.253620888043552,81.01544029545448,3691.7648155356346
2021-08-13,Indore,Kesar,3180.6811021846183,30.30173203375972,6.253620888043552,81.01544029545448,4077.5499838398946
2021-08-13,Lucknow,Alphonso,3207.6279840232323,30.30173203375972,6.253620888043552,81.01544029545448,5115.0141510342755
2021-08-13,Lucknow,Dashehari,4217.823145407115,30.30173203375972,6.253620888043552,81.01544029545448,3945.97184327595
2021-08-13,Lucknow,Kesar,3589.5151806555596,30.30173203375972,6.253620888043552,81.01544029545448,4549.281189464645
2021-08-13,Delhi,Alphonso,3975.357309379234,30.30173203375972,6.253620888043552,81.01544029545448,5837.633564244731
2021-08-13,Delhi,Dashehari,3287.6524908318715,30.30173203375972,6.253620888043552,81.01544029545448,4518.473495272724
2021-08-13,Delhi,Kesar,3917.664350827629,30.30173203375972,6.253620888043552,81.01544029545448,5015.9109282595045
2021-08-13,Mumbai,Alphonso,4238.682930294413,30.30173203375972,6.253620888043552,81.01544029545448,5840.494189181421
2021-08-13,Mumbai,Dashehari,3356.283163685176,30.30173203375972,6.253620888043552,81.01544029545448,5100.536943337026
2021-08-13,Mumbai,Kesar,3943.481432233163,30.30173203375972,6.253620888043552,81.01544029545448,5436.210178089298
2021-08-20,Indore,Alphonso,4052.8635964150108,31.280446085116075,12.202677694811658,84.90660702919403,4817.594458037131
2021-08-20,Indore,Dashehari,3433.152767873258,31.280446085116075,12.202677694811658,84.90660702919403,3938.7830909665076
2021-08-20,Indore,Kesar,3982.6035866033426,31.280446085116075,12.202677694811658,84.90660702919403,4066.4250592593917
2021-08-20,Lucknow,Alphonso,3647.4693235491604,31.280446085116075,12.202677694811658,84.90660702919403,5002.996661167924
2021-08-20,Lucknow,Dashehari,3511.497929173927,31.280446085116075,12.202677694811658,84.90660702919403,4428.393833643703
2021-08-20,Lucknow,Kesar,3576.439627207961,31.280446085116075,12.202677694811658,84.90660702919403,4594.94157139637
2021-08-20,Delhi,Alphonso,2956.0575436080326,31.280446085116075,12.202677694811658,84.90660702919403,5732.577409661151
2021-08-20,Delhi,Dashehari,3758.1936724564302,31.280446085116075,12.202677694811658,84.90660702919403,4943.253114778521
2021-08-20,Delhi,Kesar,3376.8887060188,31.280446085116075,12.202677694811658,84.90660702919403,5061.949217521822
2021-08-20,Mumbai,Alphonso,3599.753473484302,31.280446085116075,12.202677694811658,84.90660702919403,6166.328090755948
2021-08-20,Mumbai,Dashehari,3461.881787045219,31.280446085116075,12.202677694811658,84.90660702919403,5057.4272785962185
2021-08-20,Mumbai,Kesar,3743.1586038866158,31.280446085116075,12.202677694811658,84.90660702919403,5390.163219094251
2021-08-27,Indore,Alphonso,3089.393880235576,29.097532099528614,8.772404251933107,83.69867446673823,4911.8660207679695
2021-08-27,Indore,Dashehari,3219.9516740243307,29.097532099528614,8.772404251933107,83.69867446673823,4179.539469746029
2021-08-27,Indore,Kesar,2890.72523808649,29.097532099528614,8.772404251933107,83.69867446673823,4323.085902499482
2021-08-27,Lucknow,Alphonso,3650.8847500258084,29.097532099528614,8.772404251933107,83.69867446673823,5368.657448121472
2021-08-27,Lucknow,Dashehari,3473.699895570805,29.097532099528614,8.772404251933107,83.69867446673823,4118.8204818564145
2021-08-27,Lucknow,Kesar,4252.462827776236,29.097532099528614,8.772404251933107,83.69867446673823,4217.93656678929
2021-08-27,Delhi,Alphonso,2620.477617351967,29.097532099528614,8.772404251933107,83.69867446673823,5751.539007750182
2021-08-27,Delhi,Dashehari,3299.1783102589557,29.097532099528614,8.772404251933107,83.69867446673823,4466.348374933796
2021-08-27,Delhi,Kesar,3783.3425789197413,29.097532099528614,8.772404251933107,83.69867446673823,5006.904842137198
2021-08-27,Mumbai,Alphonso,3274.3685477053086,29.097532099528614,8.772404251933107,83.69867446673823,5724.18124751622
2021-08-27,Mumbai,Dashehari,3848.982931312058,29.097532099528614,8.772404251933107,83.69867446673823,5068.241662260324
2021-08-27,Mumbai,Kesar,3460.329654488247,29.097532099528614,8.772404251933107,83.69867446673823,5753.557699344631
2021-09-03,Indore,Alphonso,3481.765593457801,27.369626489284208,1.8816525654080092,73.94829970928753,4876.509686552868
2021-09-03,Indore,Dashehari,3403.505576857468,27.369626489284208,1.8816525654080092,73.94829970928753,4010.1653600354157
2021-09-03,Indore,Kesar,2999.3842303238225,27.369626489284208,1.8816525654080092,73.94829970928753,4679.414859772085
2021-09-03,Lucknow,Alphonso,3467.1395286429724,27.369626489284208,1.8816525654080092,73.94829970928753,5336.454527027314
2021-09-03,Lucknow,Dashehari,3637.0901385510815,27.369626489284208,1.8816525654080092,73.94829970928753,4286.965747005674
2021-09-03,Lucknow,Kesar,3727.9069120928816,27.369626489284208,1.8816525654080092,73.94829970928753,4668.990689123585
2021-09-03,Delhi,Alphonso,3757.0891039470175,27.369626489284208,1.8816525654080092,73.94829970928753,5722.397809210562
2021-09-03,Delhi,Dashehari,3578.6084678805883,27.369626489284208,1.8816525654080092,73.94829970928753,4742.897544644613
2021-09-03,Delhi,Kesar,3464.105722285109,27.369626489284208,1.8816525654080092,73.94829970928753,5295.108461266772
2021-09-03,Mumbai,Alphonso,3229.443079176292,27.369626489284208,1.8816525654080092,73.94829970928753,6302.295916169401
2021-09-03,Mumbai,Dashehari,3483.9368197422627,27.369626489284208,1.8816525654080092,73.94829970928753,4774.77824656233
2021-09-03,Mumbai,Kesar,3551.2417659643156,27.369626489284208,1.8816525654080092,73.94829970928753,5297.6135762781305
2021-09-10,Indore,Alphonso,2744.1837076217876,29.414690250083474,5.288787933269767,74.07454779981981,4926.045176698982
2021-09-10,Indore,Dashehari,2530.4482693484174,29.414690250083474,5.288787933269767,74.07454779981981,3860.8301848255933
2021-09-10,Indore,Kesar,3804.165862457719,29.414690250083474,5.288787933269767,74.07454779981981,4458.107554850499
2021-09-10,Lucknow,Alphonso,3670.183024713986,29.414690250083474,5.288787933269767,74.07454779981981,4966.724731323961
2021-09-10,Lucknow,Dashehari,3480.915457543208,29.414690250083474,5.288787933269767,74.07454779981981,4274.200142141658
2021-09-10,Lucknow,Kesar,3036.654124322983,29.414690250083474,5.288787933269767,74.07454779981981,5025.427333475687
2021-09-10,Delhi,Alphonso,3850.9449162302685,29.414690250083474,5.288787933269767,74.07454779981981,5468.469745324949
2021-09-10,Delhi,Dashehari,3510.7543355978123,29.414690250083474,5.288787933269767,74.07454779981981,4706.986506558691
2021-09-10,Delhi,Kesar,2683.306052630284,29.414690250083474,5.288787933269767,74.07454779981981,5173.926363208579
2021-09-10,Mumbai,Alphonso,3227.2063008008804,29.414690250083474,5.288787933269767,74.07454779981981,5840.224645610494
2021-09-10,Mumbai,Dashehari,3387.559882845618,29.414690250083474,5.288787933269767,74.07454779981981,5415.23617745644
2021-09-10,Mumbai,Kesar,3756.337144506804,29.414690250083474,5.288787933269767,74.07454779981981,5322.460477363609
2021-09-17,Indore,Alphonso,3523.85214796807,28.17486129645204,13.341281178543746,79.6625242576827,4704.051466172901
2021-09-17,Indore,Dashehari,3779.289325445436,28.17486129645204,13.341281178543746,79.6625242576827,3945.3487635898946
2021-09-17,Indore,Kesar,3858.077288011093,28.17486129645204,13.341281178543746,79.6625242576827,4374.670485254916
2021-09-17,Lucknow,Alphonso,3919.821086127734,28.17486129645204,13.341281178543746,79.6625242576827,4952.8833392102615
2021-09-17,Lucknow,Dashehari,4026.9576262537303,28.17486129645204,13.341281178543746,79.6625242576827,4165.509028913118
2021-09-17,Lucknow,Kesar,4330.104349050106,28.17486129645204,13.341281178543746,79.6625242576827,4351.320882709017
2021-09-17,Delhi,Alphonso,4194.3855212661,28.17486129645204,13.341281178543746,79.6625242576827,5435.428019989535
2021-09-17,Delhi,Dashehari,3239.4327985542204,28.17486129645204,13.341281178543746,79.6625242576827,4584.596118924619
2021-09-17,Delhi,Kesar,3371.8610767222717,28.17486129645204,13.341281178543746,79.6625242576827,5124.208349336493
2021-09-17,Mumbai,Alphonso,3709.1341952141997,28.17486129645204,13.341281178543746,79.6625242576827,5783.883316946656
2021-09-17,Mumbai,Dashehari,3490.258163095607,28.17486129645204,13.341281178543746,79.6625242576827,5412.155667987083
2021-09-17,Mumbai,Kesar,4191.017268040285,28.17486129645204,13.341281178543746,79.6625242576827,5378.948625088231
2021-09-24,Indore,Alphonso,3090.8829739206376,26.530678182348993,7.999856271485052,76.69543927433175,4858.457782295511
2021-09-24,Indore,Dashehari,2832.566370448964,26.530678182348993,7.999856271485052,76.69543927433175,4123.142709725565
2021-09-24,Indore,Kesar,3758.8783758810964,26.530678182348993,7.999856271485052,76.69543927433175,4197.572823464943
2021-09-24,Lucknow,Alphonso,4129.594705316013,26.530678182348993,7.999856271485052,76.69543927433175,4797.179628040124
2021-09-24,Lucknow,Dashehari,2914.250047916072,26.530678182348993,7.999856271485052,76.69543927433175,4376.980813053329
2021-09-24,Lucknow,Kesar,3918.8393210448617,26.530678182348993,7.999856271485052,76.69543927433175,4858.860401011769
2021-09-24,Delhi,Alphonso,3316.446294852424,26.530678182348993,7.999856271485052,76.69543927433175,5758.346711281625
2021-09-24,Delhi,Dashehari,3484.596612199717,26.530678182348993,7.999856271485052,76.69543927433175,4602.844190152132
2021-09-24,Delhi,Kesar,3853.463974994669,26.530678182348993,7.999856271485052,76.69543927433175,5084.939096952803
2021-09-24,Mumbai,Alphonso,2869.4431372063,26.530678182348993,7.999856271485052,76.69543927433175,6310.421992590955
2021-09-24,Mumbai,Dashehari,4052.0365416589807,26.530678182348993,7.999856271485052,76.69543927433175,4819.176630567096
2021-09-24,Mumbai,Kesar,3658.3214133749634,26.530678182348993,7.999856271485052,76.69543927433175,5491.5720734608285
2021-10-01,Indore,Alphonso,3489.778371603422,26.029992108402226,5.028923825076989,68.73327129960391,5034.5280168817335
2021-10-01,Indore,Dashehari,3717.440061837773,26.029992108402226,5.028923825076989,68.73327129960391,3815.7471093973654
2021-10-01,Indore,Kesar,3808.679484259338,26.029992108402226,5.028923825076989,68.73327129960391,3753.2969214235686
2021-10-01,Lucknow,Alphonso,3959.506280148841,26.029992108402226,5.028923825076989,68.73327129960391,4725.7372896968145
2021-10-01,Lucknow,Dashehari,3355.023623438747,26.029992108402226,5.028923825076989,68.73327129960391,4046.1520670519826
2021-10-01,Lucknow,Kesar,2982.127409711638,26.029992108402226,5.028923825076989,68.73327129960391,4923.762788283701
2021-10-01,Delhi,Alphonso,3312.9195194752433,26.029992108402226,5.028923825076989,68.73327129960391,5617.6420855096485
2021-10-01,Delhi,Dashehari,3481.2317684483264,26.029992108402226,5.028923825076989,68.73327129960391,4710.8425308831265
2021-10-01,Delhi,Kesar,3530.7287564241024,26.029992108402226,5.028923825076989,68.73327129960391,4785.127123793383
2021-10-01,Mumbai,Alphonso,3898.506727778856,26.029992108402226,5.028923825076989,68.73327129960391,5760.989504334433
2021-10-01,Mumbai,Dashehari,2877.3672405360994,26.029992108402226,5.028923825076989,68.73327129960391,5056.610068033301
2021-10-01,Mumbai,Kesar,4100.303916253724,26.029992108402226,5.028923825076989,68.73327129960391,5466.582108958422
2021-10-08,Indore,Alphonso,4330.699193424336,24.301023020683683,5.482263046761198,68.84404893115668,4699.713745432368
2021-10-08,Indore,Dashehari,3672.0166588764278,24.301023020683683,5.482263046761198,68.84404893115668,4034.9792419750443
2021-10-08,Indore,Kesar,3595.5156636106053,24.301023020683683,5.482263046761198,68.84404893115668,4216.670813149434
2021-10-08,Lucknow,Alphonso,3421.4600603660087,24.301023020683683,5.482263046761198,68.84404893115668,5081.740181286657
2021-10-08,Lucknow,Dashehari,3485.1111053960635,24.301023020683683,5.482263046761198,68.84404893115668,4314.144537730435
2021-10-08,Lucknow,Kesar,3520.7783543229198,24.301023020683683,5.482263046761198,68.84404893115668,4708.626328967748
2021-10-08,Delhi,Alphonso,3467.7133679565673,24.301023020683683,5.482263046761198,68.84404893115668,5500.457146871784
2021-10-08,Delhi,Dashehari,2700.719726187157,24.301023020683683,5.482263046761198,68.84404893115668,4889.300649579828
2021-10-08,Delhi,Kesar,3638.595390359197,24.301023020683683,5.482263046761198,68.84404893115668,5135.185868357152
2021-10-08,Mumbai,Alphonso,2341.4978487225244,24.301023020683683,5.482263046761198,68.84404893115668,6464.929052937547
2021-10-08,Mumbai,Dashehari,3444.1641487379306,24.301023020683683,5.482263046761198,68.84404893115668,5190.014579086996
2021-10-08,Mumbai,Kesar,3084.037629149788,24.301023020683683,5.482263046761198,68.84404893115668,5565.663748511371
2021-10-15,Indore,Alphonso,3423.7270396946615,22.460412049360777,3.977184667761161,78.30425389764044,4824.588965273811
2021-10-15,Indore,Dashehari,3848.0270922755017,22.460412049360777,3.977184667761161,78.30425389764044,3898.299778471979
2021-10-15,Indore,Kesar,3560.1675620574306,22.460412049360777,3.977184667761161,78.30425389764044,4326.584734520084
2021-10-15,Lucknow,Alphonso,4461.36623409531,22.460412049360777,3.977184667761161,78.30425389764044,4888.304609643298
2021-10-15,Lucknow,Dashehari,3580.439618685987,22.460412049360777,3.977184667761161,78.30425389764044,4346.360575164393
2021-10-15,Lucknow,Kesar,3942.2103731831935,22.460412049360777,3.977184667761161,78.30425389764044,4705.789503074394
2021-10-15,Delhi,Alphonso,3755.492088811674,22.460412049360777,3.977184667761161,78.30425389764044,5219.992454968912
2021-10-15,Delhi,Dashehari,4153.372612920439,22.460412049360777,3.977184667761161,78.30425389764044,4247.772674177458
2021-10-15,Delhi,Kesar,3621.054186095613,22.460412049360777,3.977184667761161,78.30425389764044,4814.162508745805
2021-10-15,Mumbai,Alphonso,3474.344661362803,22.460412049360777,3.977184667761161,78.30425389764044,5935.517110055821
2021-10-15,Mumbai,Dashehari,3628.5428861801092,22.460412049360777,3.977184667761161,78.30425389764044,5024.529931496431
2021-10-15,Mumbai,Kesar,4145.484507623459,22.460412049360777,3.977184667761161,78.30425389764044,5337.170878146793
2021-10-22,Indore,Alphonso,3008.956873945203,22.93369574857252,9.871288008500787,72.90924258247459,4901.7598440979855
2021-10-22,Indore,Dashehari,3780.4690969243593,22.93369574857252,9.871288008500787,72.90924258247459,3701.794200783964
2021-10-22,Indore,Kesar,4050.282725324648,22.93369574857252,9.871288008500787,72.90924258247459,4079.7791726108553
2021-10-22,Lucknow,Alphonso,3550.230581388617,22.93369574857252,9.871288008500787,72.90924258247459,4965.6456358141
2021-10-22,Lucknow,Dashehari,3506.231619032587,22.93369574857252,9.871288008500787,72.90924258247459,3907.3888617681446
2021-10-22,Lucknow,Kesar,2923.9796469622825,22.93369574857252,9.871288008500787,72.90924258247459,4896.534643762431
2021-10-22,Delhi,Alphonso,3161.215460672669,22.93369574857252,9.871288008500787,72.90924258247459,5288.370663011931
2021-10-22,Delhi,Dashehari,2638.643954558514,22.93369574857252,9.871288008500787,72.90924258247459,4545.8710424305045
2021-10-22,Delhi,Kesar,2970.7640826370007,22.93369574857252,9.871288008500787,72.90924258247459,5296.665262785034
2021-10-22,Mumbai,Alphonso,3903.926835737054,22.93369574857252,9.871288008500787,72.90924258247459,5609.266176270487
2021-10-22,Mumbai,Dashehari,4400.974322137723,22.93369574857252,9.871288008500787,72.90924258247459,4920.3824785088445
2021-10-22,Mumbai,Kesar,3370.0674465965512,22.93369574857252,9.871288008500787,72.90924258247459,4879.334899770525
2021-10-29,Indore,Alphonso,3909.0281728038563,26.049326983327802,0.0,56.93427588166837,5130.182188539718
2021-10-29,Indore,Dashehari,4053.7091274042073,26.049326983327802,0.0,56.93427588166837,3866.4878251800105
2021-10-29,Indore,Kesar,3737.901736666114,26.049326983327802,0.0,56.93427588166837,4375.444314483897
2021-10-29,Lucknow,Alphonso,3803.571435914706,26.049326983327802,0.0,56.93427588166837,5060.6234243531835
2021-10-29,Lucknow,Dashehari,3541.6804415807505,26.049326983327802,0.0,56.93427588166837,4145.882583996894
2021-10-29,Lucknow,Kesar,3198.4141644533292,26.049326983327802,0.0,56.93427588166837,4568.415763065725
2021-10-29,Delhi,Alphonso,2822.8172743218456,26.049326983327802,0.0,56.93427588166837,5568.843584302356
2021-10-29,Delhi,Dashehari,3104.563557139633,26.049326983327802,0.0,56.93427588166837,4437.18430911937
2021-10-29,Delhi,Kesar,3571.9576604613912,26.049326983327802,0.0,56.93427588166837,5202.259859162321
2021-10-29,Mumbai,Alphonso,3867.3266424009253,26.049326983327802,0.0,56.93427588166837,5515.842922219004
2021-10-29,Mumbai,Dashehari,3104.148745371865,26.049326983327802,0.0,56.93427588166837,5205.243866174286
2021-10-29,Mumbai,Kesar,3107.005042584676,26.049326983327802,0.0,56.93427588166837,5394.956951838637
2021-11-05,Indore,Alphonso,2966.3898020327183,22.814510703558177,1.1031811243700345,63.88519100099607,4669.8007964042545
2021-11-05,Indore,Dashehari,3627.912773657015,22.814510703558177,1.1031811243700345,63.88519100099607,3472.2339653873987
2021-11-05,Indore,Kesar,3676.1898951841595,22.814510703558177,1.1031811243700345,63.88519100099607,4146.748151741411
2021-11-05,Lucknow,Alphonso,3720.995981766859,22.814510703558177,1.1031811243700345,63.88519100099607,4982.522404094967
2021-11-05,Lucknow,Dashehari,4045.6561719895376,22.814510703558177,1.1031811243700345,63.88519100099607,4006.319436199868
2021-11-05,Lucknow,Kesar,3328.2377835498987,22.814510703558177,1.1031811243700345,63.88519100099607,4534.927886188191
2021-11-05,Delhi,Alphonso,3717.319211614555,22.814510703558177,1.1031811243700345,63.88519100099607,5351.67449124937
2021-11-05,Delhi,Dashehari,3516.236676481553,22.814510703558177,1.1031811243700345,63.88519100099607,4352.716031109466
2021-11-05,Delhi,Kesar,3234.8396329796205,22.814510703558177,1.1031811243700345,63.88519100099607,4677.257053821087
2021-11-05,Mumbai,Alphonso,4199.830697274776,22.814510703558177,1.1031811243700345,63.88519100099607,5432.132228801472
2021-11-05,Mumbai,Dashehari,3222.837920881637,22.814510703558177,1.1031811243700345,63.88519100099607,4802.573003120212
2021-11-05,Mumbai,Kesar,3857.9697507777764,22.814510703558177,1.1031811243700345,63.88519100099607,5164.471639448797
2021-11-12,Indore,Alphonso,3165.861178696097,23.310131804844406,1.7165758164341227,62.97410424279621,5094.101917370248
2021-11-12,Indore,Dashehari,3024.960632388195,23.310131804844406,1.7165758164341227,62.97410424279621,3889.1049005473255
2021-11-12,Indore,Kesar,3753.5107523728393,23.310131804844406,1.7165758164341227,62.97410424279621,4176.6819886504945
2021-11-12,Lucknow,Alphonso,3425.8849364489165,23.310131804844406,1.7165758164341227,62.97410424279621,4937.803072023514
2021-11-12,Lucknow,Dashehari,3517.524588791644,23.310131804844406,1.7165758164341227,62.97410424279621,4018.2153002607115
2021-11-12,Lucknow,Kesar,3885.551646717964,23.310131804844406,1.7165758164341227,62.97410424279621,4776.324930413544
2021-11-12,Delhi,Alphonso,3277.0032859968665,23.310131804844406,1.7165758164341227,62.97410424279621,5141.404958732665
2021-11-12,Delhi,Dashehari,3464.687180659498,23.310131804844406,1.7165758164341227,62.97410424279621,4918.534074795402
2021-11-12,Delhi,Kesar,3178.5301728121076,23.310131804844406,1.7165758164341227,62.97410424279621,5200.735680410088
2021-11-12,Mumbai,Alphonso,4171.080325630576,23.310131804844406,1.7165758164341227,62.97410424279621,5527.389744415393
2021-11-12,Mumbai,Dashehari,3727.59323167411,23.310131804844406,1.7165758164341227,62.97410424279621,5099.9746969981325
2021-11-12,Mumbai,Kesar,3348.348903605005,23.310131804844406,1.7165758164341227,62.97410424279621,5238.48281906901
2021-11-19,Indore,Alphonso,3010.4238932950975,20.095628914257073,0.0,56.603109164724145,4628.222362034285
2021-11-19,Indore,Dashehari,3192.0107075765436,20.095628914257073,0.0,56.603109164724145,3731.4831752992986
2021-11-19,Indore,Kesar,2877.641741518549,20.095628914257073,0.0,56.603109164724145,4205.546566866005
2021-11-19,Lucknow,Alphonso,3833.4115846435698,20.095628914257073,0.0,56.603109164724145,4415.077137642036
2021-11-19,Lucknow,Dashehari,3649.622627939029,20.095628914257073,0.0,56.603109164724145,4128.011984156909
2021-11-19,Lucknow,Kesar,3016.143592523518,20.095628914257073,0.0,56.603109164724145,4722.120821517295
2021-11-19,Delhi,Alphonso,3667.607603746418,20.095628914257073,0.0,56.603109164724145,5076.892135829872
2021-11-19,Delhi,Dashehari,3477.692368936918,20.095628914257073,0.0,56.603109164724145,4438.477856386006
2021-11-19,Delhi,Kesar,3530.4021565649646,20.095628914257073,0.0,56.603109164724145,4825.467328999394
2021-11-19,Mumbai,Alphonso,3131.7305627682535,20.095628914257073,0.0,56.603109164724145,5730.73708556895
2021-11-19,Mumbai,Dashehari,2934.514201238008,20.095628914257073,0.0,56.603109164724145,4815.730391275134
2021-11-19,Mumbai,Kesar,3138.436943414084,20.095628914257073,0.0,56.603109164724145,5066.649599060048
2021-11-26,Indore,Alphonso,3063.0748941309685,22.439279305955235,7.590945571246936,61.240144314065724,4516.0129269803165
2021-11-26,Indore,Dashehari,3985.2390799916734,22.439279305955235,7.590945571246936,61.240144314065724,3532.485938925636
2021-11-26,Indore,Kesar,4427.731815992678,22.439279305955235,7.590945571246936,61.240144314065724,3898.125413081259
2021-11-26,Lucknow,Alphonso,3576.8196465960127,22.439279305955235,7.590945571246936,61.240144314065724,4724.851428925222
2021-11-26,Lucknow,Dashehari,3553.4163619129126,22.439279305955235,7.590945571246936,61.240144314065724,3857.2604131761323
2021-11-26,Lucknow,Kesar,3783.243470675436,22.439279305955235,7.590945571246936,61.240144314065724,4415.542521170401
2021-11-26,Delhi,Alphonso,3185.6042157968204,22.439279305955235,7.590945571246936,61.240144314065724,5011.289238385127
2021-11-26,Delhi,Dashehari,2765.5178507586816,22.439279305955235,7.590945571246936,61.240144314065724,4517.96515457665
2021-11-26,Delhi,Kesar,3058.6533575304506,22.439279305955235,7.590945571246936,61.240144314065724,4386.242017782027
2021-11-26,Mumbai,Alphonso,3655.431441812386,22.439279305955235,7.590945571246936,61.240144314065724,6015.082182480628
2021-11-26,Mumbai,Dashehari,3497.5716353840426,22.439279305955235,7.590945571246936,61.240144314065724,4845.685373901122
2021-11-26,Mumbai,Kesar,3532.731743419026,22.439279305955235,7.590945571246936,61.240144314065724,5070.628077479124
2021-12-03,Indore,Alphonso,3628.6791224784056,21.67364823648799,1.4629539411716042,57.97493500886768,4317.271030905015
2021-12-03,Indore,Dashehari,3896.816939814609,21.67364823648799,1.4629539411716042,57.97493500886768,3457.769749235074
2021-12-03,Indore,Kesar,3197.7019362028623,21.67364823648799,1.4629539411716042,57.97493500886768,4111.674977933035
2021-12-03,Lucknow,Alphonso,3140.612807283585,21.67364823648799,1.4629539411716042,57.97493500886768,4830.451857622275
2021-12-03,Lucknow,Dashehari,3496.3524013423184,21.67364823648799,1.4629539411716042,57.97493500886768,4056.807324214944
2021-12-03,Lucknow,Kesar,3689.879293151981,21.67364823648799,1.4629539411716042,57.97493500886768,4222.006429265394
2021-12-03,Delhi,Alphonso,3827.1065196801146,21.67364823648799,1.4629539411716042,57.97493500886768,5352.047739887574
2021-12-03,Delhi,Dashehari,3723.124122540745,21.67364823648799,1.4629539411716042,57.97493500886768,4222.39068412135
2021-12-03,Delhi,Kesar,2975.265507059936,21.67364823648799,1.4629539411716042,57.97493500886768,4563.421303982522
2021-12-03,Mumbai,Alphonso,3377.910118258133,21.67364823648799,1.4629539411716042,57.97493500886768,5472.953536931742
2021-12-03,Mumbai,Dashehari,3425.2114788058216,21.67364823648799,1.4629539411716042,57.97493500886768,4684.348474903309
2021-12-03,Mumbai,Kesar,3711.8771017426925,21.67364823648799,1.4629539411716042,57.97493500886768,5009.861896242556
2021-12-10,Indore,Alphonso,3124.265842472498,20.831786185695634,2.2857415590021715,45.3252653333267,4387.0399249083675
2021-12-10,Indore,Dashehari,3016.122102863557,20.831786185695634,2.2857415590021715,45.3252653333267,3640.428729467185
2021-12-10,Indore,Kesar,4112.300332937479,20.831786185695634,2.2857415590021715,45.3252653333267,3954.5066099600795
2021-12-10,Lucknow,Alphonso,3414.6228516279166,20.831786185695634,2.2857415590021715,45.3252653333267,4929.042127923274
2021-12-10,Lucknow,Dashehari,3559.4669828808446,20.831786185695634,2.2857415590021715,45.3252653333267,3673.964004863509
2021-12-10,Lucknow,Kesar,3254.638934583624,20.831786185695634,2.2857415590021715,45.3252653333267,4135.063984790393
2021-12-10,Delhi,Alphonso,3344.7292725835086,20.831786185695634,2.2857415590021715,45.3252653333267,5103.967187545865
2021-12-10,Delhi,Dashehari,3564.2295924199457,20.831786185695634,2.2857415590021715,45.3252653333267,4134.330493575332
2021-12-10,Delhi,Kesar,3674.77526789854,20.831786185695634,2.2857415590021715,45.3252653333267,4728.2003178231125
2021-12-10,Mumbai,Alphonso,3879.8216541765296,20.831786185695634,2.2857415590021715,45.3252653333267,5109.69400451055
2021-12-10,Mumbai,Dashehari,2478.431546039218,20.831786185695634,2.2857415590021715,45.3252653333267,4897.403442319319
2021-12-10,Mumbai,Kesar,2953.2485206338315,20.831786185695634,2.2857415590021715,45.3252653333267,5003.301030528536
2021-12-17,Indore,Alphonso,3803.662064121059,18.25376579234818,0.0,56.61642968708507,4127.836983526916
2021-12-17,Indore,Dashehari,2463.5830831420362,18.25376579234818,0.0,56.61642968708507,3474.499071548503
2021-12-17,Indore,Kesar,3656.7216021610184,18.25376579234818,0.0,56.61642968708507,3491.85405643119
2021-12-17,Lucknow,Alphonso,3573.3439679116623,18.25376579234818,0.0,56.61642968708507,4570.310340124278
2021-12-17,Lucknow,Dashehari,3731.7165998404353,18.25376579234818,0.0,56.61642968708507,3666.0835055427856
2021-12-17,Lucknow,Kesar,3110.7724236473778,18.25376579234818,0.0,56.61642968708507,4371.711861242597
2021-12-17,Delhi,Alphonso,3436.588170789212,18.25376579234818,0.0,56.61642968708507,4992.76733934567
2021-12-17,Delhi,Dashehari,3126.6928163707216,18.25376579234818,0.0,56.61642968708507,4073.672515038315
2021-12-17,Delhi,Kesar,3146.07891438924,18.25376579234818,0.0,56.61642968708507,4518.843531823236
2021-12-17,Mumbai,Alphonso,4184.683392056937,18.25376579234818,0.0,56.61642968708507,5016.082810901623
2021-12-17,Mumbai,Dashehari,2854.5754408493035,18.25376579234818,0.0,56.61642968708507,4867.255106795491
2021-12-17,Mumbai,Kesar,3416.2705291392535,18.25376579234818,0.0,56.61642968708507,4780.906238995665
2021-12-24,Indore,Alphonso,3771.1703485357075,21.576943696642086,0.0,61.90630880524349,4172.820336565819
2021-12-24,Indore,Dashehari,4362.923285306201,21.576943696642086,0.0,61.90630880524349,3145.1001752727557
2021-12-24,Indore,Kesar,3796.838148803723,21.576943696642086,0.0,61.90630880524349,3809.896850456971
2021-12-24,Lucknow,Alphonso,4020.696515759519,21.576943696642086,0.0,61.90630880524349,4796.801695342592
2021-12-24,Lucknow,Dashehari,3512.8016596263064,21.576943696642086,0.0,61.90630880524349,3571.535537373424
2021-12-24,Lucknow,Kesar,3683.9888571756464,21.576943696642086,0.0,61.90630880524349,3954.3482919214766
2021-12-24,Delhi,Alphonso,4305.354899010649,21.576943696642086,0.0,61.90630880524349,4889.067530541448
2021-12-24,Delhi,Dashehari,3353.8713794751566,21.576943696642086,0.0,61.90630880524349,4169.000659518628
2021-12-24,Delhi,Kesar,2961.1494841881213,21.576943696642086,0.0,61.90630880524349,4431.557618682693
2021-12-24,Mumbai,Alphonso,3980.1655631777703,21.576943696642086,0.0,61.90630880524349,5204.784281181622
2021-12-24,Mumbai,Dashehari,3081.235606927224,21.576943696642086,0.0,61.90630880524349,4681.430138976484
2021-12-24,Mumbai,Kesar,3974.2816618651987,21.576943696642086,0.0,61.90630880524349,4953.495949552449
2021-12-31,Indore,Alphonso,4100.533460782195,21.6204411974022,0.0,44.71138425387577,4032.5148791287825
2021-12-31,Indore,Dashehari,3399.666793417981,21.6204411974022,0.0,44.71138425387577,3555.8281957787563
2021-12-31,Indore,Kesar,3722.492003760264,21.6204411974022,0.0,44.71138425387577,3740.704511359004
2021-12-31,Lucknow,Alphonso,4366.0009379604335,21.6204411974022,0.0,44.71138425387577,4226.979822759859
2021-12-31,Lucknow,Dashehari,3871.136051232495,21.6204411974022,0.0,44.71138425387577,3542.151146320788
2021-12-31,Lucknow,Kesar,3607.436911545303,21.6204411974022,0.0,44.71138425387577,4254.478945737263
2021-12-31,Delhi,Alphonso,3703.1343025158494,21.6204411974022,0.0,44.71138425387577,4959.022392837244
2021-12-31,Delhi,Dashehari,3929.0029349239207,21.6204411974022,0.0,44.71138425387577,3855.781253457137
2021-12-31,Delhi,Kesar,3164.3161330643975,21.6204411974022,0.0,44.71138425387577,4271.050714185785
2021-12-31,Mumbai,Alphonso,2713.4573642495993,21.6204411974022,0.0,44.71138425387577,5810.388230885493
2021-12-31,Mumbai,Dashehari,3058.7166537113267,21.6204411974022,0.0,44.71138425387577,4438.298623147686
2021-12-31,Mumbai,Kesar,3389.2746800444315,21.6204411974022,0.0,44.71138425387577,4873.957036258804
2022-01-07,Indore,Alphonso,3697.428877886606,21.568073211570862,3.291533498517138,48.11646226097239,4137.934227001845
2022-01-07,Indore,Dashehari,3664.801112927752,21.568073211570862,3.291533498517138,48.11646226097239,3482.2650372901426
2022-01-07,Indore,Kesar,3960.6675440564713,21.568073211570862,3.291533498517138,48.11646226097239,3671.9648774923417
2022-01-07,Lucknow,Alphonso,4029.4300708681358,21.568073211570862,3.291533498517138,48.11646226097239,4538.534915524633
2022-01-07,Lucknow,Dashehari,3836.6861868826536,21.568073211570862,3.291533498517138,48.11646226097239,3228.5737696626093
2022-01-07,Lucknow,Kesar,3924.1527441022276,21.568073211570862,3.291533498517138,48.11646226097239,3729.0152991126092
2022-01-07,Delhi,Alphonso,3552.8308907012683,21.568073211570862,3.291533498517138,48.11646226097239,4918.642996983228
2022-01-07,Delhi,Dashehari,4259.590791974625,21.568073211570862,3.291533498517138,48.11646226097239,3789.709575190598
2022-01-07,Delhi,Kesar,3887.8107684407564,21.568073211570862,3.291533498517138,48.11646226097239,4559.199785648546
2022-01-07,Mumbai,Alphonso,3860.5788351965984,21.568073211570862,3.291533498517138,48.11646226097239,5626.005804150622
2022-01-07,Mumbai,Dashehari,3990.4814216537884,21.568073211570862,3.291533498517138,48.11646226097239,3917.38308138781
2022-01-07,Mumbai,Kesar,4065.614211842984,21.568073211570862,3.291533498517138,48.11646226097239,4689.404985080702
2022-01-14,Indore,Alphonso,3535.008370911222,22.58782662643953,2.098766018637718,49.78395882833106,4053.235066210777
2022-01-14,Indore,Dashehari,3684.519483743248,22.58782662643953,2.098766018637718,49.78395882833106,3059.453031247647
2022-01-14,Indore,Kesar,4260.159027195212,22.58782662643953,2.098766018637718,49.78395882833106,3760.9149451743965
2022-01-14,Lucknow,Alphonso,4182.5962773561605,22.58782662643953,2.098766018637718,49.78395882833106,4059.0344781958397
2022-01-14,Lucknow,Dashehari,4202.568732715024,22.58782662643953,2.098766018637718,49.78395882833106,3586.0920549937946
2022-01-14,Lucknow,Kesar,3780.814503699215,22.58782662643953,2.098766018637718,49.78395882833106,3822.4910586192977
2022-01-14,Delhi,Alphonso,4030.602943318647,22.58782662643953,2.098766018637718,49.78395882833106,4560.3705331341225
2022-01-14,Delhi,Dashehari,4284.039838964512,22.58782662643953,2.098766018637718,49.78395882833106,3734.2629215232687
2022-01-14,Delhi,Kesar,4192.540642989779,22.58782662643953,2.098766018637718,49.78395882833106,4012.754851543744
2022-01-14,Mumbai,Alphonso,3849.744345297604,22.58782662643953,2.098766018637718,49.78395882833106,5264.235421541712
2022-01-14,Mumbai,Dashehari,3875.594404590261,22.58782662643953,2.098766018637718,49.78395882833106,4540.407259682048
2022-01-14,Mumbai,Kesar,3864.8731911811274,22.58782662643953,2.098766018637718,49.78395882833106,4671.926835509019
2022-01-21,Indore,Alphonso,3667.3157509749553,22.452732891439272,0.0,41.326927738415236,4223.461408848389
2022-01-21,Indore,Dashehari,4056.835018446014,22.452732891439272,0.0,41.326927738415236,3486.55867350699
2022-01-21,Indore,Kesar,4051.8792373400374,22.452732891439272,0.0,41.326927738415236,3460.194077261247
2022-01-21,Lucknow,Alphonso,4894.422257830143,22.452732891439272,0.0,41.326927738415236,4436.413818866204
2022-01-21,Lucknow,Dashehari,5102.1797074575525,22.452732891439272,0.0,41.326927738415236,3355.426679571394
2022-01-21,Lucknow,Kesar,4687.203287127578,22.452732891439272,0.0,41.326927738415236,3719.271364580236
2022-01-21,Delhi,Alphonso,4588.9227072696485,22.452732891439272,0.0,41.326927738415236,4431.093589159314
2022-01-21,Delhi,Dashehari,3950.2987234340703,22.452732891439272,0.0,41.326927738415236,3744.651932854883
2022-01-21,Delhi,Kesar,4209.504427793022,22.452732891439272,0.0,41.326927738415236,4017.0212595253342
2022-01-21,Mumbai,Alphonso,4556.1332557856795,22.452732891439272,0.0,41.326927738415236,5108.164056908257
2022-01-21,Mumbai,Dashehari,4312.941031319732,22.452732891439272,0.0,41.326927738415236,4345.9391343593825
2022-01-21,Mumbai,Kesar,3820.902631149591,22.452732891439272,0.0,41.326927738415236,4533.691929129712
2022-01-28,Indore,Alphonso,4470.468426295168,20.46537886217877,0.0,49.58764558384342,4054.1781897618134
2022-01-28,Indore,Dashehari,4771.492103470393,20.46537886217877,0.0,49.58764558384342,2643.2193457074322
2022-01-28,Indore,Kesar,5260.804456182157,20.46537886217877,0.0,49.58764558384342,3359.282815793135
2022-01-28,Lucknow,Alphonso,4752.006511035928,20.46537886217877,0.0,49.58764558384342,3990.313242931922
2022-01-28,Lucknow,Dashehari,4135.39173495909,20.46537886217877,0.0,49.58764558384342,3175.0738207259337
2022-01-28,Lucknow,Kesar,4954.666877530156,20.46537886217877,0.0,49.58764558384342,3833.8270498241613
2022-01-28,Delhi,Alphonso,5136.464840957357,20.46537886217877,0.0,49.58764558384342,4273.884985417505
2022-01-28,Delhi,Dashehari,4071.3204563328773,20.46537886217877,0.0,49.58764558384342,3678.9633950154584
2022-01-28,Delhi,Kesar,3811.791683423341,20.46537886217877,0.0,49.58764558384342,4158.489238248418
2022-01-28,Mumbai,Alphonso,4460.126395129014,20.46537886217877,0.0,49.58764558384342,4799.732231251853
2022-01-28,Mumbai,Dashehari,3881.286202741763,20.46537886217877,0.0,49.58764558384342,4180.258055400391
2022-01-28,Mumbai,Kesar,4306.087093783717,20.46537886217877,0.0,49.58764558384342,4200.760845402438
2022-02-04,Indore,Alphonso,5410.499938598344,17.79805157611863,0.0,58.94961001281509,3453.461579886861
2022-02-04,Indore,Dashehari,4505.111428634484,17.79805157611863,0.0,58.94961001281509,2883.088203959389
2022-02-04,Indore,Kesar,4346.642077103879,17.79805157611863,0.0,58.94961001281509,3281.5558631088975
2022-02-04,Lucknow,Alphonso,5052.428364133072,17.79805157611863,0.0,58.94961001281509,4121.039769775313
2022-02-04,Lucknow,Dashehari,4705.934622187215,17.79805157611863,0.0,58.94961001281509,3025.8993879945388
2022-02-04,Lucknow,Kesar,4394.803218076571,17.79805157611863,0.0,58.94961001281509,3369.725852039134
2022-02-04,Delhi,Alphonso,4655.404696018585,17.79805157611863,0.0,58.94961001281509,4437.781840963658
2022-02-04,Delhi,Dashehari,5111.430103272495,17.79805157611863,0.0,58.94961001281509,3244.99926530858
2022-02-04,Delhi,Kesar,5343.071680363005,17.79805157611863,0.0,58.94961001281509,3699.0737443670882
2022-02-04,Mumbai,Alphonso,4737.449335039822,17.79805157611863,0.0,58.94961001281509,4622.389912466316
2022-02-04,Mumbai,Dashehari,3776.300148670019,17.79805157611863,0.0,58.94961001281509,4189.023039604477
2022-02-04,Mumbai,Kesar,5040.733811616169,17.79805157611863,0.0,58.94961001281509,4151.657848647902
2022-02-11,Indore,Alphonso,4743.158573985887,22.843635576582514,0.26836242064583304,42.5788871768424,3801.298197649306
2022-02-11,Indore,Dashehari,4453.063875656705,22.843635576582514,0.26836242064583304,42.5788871768424,2863.3880288066234
2022-02-11,Indore,Kesar,4412.146923075043,22.843635576582514,0.26836242064583304,42.5788871768424,3301.8700493193637
2022-02-11,Lucknow,Alphonso,4940.523052005412,22.843635576582514,0.26836242064583304,42.5788871768424,3632.081222410872
2022-02-11,Lucknow,Dashehari,5420.675386707274,22.843635576582514,0.26836242064583304,42.5788871768424,2804.151045203879
2022-02-11,Lucknow,Kesar,4630.678670118653,22.843635576582514,0.26836242064583304,42.5788871768424,3514.6793935150495
2022-02-11,Delhi,Alphonso,5414.2345846958915,22.843635576582514,0.26836242064583304,42.5788871768424,4054.688945973466
2022-02-11,Delhi,Dashehari,4979.451584863594,22.843635576582514,0.26836242064583304,42.5788871768424,3492.984783418893
2022-02-11,Delhi,Kesar,5232.021887829663,22.843635576582514,0.26836242064583304,42.5788871768424,3802.094638775398
2022-02-11,Mumbai,Alphonso,4807.968509291076,22.843635576582514,0.26836242064583304,42.5788871768424,4597.698527245675
2022-02-11,Mumbai,Dashehari,4989.237198142955,22.843635576582514,0.26836242064583304,42.5788871768424,3621.051380811696
2022-02-11,Mumbai,Kesar,3786.2394515265623,22.843635576582514,0.26836242064583304,42.5788871768424,4509.156762108437
2022-02-18,Indore,Alphonso,5390.155556373388,24.797407196066708,0.0,45.85779668715438,3920.3486611174867
2022-02-18,Indore,Dashehari,5150.8113350414715,24.797407196066708,0.0,45.85779668715438,2562.040906987882
2022-02-18,Indore,Kesar,5069.335275529373,24.797407196066708,0.0,45.85779668715438,3355.224882567977
2022-02-18,Lucknow,Alphonso,4884.108180321495,24.797407196066708,0.0,45.85779668715438,3797.2334430616756
2022-02-18,Lucknow,Dashehari,4949.396443098496,24.797407196066708,0.0,45.85779668715438,2857.736967472293
2022-02-18,Lucknow,Kesar,5191.561978369227,24.797407196066708,0.0,45.85779668715438,3678.188443134651
2022-02-18,Delhi,Alphonso,5271.7255612177205,24.797407196066708,0.0,45.85779668715438,4225.893245314669
2022-02-18,Delhi,Dashehari,5025.769344405091,24.797407196066708,0.0,45.85779668715438,3134.214649158276
2022-02-18,Delhi,Kesar,5495.737762830172,24.797407196066708,0.0,45.85779668715438,3716.983983944856
2022-02-18,Mumbai,Alphonso,5070.301886535059,24.797407196066708,0.0,45.85779668715438,5282.332499352355
2022-02-18,Mumbai,Dashehari,5261.995015317583,24.797407196066708,0.0,45.85779668715438,3637.745984942293
2022-02-18,Mumbai,Kesar,4971.950813489091,24.797407196066708,0.0,45.85779668715438,4431.99655794397
2022-02-25,Indore,Alphonso,5039.162624972758,24.361302717674143,0.0,56.221541750922704,3935.4849479238683
2022-02-25,Indore,Dashehari,5738.439485474215,24.361302717674143,0.0,56.221541750922704,2491.9035720958723
2022-02-25,Indore,Kesar,5818.826803882401,24.361302717674143,0.0,56.221541750922704,2970.1657878959068
2022-02-25,Lucknow,Alphonso,5647.529729237243,24.361302717674143,0.0,56.221541750922704,3876.037176550108
2022-02-25,Lucknow,Dashehari,4967.877597192007,24.361302717674143,0.0,56.221541750922704,2895.2836833881024
2022-02-25,Lucknow,Kesar,5718.40458622082,24.361302717674143,0.0,56.221541750922704,3215.7682354008816
2022-02-25,Delhi,Alphonso,5144.960873891558,24.361302717674143,0.0,56.221541750922704,4107.325599116442
2022-02-25,Delhi,Dashehari,5475.859885425741,24.361302717674143,0.0,56.221541750922704,3690.9403267869397
2022-02-25,Delhi,Kesar,4879.407093486647,24.361302717674143,0.0,56.221541750922704,3831.406846073306
2022-02-25,Mumbai,Alphonso,5871.308481354527,24.361302717674143,0.0,56.221541750922704,4534.1696436317625
2022-02-25,Mumbai,Dashehari,5487.368977688249,24.361302717674143,0.0,56.221541750922704,3526.383369649483
2022-02-25,Mumbai,Kesar,5477.743098071415,24.361302717674143,0.0,56.221541750922704,4085.6608953461327
2022-03-04,Indore,Alphonso,5676.038033481826,26.460560508553172,2.7632966008722786,65.4858629579112,3561.4220401157536
2022-03-04,Indore,Dashehari,5521.938484827329,26.460560508553172,2.7632966008722786,65.4858629579112,2566.9466891828492
2022-03-04,Indore,Kesar,5579.578301581071,26.460560508553172,2.7632966008722786,65.4858629579112,2966.9692010480744
2022-03-04,Lucknow,Alphonso,5511.569154704241,26.460560508553172,2.7632966008722786,65.4858629579112,4069.550657720362
2022-03-04,Lucknow,Dashehari,5041.567738084538,26.460560508553172,2.7632966008722786,65.4858629579112,3222.1614973057035
2022-03-04,Lucknow,Kesar,5971.030791132342,26.460560508553172,2.7632966008722786,65.4858629579112,3228.4276718954766
2022-03-04,Delhi,Alphonso,4595.442804592957,26.460560508553172,2.7632966008722786,65.4858629579112,4287.8778866539615
2022-03-04,Delhi,Dashehari,5962.982582820839,26.460560508553172,2.7632966008722786,65.4858629579112,3247.0124330361423
2022-03-04,Delhi,Kesar,5044.463871278431,26.460560508553172,2.7632966008722786,65.4858629579112,3725.6025665064954
2022-03-04,Mumbai,Alphonso,5780.432774798216,26.460560508553172,2.7632966008722786,65.4858629579112,4682.399691970261
2022-03-04,Mumbai,Dashehari,5348.611924528517,26.460560508553172,2.7632966008722786,65.4858629579112,3695.6870086159156
2022-03-04,Mumbai,Kesar,5287.481504578866,26.460560508553172,2.7632966008722786,65.4858629579112,4006.6850451237665
2022-03-11,Indore,Alphonso,6162.318581228407,28.224824116932766,0.0,59.71696819166728,3607.355058400216
2022-03-11,Indore,Dashehari,5381.144035372207,28.224824116932766,0.0,59.71696819166728,2740.9419312482887
2022-03-11,Indore,Kesar,5544.113917903061,28.224824116932766,0.0,59.71696819166728,2876.2696012007223
2022-03-11,Lucknow,Alphonso,5683.535873148068,28.224824116932766,0.0,59.71696819166728,3601.61282177928
2022-03-11,Lucknow,Dashehari,6028.863915844052,28.224824116932766,0.0,59.71696819166728,2768.0498229890563
2022-03-11,Lucknow,Kesar,5634.256022808562,28.224824116932766,0.0,59.71696819166728,3373.702174127461
2022-03-11,Delhi,Alphonso,5450.230170977796,28.224824116932766,0.0,59.71696819166728,4361.439894844243
2022-03-11,Delhi,Dashehari,5363.8306978104165,28.224824116932766,0.0,59.71696819166728,3528.2204292911256
2022-03-11,Delhi,Kesar,5015.400288360727,28.224824116932766,0.0,59.71696819166728,3856.85271376812
2022-03-11,Mumbai,Alphonso,6329.363760082741,28.224824116932766,0.0,59.71696819166728,4317.5313261107995
2022-03-11,Mumbai,Dashehari,5282.694172249486,28.224824116932766,0.0,59.71696819166728,3878.4949032883933
2022-03-11,Mumbai,Kesar,5625.624873235266,28.224824116932766,0.0,59.71696819166728,4187.37738204159
2022-03-18,Indore,Alphonso,5797.582496099451,27.372690127135634,0.7849340119341637,60.437457284961866,3411.3588107011733
2022-03-18,Indore,Dashehari,5902.684513809139,27.372690127135634,0.7849340119341637,60.437457284961866,2877.8455736259057
2022-03-18,Indore,Kesar,5580.601534775017,27.372690127135634,0.7849340119341637,60.437457284961866,2818.4264867301936
2022-03-18,Lucknow,Alphonso,6076.4873010428355,27.372690127135634,0.7849340119341637,60.437457284961866,3682.913714131054
2022-03-18,Lucknow,Dashehari,4764.587214922432,27.372690127135634,0.7849340119341637,60.437457284961866,3193.26024103145
2022-03-18,Lucknow,Kesar,5419.523758946478,27.372690127135634,0.7849340119341637,60.437457284961866,3306.539770405297
2022-03-18,Delhi,Alphonso,5766.447165555653,27.372690127135634,0.7849340119341637,60.437457284961866,4194.679490390627
2022-03-18,Delhi,Dashehari,5917.435760183663,27.372690127135634,0.7849340119341637,60.437457284961866,3154.824054294781
2022-03-18,Delhi,Kesar,5838.897352598479,27.372690127135634,0.7849340119341637,60.437457284961866,3600.6301123975813
2022-03-18,Mumbai,Alphonso,5929.179225683048,27.372690127135634,0.7849340119341637,60.437457284961866,4641.863924329814
2022-03-18,Mumbai,Dashehari,5259.479552510208,27.372690127135634,0.7849340119341637,60.437457284961866,3947.1204992900807
2022-03-18,Mumbai,Kesar,5419.269655282427,27.372690127135634,0.7849340119341637,60.437457284961866,4268.331903570182
2022-03-25,Indore,Alphonso,5542.890031694612,28.032218829469986,5.819304346691497,55.175846171004274,3448.171788514866
2022-03-25,Indore,Dashehari,5561.3448370081815,28.032218829469986,5.819304346691497,55.175846171004274,2692.3349949677836
2022-03-25,Indore,Kesar,5036.092506767256,28.032218829469986,5.819304346691497,55.175846171004274,2853.2280366152377
2022-03-25,Lucknow,Alphonso,5255.495581510214,28.032218829469986,5.819304346691497,55.175846171004274,3974.453685163093
2022-03-25,Lucknow,Dashehari,6366.862099174661,28.032218829469986,5.819304346691497,55.175846171004274,2684.551486091504
2022-03-25,Lucknow,Kesar,5615.088060865887,28.032218829469986,5.819304346691497,55.175846171004274,3251.2810616842007
2022-03-25,Delhi,Alphonso,6147.3680711851675,28.032218829469986,5.819304346691497,55.175846171004274,3875.9377063120546
2022-03-25,Delhi,Dashehari,5777.964343235805,28.032218829469986,5.819304346691497,55.175846171004274,3384.8895148580796
2022-03-25,Delhi,Kesar,5883.054418117829,28.032218829469986,5.819304346691497,55.175846171004274,3624.562419006252
2022-03-25,Mumbai,Alphonso,6083.035187168748,28.032218829469986,5.819304346691497,55.175846171004274,3967.859376849451
2022-03-25,Mumbai,Dashehari,5953.766877954255,28.032218829469986,5.819304346691497,55.175846171004274,3459.9758622849854
2022-03-25,Mumbai,Kesar,4950.3635913993085,28.032218829469986,5.819304346691497,55.175846171004274,4250.338544742308
2022-04-01,Indore,Alphonso,6344.8795146270395,30.37718374102702,0.0,62.58786543219418,3649.920784804025
2022-04-01,Indore,Dashehari,6355.954023180138,30.37718374102702,0.0,62.58786543219418,2644.825720012279
2022-04-01,Indore,Kesar,5730.141666992218,30.37718374102702,0.0,62.58786543219418,2735.535149591674
2022-04-01,Lucknow,Alphonso,5601.543216179602,30.37718374102702,0.0,62.58786543219418,3695.2523297225207
2022-04-01,Lucknow,Dashehari,6568.345298430707,30.37718374102702,0.0,62.58786543219418,2741.3528958364154
2022-04-01,Lucknow,Kesar,5749.250134145375,30.37718374102702,0.0,62.58786543219418,3419.71683933288
2022-04-01,Delhi,Alphonso,5717.409189980563,30.37718374102702,0.0,62.58786543219418,4531.290028872798
2022-04-01,Delhi,Dashehari,5450.9084667378,30.37718374102702,0.0,62.58786543219418,3409.180313721663
2022-04-01,Delhi,Kesar,5402.979977152362,30.37718374102702,0.0,62.58786543219418,3545.1740478846114
2022-04-01,Mumbai,Alphonso,5455.2605750694665,30.37718374102702,0.0,62.58786543219418,4666.7009688105445
2022-04-01,Mumbai,Dashehari,5528.247321624677,30.37718374102702,0.0,62.58786543219418,3635.5942015220276
2022-04-01,Mumbai,Kesar,5137.441225962848,30.37718374102702,0.0,62.58786543219418,4215.616072045285
2022-04-08,Indore,Alphonso,5102.437520830994,26.87595407071764,2.1406612426748217,59.86994351296177,3491.352868223014
2022-04-08,Indore,Dashehari,5384.595558380733,26.87595407071764,2.1406612426748217,59.86994351296177,2653.6734672084885
2022-04-08,Indore,Kesar,6221.638299026224,26.87595407071764,2.1406612426748217,59.86994351296177,2508.0233174806135
2022-04-08,Lucknow,Alphonso,5731.468552275933,26.87595407071764,2.1406612426748217,59.86994351296177,3704.9610132299044
2022-04-08,Lucknow,Dashehari,5953.994151197152,26.87595407071764,2.1406612426748217,59.86994351296177,2832.1057017088647
2022-04-08,Lucknow,Kesar,5384.670387921438,26.87595407071764,2.1406612426748217,59.86994351296177,3238.7788775957183
2022-04-08,Delhi,Alphonso,5367.04777789557,26.87595407071764,2.1406612426748217,59.86994351296177,4393.0619407681115
2022-04-08,Delhi,Dashehari,5693.982780085743,26.87595407071764,2.1406612426748217,59.86994351296177,3582.7466788616757
2022-04-08,Delhi,Kesar,5661.193795091118,26.87595407071764,2.1406612426748217,59.86994351296177,3518.921154681284
2022-04-08,Mumbai,Alphonso,5079.972363571835,26.87595407071764,2.1406612426748217,59.86994351296177,4326.489088672566
2022-04-08,Mumbai,Dashehari,5051.80374341477,26.87595407071764,2.1406612426748217,59.86994351296177,3804.207379208977
2022-04-08,Mumbai,Kesar,5888.948129908939,26.87595407071764,2.1406612426748217,59.86994351296177,3720.8242660921733
2022-04-15,Indore,Alphonso,6284.1848747705635,31.261038640415272,0.0,61.90622886307715,3615.0134807336326
2022-04-15,Indore,Dashehari,5531.884364306061,31.261038640415272,0.0,61.90622886307715,2528.5818951866954
2022-04-15,Indore,Kesar,4778.570462936672,31.261038640415272,0.0,61.90622886307715,3095.1454005443015
2022-04-15,Lucknow,Alphonso,5554.844527937315,31.261038640415272,0.0,61.90622886307715,3707.171351420609
2022-04-15,Lucknow,Dashehari,5586.793836631472,31.261038640415272,0.0,61.90622886307715,2992.9461296754516
2022-04-15,Lucknow,Kesar,5549.354230745163,31.261038640415272,0.0,61.90622886307715,3268.8514552541865
2022-04-15,Delhi,Alphonso,5706.758492255085,31.261038640415272,0.0,61.90622886307715,4337.068469653118
2022-04-15,Delhi,Dashehari,5203.136992491255,31.261038640415272,0.0,61.90622886307715,3702.138851042441
2022-04-15,Delhi,Kesar,5599.861370554689,31.261038640415272,0.0,61.90622886307715,3780.1535667667667
2022-04-15,Mumbai,Alphonso,5922.582392771016,31.261038640415272,0.0,61.90622886307715,4660.649754265188
2022-04-15,Mumbai,Dashehari,6020.551277033692,31.261038640415272,0.0,61.90622886307715,3752.7188012068023
2022-04-15,Mumbai,Kesar,5394.321673612219,31.261038640415272,0.0,61.90622886307715,4278.828414623438
2022-04-22,Indore,Alphonso,5478.905521712614,28.94607081246294,0.3936313236383831,62.77606898592869,3546.48348874211
2022-04-22,Indore,Dashehari,4809.412646422575,28.94607081246294,0.3936313236383831,62.77606898592869,2691.358474959951
2022-04-22,Indore,Kesar,5599.290225078076,28.94607081246294,0.3936313236383831,62.77606898592869,3076.7251447548656
2022-04-22,Lucknow,Alphonso,5151.082208251247,28.94607081246294,0.3936313236383831,62.77606898592869,4156.455848579809
2022-04-22,Lucknow,Dashehari,5215.68232533583,28.94607081246294,0.3936313236383831,62.77606898592869,3191.502712243751
2022-04-22,Lucknow,Kesar,5733.030009370304,28.94607081246294,0.3936313236383831,62.77606898592869,3207.5569172508485
2022-04-22,Delhi,Alphonso,6272.2766216654345,28.94607081246294,0.3936313236383831,62.77606898592869,3911.9588130934435
2022-04-22,Delhi,Dashehari,5929.813934065631,28.94607081246294,0.3936313236383831,62.77606898592869,3468.56154382531
2022-04-22,Delhi,Kesar,5293.904180990972,28.94607081246294,0.3936313236383831,62.77606898592869,4053.5642361425917
2022-04-22,Mumbai,Alphonso,5462.133658782049,28.94607081246294,0.3936313236383831,62.77606898592869,4724.604029398994
2022-04-22,Mumbai,Dashehari,5666.281000130119,28.94607081246294,0.3936313236383831,62.77606898592869,3711.7170812212676
2022-04-22,Mumbai,Kesar,5886.475573885543,28.94607081246294,0.3936313236383831,62.77606898592869,4239.085601109389
2022-04-29,Indore,Alphonso,5868.160786961103,28.729010272008566,5.675578781825049,56.429516428547714,3666.32716231436
2022-04-29,Indore,Dashehari,5018.755733138361,28.729010272008566,5.675578781825049,56.429516428547714,2642.4665755416636
2022-04-29,Indore,Kesar,5012.860437830067,28.729010272008566,5.675578781825049,56.429516428547714,3078.788515077009
2022-04-29,Lucknow,Alphonso,5331.928591550144,28.729010272008566,5.675578781825049,56.429516428547714,4000.380928667848
2022-04-29,Lucknow,Dashehari,5979.265803672284,28.729010272008566,5.675578781825049,56.429516428547714,3094.7444206195746
2022-04-29,Lucknow,Kesar,5230.27509459312,28.729010272008566,5.675578781825049,56.429516428547714,3340.679725037617
2022-04-29,Delhi,Alphonso,4781.767028336061,28.729010272008566,5.675578781825049,56.429516428547714,4214.014502268587
2022-04-29,Delhi,Dashehari,5841.082958463424,28.729010272008566,5.675578781825049,56.429516428547714,3559.1991550536586
2022-04-29,Delhi,Kesar,4961.402756472472,28.729010272008566,5.675578781825049,56.429516428547714,3720.0931165258276
2022-04-29,Mumbai,Alphonso,5444.58000244087,28.729010272008566,5.675578781825049,56.429516428547714,4690.193787486565
2022-04-29,Mumbai,Dashehari,5131.300897255783,28.729010272008566,5.675578781825049,56.429516428547714,3872.486005835889
2022-04-29,Mumbai,Kesar,5265.606566396074,28.729010272008566,5.675578781825049,56.429516428547714,4169.378588629008
2022-05-06,Indore,Alphonso,5275.972620371417,32.79835663582226,1.0195441520062463,64.36354123301484,3722.745874404506
2022-05-06,Indore,Dashehari,5171.812129988898,32.79835663582226,1.0195441520062463,64.36354123301484,2810.816804050241
2022-05-06,Indore,Kesar,5959.275410143636,32.79835663582226,1.0195441520062463,64.36354123301484,3216.6222055318894
2022-05-06,Lucknow,Alphonso,5201.624414730085,32.79835663582226,1.0195441520062463,64.36354123301484,4177.4856768888385
2022-05-06,Lucknow,Dashehari,5186.288746039345,32.79835663582226,1.0195441520062463,64.36354123301484,3365.9567392068348
2022-05-06,Lucknow,Kesar,5467.673418820987,32.79835663582226,1.0195441520062463,64.36354123301484,3484.830677419782
2022-05-06,Delhi,Alphonso,5498.90331226586,32.79835663582226,1.0195441520062463,64.36354123301484,4115.765975148138
2022-05-06,Delhi,Dashehari,4869.109554377827,32.79835663582226,1.0195441520062463,64.36354123301484,3396.980057788482
2022-05-06,Delhi,Kesar,5376.993779847232,32.79835663582226,1.0195441520062463,64.36354123301484,4232.320098263137
2022-05-06,Mumbai,Alphonso,6212.336600418802,32.79835663582226,1.0195441520062463,64.36354123301484,4784.954888912273
2022-05-06,Mumbai,Dashehari,5520.154331919532,32.79835663582226,1.0195441520062463,64.36354123301484,3570.5081068353124
2022-05-06,Mumbai,Kesar,5102.747022048141,32.79835663582226,1.0195441520062463,64.36354123301484,4228.030739416174
2022-05-13,Indore,Alphonso,4366.414937514096,31.602672381004165,0.8859715221132531,65.96612947486159,4055.5703605420376
2022-05-13,Indore,Dashehari,4729.037651368489,31.602672381004165,0.8859715221132531,65.96612947486159,2998.7388614870974
2022-05-13,Indore,Kesar,5987.7679295644,31.602672381004165,0.8859715221132531,65.96612947486159,2963.6137493862702
2022-05-13,Lucknow,Alphonso,4146.019852565879,31.602672381004165,0.8859715221132531,65.96612947486159,4209.13686979314
2022-05-13,Lucknow,Dashehari,5598.518715663839,31.602672381004165,0.8859715221132531,65.96612947486159,3451.670376133634
2022-05-13,Lucknow,Kesar,4666.315023883444,31.602672381004165,0.8859715221132531,65.96612947486159,3756.370359076973
2022-05-13,Delhi,Alphonso,4972.01067895239,31.602672381004165,0.8859715221132531,65.96612947486159,4492.868577207245
2022-05-13,Delhi,Dashehari,6215.872200471225,31.602672381004165,0.8859715221132531,65.96612947486159,3117.5095479974702
2022-05-13,Delhi,Kesar,5259.63072626224,31.602672381004165,0.8859715221132531,65.96612947486159,4044.3524433839934
2022-05-13,Mumbai,Alphonso,5592.44939164015,31.602672381004165,0.8859715221132531,65.96612947486159,4817.8972803229535
2022-05-13,Mumbai,Dashehari,5281.355077466052,31.602672381004165,0.8859715221132531,65.96612947486159,3885.7605471136067
2022-05-13,Mumbai,Kesar,5265.785638162454,31.602672381004165,0.8859715221132531,65.96612947486159,4297.2851787346435
2022-05-20,Indore,Alphonso,4960.733731516773,33.94116849782732,0.6656733577744649,71.9450180065537,4125.110489167128
2022-05-20,Indore,Dashehari,4951.88136755537,33.94116849782732,0.6656733577744649,71.9450180065537,2704.8690252639526
2022-05-20,Indore,Kesar,5477.207457276361,33.94116849782732,0.6656733577744649,71.9450180065537,3166.4243592361413
2022-05-20,Lucknow,Alphonso,4710.932321531237,33.94116849782732,0.6656733577744649,71.9450180065537,4160.166664897707
2022-05-20,Lucknow,Dashehari,5522.214094259092,33.94116849782732,0.6656733577744649,71.9450180065537,2836.9336202183563
2022-05-20,Lucknow,Kesar,6227.538270454763,33.94116849782732,0.6656733577744649,71.9450180065537,3684.48685265119
2022-05-20,Delhi,Alphonso,5061.734422642429,33.94116849782732,0.6656733577744649,71.9450180065537,4594.360399514589
2022-05-20,Delhi,Dashehari,5086.660486933828,33.94116849782732,0.6656733577744649,71.9450180065537,3793.55666516135
2022-05-20,Delhi,Kesar,5230.525091370788,33.94116849782732,0.6656733577744649,71.9450180065537,4173.867803135036
2022-05-20,Mumbai,Alphonso,5008.271129492865,33.94116849782732,0.6656733577744649,71.9450180065537,4978.343796737124
2022-05-20,Mumbai,Dashehari,4911.929543529361,33.94116849782732,0.6656733577744649,71.9450180065537,4096.12270740239
2022-05-20,Mumbai,Kesar,5425.946895737591,33.94116849782732,0.6656733577744649,71.9450180065537,4545.523284478946
2022-05-27,Indore,Alphonso,4757.934410987992,28.98607059553021,5.365681271772003,72.69285506471223,3806.2837123125105
2022-05-27,Indore,Dashehari,5215.063001560756,28.98607059553021,5.365681271772003,72.69285506471223,3064.488650747527
2022-05-27,Indore,Kesar,4456.266846436907,28.98607059553021,5.365681271772003,72.69285506471223,3503.7866071701214
2022-05-27,Lucknow,Alphonso,4376.755219749836,28.98607059553021,5.365681271772003,72.69285506471223,3996.49801862937
2022-05-27,Lucknow,Dashehari,4514.7310237303645,28.98607059553021,5.365681271772003,72.69285506471223,3475.2244686037793
2022-05-27,Lucknow,Kesar,5146.6679317167855,28.98607059553021,5.365681271772003,72.69285506471223,3698.60037575484
2022-05-27,Delhi,Alphonso,5055.456228305549,28.98607059553021,5.365681271772003,72.69285506471223,4615.575198432041
2022-05-27,Delhi,Dashehari,4508.82527547717,28.98607059553021,5.365681271772003,72.69285506471223,3798.8027363017673
2022-05-27,Delhi,Kesar,5085.581723657424,28.98607059553021,5.365681271772003,72.69285506471223,4153.012956954454
2022-05-27,Mumbai,Alphonso,5240.983262156208,28.98607059553021,5.365681271772003,72.69285506471223,5016.762933154421
2022-05-27,Mumbai,Dashehari,4905.997196582984,28.98607059553021,5.365681271772003,72.69285506471223,4242.192775358368
2022-05-27,Mumbai,Kesar,4754.809409866727,28.98607059553021,5.365681271772003,72.69285506471223,4318.042096849347
2022-06-03,Indore,Alphonso,4482.262792143603,33.44725496099289,0.36416646317990065,69.9056287663169,3950.290327267569
2022-06-03,Indore,Dashehari,4416.885648574194,33.44725496099289,0.36416646317990065,69.9056287663169,2863.843158838374
2022-06-03,Indore,Kesar,4625.387743378986,33.44725496099289,0.36416646317990065,69.9056287663169,3567.3804073903934
2022-06-03,Lucknow,Alphonso,4213.234808002534,33.44725496099289,0.36416646317990065,69.9056287663169,4560.015170510787
2022-06-03,Lucknow,Dashehari,4915.0983154804335,33.44725496099289,0.36416646317990065,69.9056287663169,3125.654743260517
2022-06-03,Lucknow,Kesar,4234.980349003325,33.44725496099289,0.36416646317990065,69.9056287663169,3798.991129851099
2022-06-03,Delhi,Alphonso,4164.109019986265,33.44725496099289,0.36416646317990065,69.9056287663169,4999.4990635835975
2022-06-03,Delhi,Dashehari,4462.539804920689,33.44725496099289,0.36416646317990065,69.9056287663169,3848.863379311777
2022-06-03,Delhi,Kesar,3738.525314667109,33.44725496099289,0.36416646317990065,69.9056287663169,4541.173904430992
2022-06-03,Mumbai,Alphonso,4044.366902488421,33.44725496099289,0.36416646317990065,69.9056287663169,5282.535046633434
2022-06-03,Mumbai,Dashehari,4651.021035613087,33.44725496099289,0.36416646317990065,69.9056287663169,4507.467976474012
2022-06-03,Mumbai,Kesar,4016.5421007821656,33.44725496099289,0.36416646317990065,69.9056287663169,4233.243449444873
2022-06-10,Indore,Alphonso,4383.523313572244,34.165915228623774,11.142541814102403,80.91865891133287,4048.8069725095324
2022-06-10,Indore,Dashehari,4622.5085861173175,34.165915228623774,11.142541814102403,80.91865891133287,3019.045820918382
2022-06-10,Indore,Kesar,4490.202655204881,34.165915228623774,11.142541814102403,80.91865891133287,3709.083833079418
2022-06-10,Lucknow,Alphonso,4723.743510461945,34.165915228623774,11.142541814102403,80.91865891133287,4872.800657487149
2022-06-10,Lucknow,Dashehari,4456.625934333901,34.165915228623774,11.142541814102403,80.91865891133287,3432.529561558852
2022-06-10,Lucknow,Kesar,4289.4298225855955,34.165915228623774,11.142541814102403,80.91865891133287,3635.8046514208563
2022-06-10,Delhi,Alphonso,4021.7742950267702,34.165915228623774,11.142541814102403,80.91865891133287,4828.745470401127
2022-06-10,Delhi,Dashehari,4090.0241882885566,34.165915228623774,11.142541814102403,80.91865891133287,4017.555205440434
2022-06-10,Delhi,Kesar,3970.6915745095134,34.165915228623774,11.142541814102403,80.91865891133287,4613.396719072996
2022-06-10,Mumbai,Alphonso,4299.742373429673,34.165915228623774,11.142541814102403,80.91865891133287,5250.70799734401
2022-06-10,Mumbai,Dashehari,4168.501660857227,34.165915228623774,11.142541814102403,80.91865891133287,4403.93970650662
2022-06-10,Mumbai,Kesar,4629.698853329448,34.165915228623774,11.142541814102403,80.91865891133287,4536.9064499390415
2022-06-17,Indore,Alphonso,3719.9644349296873,33.00146361165711,3.308692050439158,69.29615049462805,4224.973619561687
2022-06-17,Indore,Dashehari,4397.423251103377,33.00146361165711,3.308692050439158,69.29615049462805,3336.0118291088074
2022-06-17,Indore,Kesar,4125.103543365304,33.00146361165711,3.308692050439158,69.29615049462805,3890.9299704715495
2022-06-17,Lucknow,Alphonso,3992.7188634585277,33.00146361165711,3.308692050439158,69.29615049462805,4631.881252651733
2022-06-17,Lucknow,Dashehari,4006.378877645288,33.00146361165711,3.308692050439158,69.29615049462805,3706.9040000028504
2022-06-17,Lucknow,Kesar,3814.5641157736536,33.00146361165711,3.308692050439158,69.29615049462805,3654.678345758054
2022-06-17,Delhi,Alphonso,3993.9559139437647,33.00146361165711,3.308692050439158,69.29615049462805,5217.469575075181
2022-06-17,Delhi,Dashehari,4418.153739714923,33.00146361165711,3.308692050439158,69.29615049462805,4158.790849164793
2022-06-17,Delhi,Kesar,4542.119867540774,33.00146361165711,3.308692050439158,69.29615049462805,4378.663765302788
2022-06-17,Mumbai,Alphonso,4126.593861780525,33.00146361165711,3.308692050439158,69.29615049462805,5226.322738788391
2022-06-17,Mumbai,Dashehari,3921.2384364074665,33.00146361165711,3.308692050439158,69.29615049462805,4585.30286349253
2022-06-17,Mumbai,Kesar,4529.221353685813,33.00146361165711,3.308692050439158,69.29615049462805,4739.9268018010425
2022-06-24,Indore,Alphonso,3210.2019604314537,33.31063729893207,5.086741242070032,80.17343737582401,4074.580607040879
2022-06-24,Indore,Dashehari,3567.529147088237,33.31063729893207,5.086741242070032,80.17343737582401,3303.846048342813
2022-06-24,Indore,Kesar,3584.487807825946,33.31063729893207,5.086741242070032,80.17343737582401,3893.9212686874284
2022-06-24,Lucknow,Alphonso,3606.444523275665,33.31063729893207,5.086741242070032,80.17343737582401,4978.013673498358
2022-06-24,Lucknow,Dashehari,3918.441792725798,33.31063729893207,5.086741242070032,80.17343737582401,3814.4953935225494
2022-06-24,Lucknow,Kesar,4036.6267445022313,33.31063729893207,5.086741242070032,80.17343737582401,3934.1467562723037
2022-06-24,Delhi,Alphonso,4203.388601852977,33.31063729893207,5.086741242070032,80.17343737582401,4995.4820115733255
2022-06-24,Delhi,Dashehari,4055.9361337813552,33.31063729893207,5.086741242070032,80.17343737582401,3942.7267254553717
2022-06-24,Delhi,Kesar,3166.2403804784444,33.31063729893207,5.086741242070032,80.17343737582401,4843.026401441629
2022-06-24,Mumbai,Alphonso,3938.307697323877,33.31063729893207,5.086741242070032,80.17343737582401,5294.464866180593
2022-06-24,Mumbai,Dashehari,3439.8786543749925,33.31063729893207,5.086741242070032,80.17343737582401,4849.129634890403
2022-06-24,Mumbai,Kesar,3311.9791297379393,33.31063729893207,5.086741242070032,80.17343737582401,5365.254419716488
2022-07-01,Indore,Alphonso,3764.9278495126855,32.531097714083245,8.169039219179195,76.48999251413453,4301.905470115215
2022-07-01,Indore,Dashehari,3458.5357146508304,32.531097714083245,8.169039219179195,76.48999251413453,3562.362026342133
2022-07-01,Indore,Kesar,3122.777894767159,32.531097714083245,8.169039219179195,76.48999251413453,4148.7813645255865
2022-07-01,Lucknow,Alphonso,3318.367450491114,32.531097714083245,8.169039219179195,76.48999251413453,4739.07887755845
2022-07-01,Lucknow,Dashehari,3125.9131272363434,32.531097714083245,8.169039219179195,76.48999251413453,3453.648581922355
2022-07-01,Lucknow,Kesar,3447.2417720396807,32.531097714083245,8.169039219179195,76.48999251413453,4691.300260331236
2022-07-01,Delhi,Alphonso,3837.4945922389575,32.531097714083245,8.169039219179195,76.48999251413453,5083.317108452849
2022-07-01,Delhi,Dashehari,3418.496545396441,32.531097714083245,8.169039219179195,76.48999251413453,4266.247485942863
2022-07-01,Delhi,Kesar,3742.500523149832,32.531097714083245,8.169039219179195,76.48999251413453,4391.336602485491
2022-07-01,Mumbai,Alphonso,3969.381554947297,32.531097714083245,8.169039219179195,76.48999251413453,5591.812960296964
2022-07-01,Mumbai,Dashehari,3810.927167362922,32.531097714083245,8.169039219179195,76.48999251413453,4670.491746268478
2022-07-01,Mumbai,Kesar,3531.499540157344,32.531097714083245,8.169039219179195,76.48999251413453,5162.97810865376
2022-07-08,Indore,Alphonso,3540.7425181047947,34.56618705101694,4.692271607568644,76.0405543287848,4842.812361088442
2022-07-08,Indore,Dashehari,3004.3571697384396,34.56618705101694,4.692271607568644,76.0405543287848,3496.383548689812
2022-07-08,Indore,Kesar,3565.9043364946065,34.56618705101694,4.692271607568644,76.0405543287848,4068.619392843224
2022-07-08,Lucknow,Alphonso,3569.3366657481633,34.56618705101694,4.692271607568644,76.0405543287848,4902.753362867032
2022-07-08,Lucknow,Dashehari,3410.719098146078,34.56618705101694,4.692271607568644,76.0405543287848,4255.568368360251
2022-07-08,Lucknow,Kesar,2859.638408609394,34.56618705101694,4.692271607568644,76.0405543287848,4337.4580090680365
2022-07-08,Delhi,Alphonso,3458.698095940381,34.56618705101694,4.692271607568644,76.0405543287848,4982.9827438011525
2022-07-08,Delhi,Dashehari,3429.6582382271718,34.56618705101694,4.692271607568644,76.0405543287848,4683.048534028323
2022-07-08,Delhi,Kesar,3508.354595318385,34.56618705101694,4.692271607568644,76.0405543287848,4811.344722950224
2022-07-08,Mumbai,Alphonso,2995.9340939309677,34.56618705101694,4.692271607568644,76.0405543287848,5651.109196723491
2022-07-08,Mumbai,Dashehari,3349.9214478704253,34.56618705101694,4.692271607568644,76.0405543287848,4741.147809045373
2022-07-08,Mumbai,Kesar,4012.6575180015075,34.56618705101694,4.692271607568644,76.0405543287848,5179.428424768422
2022-07-15,Indore,Alphonso,3956.0596154085065,31.710993511923096,7.542397873597096,81.97371622969898,4773.779712231915
2022-07-15,Indore,Dashehari,3093.9623232688527,31.710993511923096,7.542397873597096,81.97371622969898,3598.505549216885
2022-07-15,Indore,Kesar,2996.9688564341536,31.710993511923096,7.542397873597096,81.97371622969898,4119.795150625734
2022-07-15,Lucknow,Alphonso,3686.543349778534,31.710993511923096,7.542397873597096,81.97371622969898,5015.515529449041
2022-07-15,Lucknow,Dashehari,3469.619590542991,31.710993511923096,7.542397873597096,81.97371622969898,3919.269038939529
2022-07-15,Lucknow,Kesar,3560.703196899496,31.710993511923096,7.542397873597096,81.97371622969898,4210.120821687826
2022-07-15,Delhi,Alphonso,4335.815488677909,31.710993511923096,7.542397873597096,81.97371622969898,4831.547346579866
2022-07-15,Delhi,Dashehari,3573.89623155829,31.710993511923096,7.542397873597096,81.97371622969898,4722.320917203982
2022-07-15,Delhi,Kesar,3502.7199378239993,31.710993511923096,7.542397873597096,81.97371622969898,4736.676504314551
2022-07-15,Mumbai,Alphonso,3357.021830875829,31.710993511923096,7.542397873597096,81.97371622969898,5664.638687148257
2022-07-15,Mumbai,Dashehari,4049.139389870612,31.710993511923096,7.542397873597096,81.97371622969898,4274.3928852071185
2022-07-15,Mumbai,Kesar,4113.37348051853,31.710993511923096,7.542397873597096,81.97371622969898,4804.653605488777
2022-07-22,Indore,Alphonso,2860.7502592465007,32.58554306627623,5.235839303363093,82.78967039335967,4863.368467610637
2022-07-22,Indore,Dashehari,4309.723849314741,32.58554306627623,5.235839303363093,82.78967039335967,3373.9908206768964
2022-07-22,Indore,Kesar,3575.882467044158,32.58554306627623,5.235839303363093,82.78967039335967,4032.2967983089184
2022-07-22,Lucknow,Alphonso,3670.3548824772142,32.58554306627623,5.235839303363093,82.78967039335967,4937.895155469193
2022-07-22,Lucknow,Dashehari,3243.405236382276,32.58554306627623,5.235839303363093,82.78967039335967,4199.116503108239
2022-07-22,Lucknow,Kesar,4221.739243914697,32.58554306627623,5.235839303363093,82.78967039335967,4300.836687964697
2022-07-22,Delhi,Alphonso,3787.9031768592727,32.58554306627623,5.235839303363093,82.78967039335967,5080.500730128778
2022-07-22,Delhi,Dashehari,3117.4254492727964,32.58554306627623,5.235839303363093,82.78967039335967,4619.008983529621
2022-07-22,Delhi,Kesar,4093.646411414386,32.58554306627623,5.235839303363093,82.78967039335967,4822.266483107086
2022-07-22,Mumbai,Alphonso,3374.776787790738,32.58554306627623,5.235839303363093,82.78967039335967,5787.525065554128
2022-07-22,Mumbai,Dashehari,2999.836906412113,32.58554306627623,5.235839303363093,82.78967039335967,5063.9545499700425
2022-07-22,Mumbai,Kesar,3852.933224929364,32.58554306627623,5.235839303363093,82.78967039335967,5120.208193983017
2022-07-29,Indore,Alphonso,3473.546954149671,31.80111274096696,8.355520535067653,77.81257817518562,5050.5343589181275
2022-07-29,Indore,Dashehari,3401.1897197016015,31.80111274096696,8.355520535067653,77.81257817518562,3721.107511704987
2022-07-29,Indore,Kesar,3240.983277745936,31.80111274096696,8.355520535067653,77.81257817518562,4348.400453490815
2022-07-29,Lucknow,Alphonso,3427.510330712759,31.80111274096696,8.355520535067653,77.81257817518562,4863.983882188942
2022-07-29,Lucknow,Dashehari,4028.521612909205,31.80111274096696,8.355520535067653,77.81257817518562,4228.217539103893
2022-07-29,Lucknow,Kesar,3259.830573704518,31.80111274096696,8.355520535067653,77.81257817518562,4175.076194103372
2022-07-29,Delhi,Alphonso,3903.005475934769,31.80111274096696,8.355520535067653,77.81257817518562,5172.048534310036
2022-07-29,Delhi,Dashehari,3816.2502396651075,31.80111274096696,8.355520535067653,77.81257817518562,4056.2791582872446
2022-07-29,Delhi,Kesar,3857.038935319724,31.80111274096696,8.355520535067653,77.81257817518562,4585.544932987004
2022-07-29,Mumbai,Alphonso,3792.3056476266097,31.80111274096696,8.355520535067653,77.81257817518562,5717.777024252864
2022-07-29,Mumbai,Dashehari,3118.424232241342,31.80111274096696,8.355520535067653,77.81257817518562,4863.2399904848335
2022-07-29,Mumbai,Kesar,3774.5273827826804,31.80111274096696,8.355520535067653,77.81257817518562,5237.468961274954
2022-08-05,Indore,Alphonso,4146.885029987449,32.82370535975204,15.474800586295249,72.10705598305069,4575.550653112959
2022-08-05,Indore,Dashehari,3140.4863806707485,32.82370535975204,15.474800586295249,72.10705598305069,3598.4618886027674
2022-08-05,Indore,Kesar,3424.351843689187,32.82370535975204,15.474800586295249,72.10705598305069,4352.719578038869
2022-08-05,Lucknow,Alphonso,3448.980351848986,32.82370535975204,15.474800586295249,72.10705598305069,5254.397313868227
2022-08-05,Lucknow,Dashehari,2919.5297239793763,32.82370535975204,15.474800586295249,72.10705598305069,4175.514528827943
2022-08-05,Lucknow,Kesar,2999.0426222347523,32.82370535975204,15.474800586295249,72.10705598305069,4628.831956626759
2022-08-05,Delhi,Alphonso,3854.75495603892,32.82370535975204,15.474800586295249,72.10705598305069,5233.612874806927
2022-08-05,Delhi,Dashehari,2458.3144573491463,32.82370535975204,15.474800586295249,72.10705598305069,4696.519953857045
2022-08-05,Delhi,Kesar,3674.695420693404,32.82370535975204,15.474800586295249,72.10705598305069,4914.533769924815
2022-08-05,Mumbai,Alphonso,3994.3128767288617,32.82370535975204,15.474800586295249,72.10705598305069,5491.439909608498
2022-08-05,Mumbai,Dashehari,3772.08644218018,32.82370535975204,15.474800586295249,72.10705598305069,5038.881682410125
2022-08-05,Mumbai,Kesar,2788.564966397393,32.82370535975204,15.474800586295249,72.10705598305069,5458.8015244704075
2022-08-12,Indore,Alphonso,3305.108574354579,30.56007874515796,7.453806026813799,81.38253158399566,4673.205590998
2022-08-12,Indore,Dashehari,3513.66096699521,30.56007874515796,7.453806026813799,81.38253158399566,3661.5893455764726
2022-08-12,Indore,Kesar,3065.669948445926,30.56007874515796,7.453806026813799,81.38253158399566,4460.219188842819
2022-08-12,Lucknow,Alphonso,3040.4823859365374,30.56007874515796,7.453806026813799,81.38253158399566,5262.402009325995
2022-08-12,Lucknow,Dashehari,3685.0365171415806,30.56007874515796,7.453806026813799,81.38253158399566,3815.8008043631235
2022-08-12,Lucknow,Kesar,3228.974139065738,30.56007874515796,7.453806026813799,81.38253158399566,4823.476936147609
2022-08-12,Delhi,Alphonso,3107.5337875441273,30.56007874515796,7.453806026813799,81.38253158399566,5446.803739657282
2022-08-12,Delhi,Dashehari,3684.8243573007585,30.56007874515796,7.453806026813799,81.38253158399566,4667.494495987646
2022-08-12,Delhi,Kesar,3399.384445582202,30.56007874515796,7.453806026813799,81.38253158399566,4870.311553381623
2022-08-12,Mumbai,Alphonso,4068.947944679403,30.56007874515796,7.453806026813799,81.38253158399566,6070.343898072186
2022-08-12,Mumbai,Dashehari,3891.5432203127184,30.56007874515796,7.453806026813799,81.38253158399566,4904.632074636329
2022-08-12,Mumbai,Kesar,3176.6937113436293,30.56007874515796,7.453806026813799,81.38253158399566,5268.467727408879
2022-08-19,Indore,Alphonso,3760.1800370144556,31.40686972967096,9.5951221060499,86.15593995408095,4501.748630531906
2022-08-19,Indore,Dashehari,3920.7790470891673,31.40686972967096,9.5951221060499,86.15593995408095,3663.7443501186303
2022-08-19,Indore,Kesar,3346.4114912190594,31.40686972967096,9.5951221060499,86.15593995408095,4391.817460217148
2022-08-19,Lucknow,Alphonso,4298.266995913586,31.40686972967096,9.5951221060499,86.15593995408095,5535.232772327794
2022-08-19,Lucknow,Dashehari,3742.689223654473,31.40686972967096,9.5951221060499,86.15593995408095,4142.4760398838
2022-08-19,Lucknow,Kesar,3713.80225939222,31.40686972967096,9.5951221060499,86.15593995408095,4740.429061477966
2022-08-19,Delhi,Alphonso,3371.7329497771234,31.40686972967096,9.5951221060499,86.15593995408095,5865.361604615611
2022-08-19,Delhi,Dashehari,3592.028303676561,31.40686972967096,9.5951221060499,86.15593995408095,4692.164152885945
2022-08-19,Delhi,Kesar,3766.3697008217846,31.40686972967096,9.5951221060499,86.15593995408095,5047.074535273956
2022-08-19,Mumbai,Alphonso,3835.5762001878447,31.40686972967096,9.5951221060499,86.15593995408095,5747.626201899016
2022-08-19,Mumbai,Dashehari,3276.6792984215876,31.40686972967096,9.5951221060499,86.15593995408095,4861.305455860484
2022-08-19,Mumbai,Kesar,3675.8004922480904,31.40686972967096,9.5951221060499,86.15593995408095,5527.699973538799
2022-08-26,Indore,Alphonso,3767.4966622370052,30.564035582037075,14.68985426572586,78.41886378021313,4536.510758296602
2022-08-26,Indore,Dashehari,3345.1601190102397,30.564035582037075,14.68985426572586,78.41886378021313,4034.2342901443367
2022-08-26,Indore,Kesar,3839.6408442972574,30.564035582037075,14.68985426572586,78.41886378021313,4167.1169126512805
2022-08-26,Lucknow,Alphonso,3471.3602992567735,30.564035582037075,14.68985426572586,78.41886378021313,4813.104186935574
2022-08-26,Lucknow,Dashehari,3357.188319677356,30.564035582037075,14.68985426572586,78.41886378021313,4367.141387095977
2022-08-26,Lucknow,Kesar,3730.0820064426266,30.564035582037075,14.68985426572586,78.41886378021313,4629.8713838932845
2022-08-26,Delhi,Alphonso,3519.909474872384,30.564035582037075,14.68985426572586,78.41886378021313,5478.853978280382
2022-08-26,Delhi,Dashehari,3235.8715442106213,30.564035582037075,14.68985426572586,78.41886378021313,4754.498552882885
2022-08-26,Delhi,Kesar,3668.389177755756,30.564035582037075,14.68985426572586,78.41886378021313,5039.419655847007
2022-08-26,Mumbai,Alphonso,3289.5860629329677,30.564035582037075,14.68985426572586,78.41886378021313,5531.439098299581
2022-08-26,Mumbai,Dashehari,3938.8610847014784,30.564035582037075,14.68985426572586,78.41886378021313,4815.980577876561
2022-08-26,Mumbai,Kesar,3154.8896943827517,30.564035582037075,14.68985426572586,78.41886378021313,5568.112374359963
2022-09-02,Indore,Alphonso,3773.427729280191,28.501962761667343,12.22968924776448,80.63602345840087,4500.569228668168
2022-09-02,Indore,Dashehari,3984.77759415456,28.501962761667343,12.22968924776448,80.63602345840087,3855.4233766289713
2022-09-02,Indore,Kesar,3352.2891443015187,28.501962761667343,12.22968924776448,80.63602345840087,4348.056126102029
2022-09-02,Lucknow,Alphonso,2789.5059068406717,28.501962761667343,12.22968924776448,80.63602345840087,5297.104690789897
2022-09-02,Lucknow,Dashehari,3088.2513967271716,28.501962761667343,12.22968924776448,80.63602345840087,4026.292345091971
2022-09-02,Lucknow,Kesar,2891.0563255128436,28.501962761667343,12.22968924776448,80.63602345840087,4905.5520168605735
2022-09-02,Delhi,Alphonso,3248.2946425228847,28.501962761667343,12.22968924776448,80.63602345840087,5817.036200085549
2022-09-02,Delhi,Dashehari,3285.679414779081,28.501962761667343,12.22968924776448,80.63602345840087,4326.911520927734
2022-09-02,Delhi,Kesar,3053.390224020536,28.501962761667343,12.22968924776448,80.63602345840087,5298.49409923225
2022-09-02,Mumbai,Alphonso,3437.640728825333,28.501962761667343,12.22968924776448,80.63602345840087,5808.191203397831
2022-09-02,Mumbai,Dashehari,3564.007290341115,28.501962761667343,12.22968924776448,80.63602345840087,5074.457828203455
2022-09-02,Mumbai,Kesar,3946.9595263609845,28.501962761667343,12.22968924776448,80.63602345840087,5575.935394590448
2022-09-09,Indore,Alphonso,3604.1122026331545,27.732665544455998,2.611544124282595,74.40604505089546,4662.190799964085
2022-09-09,Indore,Dashehari,3117.139634041983,27.732665544455998,2.611544124282595,74.40604505089546,4085.2042877073854
2022-09-09,Indore,Kesar,3480.5390593718193,27.732665544455998,2.611544124282595,74.40604505089546,4363.814031643122
2022-09-09,Lucknow,Alphonso,3196.6018661199723,27.732665544455998,2.611544124282595,74.40604505089546,5167.547138697329
2022-09-09,Lucknow,Dashehari,3130.3067422926783,27.732665544455998,2.611544124282595,74.40604505089546,4481.188103545743
2022-09-09,Lucknow,Kesar,3914.099733889501,27.732665544455998,2.611544124282595,74.40604505089546,4247.555835852996
2022-09-09,Delhi,Alphonso,3128.195655923036,27.732665544455998,2.611544124282595,74.40604505089546,5351.957119173601
2022-09-09,Delhi,Dashehari,3239.9904262372406,27.732665544455998,2.611544124282595,74.40604505089546,4686.190491870995
2022-09-09,Delhi,Kesar,2920.141912120588,27.732665544455998,2.611544124282595,74.40604505089546,4992.8472926117
2022-09-09,Mumbai,Alphonso,3098.4170511674006,27.732665544455998,2.611544124282595,74.40604505089546,6064.00065323764
2022-09-09,Mumbai,Dashehari,3527.7377348145,27.732665544455998,2.611544124282595,74.40604505089546,4919.502051288647
2022-09-09,Mumbai,Kesar,3570.728348855759,27.732665544455998,2.611544124282595,74.40604505089546,5343.274085136218
2022-09-16,Indore,Alphonso,2980.167505228961,27.028745989991194,14.464141111483341,81.93188749530869,5041.626643681271
2022-09-16,Indore,Dashehari,3824.558621796637,27.028745989991194,14.464141111483341,81.93188749530869,3633.5970155053665
2022-09-16,Indore,Kesar,3827.5110575019444,27.028745989991194,14.464141111483341,81.93188749530869,4516.580714368141
2022-09-16,Lucknow,Alphonso,3050.9820775022345,27.028745989991194,14.464141111483341,81.93188749530869,5014.377677671262
2022-09-16,Lucknow,Dashehari,3907.064586737401,27.028745989991194,14.464141111483341,81.93188749530869,4174.302489740117
2022-09-16,Lucknow,Kesar,3720.5905100958093,27.028745989991194,14.464141111483341,81.93188749530869,4620.304726539076
2022-09-16,Delhi,Alphonso,3656.278368371258,27.028745989991194,14.464141111483341,81.93188749530869,5231.809870001411
2022-09-16,Delhi,Dashehari,3918.9270826485795,27.028745989991194,14.464141111483341,81.93188749530869,4733.824283164488
2022-09-16,Delhi,Kesar,3408.243702372789,27.028745989991194,14.464141111483341,81.93188749530869,5007.395242010634
2022-09-16,Mumbai,Alphonso,2887.556998977711,27.028745989991194,14.464141111483341,81.93188749530869,6101.510555671453
2022-09-16,Mumbai,Dashehari,3728.8229766856575,27.028745989991194,14.464141111483341,81.93188749530869,4946.322440540938
2022-09-16,Mumbai,Kesar,3949.741343948201,27.028745989991194,14.464141111483341,81.93188749530869,5257.617615917166
2022-09-23,Indore,Alphonso,3430.2582968388656,27.440729903538937,3.477185821894853,73.71988055411326,4924.089026597007
2022-09-23,Indore,Dashehari,3352.1892284666565,27.440729903538937,3.477185821894853,73.71988055411326,3973.9209657157367
2022-09-23,Indore,Kesar,3830.4188685766026,27.440729903538937,3.477185821894853,73.71988055411326,4232.887135013968
2022-09-23,Lucknow,Alphonso,2857.369159704528,27.440729903538937,3.477185821894853,73.71988055411326,5601.578748070795
2022-09-23,Lucknow,Dashehari,4052.5816314761946,27.440729903538937,3.477185821894853,73.71988055411326,3938.9081152759086
2022-09-23,Lucknow,Kesar,3775.883122098078,27.440729903538937,3.477185821894853,73.71988055411326,4530.78567338374
2022-09-23,Delhi,Alphonso,3605.394886132424,27.440729903538937,3.477185821894853,73.71988055411326,5604.969357779227
2022-09-23,Delhi,Dashehari,3406.236879873471,27.440729903538937,3.477185821894853,73.71988055411326,4546.77963587786
2022-09-23,Delhi,Kesar,3223.783579073496,27.440729903538937,3.477185821894853,73.71988055411326,4955.784505040781
2022-09-23,Mumbai,Alphonso,3167.2711167078223,27.440729903538937,3.477185821894853,73.71988055411326,6018.779200844343
2022-09-23,Mumbai,Dashehari,3213.696004355699,27.440729903538937,3.477185821894853,73.71988055411326,5245.284185104881
2022-09-23,Mumbai,Kesar,4094.8984621343707,27.440729903538937,3.477185821894853,73.71988055411326,5259.48878742984
2022-09-30,Indore,Alphonso,3530.382107166435,26.11640270649382,9.274112984160203,74.67771853623105,4939.59145404517
2022-09-30,Indore,Dashehari,3692.8995810722627,26.11640270649382,9.274112984160203,74.67771853623105,3653.8762374184566
2022-09-30,Indore,Kesar,3847.662425755709,26.11640270649382,9.274112984160203,74.67771853623105,4408.5105121023635
2022-09-30,Lucknow,Alphonso,3194.6855583285674,26.11640270649382,9.274112984160203,74.67771853623105,5173.162807911804
2022-09-30,Lucknow,Dashehari,3773.331597124428,26.11640270649382,9.274112984160203,74.67771853623105,4124.501223023695
2022-09-30,Lucknow,Kesar,3929.191219106405,26.11640270649382,9.274112984160203,74.67771853623105,4959.62002762271
2022-09-30,Delhi,Alphonso,3185.605586946007,26.11640270649382,9.274112984160203,74.67771853623105,5319.380363812417
2022-09-30,Delhi,Dashehari,3621.52743824195,26.11640270649382,9.274112984160203,74.67771853623105,4719.383710069532
2022-09-30,Delhi,Kesar,3407.653450462092,26.11640270649382,9.274112984160203,74.67771853623105,5289.586696344987
2022-09-30,Mumbai,Alphonso,2964.5576801107004,26.11640270649382,9.274112984160203,74.67771853623105,6132.482367756142
2022-09-30,Mumbai,Dashehari,3257.655671696443,26.11640270649382,9.274112984160203,74.67771853623105,5364.487400242332
2022-09-30,Mumbai,Kesar,4297.006141267248,26.11640270649382,9.274112984160203,74.67771853623105,5129.91810680127
2022-10-07,Indore,Alphonso,3481.8355128271046,24.114432943629524,10.371334378352216,68.7561394069206,4751.080638318958
2022-10-07,Indore,Dashehari,2732.1307375209376,24.114432943629524,10.371334378352216,68.7561394069206,3978.9667878794726
2022-10-07,Indore,Kesar,3224.1088903743303,24.114432943629524,10.371334378352216,68.7561394069206,4204.139406630866
2022-10-07,Lucknow,Alphonso,4077.4528013875256,24.114432943629524,10.371334378352216,68.7561394069206,4713.128369710183
2022-10-07,Lucknow,Dashehari,3825.282074699191,24.114432943629524,10.371334378352216,68.7561394069206,4034.477014024624
2022-10-07,Lucknow,Kesar,3388.0959326016664,24.114432943629524,10.371334378352216,68.7561394069206,4705.650788351212
2022-10-07,Delhi,Alphonso,3636.020517827556,24.114432943629524,10.371334378352216,68.7561394069206,5521.467761220759
2022-10-07,Delhi,Dashehari,3887.2738642131444,24.114432943629524,10.371334378352216,68.7561394069206,4413.89631039884
2022-10-07,Delhi,Kesar,3255.1053061969,24.114432943629524,10.371334378352216,68.7561394069206,4791.995065034357
2022-10-07,Mumbai,Alphonso,3169.8357880084177,24.114432943629524,10.371334378352216,68.7561394069206,6433.507669644258
2022-10-07,Mumbai,Dashehari,3997.8718322947147,24.114432943629524,10.371334378352216,68.7561394069206,4610.43079919971
2022-10-07,Mumbai,Kesar,2971.016817302572,24.114432943629524,10.371334378352216,68.7561394069206,5525.193978925069
2022-10-14,Indore,Alphonso,3449.81829599884,24.97099079858719,8.729168119157537,67.70866644929235,4826.922414973117
2022-10-14,Indore,Dashehari,3534.357202517332,24.97099079858719,8.729168119157537,67.70866644929235,3453.2130303565486
2022-10-14,Indore,Kesar,3408.0801477699224,24.97099079858719,8.729168119157537,67.70866644929235,4122.163809138782
2022-10-14,Lucknow,Alphonso,3570.084567563405,24.97099079858719,8.729168119157537,67.70866644929235,5583.6027922114245
2022-10-14,Lucknow,Dashehari,3646.9926661897216,24.97099079858719,8.729168119157537,67.70866644929235,4075.977370479043
2022-10-14,Lucknow,Kesar,3868.720600790901,24.97099079858719,8.729168119157537,67.70866644929235,4579.385505459521
2022-10-14,Delhi,Alphonso,3668.0377961807367,24.97099079858719,8.729168119157537,67.70866644929235,5537.857697370512
2022-10-14,Delhi,Dashehari,4322.617425931817,24.97099079858719,8.729168119157537,67.70866644929235,4207.240338877833
2022-10-14,Delhi,Kesar,3689.452830724582,24.97099079858719,8.729168119157537,67.70866644929235,4758.021280977122
2022-10-14,Mumbai,Alphonso,3722.2050585368993,24.97099079858719,8.729168119157537,67.70866644929235,5653.510911300085
2022-10-14,Mumbai,Dashehari,3333.0532745579662,24.97099079858719,8.729168119157537,67.70866644929235,4935.805619920967
2022-10-14,Mumbai,Kesar,3890.3266877378837,24.97099079858719,8.729168119157537,67.70866644929235,5453.934390021039
2022-10-21,Indore,Alphonso,2996.5980357298663,21.534116926165254,6.3028425094775855,63.66950772831209,4729.637066006695
2022-10-21,Indore,Dashehari,3376.606884617672,21.534116926165254,6.3028425094775855,63.66950772831209,4237.1075098254705
2022-10-21,Indore,Kesar,3673.1839301442783,21.534116926165254,6.3028425094775855,63.66950772831209,3898.943523952725
2022-10-21,Lucknow,Alphonso,3274.090398331623,21.534116926165254,6.3028425094775855,63.66950772831209,5202.600502992057
2022-10-21,Lucknow,Dashehari,4335.37710914797,21.534116926165254,6.3028425094775855,63.66950772831209,3642.2429056649903
2022-10-21,Lucknow,Kesar,2748.030245944382,21.534116926165254,6.3028425094775855,63.66950772831209,4950.21606881139
2022-10-21,Delhi,Alphonso,3655.8456709483617,21.534116926165254,6.3028425094775855,63.66950772831209,5193.742869006006
2022-10-21,Delhi,Dashehari,3713.851634448974,21.534116926165254,6.3028425094775855,63.66950772831209,3965.1598942906044
2022-10-21,Delhi,Kesar,3501.350202638864,21.534116926165254,6.3028425094775855,63.66950772831209,4936.852556151218
2022-10-21,Mumbai,Alphonso,3869.708055815132,21.534116926165254,6.3028425094775855,63.66950772831209,5529.039060055077
2022-10-21,Mumbai,Dashehari,3534.2748645613437,21.534116926165254,6.3028425094775855,63.66950772831209,4705.34187320269
2022-10-21,Mumbai,Kesar,3602.1535022697267,21.534116926165254,6.3028425094775855,63.66950772831209,5098.537813080563
2022-10-28,Indore,Alphonso,3843.380446662666,22.095239957161418,1.6046659721050283,68.67493568272144,4609.446271307041
2022-10-28,Indore,Dashehari,3515.2951979840113,22.095239957161418,1.6046659721050283,68.67493568272144,3549.986864027496
2022-10-28,Indore,Kesar,3380.1293407972853,22.095239957161418,1.6046659721050283,68.67493568272144,4226.02634188763
2022-10-28,Lucknow,Alphonso,4548.31723641199,22.095239957161418,1.6046659721050283,68.67493568272144,4624.635287105147
2022-10-28,Lucknow,Dashehari,4085.670895500975,22.095239957161418,1.6046659721050283,68.67493568272144,4187.500272332325
2022-10-28,Lucknow,Kesar,3612.2545617960545,22.095239957161418,1.6046659721050283,68.67493568272144,4809.83232033049
2022-10-28,Delhi,Alphonso,3648.8421890427453,22.095239957161418,1.6046659721050283,68.67493568272144,5456.743515491187
2022-10-28,Delhi,Dashehari,3478.751738792982,22.095239957161418,1.6046659721050283,68.67493568272144,4737.553540151272
2022-10-28,Delhi,Kesar,3938.5876935243537,22.095239957161418,1.6046659721050283,68.67493568272144,4721.918757714952
2022-10-28,Mumbai,Alphonso,2972.301122160493,22.095239957161418,1.6046659721050283,68.67493568272144,5871.935737578547
2022-10-28,Mumbai,Dashehari,3179.9845742409416,22.095239957161418,1.6046659721050283,68.67493568272144,4959.654807504521
2022-10-28,Mumbai,Kesar,3994.9752538736557,22.095239957161418,1.6046659721050283,68.67493568272144,5142.0766106857745
2022-11-04,Indore,Alphonso,2601.2442664061577,22.010023075679545,5.287359712668758,67.85718440559555,4705.921945025423
2022-11-04,Indore,Dashehari,3584.513476911789,22.010023075679545,5.287359712668758,67.85718440559555,3954.153752348999
2022-11-04,Indore,Kesar,3303.239020997518,22.010023075679545,5.287359712668758,67.85718440559555,3850.9894551691955
2022-11-04,Lucknow,Alphonso,3747.8845783864545,22.010023075679545,5.287359712668758,67.85718440559555,4794.3675119381105
2022-11-04,Lucknow,Dashehari,3024.1333363638555,22.010023075679545,5.287359712668758,67.85718440559555,4026.625795342411
2022-11-04,Lucknow,Kesar,3426.1898569376604,22.010023075679545,5.287359712668758,67.85718440559555,4357.783752170629
2022-11-04,Delhi,Alphonso,2617.7735771603725,22.010023075679545,5.287359712668758,67.85718440559555,5673.6246375871015
2022-11-04,Delhi,Dashehari,4009.9500165114887,22.010023075679545,5.287359712668758,67.85718440559555,4478.834921505329
2022-11-04,Delhi,Kesar,3044.9257318300733,22.010023075679545,5.287359712668758,67.85718440559555,4898.996858196319
2022-11-04,Mumbai,Alphonso,3497.391473908217,22.010023075679545,5.287359712668758,67.85718440559555,5861.60449085395
2022-11-04,Mumbai,Dashehari,3767.3361954872325,22.010023075679545,5.287359712668758,67.85718440559555,4673.080167068454
2022-11-04,Mumbai,Kesar,3532.798222565424,22.010023075679545,5.287359712668758,67.85718440559555,5329.758758805253
2022-11-11,Indore,Alphonso,3533.5306511717445,23.696196766439705,7.310870246117491,65.7761471031449,4878.283459519328
2022-11-11,Indore,Dashehari,3663.905118383799,23.696196766439705,7.310870246117491,65.7761471031449,3545.9375854532846
2022-11-11,Indore,Kesar,4061.3479880500763,23.696196766439705,7.310870246117491,65.7761471031449,4155.016281801622
2022-11-11,Lucknow,Alphonso,3322.782391548607,23.696196766439705,7.310870246117491,65.7761471031449,4876.026765982998
2022-11-11,Lucknow,Dashehari,3618.630218056305,23.696196766439705,7.310870246117491,65.7761471031449,4092.456154491642
2022-11-11,Lucknow,Kesar,3578.9169062524825,23.696196766439705,7.310870246117491,65.7761471031449,4472.266848687884
2022-11-11,Delhi,Alphonso,4179.982949830553,23.696196766439705,7.310870246117491,65.7761471031449,5400.917167026391
2022-11-11,Delhi,Dashehari,3576.25423650601,23.696196766439705,7.310870246117491,65.7761471031449,4586.146472560677
2022-11-11,Delhi,Kesar,3086.990438588984,23.696196766439705,7.310870246117491,65.7761471031449,4976.40492063802
2022-11-11,Mumbai,Alphonso,4223.722539893244,23.696196766439705,7.310870246117491,65.7761471031449,5560.9180122422
2022-11-11,Mumbai,Dashehari,3160.946428552366,23.696196766439705,7.310870246117491,65.7761471031449,4774.0899735074345
2022-11-11,Mumbai,Kesar,3064.1467850630447,23.696196766439705,7.310870246117491,65.7761471031449,5167.632765819277
2022-11-18,Indore,Alphonso,3860.9108695146588,20.474380799728745,0.0,60.17068676291658,4330.259576439715
2022-11-18,Indore,Dashehari,4107.713569456708,20.474380799728745,0.0,60.17068676291658,3641.1737788115583
2022-11-18,Indore,Kesar,3912.2322342496227,20.474380799728745,0.0,60.17068676291658,3866.0076235204824
2022-11-18,Lucknow,Alphonso,3841.810090826646,20.474380799728745,0.0,60.17068676291658,4600.545726958848
2022-11-18,Lucknow,Dashehari,3856.0990003346033,20.474380799728745,0.0,60.17068676291658,3925.452906481406
2022-11-18,Lucknow,Kesar,3721.3004879939135,20.474380799728745,0.0,60.17068676291658,4107.178528527421
2022-11-18,Delhi,Alphonso,3141.972063089358,20.474380799728745,0.0,60.17068676291658,5430.565753308325
2022-11-18,Delhi,Dashehari,3120.6607983103195,20.474380799728745,0.0,60.17068676291658,4510.277834260784
2022-11-18,Delhi,Kesar,2953.1448774159016,20.474380799728745,0.0,60.17068676291658,5009.724925723938
2022-11-18,Mumbai,Alphonso,3006.9906740925962,20.474380799728745,0.0,60.17068676291658,5846.775312824447
2022-11-18,Mumbai,Dashehari,3750.2523734584006,20.474380799728745,0.0,60.17068676291658,4588.155290838964
2022-11-18,Mumbai,Kesar,3732.8106268338906,20.474380799728745,0.0,60.17068676291658,5163.593339948739
2022-11-25,Indore,Alphonso,3639.8600189198773,19.826019673157347,0.0,48.61227069644932,4157.4936532305965
2022-11-25,Indore,Dashehari,3538.1376797765233,19.826019673157347,0.0,48.61227069644932,3510.0474942267656
2022-11-25,Indore,Kesar,3771.6571101752784,19.826019673157347,0.0,48.61227069644932,3861.0664857416186
2022-11-25,Lucknow,Alphonso,3368.2208854611636,19.826019673157347,0.0,48.61227069644932,4919.789922870229
2022-11-25,Lucknow,Dashehari,3634.023211633647,19.826019673157347,0.0,48.61227069644932,3897.1168496801884
2022-11-25,Lucknow,Kesar,3687.7070359234103,19.826019673157347,0.0,48.61227069644932,3954.1427068378516
2022-11-25,Delhi,Alphonso,3802.715471994793,19.826019673157347,0.0,48.61227069644932,5220.088553444731
2022-11-25,Delhi,Dashehari,3093.326748569401,19.826019673157347,0.0,48.61227069644932,4293.5996554774965
2022-11-25,Delhi,Kesar,3484.2770849489475,19.826019673157347,0.0,48.61227069644932,4642.953658998223
2022-11-25,Mumbai,Alphonso,3633.5439866274137,19.826019673157347,0.0,48.61227069644932,5797.941058618024
2022-11-25,Mumbai,Dashehari,3932.7066910691315,19.826019673157347,0.0,48.61227069644932,4350.246296271248
2022-11-25,Mumbai,Kesar,3748.8279961224193,19.826019673157347,0.0,48.61227069644932,5258.7519136956835
2022-12-02,Indore,Alphonso,3909.4838184427927,20.91082773551585,7.073793854099966,66.91477363325234,4411.715702475359
2022-12-02,Indore,Dashehari,3918.0353896339016,20.91082773551585,7.073793854099966,66.91477363325234,3491.380682402889
2022-12-02,Indore,Kesar,3509.561217313982,20.91082773551585,7.073793854099966,66.91477363325234,3875.571661034562
2022-12-02,Lucknow,Alphonso,4125.365343532843,20.91082773551585,7.073793854099966,66.91477363325234,4480.664320874079
2022-12-02,Lucknow,Dashehari,4112.947089871246,20.91082773551585,7.073793854099966,66.91477363325234,3820.1923086759934
2022-12-02,Lucknow,Kesar,2940.2775300792237,20.91082773551585,7.073793854099966,66.91477363325234,4407.474159903746
2022-12-02,Delhi,Alphonso,2659.9893969393506,20.91082773551585,7.073793854099966,66.91477363325234,5404.340594160054
2022-12-02,Delhi,Dashehari,3854.0925931955962,20.91082773551585,7.073793854099966,66.91477363325234,4070.1865037869734
2022-12-02,Delhi,Kesar,3549.419078382233,20.91082773551585,7.073793854099966,66.91477363325234,4983.4001465458
2022-12-02,Mumbai,Alphonso,3297.7013182952255,20.91082773551585,7.073793854099966,66.91477363325234,5386.357639616222
2022-12-02,Mumbai,Dashehari,4092.6653609850396,20.91082773551585,7.073793854099966,66.91477363325234,4887.133171897786
2022-12-02,Mumbai,Kesar,3501.478268739139,20.91082773551585,7.073793854099966,66.91477363325234,5222.3445005800095
2022-12-09,Indore,Alphonso,3992.349805261894,22.135752247367854,0.0,52.97289920009541,4633.0516164745695
2022-12-09,Indore,Dashehari,3725.152344069742,22.135752247367854,0.0,52.97289920009541,3319.478005691255
2022-12-09,Indore,Kesar,4294.824444679776,22.135752247367854,0.0,52.97289920009541,3679.7288496056653
2022-12-09,Lucknow,Alphonso,3365.944887531419,22.135752247367854,0.0,52.97289920009541,4804.122741706656
2022-12-09,Lucknow,Dashehari,4121.66416828591,22.135752247367854,0.0,52.97289920009541,3860.1881367421147
2022-12-09,Lucknow,Kesar,3665.946200144764,22.135752247367854,0.0,52.97289920009541,4271.893630649381
2022-12-09,Delhi,Alphonso,3517.4058674573866,22.135752247367854,0.0,52.97289920009541,5215.704067725182
2022-12-09,Delhi,Dashehari,2488.175968922279,22.135752247367854,0.0,52.97289920009541,4347.1109942156045
2022-12-09,Delhi,Kesar,3596.5287739667124,22.135752247367854,0.0,52.97289920009541,4393.8142968886605
2022-12-09,Mumbai,Alphonso,3654.529327124624,22.135752247367854,0.0,52.97289920009541,5453.751912594245
2022-12-09,Mumbai,Dashehari,4202.190279326196,22.135752247367854,0.0,52.97289920009541,4775.121311514139
2022-12-09,Mumbai,Kesar,3313.677772352735,22.135752247367854,0.0,52.97289920009541,5024.759224148682
2022-12-16,Indore,Alphonso,3196.687172444964,19.905130402616592,0.0,55.059602784244284,4174.03609806392
2022-12-16,Indore,Dashehari,3749.0844895601076,19.905130402616592,0.0,55.059602784244284,3491.430666431874
2022-12-16,Indore,Kesar,3178.2736961360033,19.905130402616592,0.0,55.059602784244284,4042.0252616255543
2022-12-16,Lucknow,Alphonso,3247.3689083338672,19.905130402616592,0.0,55.059602784244284,4713.993888739507
2022-12-16,Lucknow,Dashehari,3828.1376050449826,19.905130402616592,0.0,55.059602784244284,3657.8355188380024
2022-12-16,Lucknow,Kesar,3681.896364856454,19.905130402616592,0.0,55.059602784244284,3997.2518678188435
2022-12-16,Delhi,Alphonso,3421.413366628761,19.905130402616592,0.0,55.059602784244284,5000.041445841129
2022-12-16,Delhi,Dashehari,3201.3686613839045,19.905130402616592,0.0,55.059602784244284,4144.884840982824
2022-12-16,Delhi,Kesar,2880.5526804545016,19.905130402616592,0.0,55.059602784244284,4546.0433924253775
2022-12-16,Mumbai,Alphonso,3386.049802652132,19.905130402616592,0.0,55.059602784244284,5397.349229466215
2022-12-16,Mumbai,Dashehari,3403.4010216516886,19.905130402616592,0.0,55.059602784244284,4529.22080952064
2022-12-16,Mumbai,Kesar,3691.7766072344257,19.905130402616592,0.0,55.059602784244284,5045.843833434425
2022-12-23,Indore,Alphonso,3305.1188315220293,19.035063945139786,0.0,47.717391882159305,4196.308261512308
2022-12-23,Indore,Dashehari,3192.0015735210172,19.035063945139786,0.0,47.717391882159305,3146.714205594481
2022-12-23,Indore,Kesar,3317.5516690103245,19.035063945139786,0.0,47.717391882159305,3790.0729795919015
2022-12-23,Lucknow,Alphonso,3738.0117863342257,19.035063945139786,0.0,47.717391882159305,4381.397217293586
2022-12-23,Lucknow,Dashehari,3334.8008711426264,19.035063945139786,0.0,47.717391882159305,3487.5056359950563
2022-12-23,Lucknow,Kesar,3487.4243318500894,19.035063945139786,0.0,47.717391882159305,3874.121954505882
2022-12-23,Delhi,Alphonso,3729.25112529648,19.035063945139786,0.0,47.717391882159305,4561.854317291739
2022-12-23,Delhi,Dashehari,3356.148131019015,19.035063945139786,0.0,47.717391882159305,4104.668145864336
2022-12-23,Delhi,Kesar,3573.5338065290016,19.035063945139786,0.0,47.717391882159305,4896.085462734514
2022-12-23,Mumbai,Alphonso,3639.920009827163,19.035063945139786,0.0,47.717391882159305,5118.660059192794
2022-12-23,Mumbai,Dashehari,3461.8143011643706,19.035063945139786,0.0,47.717391882159305,4111.724574159697
2022-12-23,Mumbai,Kesar,3467.7601002812958,19.035063945139786,0.0,47.717391882159305,4680.4285800824755
2022-12-30,Indore,Alphonso,3245.7768634382387,21.47769571058973,0.0,51.36176158699526,4583.143293257905
2022-12-30,Indore,Dashehari,3371.5028935528353,21.47769571058973,0.0,51.36176158699526,3677.3796323299334
2022-12-30,Indore,Kesar,3825.6607048473065,21.47769571058973,0.0,51.36176158699526,3752.542969391042
2022-12-30,Lucknow,Alphonso,3647.493258927008,21.47769571058973,0.0,51.36176158699526,4568.724612415252
2022-12-30,Lucknow,Dashehari,2728.930968261756,21.47769571058973,0.0,51.36176158699526,3712.983300108935
2022-12-30,Lucknow,Kesar,3838.0631884737286,21.47769571058973,0.0,51.36176158699526,3954.7370183925773
2022-12-30,Delhi,Alphonso,2937.9240612785698,21.47769571058973,0.0,51.36176158699526,5016.1307532091005
2022-12-30,Delhi,Dashehari,4181.642206502196,21.47769571058973,0.0,51.36176158699526,4126.134796969041
2022-12-30,Delhi,Kesar,3475.1983962535874,21.47769571058973,0.0,51.36176158699526,4600.115043887997
2022-12-30,Mumbai,Alphonso,3353.397191852779,21.47769571058973,0.0,51.36176158699526,5044.081505180878
2022-12-30,Mumbai,Dashehari,3130.213604748178,21.47769571058973,0.0,51.36176158699526,4772.271414819991
2022-12-30,Mumbai,Kesar,3390.4027672682782,21.47769571058973,0.0,51.36176158699526,4800.308270947394
2023-01-06,Indore,Alphonso,4614.181127274247,19.85838729867914,7.533440292813836,59.25775596188268,3871.510501506571
2023-01-06,Indore,Dashehari,3844.9188293938314,19.85838729867914,7.533440292813836,59.25775596188268,2865.610194101312
2023-01-06,Indore,Kesar,4317.442804342303,19.85838729867914,7.533440292813836,59.25775596188268,3243.351218278102
2023-01-06,Lucknow,Alphonso,3813.379259400045,19.85838729867914,7.533440292813836,59.25775596188268,4146.768520622026
2023-01-06,Lucknow,Dashehari,3491.122303199515,19.85838729867914,7.533440292813836,59.25775596188268,3351.5819901230857
2023-01-06,Lucknow,Kesar,3483.5189296246663,19.85838729867914,7.533440292813836,59.25775596188268,3806.6157483886886
2023-01-06,Delhi,Alphonso,3507.3615159249625,19.85838729867914,7.533440292813836,59.25775596188268,4949.366273541907
2023-01-06,Delhi,Dashehari,3284.7239166699856,19.85838729867914,7.533440292813836,59.25775596188268,3979.1383941498434
2023-01-06,Delhi,Kesar,4213.852694817217,19.85838729867914,7.533440292813836,59.25775596188268,4079.822411608434
2023-01-06,Mumbai,Alphonso,3439.5014775959526,19.85838729867914,7.533440292813836,59.25775596188268,5170.0865437882285
2023-01-06,Mumbai,Dashehari,4198.559117239278,19.85838729867914,7.533440292813836,59.25775596188268,4209.889974756478
2023-01-06,Mumbai,Kesar,3514.183316051954,19.85838729867914,7.533440292813836,59.25775596188268,4785.2360426124405
2023-01-13,Indore,Alphonso,3864.7753581687066,18.949908227718733,2.1918052638837127,52.585925191457875,3823.9222163124523
2023-01-13,Indore,Dashehari,3633.2263777108774,18.949908227718733,2.1918052638837127,52.585925191457875,3212.8135970576277
2023-01-13,Indore,Kesar,4479.4909476198845,18.949908227718733,2.1918052638837127,52.585925191457875,3249.5034594665594
2023-01-13,Lucknow,Alphonso,4171.2534280448535,18.949908227718733,2.1918052638837127,52.585925191457875,3844.036744106875
2023-01-13,Lucknow,Dashehari,3754.0516543613803,18.949908227718733,2.1918052638837127,52.585925191457875,3389.2073188015106
2023-01-13,Lucknow,Kesar,3624.0253798315266,18.949908227718733,2.1918052638837127,52.585925191457875,3649.6315086715194
2023-01-13,Delhi,Alphonso,3720.786924036706,18.949908227718733,2.1918052638837127,52.585925191457875,4753.380269275461
2023-01-13,Delhi,Dashehari,3912.96713926171,18.949908227718733,2.1918052638837127,52.585925191457875,3363.3115174377185
2023-01-13,Delhi,Kesar,3139.6186855702335,18.949908227718733,2.1918052638837127,52.585925191457875,4196.160129086387
2023-01-13,Mumbai,Alphonso,4170.973381045681,18.949908227718733,2.1918052638837127,52.585925191457875,4525.201144224557
2023-01-13,Mumbai,Dashehari,3788.006676163608,18.949908227718733,2.1918052638837127,52.585925191457875,4093.9614086207357
2023-01-13,Mumbai,Kesar,4543.2338579076395,18.949908227718733,2.1918052638837127,52.585925191457875,4383.44120397163
2023-01-20,Indore,Alphonso,4549.3452387523,21.56567281406815,0.0,39.51436200465517,3861.0952357339543
2023-01-20,Indore,Dashehari,4445.36980796944,21.56567281406815,0.0,39.51436200465517,3647.7622294512757
2023-01-20,Indore,Kesar,3408.4171763001696,21.56567281406815,0.0,39.51436200465517,3838.136312950205
2023-01-20,Lucknow,Alphonso,4127.083344339463,21.56567281406815,0.0,39.51436200465517,4250.050208538675
2023-01-20,Lucknow,Dashehari,4223.857453979108,21.56567281406815,0.0,39.51436200465517,3204.5491259993487
2023-01-20,Lucknow,Kesar,4014.1291808041015,21.56567281406815,0.0,39.51436200465517,3777.97432758564
2023-01-20,Delhi,Alphonso,3635.1928734309336,21.56567281406815,0.0,39.51436200465517,4821.975540663587
2023-01-20,Delhi,Dashehari,4075.5845901455036,21.56567281406815,0.0,39.51436200465517,3504.1883004737815
2023-01-20,Delhi,Kesar,4062.0572089012794,21.56567281406815,0.0,39.51436200465517,4336.322569160269
2023-01-20,Mumbai,Alphonso,4027.928317293116,21.56567281406815,0.0,39.51436200465517,5080.700561892207
2023-01-20,Mumbai,Dashehari,3949.679841813416,21.56567281406815,0.0,39.51436200465517,4266.689569187073
2023-01-20,Mumbai,Kesar,4516.265447615687,21.56567281406815,0.0,39.51436200465517,4761.0278171497675
2023-01-27,Indore,Alphonso,5003.827579442566,21.20271030337034,1.39924667608316,50.49665741447628,3571.6981878050747
2023-01-27,Indore,Dashehari,4783.480991848273,21.20271030337034,1.39924667608316,50.49665741447628,2805.704890040616
2023-01-27,Indore,Kesar,4459.803595853962,21.20271030337034,1.39924667608316,50.49665741447628,3315.5277818213017
2023-01-27,Lucknow,Alphonso,4586.375025268032,21.20271030337034,1.39924667608316,50.49665741447628,4055.308249564111
2023-01-27,Lucknow,Dashehari,4571.364139965572,21.20271030337034,1.39924667608316,50.49665741447628,3462.992687041698
2023-01-27,Lucknow,Kesar,4879.658740943449,21.20271030337034,1.39924667608316,50.49665741447628,3679.886235153929
2023-01-27,Delhi,Alphonso,4303.263056287813,21.20271030337034,1.39924667608316,50.49665741447628,4367.126282661403
2023-01-27,Delhi,Dashehari,4867.599089992462,21.20271030337034,1.39924667608316,50.49665741447628,3683.297568331028
2023-01-27,Delhi,Kesar,5074.547136997754,21.20271030337034,1.39924667608316,50.49665741447628,3779.6419845402506
2023-01-27,Mumbai,Alphonso,4393.659404553222,21.20271030337034,1.39924667608316,50.49665741447628,4615.811139800151
2023-01-27,Mumbai,Dashehari,4328.490424273012,21.20271030337034,1.39924667608316,50.49665741447628,4202.031397409466
2023-01-27,Mumbai,Kesar,4298.880715006082,21.20271030337034,1.39924667608316,50.49665741447628,4543.264816309363
2023-02-03,Indore,Alphonso,4748.706733894586,21.735315077186577,0.0,44.32413754827077,3158.4563559524277
2023-02-03,Indore,Dashehari,4639.864490776232,21.735315077186577,0.0,44.32413754827077,2522.9672506071365
2023-02-03,Indore,Kesar,5197.020760659752,21.735315077186577,0.0,44.32413754827077,3256.09762939444
2023-02-03,Lucknow,Alphonso,4901.291346827458,21.735315077186577,0.0,44.32413754827077,4243.176721275329
2023-02-03,Lucknow,Dashehari,4335.056345711091,21.735315077186577,0.0,44.32413754827077,3485.843276212387
2023-02-03,Lucknow,Kesar,5087.49957974518,21.735315077186577,0.0,44.32413754827077,3393.2981667620406
2023-02-03,Delhi,Alphonso,5168.871012914204,21.735315077186577,0.0,44.32413754827077,4122.098428256933
2023-02-03,Delhi,Dashehari,4384.817289429957,21.735315077186577,0.0,44.32413754827077,3452.814780535045
2023-02-03,Delhi,Kesar,4503.03187081542,21.735315077186577,0.0,44.32413754827077,3750.901930371963
2023-02-03,Mumbai,Alphonso,5203.8561808791555,21.735315077186577,0.0,44.32413754827077,4668.340138190766
2023-02-03,Mumbai,Dashehari,4855.624941383778,21.735315077186577,0.0,44.32413754827077,3774.952307412041
2023-02-03,Mumbai,Kesar,3986.3816338216193,21.735315077186577,0.0,44.32413754827077,4482.689673238148
2023-02-10,Indore,Alphonso,5721.08638119889,19.7798093050045,0.0,43.49362853861099,3596.1959082037165
2023-02-10,Indore,Dashehari,4968.47749801516,19.7798093050045,0.0,43.49362853861099,2895.0874191631788
2023-02-10,Indore,Kesar,4587.649590520273,19.7798093050045,0.0,43.49362853861099,3233.9955286950344
2023-02-10,Lucknow,Alphonso,5006.100154994052,19.7798093050045,0.0,43.49362853861099,3908.3717535691985
2023-02-10,Lucknow,Dashehari,5435.117381549274,19.7798093050045,0.0,43.49362853861099,3015.4736166495622
2023-02-10,Lucknow,Kesar,5041.665446636576,19.7798093050045,0.0,43.49362853861099,3056.56664791239
2023-02-10,Delhi,Alphonso,4542.157463394781,19.7798093050045,0.0,43.49362853861099,4322.270215369776
2023-02-10,Delhi,Dashehari,4963.524931217227,19.7798093050045,0.0,43.49362853861099,3165.0750087676597
2023-02-10,Delhi,Kesar,5890.846651737936,19.7798093050045,0.0,43.49362853861099,3874.5446994608815
2023-02-10,Mumbai,Alphonso,5167.02330966356,19.7798093050045,0.0,43.49362853861099,4644.8486061197
2023-02-10,Mumbai,Dashehari,4841.292393546106,19.7798093050045,0.0,43.49362853861099,3619.1682131857656
2023-02-10,Mumbai,Kesar,4957.168188914112,19.7798093050045,0.0,43.49362853861099,4216.051350049222
2023-02-17,Indore,Alphonso,4353.951059941514,21.47569901333363,0.0,50.04390405217927,3533.5483626269574
2023-02-17,Indore,Dashehari,4951.631869723813,21.47569901333363,0.0,50.04390405217927,3020.618897127688
2023-02-17,Indore,Kesar,5339.695332905973,21.47569901333363,0.0,50.04390405217927,2770.597012995685
2023-02-17,Lucknow,Alphonso,5311.488598859525,21.47569901333363,0.0,50.04390405217927,3537.5461895531203
2023-02-17,Lucknow,Dashehari,5550.1505046473,21.47569901333363,0.0,50.04390405217927,2788.2993271930077
2023-02-17,Lucknow,Kesar,5079.619607596802,21.47569901333363,0.0,50.04390405217927,3596.4407225469104
2023-02-17,Delhi,Alphonso,4602.208655658771,21.47569901333363,0.0,50.04390405217927,4092.250024017823
2023-02-17,Delhi,Dashehari,4883.634352554069,21.47569901333363,0.0,50.04390405217927,3579.9828650804848
2023-02-17,Delhi,Kesar,4509.335652901734,21.47569901333363,0.0,50.04390405217927,3350.660430174525
2023-02-17,Mumbai,Alphonso,4936.610539728871,21.47569901333363,0.0,50.04390405217927,4782.852302189509
2023-02-17,Mumbai,Dashehari,5597.178782988002,21.47569901333363,0.0,50.04390405217927,3581.267629243528
2023-02-17,Mumbai,Kesar,4952.50344024607,21.47569901333363,0.0,50.04390405217927,4388.380368278483
2023-02-24,Indore,Alphonso,5464.240021086851,21.27690628115577,0.0,52.462676576329905,3362.017625742832
2023-02-24,Indore,Dashehari,5298.3289372551735,21.27690628115577,0.0,52.462676576329905,2135.747901992555
2023-02-24,Indore,Kesar,5021.253167639297,21.27690628115577,0.0,52.462676576329905,3115.1520323975546
2023-02-24,Lucknow,Alphonso,4891.634918870965,21.27690628115577,0.0,52.462676576329905,3867.4689088021787
2023-02-24,Lucknow,Dashehari,5463.3015328939155,21.27690628115577,0.0,52.462676576329905,2792.2929022375215
2023-02-24,Lucknow,Kesar,5352.738040971465,21.27690628115577,0.0,52.462676576329905,3100.5613251867303
2023-02-24,Delhi,Alphonso,5201.908020694418,21.27690628115577,0.0,52.462676576329905,4310.8415011138895
2023-02-24,Delhi,Dashehari,5347.341716960211,21.27690628115577,0.0,52.462676576329905,3169.2488967384775
2023-02-24,Delhi,Kesar,5374.239094289154,21.27690628115577,0.0,52.462676576329905,3798.6127596553674
2023-02-24,Mumbai,Alphonso,4464.576021141846,21.27690628115577,0.0,52.462676576329905,4942.355682199354
2023-02-24,Mumbai,Dashehari,5150.050637100408,21.27690628115577,0.0,52.462676576329905,3786.9251076179917
2023-02-24,Mumbai,Kesar,5763.451302030928,21.27690628115577,0.0,52.462676576329905,3753.0235344457733
2023-03-03,Indore,Alphonso,6120.1604146237105,23.802803864594537,0.0,48.47751135026015,3187.871263392265
2023-03-03,Indore,Dashehari,5203.96707249424,23.802803864594537,0.0,48.47751135026015,2643.7950675529287
2023-03-03,Indore,Kesar,4945.325973858551,23.802803864594537,0.0,48.47751135026015,2982.337911502689
2023-03-03,Lucknow,Alphonso,5553.167088789057,23.802803864594537,0.0,48.47751135026015,3684.234166142474
2023-03-03,Lucknow,Dashehari,5388.831040729007,23.802803864594537,0.0,48.47751135026015,2778.449747341428
2023-03-03,Lucknow,Kesar,4820.39766061668,23.802803864594537,0.0,48.47751135026015,3433.9343140434166
2023-03-03,Delhi,Alphonso,6128.159012947884,23.802803864594537,0.0,48.47751135026015,4043.9627861237554
2023-03-03,Delhi,Dashehari,5516.291431188007,23.802803864594537,0.0,48.47751135026015,3375.4767532205497
2023-03-03,Delhi,Kesar,4918.453585670307,23.802803864594537,0.0,48.47751135026015,4064.85010795603
2023-03-03,Mumbai,Alphonso,5507.117302858108,23.802803864594537,0.0,48.47751135026015,4846.172242234936
2023-03-03,Mumbai,Dashehari,5132.972586079391,23.802803864594537,0.0,48.47751135026015,4047.035195479474
2023-03-03,Mumbai,Kesar,5736.2479819028995,23.802803864594537,0.0,48.47751135026015,4110.741693624259
2023-03-10,Indore,Alphonso,5596.066549618717,26.034340758247136,0.0,59.46719540348559,3134.105102689366
2023-03-10,Indore,Dashehari,5093.048016996697,26.034340758247136,0.0,59.46719540348559,2645.2687498123228
2023-03-10,Indore,Kesar,5663.922194945721,26.034340758247136,0.0,59.46719540348559,2965.777705174212
2023-03-10,Lucknow,Alphonso,6027.510917596964,26.034340758247136,0.0,59.46719540348559,3359.3193275720164
2023-03-10,Lucknow,Dashehari,5597.357776281562,26.034340758247136,0.0,59.46719540348559,2560.708967966054
2023-03-10,Lucknow,Kesar,5843.807519873166,26.034340758247136,0.0,59.46719540348559,3226.5817060896925
2023-03-10,Delhi,Alphonso,5707.7665904891455,26.034340758247136,0.0,59.46719540348559,4012.572709072219
2023-03-10,Delhi,Dashehari,6051.708574342599,26.034340758247136,0.0,59.46719540348559,3393.6725244153486
2023-03-10,Delhi,Kesar,5773.3403228842535,26.034340758247136,0.0,59.46719540348559,3632.9552657118375
2023-03-10,Mumbai,Alphonso,5771.865515797551,26.034340758247136,0.0,59.46719540348559,4429.29317318514
2023-03-10,Mumbai,Dashehari,5882.144865287783,26.034340758247136,0.0,59.46719540348559,3933.5901134929272
2023-03-10,Mumbai,Kesar,5968.166825671173,26.034340758247136,0.0,59.46719540348559,3889.871155080278
2023-03-17,Indore,Alphonso,5804.357129936556,27.06083811654168,0.0,57.56181185070105,3109.7973904713995
2023-03-17,Indore,Dashehari,5159.402227226595,27.06083811654168,0.0,57.56181185070105,2611.491212661104
2023-03-17,Indore,Kesar,5503.77186593521,27.06083811654168,0.0,57.56181185070105,2782.7638307320462
2023-03-17,Lucknow,Alphonso,5779.707256532414,27.06083811654168,0.0,57.56181185070105,3796.066558409226
2023-03-17,Lucknow,Dashehari,5546.408112000133,27.06083811654168,0.0,57.56181185070105,2756.7526847872396
2023-03-17,Lucknow,Kesar,6043.598615358166,27.06083811654168,0.0,57.56181185070105,3501.2741445671923
2023-03-17,Delhi,Alphonso,5430.691171252925,27.06083811654168,0.0,57.56181185070105,4103.4341590623735
2023-03-17,Delhi,Dashehari,5820.598830956339,27.06083811654168,0.0,57.56181185070105,3178.9955370491703
2023-03-17,Delhi,Kesar,5568.356884526247,27.06083811654168,0.0,57.56181185070105,3821.981943071485
2023-03-17,Mumbai,Alphonso,4860.373329788624,27.06083811654168,0.0,57.56181185070105,4953.575834087296
2023-03-17,Mumbai,Dashehari,5653.187974523277,27.06083811654168,0.0,57.56181185070105,3599.506013540386
2023-03-17,Mumbai,Kesar,5588.422103102961,27.06083811654168,0.0,57.56181185070105,4078.469920320929
2023-03-24,Indore,Alphonso,5854.746778706508,24.76428861291847,4.410714661579636,56.29098581257835,3515.811464117667
2023-03-24,Indore,Dashehari,5269.080943503437,24.76428861291847,4.410714661579636,56.29098581257835,2635.177297577233
2023-03-24,Indore,Kesar,5570.48949016804,24.76428861291847,4.410714661579636,56.29098581257835,3048.1175568902327
2023-03-24,Lucknow,Alphonso,4826.654958386959,24.76428861291847,4.410714661579636,56.29098581257835,3811.7520590284307
2023-03-24,Lucknow,Dashehari,5436.417664213973,24.76428861291847,4.410714661579636,56.29098581257835,2897.6390771371434
2023-03-24,Lucknow,Kesar,5865.563601474839,24.76428861291847,4.410714661579636,56.29098581257835,3015.2128162480753
2023-03-24,Delhi,Alphonso,5392.67638085714,24.76428861291847,4.410714661579636,56.29098581257835,4107.785410686907
2023-03-24,Delhi,Dashehari,5318.8890356014745,24.76428861291847,4.410714661579636,56.29098581257835,3392.5439643546283
2023-03-24,Delhi,Kesar,5529.863046348579,24.76428861291847,4.410714661579636,56.29098581257835,3079.753697760871
2023-03-24,Mumbai,Alphonso,5527.617103878835,24.76428861291847,4.410714661579636,56.29098581257835,4316.477959131406
2023-03-24,Mumbai,Dashehari,5025.03560034318,24.76428861291847,4.410714661579636,56.29098581257835,3471.143722639676
2023-03-24,Mumbai,Kesar,5721.309315260745,24.76428861291847,4.410714661579636,56.29098581257835,4207.7065979192585
2023-03-31,Indore,Alphonso,5515.803148036065,28.668016128068867,0.0,59.877498850694955,3395.2476241713175
2023-03-31,Indore,Dashehari,5237.694204830468,28.668016128068867,0.0,59.877498850694955,2355.006115182382
2023-03-31,Indore,Kesar,5543.4697894998835,28.668016128068867,0.0,59.877498850694955,3043.74532334282
2023-03-31,Lucknow,Alphonso,5660.789804117706,28.668016128068867,0.0,59.877498850694955,3719.3040454954635
2023-03-31,Lucknow,Dashehari,5321.140847844949,28.668016128068867,0.0,59.877498850694955,3064.799219158379
2023-03-31,Lucknow,Kesar,5172.586504145028,28.668016128068867,0.0,59.877498850694955,3521.739711012896
2023-03-31,Delhi,Alphonso,5298.552464552972,28.668016128068867,0.0,59.877498850694955,4123.942470924094
2023-03-31,Delhi,Dashehari,5112.725195877391,28.668016128068867,0.0,59.877498850694955,3302.57733556983
2023-03-31,Delhi,Kesar,6089.564255514853,28.668016128068867,0.0,59.877498850694955,3709.811747194414
2023-03-31,Mumbai,Alphonso,6090.808116934876,28.668016128068867,0.0,59.877498850694955,4610.760454487006
2023-03-31,Mumbai,Dashehari,5257.971340711514,28.668016128068867,0.0,59.877498850694955,3707.143355560143
2023-03-31,Mumbai,Kesar,5387.359620476676,28.668016128068867,0.0,59.877498850694955,4382.899008308401
2023-04-07,Indore,Alphonso,6421.326806788639,27.222851515327157,2.6219737729987025,63.68356895872896,3249.96270748961
2023-04-07,Indore,Dashehari,5974.40758993427,27.222851515327157,2.6219737729987025,63.68356895872896,2914.849083773697
2023-04-07,Indore,Kesar,5442.422055328726,27.222851515327157,2.6219737729987025,63.68356895872896,2723.6019048698786
2023-04-07,Lucknow,Alphonso,4937.4747125390995,27.222851515327157,2.6219737729987025,63.68356895872896,4019.087836322877
2023-04-07,Lucknow,Dashehari,4936.218642878771,27.222851515327157,2.6219737729987025,63.68356895872896,2924.008334137869
2023-04-07,Lucknow,Kesar,5864.404000917789,27.222851515327157,2.6219737729987025,63.68356895872896,3257.2839958490563
2023-04-07,Delhi,Alphonso,5859.656671775873,27.222851515327157,2.6219737729987025,63.68356895872896,4164.819092509371
2023-04-07,Delhi,Dashehari,6201.025051427562,27.222851515327157,2.6219737729987025,63.68356895872896,2991.9436615949294
2023-04-07,Delhi,Kesar,5418.6806707187925,27.222851515327157,2.6219737729987025,63.68356895872896,3565.103898506743
2023-04-07,Mumbai,Alphonso,6021.555450847249,27.222851515327157,2.6219737729987025,63.68356895872896,4657.736884143481
2023-04-07,Mumbai,Dashehari,5869.968853829608,27.222851515327157,2.6219737729987025,63.68356895872896,3835.9795857357317
2023-04-07,Mumbai,Kesar,5218.262379151653,27.222851515327157,2.6219737729987025,63.68356895872896,4440.358231216782
2023-04-14,Indore,Alphonso,4985.159261320141,32.09346083070089,2.3861092291139108,69.83234346678827,3614.7958453022156
2023-04-14,Indore,Dashehari,5353.687160118469,32.09346083070089,2.3861092291139108,69.83234346678827,2872.7277663221166
2023-04-14,Indore,Kesar,5227.752248550392,32.09346083070089,2.3861092291139108,69.83234346678827,3301.878899008796
2023-04-14,Lucknow,Alphonso,6196.023001989935,32.09346083070089,2.3861092291139108,69.83234346678827,3916.3775585240505
2023-04-14,Lucknow,Dashehari,5761.308953855851,32.09346083070089,2.3861092291139108,69.83234346678827,2791.6723638109315
2023-04-14,Lucknow,Kesar,5309.068157941105,32.09346083070089,2.3861092291139108,69.83234346678827,3675.8243113911203
2023-04-14,Delhi,Alphonso,5959.548145953383,32.09346083070089,2.3861092291139108,69.83234346678827,4226.782997107553
2023-04-14,Delhi,Dashehari,5480.6447260848945,32.09346083070089,2.3861092291139108,69.83234346678827,3055.36370901179
2023-04-14,Delhi,Kesar,5219.467576917475,32.09346083070089,2.3861092291139108,69.83234346678827,4211.076448707123
2023-04-14,Mumbai,Alphonso,5135.626315990264,32.09346083070089,2.3861092291139108,69.83234346678827,4816.218807808666
2023-04-14,Mumbai,Dashehari,6050.7861336693295,32.09346083070089,2.3861092291139108,69.83234346678827,3491.4975925662275
2023-04-14,Mumbai,Kesar,5721.692734303684,32.09346083070089,2.3861092291139108,69.83234346678827,4345.445281444374
2023-04-21,Indore,Alphonso,5998.523637058042,30.57724404842346,11.365177771334334,54.34394299216868,3372.58366516553
2023-04-21,Indore,Dashehari,5883.800287039161,30.57724404842346,11.365177771334334,54.34394299216868,2603.773468206157
2023-04-21,Indore,Kesar,5281.769746260492,30.57724404842346,11.365177771334334,54.34394299216868,3073.923028883134
2023-04-21,Lucknow,Alphonso,4831.8716445451755,30.57724404842346,11.365177771334334,54.34394299216868,4022.269886652061
2023-04-21,Lucknow,Dashehari,5694.295611500701,30.57724404842346,11.365177771334334,54.34394299216868,2973.4078528529735
2023-04-21,Lucknow,Kesar,5998.279555139351,30.57724404842346,11.365177771334334,54.34394299216868,3269.903483880006
2023-04-21,Delhi,Alphonso,5634.267993023801,30.57724404842346,11.365177771334334,54.34394299216868,4010.661693224025
2023-04-21,Delhi,Dashehari,5290.14391964487,30.57724404842346,11.365177771334334,54.34394299216868,3544.8085586631846
2023-04-21,Delhi,Kesar,6149.5663873868825,30.57724404842346,11.365177771334334,54.34394299216868,3533.6404043015327
2023-04-21,Mumbai,Alphonso,5593.4333240058,30.57724404842346,11.365177771334334,54.34394299216868,4413.77364674742
2023-04-21,Mumbai,Dashehari,6044.134963211469,30.57724404842346,11.365177771334334,54.34394299216868,3715.252967453797
2023-04-21,Mumbai,Kesar,6351.51919968999,30.57724404842346,11.365177771334334,54.34394299216868,3782.0506227307915
2023-04-28,Indore,Alphonso,5385.936713220173,30.689838650727467,1.3103121733566254,67.71647677942474,3492.944284332751
2023-04-28,Indore,Dashehari,5824.766779808655,30.689838650727467,1.3103121733566254,67.71647677942474,2800.892233886695
2023-04-28,Indore,Kesar,5105.694128013736,30.689838650727467,1.3103121733566254,67.71647677942474,3444.500650150565
2023-04-28,Lucknow,Alphonso,5940.283251917868,30.689838650727467,1.3103121733566254,67.71647677942474,3874.468273153434
2023-04-28,Lucknow,Dashehari,5504.042913189641,30.689838650727467,1.3103121733566254,67.71647677942474,3128.548563420776
2023-04-28,Lucknow,Kesar,5127.522540136723,30.689838650727467,1.3103121733566254,67.71647677942474,3501.997498018973
2023-04-28,Delhi,Alphonso,4611.250350395554,30.689838650727467,1.3103121733566254,67.71647677942474,4647.282842113377
2023-04-28,Delhi,Dashehari,4847.606479262483,30.689838650727467,1.3103121733566254,67.71647677942474,3817.592291844021
2023-04-28,Delhi,Kesar,5340.1557306526465,30.689838650727467,1.3103121733566254,67.71647677942474,3820.2178007289613
2023-04-28,Mumbai,Alphonso,5221.110205805424,30.689838650727467,1.3103121733566254,67.71647677942474,4727.899054643099
2023-04-28,Mumbai,Dashehari,6039.6163062984415,30.689838650727467,1.3103121733566254,67.71647677942474,3284.609395684014
2023-04-28,Mumbai,Kesar,5982.989922674502,30.689838650727467,1.3103121733566254,67.71647677942474,4203.451929510946
2023-05-05,Indore,Alphonso,4962.60965889879,30.083022632173073,0.0,74.67055669996101,3566.432835217044
2023-05-05,Indore,Dashehari,5795.738227821775,30.083022632173073,0.0,74.67055669996101,2785.012302449644
2023-05-05,Indore,Kesar,4965.642180261323,30.083022632173073,0.0,74.67055669996101,3312.4825688518918
2023-05-05,Lucknow,Alphonso,4930.511337419772,30.083022632173073,0.0,74.67055669996101,4277.961476706609
2023-05-05,Lucknow,Dashehari,5765.360796825136,30.083022632173073,0.0,74.67055669996101,3125.3018380855237
2023-05-05,Lucknow,Kesar,5485.4768353746895,30.083022632173073,0.0,74.67055669996101,3796.9336978347815
2023-05-05,Delhi,Alphonso,5340.6869418311735,30.083022632173073,0.0,74.67055669996101,4193.244673620743
2023-05-05,Delhi,Dashehari,5520.601976008806,30.083022632173073,0.0,74.67055669996101,3849.085778961194
2023-05-05,Delhi,Kesar,4934.908613601542,30.083022632173073,0.0,74.67055669996101,3913.958817272904
2023-05-05,Mumbai,Alphonso,5507.390826116464,30.083022632173073,0.0,74.67055669996101,4766.272444204102
2023-05-05,Mumbai,Dashehari,4947.890978724957,30.083022632173073,0.0,74.67055669996101,4178.619703677092
2023-05-05,Mumbai,Kesar,6268.8286996827865,30.083022632173073,0.0,74.67055669996101,4174.2201624075
2023-05-12,Indore,Alphonso,5624.311996281573,31.103285222313023,0.0,69.36437161564834,3780.86715911463
2023-05-12,Indore,Dashehari,5181.799522587528,31.103285222313023,0.0,69.36437161564834,2768.9203126883144
2023-05-12,Indore,Kesar,4745.895605867834,31.103285222313023,0.0,69.36437161564834,3503.707153758413
2023-05-12,Lucknow,Alphonso,5548.269707509304,31.103285222313023,0.0,69.36437161564834,3730.7932151201376
2023-05-12,Lucknow,Dashehari,5818.696650227343,31.103285222313023,0.0,69.36437161564834,3163.680546796143
2023-05-12,Lucknow,Kesar,5742.598917013387,31.103285222313023,0.0,69.36437161564834,3232.462324286414
2023-05-12,Delhi,Alphonso,4636.431396788894,31.103285222313023,0.0,69.36437161564834,4546.34099689603
2023-05-12,Delhi,Dashehari,5383.874829713147,31.103285222313023,0.0,69.36437161564834,3861.9606028546314
2023-05-12,Delhi,Kesar,5465.192624481122,31.103285222313023,0.0,69.36437161564834,3880.295821843377
2023-05-12,Mumbai,Alphonso,4772.213375888713,31.103285222313023,0.0,69.36437161564834,5170.114819505623
2023-05-12,Mumbai,Dashehari,4796.878888654784,31.103285222313023,0.0,69.36437161564834,4337.399263977301
2023-05-12,Mumbai,Kesar,5069.007199112466,31.103285222313023,0.0,69.36437161564834,4681.596601307114
2023-05-19,Indore,Alphonso,4863.975577060586,33.96455029145928,1.5115209541711792,67.21888295364843,3990.962334222338
2023-05-19,Indore,Dashehari,5031.201326486105,33.96455029145928,1.5115209541711792,67.21888295364843,2876.878641245835
2023-05-19,Indore,Kesar,4934.086163871965,33.96455029145928,1.5115209541711792,67.21888295364843,3415.389289318194
2023-05-19,Lucknow,Alphonso,4148.845090233093,33.96455029145928,1.5115209541711792,67.21888295364843,4425.0590778857095
2023-05-19,Lucknow,Dashehari,4608.450238112296,33.96455029145928,1.5115209541711792,67.21888295364843,3152.2600580284534
2023-05-19,Lucknow,Kesar,4325.400989154734,33.96455029145928,1.5115209541711792,67.21888295364843,3487.908105801629
2023-05-19,Delhi,Alphonso,4458.159726754103,33.96455029145928,1.5115209541711792,67.21888295364843,4559.288410276474
2023-05-19,Delhi,Dashehari,5781.6423830096455,33.96455029145928,1.5115209541711792,67.21888295364843,3454.026962862828
2023-05-19,Delhi,Kesar,5071.438770506231,33.96455029145928,1.5115209541711792,67.21888295364843,4148.608604345718
2023-05-19,Mumbai,Alphonso,5052.764802485358,33.96455029145928,1.5115209541711792,67.21888295364843,4965.943446087657
2023-05-19,Mumbai,Dashehari,4522.22122255932,33.96455029145928,1.5115209541711792,67.21888295364843,4436.548072095281
2023-05-19,Mumbai,Kesar,5723.2173854541725,33.96455029145928,1.5115209541711792,67.21888295364843,4056.323239141866
2023-05-26,Indore,Alphonso,4998.573613293398,31.81075961835502,1.5369815880862785,66.66480205745873,3760.030436980722
2023-05-26,Indore,Dashehari,5662.209819033693,31.81075961835502,1.5369815880862785,66.66480205745873,3085.963663362507
2023-05-26,Indore,Kesar,4881.217004163938,31.81075961835502,1.5369815880862785,66.66480205745873,3597.101150454767
2023-05-26,Lucknow,Alphonso,5238.547561653976,31.81075961835502,1.5369815880862785,66.66480205745873,4046.413574858526
2023-05-26,Lucknow,Dashehari,4469.700494094266,31.81075961835502,1.5369815880862785,66.66480205745873,3400.382346204293
2023-05-26,Lucknow,Kesar,5140.841841710229,31.81075961835502,1.5369815880862785,66.66480205745873,3690.5420240564986
2023-05-26,Delhi,Alphonso,4165.388799034653,31.81075961835502,1.5369815880862785,66.66480205745873,4596.584300069337
2023-05-26,Delhi,Dashehari,4766.598246473301,31.81075961835502,1.5369815880862785,66.66480205745873,3719.255190662881
2023-05-26,Delhi,Kesar,5585.204262626976,31.81075961835502,1.5369815880862785,66.66480205745873,3736.0480869020494
2023-05-26,Mumbai,Alphonso,4998.4230886454025,31.81075961835502,1.5369815880862785,66.66480205745873,5259.186887349645
2023-05-26,Mumbai,Dashehari,5704.767290080171,31.81075961835502,1.5369815880862785,66.66480205745873,3891.213035419181
2023-05-26,Mumbai,Kesar,4992.759172999132,31.81075961835502,1.5369815880862785,66.66480205745873,4594.722896962638
2023-06-02,Indore,Alphonso,3560.365285885212,33.94875520456802,2.8625410293898175,75.24503759860944,4382.65561371224
2023-06-02,Indore,Dashehari,4623.734881437873,33.94875520456802,2.8625410293898175,75.24503759860944,3128.4310968813993
2023-06-02,Indore,Kesar,5392.008598260909,33.94875520456802,2.8625410293898175,75.24503759860944,3308.6991858910415
2023-06-02,Lucknow,Alphonso,4412.033324347074,33.94875520456802,2.8625410293898175,75.24503759860944,4765.062452974683
2023-06-02,Lucknow,Dashehari,4240.439198033144,33.94875520456802,2.8625410293898175,75.24503759860944,3438.4490503857614
2023-06-02,Lucknow,Kesar,4514.453550600746,33.94875520456802,2.8625410293898175,75.24503759860944,4039.479424635489
2023-06-02,Delhi,Alphonso,4656.384722914411,33.94875520456802,2.8625410293898175,75.24503759860944,4529.927044348303
2023-06-02,Delhi,Dashehari,4360.396294722211,33.94875520456802,2.8625410293898175,75.24503759860944,3806.5537259321086
2023-06-02,Delhi,Kesar,4542.375301883868,33.94875520456802,2.8625410293898175,75.24503759860944,4359.773161174577
2023-06-02,Mumbai,Alphonso,4740.546022328275,33.94875520456802,2.8625410293898175,75.24503759860944,4827.768457212502
2023-06-02,Mumbai,Dashehari,4998.840114997429,33.94875520456802,2.8625410293898175,75.24503759860944,4246.420028540159
2023-06-02,Mumbai,Kesar,5127.076539010649,33.94875520456802,2.8625410293898175,75.24503759860944,4657.830778850708
2023-06-09,Indore,Alphonso,4543.696510601109,35.51985684500563,5.722066543851507,81.2571534833149,4148.897593412903
2023-06-09,Indore,Dashehari,5243.77014437275,35.51985684500563,5.722066543851507,81.2571534833149,3300.53576570411
2023-06-09,Indore,Kesar,4564.2940245957625,35.51985684500563,5.722066543851507,81.2571534833149,3433.0799902766867
2023-06-09,Lucknow,Alphonso,3819.4732092085824,35.51985684500563,5.722066543851507,81.2571534833149,4649.571318808814
2023-06-09,Lucknow,Dashehari,4393.004735301294,35.51985684500563,5.722066543851507,81.2571534833149,3483.104795625094
2023-06-09,Lucknow,Kesar,4391.189336038821,35.51985684500563,5.722066543851507,81.2571534833149,4279.926476241683
2023-06-09,Delhi,Alphonso,4612.957246014117,35.51985684500563,5.722066543851507,81.2571534833149,4648.6738736427915
2023-06-09,Delhi,Dashehari,4290.19272533682,35.51985684500563,5.722066543851507,81.2571534833149,3867.2590525667356
2023-06-09,Delhi,Kesar,4179.716289630573,35.51985684500563,5.722066543851507,81.2571534833149,4357.5879577339865
2023-06-09,Mumbai,Alphonso,4143.738023152396,35.51985684500563,5.722066543851507,81.2571534833149,5112.590498558183
2023-06-09,Mumbai,Dashehari,4283.734383586721,35.51985684500563,5.722066543851507,81.2571534833149,4312.4061460027
2023-06-09,Mumbai,Kesar,3163.01678019309,35.51985684500563,5.722066543851507,81.2571534833149,5384.579653656368
2023-06-16,Indore,Alphonso,3615.5769222418985,35.613901128866424,2.936250303847604,75.94302113035909,4701.198091941859
2023-06-16,Indore,Dashehari,4843.154139078168,35.613901128866424,2.936250303847604,75.94302113035909,3303.208945989749
2023-06-16,Indore,Kesar,4493.650918843061,35.613901128866424,2.936250303847604,75.94302113035909,3769.4662747557995
2023-06-16,Lucknow,Alphonso,3549.548485618551,35.613901128866424,2.936250303847604,75.94302113035909,4633.724886114647
2023-06-16,Lucknow,Dashehari,4137.009847877706,35.613901128866424,2.936250303847604,75.94302113035909,3620.2914579476374
2023-06-16,Lucknow,Kesar,3996.7773501949086,35.613901128866424,2.936250303847604,75.94302113035909,4110.89997655272
2023-06-16,Delhi,Alphonso,4051.8872620227385,35.613901128866424,2.936250303847604,75.94302113035909,5026.838641064899
2023-06-16,Delhi,Dashehari,3659.996634610283,35.613901128866424,2.936250303847604,75.94302113035909,4058.9095188665656
2023-06-16,Delhi,Kesar,3570.404954888935,35.613901128866424,2.936250303847604,75.94302113035909,4780.105727002952
2023-06-16,Mumbai,Alphonso,3241.9798844327934,35.613901128866424,2.936250303847604,75.94302113035909,5770.861702538588
2023-06-16,Mumbai,Dashehari,4638.778420074061,35.613901128866424,2.936250303847604,75.94302113035909,4357.399198669243
2023-06-16,Mumbai,Kesar,3042.983826038004,35.613901128866424,2.936250303847604,75.94302113035909,5033.998830098491
2023-06-23,Indore,Alphonso,4437.297773180508,33.89624435526077,0.9637520475218508,74.43861299563315,4401.554185066019
2023-06-23,Indore,Dashehari,3455.394047883927,33.89624435526077,0.9637520475218508,74.43861299563315,3271.0421158779122
2023-06-23,Indore,Kesar,3694.412766591259,33.89624435526077,0.9637520475218508,74.43861299563315,3877.1643767546916
2023-06-23,Lucknow,Alphonso,4023.6993685804937,33.89624435526077,0.9637520475218508,74.43861299563315,4559.95800041753
2023-06-23,Lucknow,Dashehari,4029.8195237799114,33.89624435526077,0.9637520475218508,74.43861299563315,4103.541107954654
2023-06-23,Lucknow,Kesar,4151.420102612872,33.89624435526077,0.9637520475218508,74.43861299563315,4124.669345234341
2023-06-23,Delhi,Alphonso,3751.9595052138493,33.89624435526077,0.9637520475218508,74.43861299563315,5041.027019933327
2023-06-23,Delhi,Dashehari,4297.476058616025,33.89624435526077,0.9637520475218508,74.43861299563315,3994.118784202078
2023-06-23,Delhi,Kesar,3843.30877723516,33.89624435526077,0.9637520475218508,74.43861299563315,4598.000937460464
2023-06-23,Mumbai,Alphonso,3624.506016510554,33.89624435526077,0.9637520475218508,74.43861299563315,5281.12601343316
2023-06-23,Mumbai,Dashehari,3954.4094950822346,33.89624435526077,0.9637520475218508,74.43861299563315,4557.806470975425
2023-06-23,Mumbai,Kesar,4025.315881409795,33.89624435526077,0.9637520475218508,74.43861299563315,4859.975981211384
2023-06-30,Indore,Alphonso,2862.4360521971585,35.73425568661074,2.034687064840182,86.56667970430757,4769.187316495902
2023-06-30,Indore,Dashehari,3751.6629291391123,35.73425568661074,2.034687064840182,86.56667970430757,3487.667594796752
2023-06-30,Indore,Kesar,3731.248231272868,35.73425568661074,2.034687064840182,86.56667970430757,4264.855873198863
2023-06-30,Lucknow,Alphonso,2674.7631203868373,35.73425568661074,2.034687064840182,86.56667970430757,5115.2038979498675
2023-06-30,Lucknow,Dashehari,2564.182327996432,35.73425568661074,2.034687064840182,86.56667970430757,3970.7947105976154
2023-06-30,Lucknow,Kesar,4213.157202088841,35.73425568661074,2.034687064840182,86.56667970430757,4143.07813188459
2023-06-30,Delhi,Alphonso,3091.938670364874,35.73425568661074,2.034687064840182,86.56667970430757,5313.9894423882315
2023-06-30,Delhi,Dashehari,4388.653191393883,35.73425568661074,2.034687064840182,86.56667970430757,3886.506815323167
2023-06-30,Delhi,Kesar,3140.966691472725,35.73425568661074,2.034687064840182,86.56667970430757,5110.330892778394
2023-06-30,Mumbai,Alphonso,4304.5715935435555,35.73425568661074,2.034687064840182,86.56667970430757,5512.72668706106
2023-06-30,Mumbai,Dashehari,3065.8695751178057,35.73425568661074,2.034687064840182,86.56667970430757,5231.562501075596
2023-06-30,Mumbai,Kesar,4199.267612828142,35.73425568661074,2.034687064840182,86.56667970430757,5172.509481759288
2023-07-07,Indore,Alphonso,3632.3405218462312,32.49494870683266,5.844490136115564,78.00808184692949,4756.536420503647
2023-07-07,Indore,Dashehari,3851.7668164549614,32.49494870683266,5.844490136115564,78.00808184692949,3361.9317347531787
2023-07-07,Indore,Kesar,4050.598580007815,32.49494870683266,5.844490136115564,78.00808184692949,3976.4334963732895
2023-07-07,Lucknow,Alphonso,3774.8263183435665,32.49494870683266,5.844490136115564,78.00808184692949,5033.686072940634
2023-07-07,Lucknow,Dashehari,3055.3679001945793,32.49494870683266,5.844490136115564,78.00808184692949,3992.7626293701405
2023-07-07,Lucknow,Kesar,3287.418179456314,32.49494870683266,5.844490136115564,78.00808184692949,4075.227486704409
2023-07-07,Delhi,Alphonso,3638.683991041968,32.49494870683266,5.844490136115564,78.00808184692949,5646.29451646997
2023-07-07,Delhi,Dashehari,2763.9689021976988,32.49494870683266,5.844490136115564,78.00808184692949,4445.852543187839
2023-07-07,Delhi,Kesar,3756.2171740299095,32.49494870683266,5.844490136115564,78.00808184692949,4695.212440545057
2023-07-07,Mumbai,Alphonso,3454.748778993704,32.49494870683266,5.844490136115564,78.00808184692949,5393.4637299332135
2023-07-07,Mumbai,Dashehari,3593.1146971760654,32.49494870683266,5.844490136115564,78.00808184692949,4566.19929421777
2023-07-07,Mumbai,Kesar,2624.0313180085786,32.49494870683266,5.844490136115564,78.00808184692949,5491.878418023256
2023-07-14,Indore,Alphonso,3929.727205086225,34.864428867754114,6.7020404102321,80.55865482439097,4590.718378052254
2023-07-14,Indore,Dashehari,3861.607021904526,34.864428867754114,6.7020404102321,80.55865482439097,3609.052076647612
2023-07-14,Indore,Kesar,4024.793495429579,34.864428867754114,6.7020404102321,80.55865482439097,4090.9667382382786
2023-07-14,Lucknow,Alphonso,3577.6207774423497,34.864428867754114,6.7020404102321,80.55865482439097,4685.105400839931
2023-07-14,Lucknow,Dashehari,3614.7823417206837,34.864428867754114,6.7020404102321,80.55865482439097,3857.2754300889956
2023-07-14,Lucknow,Kesar,3244.6869093886025,34.864428867754114,6.7020404102321,80.55865482439097,4326.876879960869
2023-07-14,Delhi,Alphonso,3073.50602724031,34.864428867754114,6.7020404102321,80.55865482439097,5786.915904387517
2023-07-14,Delhi,Dashehari,4032.5356247953614,34.864428867754114,6.7020404102321,80.55865482439097,4677.497874670522
2023-07-14,Delhi,Kesar,3010.8419921777745,34.864428867754114,6.7020404102321,80.55865482439097,4928.56225313968
2023-07-14,Mumbai,Alphonso,2982.5969499183616,34.864428867754114,6.7020404102321,80.55865482439097,5695.595607866943
2023-07-14,Mumbai,Dashehari,3132.7492066333702,34.864428867754114,6.7020404102321,80.55865482439097,5116.918400713194
2023-07-14,Mumbai,Kesar,3341.508128759296,34.864428867754114,6.7020404102321,80.55865482439097,5448.52495363597
2023-07-21,Indore,Alphonso,4003.69329591472,33.95325102586892,16.114117620502746,72.4107156936665,4692.773071223388
2023-07-21,Indore,Dashehari,3110.648464789186,33.95325102586892,16.114117620502746,72.4107156936665,3928.445784719021
2023-07-21,Indore,Kesar,3634.4579852104916,33.95325102586892,16.114117620502746,72.4107156936665,4011.930343686404
2023-07-21,Lucknow,Alphonso,3170.4258052112,33.95325102586892,16.114117620502746,72.4107156936665,4806.962161617038
2023-07-21,Lucknow,Dashehari,4319.92483831437,33.95325102586892,16.114117620502746,72.4107156936665,3829.614944331666
2023-07-21,Lucknow,Kesar,3812.8520006125837,33.95325102586892,16.114117620502746,72.4107156936665,4178.403259005482
2023-07-21,Delhi,Alphonso,3188.0588215113444,33.95325102586892,16.114117620502746,72.4107156936665,5527.985185608855
2023-07-21,Delhi,Dashehari,2960.169515379387,33.95325102586892,16.114117620502746,72.4107156936665,4399.509516824668
2023-07-21,Delhi,Kesar,3513.6109644288927,33.95325102586892,16.114117620502746,72.4107156936665,4794.675602549916
2023-07-21,Mumbai,Alphonso,3428.3626859935375,33.95325102586892,16.114117620502746,72.4107156936665,5761.220784934336
2023-07-21,Mumbai,Dashehari,3777.1423023271245,33.95325102586892,16.114117620502746,72.4107156936665,4859.427651579705
2023-07-21,Mumbai,Kesar,3105.6784765328694,33.95325102586892,16.114117620502746,72.4107156936665,5196.908464412807
2023-07-28,Indore,Alphonso,3640.5919601408805,34.37185544232577,10.825841147702892,73.12383558361431,4298.793991356873
2023-07-28,Indore,Dashehari,3518.7739608241477,34.37185544232577,10.825841147702892,73.12383558361431,4118.399839135627
2023-07-28,Indore,Kesar,3120.8429130924055,34.37185544232577,10.825841147702892,73.12383558361431,4098.25121652458
2023-07-28,Lucknow,Alphonso,3805.6119126291437,34.37185544232577,10.825841147702892,73.12383558361431,4647.466672058716
2023-07-28,Lucknow,Dashehari,3246.897988045984,34.37185544232577,10.825841147702892,73.12383558361431,4233.098855986136
2023-07-28,Lucknow,Kesar,3246.285660924239,34.37185544232577,10.825841147702892,73.12383558361431,4483.375072405361
2023-07-28,Delhi,Alphonso,3797.674284126014,34.37185544232577,10.825841147702892,73.12383558361431,5402.4780129635965
2023-07-28,Delhi,Dashehari,3606.7273585181606,34.37185544232577,10.825841147702892,73.12383558361431,4399.928154267823
2023-07-28,Delhi,Kesar,3648.024446107582,34.37185544232577,10.825841147702892,73.12383558361431,4831.264806352377
2023-07-28,Mumbai,Alphonso,3683.1222439703142,34.37185544232577,10.825841147702892,73.12383558361431,5657.771320633805
2023-07-28,Mumbai,Dashehari,3426.9724102481837,34.37185544232577,10.825841147702892,73.12383558361431,4715.1336525656625
2023-07-28,Mumbai,Kesar,3485.9969559975057,34.37185544232577,10.825841147702892,73.12383558361431,5136.721481536954
2023-08-04,Indore,Alphonso,3813.149493979429,30.360473465775975,8.568074951910544,81.01495862660919,4557.860928933874
2023-08-04,Indore,Dashehari,3663.2211387347024,30.360473465775975,8.568074951910544,81.01495862660919,3861.594198410702
2023-08-04,Indore,Kesar,3677.909523132638,30.360473465775975,8.568074951910544,81.01495862660919,4011.189063305429
2023-08-04,Lucknow,Alphonso,3559.7453929084754,30.360473465775975,8.568074951910544,81.01495862660919,5046.621522940001
2023-08-04,Lucknow,Dashehari,3502.871386763177,30.360473465775975,8.568074951910544,81.01495862660919,3715.7476122495223
2023-08-04,Lucknow,Kesar,3564.195849589392,30.360473465775975,8.568074951910544,81.01495862660919,4878.530774539103
2023-08-04,Delhi,Alphonso,3355.9842924972068,30.360473465775975,8.568074951910544,81.01495862660919,5286.699390110234
2023-08-04,Delhi,Dashehari,3649.3394238845594,30.360473465775975,8.568074951910544,81.01495862660919,4521.177421958451
2023-08-04,Delhi,Kesar,3977.094066166566,30.360473465775975,8.568074951910544,81.01495862660919,4579.537240400106
2023-08-04,Mumbai,Alphonso,3792.552101029997,30.360473465775975,8.568074951910544,81.01495862660919,5845.4470332135525
2023-08-04,Mumbai,Dashehari,3443.1413852237815,30.360473465775975,8.568074951910544,81.01495862660919,4963.028708259312
2023-08-04,Mumbai,Kesar,3911.782992639343,30.360473465775975,8.568074951910544,81.01495862660919,5374.726270103728
2023-08-11,Indore,Alphonso,3529.149639206206,29.695975668779987,11.034584609334853,79.3744085262754,4712.748224114444
2023-08-11,Indore,Dashehari,3439.9028044806964,29.695975668779987,11.034584609334853,79.3744085262754,4030.144545464004
2023-08-11,Indore,Kesar,3466.5128160603153,29.695975668779987,11.034584609334853,79.3744085262754,4009.3290907914293
2023-08-11,Lucknow,Alphonso,3342.5880576121085,29.695975668779987,11.034584609334853,79.3744085262754,5065.318899446963
2023-08-11,Lucknow,Dashehari,3991.6859137188203,29.695975668779987,11.034584609334853,79.3744085262754,4124.87327961266
2023-08-11,Lucknow,Kesar,3159.7858885011824,29.695975668779987,11.034584609334853,79.3744085262754,5013.392425863244
2023-08-11,Delhi,Alphonso,3605.910124391192,29.695975668779987,11.034584609334853,79.3744085262754,5615.3262112406655
2023-08-11,Delhi,Dashehari,3439.3142265691085,29.695975668779987,11.034584609334853,79.3744085262754,4611.747804055798
2023-08-11,Delhi,Kesar,3835.7874018073617,29.695975668779987,11.034584609334853,79.3744085262754,5063.653016581698
2023-08-11,Mumbai,Alphonso,3922.94732215129,29.695975668779987,11.034584609334853,79.3744085262754,5885.68464281716
2023-08-11,Mumbai,Dashehari,3373.9653075223564,29.695975668779987,11.034584609334853,79.3744085262754,4824.591657885142
2023-08-11,Mumbai,Kesar,3633.043004129679,29.695975668779987,11.034584609334853,79.3744085262754,5448.835013069307
2023-08-18,Indore,Alphonso,3133.471632370632,30.391508920767166,12.166311011716106,86.4946620240301,4691.330104758589
2023-08-18,Indore,Dashehari,3443.8499764378653,30.391508920767166,12.166311011716106,86.4946620240301,3941.478009783872
2023-08-18,Indore,Kesar,3290.17319449318,30.391508920767166,12.166311011716106,86.4946620240301,4557.166032455946
2023-08-18,Lucknow,Alphonso,3669.6267446073807,30.391508920767166,12.166311011716106,86.4946620240301,5052.568379922638
2023-08-18,Lucknow,Dashehari,2925.6361904525893,30.391508920767166,12.166311011716106,86.4946620240301,4042.539364030215
2023-08-18,Lucknow,Kesar,3612.4037001127226,30.391508920767166,12.166311011716106,86.4946620240301,4171.900846540472
2023-08-18,Delhi,Alphonso,3905.0549638576285,30.391508920767166,12.166311011716106,86.4946620240301,5374.6231397872425
2023-08-18,Delhi,Dashehari,4797.237187837893,30.391508920767166,12.166311011716106,86.4946620240301,4757.922956568711
2023-08-18,Delhi,Kesar,3427.420372300993,30.391508920767166,12.166311011716106,86.4946620240301,4969.924397798818
2023-08-18,Mumbai,Alphonso,3898.232605600812,30.391508920767166,12.166311011716106,86.4946620240301,6110.889926045734
2023-08-18,Mumbai,Dashehari,2844.788377025593,30.391508920767166,12.166311011716106,86.4946620240301,4772.391233640184
2023-08-18,Mumbai,Kesar,3251.1860777782476,30.391508920767166,12.166311011716106,86.4946620240301,5525.679996239845
2023-08-25,Indore,Alphonso,2573.5424548124493,30.73202896809087,12.265333425322126,72.56070525200947,5100.0831429829095
2023-08-25,Indore,Dashehari,3168.7214908139063,30.73202896809087,12.265333425322126,72.56070525200947,3575.180545758306
2023-08-25,Indore,Kesar,3558.0254983837526,30.73202896809087,12.265333425322126,72.56070525200947,4411.20526386505
2023-08-25,Lucknow,Alphonso,3451.177147151489,30.73202896809087,12.265333425322126,72.56070525200947,5005.253633694648
2023-08-25,Lucknow,Dashehari,3436.2551071416374,30.73202896809087,12.265333425322126,72.56070525200947,4123.647413177128
2023-08-25,Lucknow,Kesar,2960.781155223933,30.73202896809087,12.265333425322126,72.56070525200947,4547.295099896178
2023-08-25,Delhi,Alphonso,3708.5119620055257,30.73202896809087,12.265333425322126,72.56070525200947,5499.248213981539
2023-08-25,Delhi,Dashehari,3567.223922386728,30.73202896809087,12.265333425322126,72.56070525200947,4387.651196931544
2023-08-25,Delhi,Kesar,3427.398735145733,30.73202896809087,12.265333425322126,72.56070525200947,4600.074749008818
2023-08-25,Mumbai,Alphonso,3571.390665554156,30.73202896809087,12.265333425322126,72.56070525200947,6123.222297301458
2023-08-25,Mumbai,Dashehari,2910.3471471831576,30.73202896809087,12.265333425322126,72.56070525200947,4979.5487620046
2023-08-25,Mumbai,Kesar,3631.6427114840517,30.73202896809087,12.265333425322126,72.56070525200947,5580.694215824581
2023-09-01,Indore,Alphonso,3541.3752517232424,28.532254420652436,5.225656252360703,67.8458176092956,5162.8760505243845
2023-09-01,Indore,Dashehari,3610.9433847858704,28.532254420652436,5.225656252360703,67.8458176092956,3878.769883094169
2023-09-01,Indore,Kesar,3628.832924306794,28.532254420652436,5.225656252360703,67.8458176092956,4277.563421522723
2023-09-01,Lucknow,Alphonso,3174.7942510959483,28.532254420652436,5.225656252360703,67.8458176092956,5309.477328233411
2023-09-01,Lucknow,Dashehari,3590.3046092447016,28.532254420652436,5.225656252360703,67.8458176092956,4189.665464292707
2023-09-01,Lucknow,Kesar,3109.8535890887,28.532254420652436,5.225656252360703,67.8458176092956,4907.607690320985
2023-09-01,Delhi,Alphonso,3765.881098133244,28.532254420652436,5.225656252360703,67.8458176092956,5355.365560218596
2023-09-01,Delhi,Dashehari,3900.729941472775,28.532254420652436,5.225656252360703,67.8458176092956,4441.055768234258
2023-09-01,Delhi,Kesar,3187.198602995585,28.532254420652436,5.225656252360703,67.8458176092956,4922.307598923038
2023-09-01,Mumbai,Alphonso,2791.5725787647634,28.532254420652436,5.225656252360703,67.8458176092956,6115.144472906314
2023-09-01,Mumbai,Dashehari,2767.54204866466,28.532254420652436,5.225656252360703,67.8458176092956,4913.472450221218
2023-09-01,Mumbai,Kesar,2669.7647963685868,28.532254420652436,5.225656252360703,67.8458176092956,5536.699700559989
2023-09-08,Indore,Alphonso,3031.106498625344,28.16505490975339,6.623946388962519,71.42499311875187,4990.774794996758
2023-09-08,Indore,Dashehari,3279.779227316605,28.16505490975339,6.623946388962519,71.42499311875187,4019.3716262704547
2023-09-08,Indore,Kesar,3145.900525550311,28.16505490975339,6.623946388962519,71.42499311875187,4419.116588410677
2023-09-08,Lucknow,Alphonso,4021.3112149264252,28.16505490975339,6.623946388962519,71.42499311875187,5134.461214694881
2023-09-08,Lucknow,Dashehari,3335.034472713408,28.16505490975339,6.623946388962519,71.42499311875187,4298.776998886591
2023-09-08,Lucknow,Kesar,3403.7339301879147,28.16505490975339,6.623946388962519,71.42499311875187,4641.533715122165
2023-09-08,Delhi,Alphonso,3369.7555791405985,28.16505490975339,6.623946388962519,71.42499311875187,5516.651048006259
2023-09-08,Delhi,Dashehari,3584.83734122967,28.16505490975339,6.623946388962519,71.42499311875187,4428.712101964847
2023-09-08,Delhi,Kesar,3093.6484692040085,28.16505490975339,6.623946388962519,71.42499311875187,4845.993005164598
2023-09-08,Mumbai,Alphonso,2859.891558198516,28.16505490975339,6.623946388962519,71.42499311875187,5818.896024235519
2023-09-08,Mumbai,Dashehari,3563.785002721652,28.16505490975339,6.623946388962519,71.42499311875187,4850.604336032501
2023-09-08,Mumbai,Kesar,3705.4457856924387,28.16505490975339,6.623946388962519,71.42499311875187,5392.05562266176
2023-09-15,Indore,Alphonso,3102.4549300660588,24.60358477930827,10.415296787057324,79.47077475959169,4916.095520022822
2023-09-15,Indore,Dashehari,3157.4007050363202,24.60358477930827,10.415296787057324,79.47077475959169,3948.1514706217763
2023-09-15,Indore,Kesar,2994.200637218014,24.60358477930827,10.415296787057324,79.47077475959169,4037.1876535581473
2023-09-15,Lucknow,Alphonso,3346.8731241548126,24.60358477930827,10.415296787057324,79.47077475959169,5074.194557036277
2023-09-15,Lucknow,Dashehari,3340.9281225541586,24.60358477930827,10.415296787057324,79.47077475959169,3984.410367173804
2023-09-15,Lucknow,Kesar,3340.040375147545,24.60358477930827,10.415296787057324,79.47077475959169,4646.168717651588
2023-09-15,Delhi,Alphonso,3482.0427879509853,24.60358477930827,10.415296787057324,79.47077475959169,5504.985413390295
2023-09-15,Delhi,Dashehari,3231.953919818307,24.60358477930827,10.415296787057324,79.47077475959169,4828.060448795228
2023-09-15,Delhi,Kesar,3029.5306653780876,24.60358477930827,10.415296787057324,79.47077475959169,5141.348263421168
2023-09-15,Mumbai,Alphonso,3972.7564371839844,24.60358477930827,10.415296787057324,79.47077475959169,5870.370227715298
2023-09-15,Mumbai,Dashehari,3418.990309174068,24.60358477930827,10.415296787057324,79.47077475959169,4888.391205662945
2023-09-15,Mumbai,Kesar,3914.4350604185024,24.60358477930827,10.415296787057324,79.47077475959169,5038.169132291182
2023-09-22,Indore,Alphonso,3651.9070544163583,25.25890286862746,6.000376179455298,80.23308679360207,4626.385300667451
2023-09-22,Indore,Dashehari,3375.8769178460384,25.25890286862746,6.000376179455298,80.23308679360207,3839.7407958446197
2023-09-22,Indore,Kesar,3216.084403106586,25.25890286862746,6.000376179455298,80.23308679360207,4555.281734975274
2023-09-22,Lucknow,Alphonso,2951.3027482945977,25.25890286862746,6.000376179455298,80.23308679360207,5516.322866333398
2023-09-22,Lucknow,Dashehari,3831.291876073849,25.25890286862746,6.000376179455298,80.23308679360207,4364.699370009612
2023-09-22,Lucknow,Kesar,3314.8241951898967,25.25890286862746,6.000376179455298,80.23308679360207,4634.319122425818
2023-09-22,Delhi,Alphonso,2926.739274190115,25.25890286862746,6.000376179455298,80.23308679360207,5536.724504367994
2023-09-22,Delhi,Dashehari,3697.46193905726,25.25890286862746,6.000376179455298,80.23308679360207,4825.725009084584
2023-09-22,Delhi,Kesar,3057.137273279019,25.25890286862746,6.000376179455298,80.23308679360207,5041.9010291466675
2023-09-22,Mumbai,Alphonso,3439.480311906991,25.25890286862746,6.000376179455298,80.23308679360207,5687.628294456333
2023-09-22,Mumbai,Dashehari,3736.5396967033603,25.25890286862746,6.000376179455298,80.23308679360207,4855.081401873965
2023-09-22,Mumbai,Kesar,3421.8438595291905,25.25890286862746,6.000376179455298,80.23308679360207,5360.694025334846
2023-09-29,Indore,Alphonso,3351.256847088534,24.69197042925553,7.291155551996456,71.46381290384944,4682.565742600278
2023-09-29,Indore,Dashehari,3627.809868313182,24.69197042925553,7.291155551996456,71.46381290384944,4161.560399010915
2023-09-29,Indore,Kesar,3555.9548931356508,24.69197042925553,7.291155551996456,71.46381290384944,4456.144464898263
2023-09-29,Lucknow,Alphonso,2943.911229938615,24.69197042925553,7.291155551996456,71.46381290384944,5215.408104662603
2023-09-29,Lucknow,Dashehari,3061.0526724115734,24.69197042925553,7.291155551996456,71.46381290384944,4000.0790989888515
2023-09-29,Lucknow,Kesar,3204.2514370163854,24.69197042925553,7.291155551996456,71.46381290384944,4854.691688510171
2023-09-29,Delhi,Alphonso,3880.006331467858,24.69197042925553,7.291155551996456,71.46381290384944,5462.254777284254
2023-09-29,Delhi,Dashehari,2886.9197760440275,24.69197042925553,7.291155551996456,71.46381290384944,4661.938990040923
2023-09-29,Delhi,Kesar,3620.6800035606943,24.69197042925553,7.291155551996456,71.46381290384944,4996.789187661899
2023-09-29,Mumbai,Alphonso,2762.4825666077018,24.69197042925553,7.291155551996456,71.46381290384944,5859.410992345713
2023-09-29,Mumbai,Dashehari,3474.368894340513,24.69197042925553,7.291155551996456,71.46381290384944,5088.061029710478
2023-09-29,Mumbai,Kesar,2621.5488715600213,24.69197042925553,7.291155551996456,71.46381290384944,5515.853954511497
2023-10-06,Indore,Alphonso,3733.028527523522,25.26871917902697,10.383955918000822,74.3939647526609,4598.0393101030995
2023-10-06,Indore,Dashehari,2736.799145150677,25.26871917902697,10.383955918000822,74.3939647526609,3950.600393865507
2023-10-06,Indore,Kesar,3900.652730083424,25.26871917902697,10.383955918000822,74.3939647526609,4462.678059803063
2023-10-06,Lucknow,Alphonso,3784.219640919114,25.26871917902697,10.383955918000822,74.3939647526609,5110.0955490025535
2023-10-06,Lucknow,Dashehari,3651.855859354386,25.26871917902697,10.383955918000822,74.3939647526609,4056.5383071629512
2023-10-06,Lucknow,Kesar,3447.975882578552,25.26871917902697,10.383955918000822,74.3939647526609,4893.770592048282
2023-10-06,Delhi,Alphonso,3122.9767976832495,25.26871917902697,10.383955918000822,74.3939647526609,5842.49809500847
2023-10-06,Delhi,Dashehari,3371.1887382031764,25.26871917902697,10.383955918000822,74.3939647526609,4845.737543024224
2023-10-06,Delhi,Kesar,2937.2739962009846,25.26871917902697,10.383955918000822,74.3939647526609,5190.727173157141
2023-10-06,Mumbai,Alphonso,3205.291945620951,25.26871917902697,10.383955918000822,74.3939647526609,5682.273091505556
2023-10-06,Mumbai,Dashehari,3587.4136169643784,25.26871917902697,10.383955918000822,74.3939647526609,5149.9442071573685
2023-10-06,Mumbai,Kesar,3162.0234245626016,25.26871917902697,10.383955918000822,74.3939647526609,5174.986646959901
2023-10-13,Indore,Alphonso,3879.837828545795,24.122727997570383,6.244218071333391,71.9732130780013,4694.8731982088875
2023-10-13,Indore,Dashehari,4242.201325917706,24.122727997570383,6.244218071333391,71.9732130780013,3780.7047553273446
2023-10-13,Indore,Kesar,3361.42939759724,24.122727997570383,6.244218071333391,71.9732130780013,4008.799323770168
2023-10-13,Lucknow,Alphonso,3394.936191873533,24.122727997570383,6.244218071333391,71.9732130780013,5032.300575264939
2023-10-13,Lucknow,Dashehari,3884.1219185125883,24.122727997570383,6.244218071333391,71.9732130780013,4188.043846975947
2023-10-13,Lucknow,Kesar,3028.252351346953,24.122727997570383,6.244218071333391,71.9732130780013,4689.859106287715
2023-10-13,Delhi,Alphonso,3768.6124686916214,24.122727997570383,6.244218071333391,71.9732130780013,5700.634140301497
2023-10-13,Delhi,Dashehari,3855.0015869656236,24.122727997570383,6.244218071333391,71.9732130780013,4646.990852098434
2023-10-13,Delhi,Kesar,3524.0343978460655,24.122727997570383,6.244218071333391,71.9732130780013,5039.508709340108
2023-10-13,Mumbai,Alphonso,3999.8019602824634,24.122727997570383,6.244218071333391,71.9732130780013,5544.074455578999
2023-10-13,Mumbai,Dashehari,3360.224269113218,24.122727997570383,6.244218071333391,71.9732130780013,4860.035996759676
2023-10-13,Mumbai,Kesar,3651.6612474904496,24.122727997570383,6.244218071333391,71.9732130780013,5568.07970704504
2023-10-20,Indore,Alphonso,3865.3894928069626,22.61105835109867,0.0,65.41116397473562,4782.814891845099
2023-10-20,Indore,Dashehari,3671.2744991242303,22.61105835109867,0.0,65.41116397473562,3770.583413839606
2023-10-20,Indore,Kesar,2988.3877055120856,22.61105835109867,0.0,65.41116397473562,4436.654808919602
2023-10-20,Lucknow,Alphonso,3166.2872759861502,22.61105835109867,0.0,65.41116397473562,5505.017320350348
2023-10-20,Lucknow,Dashehari,3728.2028833418062,22.61105835109867,0.0,65.41116397473562,4006.218404558137
2023-10-20,Lucknow,Kesar,3255.445901044549,22.61105835109867,0.0,65.41116397473562,4579.101398640909
2023-10-20,Delhi,Alphonso,3404.1992311913,22.61105835109867,0.0,65.41116397473562,5670.08583600033
2023-10-20,Delhi,Dashehari,3574.5664678976186,22.61105835109867,0.0,65.41116397473562,4406.695940794267
2023-10-20,Delhi,Kesar,4256.176274062313,22.61105835109867,0.0,65.41116397473562,4824.575388361796
2023-10-20,Mumbai,Alphonso,3807.535870387559,22.61105835109867,0.0,65.41116397473562,5686.9743900095555
2023-10-20,Mumbai,Dashehari,3645.2462510978094,22.61105835109867,0.0,65.41116397473562,4981.667091227543
2023-10-20,Mumbai,Kesar,2744.1402831615387,22.61105835109867,0.0,65.41116397473562,5850.615886933211
2023-10-27,Indore,Alphonso,3639.024645521421,24.739106250746282,4.072354429653248,60.1657665643303,4717.9384418291575
2023-10-27,Indore,Dashehari,3642.267579425292,24.739106250746282,4.072354429653248,60.1657665643303,3836.2330591468053
2023-10-27,Indore,Kesar,3702.4963957223704,24.739106250746282,4.072354429653248,60.1657665643303,4451.42296678892
2023-10-27,Lucknow,Alphonso,3727.2412820514583,24.739106250746282,4.072354429653248,60.1657665643303,4797.51587155537
2023-10-27,Lucknow,Dashehari,4045.0251410849805,24.739106250746282,4.072354429653248,60.1657665643303,4324.563388161017
2023-10-27,Lucknow,Kesar,4760.822693804834,24.739106250746282,4.072354429653248,60.1657665643303,4098.180281260425
2023-10-27,Delhi,Alphonso,3597.15280526011,24.739106250746282,4.072354429653248,60.1657665643303,5035.092020607584
2023-10-27,Delhi,Dashehari,3721.2596625516835,24.739106250746282,4.072354429653248,60.1657665643303,4388.854499199099
2023-10-27,Delhi,Kesar,4269.378317929982,24.739106250746282,4.072354429653248,60.1657665643303,4649.438500297681
2023-10-27,Mumbai,Alphonso,2824.3267848130954,24.739106250746282,4.072354429653248,60.1657665643303,5864.150997535612
2023-10-27,Mumbai,Dashehari,2709.804891513145,24.739106250746282,4.072354429653248,60.1657665643303,5204.7903134673725
2023-10-27,Mumbai,Kesar,2673.966781497472,24.739106250746282,4.072354429653248,60.1657665643303,5481.165636071845
2023-11-03,Indore,Alphonso,3644.259156574318,19.043823616749854,3.8521791978030557,72.0890471328013,4440.068907265016
2023-11-03,Indore,Dashehari,3487.5186044243665,19.043823616749854,3.8521791978030557,72.0890471328013,3726.9540925136957
2023-11-03,Indore,Kesar,3689.052138337362,19.043823616749854,3.8521791978030557,72.0890471328013,3841.400514050807
2023-11-03,Lucknow,Alphonso,3737.026909538932,19.043823616749854,3.8521791978030557,72.0890471328013,4392.009066936573
2023-11-03,Lucknow,Dashehari,3248.046179054476,19.043823616749854,3.8521791978030557,72.0890471328013,3978.9268004709975
2023-11-03,Lucknow,Kesar,3753.3307304284954,19.043823616749854,3.8521791978030557,72.0890471328013,4379.938426346789
2023-11-03,Delhi,Alphonso,2937.7747784574854,19.043823616749854,3.8521791978030557,72.0890471328013,5245.36618157267
2023-11-03,Delhi,Dashehari,3579.4720038189625,19.043823616749854,3.8521791978030557,72.0890471328013,4392.927322119048
2023-11-03,Delhi,Kesar,3268.3503561457014,19.043823616749854,3.8521791978030557,72.0890471328013,4776.6112581236985
2023-11-03,Mumbai,Alphonso,3778.4671988637156,19.043823616749854,3.8521791978030557,72.0890471328013,5578.155645430153
2023-11-03,Mumbai,Dashehari,3464.763502388371,19.043823616749854,3.8521791978030557,72.0890471328013,5218.395559766672
2023-11-03,Mumbai,Kesar,2930.526945246431,19.043823616749854,3.8521791978030557,72.0890471328013,4990.637862514284
2023-11-10,Indore,Alphonso,3187.537448747554,22.763416218203695,1.860135858468344,60.492344060571966,4649.090007697191
2023-11-10,Indore,Dashehari,4139.415244838537,22.763416218203695,1.860135858468344,60.492344060571966,3768.899152290228
2023-11-10,Indore,Kesar,3844.889404754791,22.763416218203695,1.860135858468344,60.492344060571966,3822.6098109113645
2023-11-10,Lucknow,Alphonso,3039.5385053788523,22.763416218203695,1.860135858468344,60.492344060571966,4511.459684134333
2023-11-10,Lucknow,Dashehari,3176.247671566898,22.763416218203695,1.860135858468344,60.492344060571966,4270.092766477281
2023-11-10,Lucknow,Kesar,3706.778606299348,22.763416218203695,1.860135858468344,60.492344060571966,4362.518237344639
2023-11-10,Delhi,Alphonso,3491.0798865127786,22.763416218203695,1.860135858468344,60.492344060571966,5217.21699657403
2023-11-10,Delhi,Dashehari,3581.9035529607136,22.763416218203695,1.860135858468344,60.492344060571966,4562.726224583485
2023-11-10,Delhi,Kesar,2853.645285035811,22.763416218203695,1.860135858468344,60.492344060571966,5009.89120631418
2023-11-10,Mumbai,Alphonso,3872.9739483818666,22.763416218203695,1.860135858468344,60.492344060571966,5597.757411087761
2023-11-10,Mumbai,Dashehari,3780.2802448482335,22.763416218203695,1.860135858468344,60.492344060571966,5295.798129742281
2023-11-10,Mumbai,Kesar,3458.2628828052434,22.763416218203695,1.860135858468344,60.492344060571966,5317.918723905917
2023-11-17,Indore,Alphonso,3577.9369361080553,19.986816561303016,4.718244364809057,62.638503601258954,4331.948327761923
2023-11-17,Indore,Dashehari,3582.5447085301803,19.986816561303016,4.718244364809057,62.638503601258954,3877.8593552427105
2023-11-17,Indore,Kesar,3679.4543058058107,19.986816561303016,4.718244364809057,62.638503601258954,4170.378052796854
2023-11-17,Lucknow,Alphonso,3405.1952119949487,19.986816561303016,4.718244364809057,62.638503601258954,4981.569038746145
2023-11-17,Lucknow,Dashehari,3611.7071352866105,19.986816561303016,4.718244364809057,62.638503601258954,3738.2509181136766
2023-11-17,Lucknow,Kesar,3627.4084019195498,19.986816561303016,4.718244364809057,62.638503601258954,4128.0832220441935
2023-11-17,Delhi,Alphonso,3246.847890046083,19.986816561303016,4.718244364809057,62.638503601258954,5309.1686089133
2023-11-17,Delhi,Dashehari,3618.89770935205,19.986816561303016,4.718244364809057,62.638503601258954,4094.0587024117153
2023-11-17,Delhi,Kesar,3921.5943084731507,19.986816561303016,4.718244364809057,62.638503601258954,4756.596288377886
2023-11-17,Mumbai,Alphonso,3218.1086257556462,19.986816561303016,4.718244364809057,62.638503601258954,5403.4973178121
2023-11-17,Mumbai,Dashehari,3442.0381683674273,19.986816561303016,4.718244364809057,62.638503601258954,4659.685395007822
2023-11-17,Mumbai,Kesar,3545.256182821209,19.986816561303016,4.718244364809057,62.638503601258954,5056.015021893148
2023-11-24,Indore,Alphonso,3753.4644099096236,17.674123798871197,1.8439987464134742,57.13019457491828,4269.580103993041
2023-11-24,Indore,Dashehari,4171.469869349026,17.674123798871197,1.8439987464134742,57.13019457491828,3075.9197636066206
2023-11-24,Indore,Kesar,4024.46699912105,17.674123798871197,1.8439987464134742,57.13019457491828,3806.098164606914
2023-11-24,Lucknow,Alphonso,3843.8339489374225,17.674123798871197,1.8439987464134742,57.13019457491828,4693.353795528597
2023-11-24,Lucknow,Dashehari,3955.822214410188,17.674123798871197,1.8439987464134742,57.13019457491828,3689.106486993422
2023-11-24,Lucknow,Kesar,3060.551829928875,17.674123798871197,1.8439987464134742,57.13019457491828,4575.671081528356
2023-11-24,Delhi,Alphonso,3454.6077416471435,17.674123798871197,1.8439987464134742,57.13019457491828,5188.930770962634
2023-11-24,Delhi,Dashehari,3993.9007656179183,17.674123798871197,1.8439987464134742,57.13019457491828,3966.2255578185386
2023-11-24,Delhi,Kesar,3738.196359055703,17.674123798871197,1.8439987464134742,57.13019457491828,4491.823238413415
2023-11-24,Mumbai,Alphonso,3447.132257742251,17.674123798871197,1.8439987464134742,57.13019457491828,5563.406046582329
2023-11-24,Mumbai,Dashehari,2899.9112554212256,17.674123798871197,1.8439987464134742,57.13019457491828,4608.704945523263
2023-11-24,Mumbai,Kesar,4040.429156965256,17.674123798871197,1.8439987464134742,57.13019457491828,5103.116804898279
2023-12-01,Indore,Alphonso,4042.633354331193,20.274210609301957,3.7682718763350898,55.600067546478776,4290.771083132035
2023-12-01,Indore,Dashehari,3592.736836853939,20.274210609301957,3.7682718763350898,55.600067546478776,3714.101346226462
2023-12-01,Indore,Kesar,3189.0514060616374,20.274210609301957,3.7682718763350898,55.600067546478776,4261.061351032946
2023-12-01,Lucknow,Alphonso,2887.815436102649,20.274210609301957,3.7682718763350898,55.600067546478776,5128.037356016425
2023-12-01,Lucknow,Dashehari,3350.92976641921,20.274210609301957,3.7682718763350898,55.600067546478776,3807.655418350591
2023-12-01,Lucknow,Kesar,2743.995931526823,20.274210609301957,3.7682718763350898,55.600067546478776,4278.726234111786
2023-12-01,Delhi,Alphonso,3084.0773875892464,20.274210609301957,3.7682718763350898,55.600067546478776,5089.998278981309
2023-12-01,Delhi,Dashehari,3445.075613684448,20.274210609301957,3.7682718763350898,55.600067546478776,4406.797431056521
2023-12-01,Delhi,Kesar,3583.0413405602503,20.274210609301957,3.7682718763350898,55.600067546478776,4664.9429072259545
2023-12-01,Mumbai,Alphonso,3061.792244461775,20.274210609301957,3.7682718763350898,55.600067546478776,5444.850210782987
2023-12-01,Mumbai,Dashehari,4219.490007340524,20.274210609301957,3.7682718763350898,55.600067546478776,4362.6641633359195
2023-12-01,Mumbai,Kesar,4162.483300822918,20.274210609301957,3.7682718763350898,55.600067546478776,4861.510540967917
2023-12-08,Indore,Alphonso,3455.674975888365,20.15050978802873,6.478587917944748,61.958561662068334,4306.319590799985
2023-12-08,Indore,Dashehari,3477.631820591115,20.15050978802873,6.478587917944748,61.958561662068334,3533.0834634691482
2023-12-08,Indore,Kesar,3856.521474747902,20.15050978802873,6.478587917944748,61.958561662068334,3804.812345258092
2023-12-08,Lucknow,Alphonso,3747.5545192092613,20.15050978802873,6.478587917944748,61.958561662068334,4918.56977444487
2023-12-08,Lucknow,Dashehari,3652.523844905914,20.15050978802873,6.478587917944748,61.958561662068334,3796.868058091563
2023-12-08,Lucknow,Kesar,2892.435669963973,20.15050978802873,6.478587917944748,61.958561662068334,3804.0549908710204
2023-12-08,Delhi,Alphonso,3655.3502916920675,20.15050978802873,6.478587917944748,61.958561662068334,5023.193421958638
2023-12-08,Delhi,Dashehari,3294.0869300341033,20.15050978802873,6.478587917944748,61.958561662068334,4249.124625441171
2023-12-08,Delhi,Kesar,3475.8385083212365,20.15050978802873,6.478587917944748,61.958561662068334,4775.574349710047
2023-12-08,Mumbai,Alphonso,3534.4443473035913,20.15050978802873,6.478587917944748,61.958561662068334,5327.578662266491
2023-12-08,Mumbai,Dashehari,3896.0664955837156,20.15050978802873,6.478587917944748,61.958561662068334,4457.849273398382
2023-12-08,Mumbai,Kesar,3710.614673468923,20.15050978802873,6.478587917944748,61.958561662068334,4844.380267754657
2023-12-15,Indore,Alphonso,3691.930814146733,19.050494505022783,1.9467772237488858,54.32721297847846,4215.416778828964
2023-12-15,Indore,Dashehari,2765.4560864918412,19.050494505022783,1.9467772237488858,54.32721297847846,3452.639166356688
2023-12-15,Indore,Kesar,3817.5273868575264,19.050494505022783,1.9467772237488858,54.32721297847846,3687.6379370730156
2023-12-15,Lucknow,Alphonso,3401.446638994181,19.050494505022783,1.9467772237488858,54.32721297847846,4793.607937015245
2023-12-15,Lucknow,Dashehari,3215.210709096431,19.050494505022783,1.9467772237488858,54.32721297847846,3471.8780540500497
2023-12-15,Lucknow,Kesar,3435.7475521898023,19.050494505022783,1.9467772237488858,54.32721297847846,4022.7346903521925
2023-12-15,Delhi,Alphonso,3113.5014720986983,19.050494505022783,1.9467772237488858,54.32721297847846,5036.3221739315995
2023-12-15,Delhi,Dashehari,3696.6022588987134,19.050494505022783,1.9467772237488858,54.32721297847846,4061.260213287154
2023-12-15,Delhi,Kesar,3622.792429074495,19.050494505022783,1.9467772237488858,54.32721297847846,4802.6313094704965
2023-12-15,Mumbai,Alphonso,3362.8484553769745,19.050494505022783,1.9467772237488858,54.32721297847846,5473.110593239315
2023-12-15,Mumbai,Dashehari,3296.314654960346,19.050494505022783,1.9467772237488858,54.32721297847846,4382.639173498612
2023-12-15,Mumbai,Kesar,3266.036938632892,19.050494505022783,1.9467772237488858,54.32721297847846,4854.2573691433045
2023-12-22,Indore,Alphonso,3333.3498777538152,20.543619140342713,10.439513963997898,49.502322881121806,4214.163520826942
2023-12-22,Indore,Dashehari,3658.3195394838986,20.543619140342713,10.439513963997898,49.502322881121806,3314.4702702274117
2023-12-22,Indore,Kesar,4013.638317579247,20.543619140342713,10.439513963997898,49.502322881121806,3166.3231713220503
2023-12-22,Lucknow,Alphonso,2545.228051921731,20.543619140342713,10.439513963997898,49.502322881121806,4578.129520874914
2023-12-22,Lucknow,Dashehari,3938.9200750174837,20.543619140342713,10.439513963997898,49.502322881121806,3234.706381990498
2023-12-22,Lucknow,Kesar,2296.947064122497,20.543619140342713,10.439513963997898,49.502322881121806,4314.8904627600605
2023-12-22,Delhi,Alphonso,3597.4628894810858,20.543619140342713,10.439513963997898,49.502322881121806,4681.74780785216
2023-12-22,Delhi,Dashehari,3105.784159711628,20.543619140342713,10.439513963997898,49.502322881121806,3891.9336229003175
2023-12-22,Delhi,Kesar,3544.214126989576,20.543619140342713,10.439513963997898,49.502322881121806,4274.833348611587
2023-12-22,Mumbai,Alphonso,3697.625567590208,20.543619140342713,10.439513963997898,49.502322881121806,4746.123239693625
2023-12-22,Mumbai,Dashehari,3157.25925394888,20.543619140342713,10.439513963997898,49.502322881121806,4254.532262507865
2023-12-22,Mumbai,Kesar,3397.4637286510033,20.543619140342713,10.439513963997898,49.502322881121806,4717.136573497247
2023-12-29,Indore,Alphonso,3723.3345692846824,21.281657052398348,0.0,52.302065135610974,4525.883547652972
2023-12-29,Indore,Dashehari,3307.29361156261,21.281657052398348,0.0,52.302065135610974,3424.9769302452464
2023-12-29,Indore,Kesar,2778.454882975054,21.281657052398348,0.0,52.302065135610974,3431.213235831209
2023-12-29,Lucknow,Alphonso,3837.90975031268,21.281657052398348,0.0,52.302065135610974,4470.062623630129
2023-12-29,Lucknow,Dashehari,3971.405075919369,21.281657052398348,0.0,52.302065135610974,3299.8217978630223
2023-12-29,Lucknow,Kesar,3707.960855811501,21.281657052398348,0.0,52.302065135610974,4330.841488794887
2023-12-29,Delhi,Alphonso,3667.8822433429063,21.281657052398348,0.0,52.302065135610974,4951.453098747729
2023-12-29,Delhi,Dashehari,3503.42243232974,21.281657052398348,0.0,52.302065135610974,3748.512531441046
2023-12-29,Delhi,Kesar,4042.2291742841394,21.281657052398348,0.0,52.302065135610974,4224.331605007007
2023-12-29,Mumbai,Alphonso,3701.7933025532066,21.281657052398348,0.0,52.302065135610974,5014.218261900661
2023-12-29,Mumbai,Dashehari,3028.2161341968877,21.281657052398348,0.0,52.302065135610974,4775.124059247626
2023-12-29,Mumbai,Kesar,3361.0790844168628,21.281657052398348,0.0,52.302065135610974,5118.482582035686
2024-01-05,Indore,Alphonso,3453.0365022726887,20.15645603250974,0.0,55.68851627439206,4291.459033366688
2024-01-05,Indore,Dashehari,3699.077776390965,20.15645603250974,0.0,55.68851627439206,2943.646336562614
2024-01-05,Indore,Kesar,3754.7113355231595,20.15645603250974,0.0,55.68851627439206,4006.7137425360393
2024-01-05,Lucknow,Alphonso,3886.188012780716,20.15645603250974,0.0,55.68851627439206,4377.374579501192
2024-01-05,Lucknow,Dashehari,4119.130790157691,20.15645603250974,0.0,55.68851627439206,3483.71839885088
2024-01-05,Lucknow,Kesar,3772.80712148005,20.15645603250974,0.0,55.68851627439206,3711.6438044876572
2024-01-05,Delhi,Alphonso,3782.5326396907712,20.15645603250974,0.0,55.68851627439206,4992.765557153416
2024-01-05,Delhi,Dashehari,3354.568568534922,20.15645603250974,0.0,55.68851627439206,4239.828522830869
2024-01-05,Delhi,Kesar,3652.3110197168817,20.15645603250974,0.0,55.68851627439206,4170.027121716728
2024-01-05,Mumbai,Alphonso,4088.04626014303,20.15645603250974,0.0,55.68851627439206,5099.770328084071
2024-01-05,Mumbai,Dashehari,3992.7993843693753,20.15645603250974,0.0,55.68851627439206,4216.02117434968
2024-01-05,Mumbai,Kesar,3665.0629719629706,20.15645603250974,0.0,55.68851627439206,4816.371119169542
2024-01-12,Indore,Alphonso,4322.689444649216,20.99173386871331,0.0,45.00759794901634,3910.5057281974296
2024-01-12,Indore,Dashehari,3741.432929624321,20.99173386871331,0.0,45.00759794901634,2894.373164157844
2024-01-12,Indore,Kesar,3519.0309222225505,20.99173386871331,0.0,45.00759794901634,3215.0250930433576
2024-01-12,Lucknow,Alphonso,3910.4131632522767,20.99173386871331,0.0,45.00759794901634,4200.7812803465695
2024-01-12,Lucknow,Dashehari,3564.2902943387635,20.99173386871331,0.0,45.00759794901634,3458.5399447253585
2024-01-12,Lucknow,Kesar,4096.513703073985,20.99173386871331,0.0,45.00759794901634,4151.77757548104
2024-01-12,Delhi,Alphonso,3346.1720829076044,20.99173386871331,0.0,45.00759794901634,5018.752027107293
2024-01-12,Delhi,Dashehari,4340.166075138918,20.99173386871331,0.0,45.00759794901634,3590.9078276237565
2024-01-12,Delhi,Kesar,4032.219832567302,20.99173386871331,0.0,45.00759794901634,4104.200859493682
2024-01-12,Mumbai,Alphonso,4025.2008829003853,20.99173386871331,0.0,45.00759794901634,5359.481837727318
2024-01-12,Mumbai,Dashehari,4193.1679437854145,20.99173386871331,0.0,45.00759794901634,4249.153691537213
2024-01-12,Mumbai,Kesar,3778.8017227510327,20.99173386871331,0.0,45.00759794901634,4365.059904455002
2024-01-19,Indore,Alphonso,3784.291091936918,20.617607818220932,3.9471387554207467,42.57196699192784,3953.465054933108
2024-01-19,Indore,Dashehari,3812.4649252686913,20.617607818220932,3.9471387554207467,42.57196699192784,2883.0113519305187
2024-01-19,Indore,Kesar,4036.8874065163254,20.617607818220932,3.9471387554207467,42.57196699192784,3139.4583930324557
2024-01-19,Lucknow,Alphonso,3816.678100721049,20.617607818220932,3.9471387554207467,42.57196699192784,4351.524225851548
2024-01-19,Lucknow,Dashehari,3683.3789263152103,20.617607818220932,3.9471387554207467,42.57196699192784,3061.2840680138124
2024-01-19,Lucknow,Kesar,3954.316847394038,20.617607818220932,3.9471387554207467,42.57196699192784,3831.8842168804667
2024-01-19,Delhi,Alphonso,4127.55811600884,20.617607818220932,3.9471387554207467,42.57196699192784,4485.324204017218
2024-01-19,Delhi,Dashehari,4224.0703582138385,20.617607818220932,3.9471387554207467,42.57196699192784,3337.349256566393
2024-01-19,Delhi,Kesar,4404.2091007176095,20.617607818220932,3.9471387554207467,42.57196699192784,4088.1699264831086
2024-01-19,Mumbai,Alphonso,4042.6034495693075,20.617607818220932,3.9471387554207467,42.57196699192784,5165.307050160501
2024-01-19,Mumbai,Dashehari,3755.328399626381,20.617607818220932,3.9471387554207467,42.57196699192784,4338.973765812515
2024-01-19,Mumbai,Kesar,4268.124305445696,20.617607818220932,3.9471387554207467,42.57196699192784,4383.067417801325
2024-01-26,Indore,Alphonso,4020.8270337063477,21.3633272300995,0.0,56.11744177381572,3778.3668397429174
2024-01-26,Indore,Dashehari,4866.019841523745,21.3633272300995,0.0,56.11744177381572,2756.289309049079
2024-01-26,Indore,Kesar,4811.711915627389,21.3633272300995,0.0,56.11744177381572,3579.1595009850857
2024-01-26,Lucknow,Alphonso,4290.7806739181,21.3633272300995,0.0,56.11744177381572,4289.673866334745
2024-01-26,Lucknow,Dashehari,3990.0217721588097,21.3633272300995,0.0,56.11744177381572,3457.017243520068
2024-01-26,Lucknow,Kesar,4531.26827908946,21.3633272300995,0.0,56.11744177381572,3708.887769409184
2024-01-26,Delhi,Alphonso,4193.269855880595,21.3633272300995,0.0,56.11744177381572,4285.58557999585
2024-01-26,Delhi,Dashehari,4652.799510594555,21.3633272300995,0.0,56.11744177381572,3230.4526895031263
2024-01-26,Delhi,Kesar,4324.558487797739,21.3633272300995,0.0,56.11744177381572,4230.3613770084485
2024-01-26,Mumbai,Alphonso,4528.257779043967,21.3633272300995,0.0,56.11744177381572,5274.9844446907
2024-01-26,Mumbai,Dashehari,4861.542345727463,21.3633272300995,0.0,56.11744177381572,3846.5898367269006
2024-01-26,Mumbai,Kesar,4462.424036635329,21.3633272300995,0.0,56.11744177381572,4427.606115804089
2024-02-02,Indore,Alphonso,3868.4020276869765,19.563902776874638,0.0,47.237452648940526,3836.388184415647
2024-02-02,Indore,Dashehari,4583.261490968135,19.563902776874638,0.0,47.237452648940526,2498.0437545036602
2024-02-02,Indore,Kesar,4844.575374940284,19.563902776874638,0.0,47.237452648940526,3280.9852516691294
2024-02-02,Lucknow,Alphonso,4773.704020375307,19.563902776874638,0.0,47.237452648940526,3906.5527299088376
2024-02-02,Lucknow,Dashehari,4919.467089530093,19.563902776874638,0.0,47.237452648940526,3161.0873138843954
2024-02-02,Lucknow,Kesar,4805.851656717226,19.563902776874638,0.0,47.237452648940526,3310.6682218266496
2024-02-02,Delhi,Alphonso,4793.530535033823,19.563902776874638,0.0,47.237452648940526,4576.502745956505
2024-02-02,Delhi,Dashehari,4444.238605384659,19.563902776874638,0.0,47.237452648940526,3901.8178571886065
2024-02-02,Delhi,Kesar,4472.637855235197,19.563902776874638,0.0,47.237452648940526,3924.9101735728964
2024-02-02,Mumbai,Alphonso,4413.895990426817,19.563902776874638,0.0,47.237452648940526,4869.839197302827
2024-02-02,Mumbai,Dashehari,3986.001551775241,19.563902776874638,0.0,47.237452648940526,3908.3839220074547
2024-02-02,Mumbai,Kesar,4246.041748689924,19.563902776874638,0.0,47.237452648940526,4384.225112970434
2024-02-09,Indore,Alphonso,5713.978150841988,24.046192868856153,0.840165316258469,38.42483374912986,3557.4173668275303
2024-02-09,Indore,Dashehari,4586.5506334736365,24.046192868856153,0.840165316258469,38.42483374912986,2835.486956060446
2024-02-09,Indore,Kesar,4967.626218671913,24.046192868856153,0.840165316258469,38.42483374912986,3018.5775562551057
2024-02-09,Lucknow,Alphonso,4976.316956607667,24.046192868856153,0.840165316258469,38.42483374912986,3827.700980706296
2024-02-09,Lucknow,Dashehari,4735.405492594827,24.046192868856153,0.840165316258469,38.42483374912986,2956.879811564347
2024-02-09,Lucknow,Kesar,4324.081773774975,24.046192868856153,0.840165316258469,38.42483374912986,3580.698890026605
2024-02-09,Delhi,Alphonso,5131.270064277372,24.046192868856153,0.840165316258469,38.42483374912986,4401.833480391152
2024-02-09,Delhi,Dashehari,5225.12039072493,24.046192868856153,0.840165316258469,38.42483374912986,3450.6426121395207
2024-02-09,Delhi,Kesar,4684.060090384075,24.046192868856153,0.840165316258469,38.42483374912986,4040.791723995812
2024-02-09,Mumbai,Alphonso,4354.143273734062,24.046192868856153,0.840165316258469,38.42483374912986,4686.916406542954
2024-02-09,Mumbai,Dashehari,4511.470261101538,24.046192868856153,0.840165316258469,38.42483374912986,4115.128488314131
2024-02-09,Mumbai,Kesar,5274.265695326866,24.046192868856153,0.840165316258469,38.42483374912986,4271.130162176594
2024-02-16,Indore,Alphonso,5041.10602462296,24.844153160633397,0.0,52.48112001236615,3797.7352547950486
2024-02-16,Indore,Dashehari,5045.086102955346,24.844153160633397,0.0,52.48112001236615,2675.29034208212
2024-02-16,Indore,Kesar,5307.539203400622,24.844153160633397,0.0,52.48112001236615,3255.0489540102067
2024-02-16,Lucknow,Alphonso,4823.837718037505,24.844153160633397,0.0,52.48112001236615,3973.4111504377183
2024-02-16,Lucknow,Dashehari,4667.799542519564,24.844153160633397,0.0,52.48112001236615,2662.840659725646
2024-02-16,Lucknow,Kesar,5171.3596485417165,24.844153160633397,0.0,52.48112001236615,3531.4537879162217
2024-02-16,Delhi,Alphonso,5196.002519610915,24.844153160633397,0.0,52.48112001236615,3966.4939978021466
2024-02-16,Delhi,Dashehari,4950.836023945635,24.844153160633397,0.0,52.48112001236615,3062.2424794084877
2024-02-16,Delhi,Kesar,5639.056239037899,24.844153160633397,0.0,52.48112001236615,3542.175612719819
2024-02-16,Mumbai,Alphonso,5593.337239760184,24.844153160633397,0.0,52.48112001236615,4816.15139323421
2024-02-16,Mumbai,Dashehari,4730.9396549618,24.844153160633397,0.0,52.48112001236615,3697.225131406579
2024-02-16,Mumbai,Kesar,5231.323882530761,24.844153160633397,0.0,52.48112001236615,4059.078934979407
2024-02-23,Indore,Alphonso,4369.969520502455,24.12623114829946,0.0,42.493916846204854,3723.7248590540444
2024-02-23,Indore,Dashehari,5037.533629619989,24.12623114829946,0.0,42.493916846204854,2563.203987639317
2024-02-23,Indore,Kesar,5540.502263789754,24.12623114829946,0.0,42.493916846204854,3183.4454103271432
2024-02-23,Lucknow,Alphonso,5153.138839607515,24.12623114829946,0.0,42.493916846204854,3780.64344964233
2024-02-23,Lucknow,Dashehari,5462.213941397793,24.12623114829946,0.0,42.493916846204854,2642.0692960179326
2024-02-23,Lucknow,Kesar,5351.417950051318,24.12623114829946,0.0,42.493916846204854,3405.600451934209
2024-02-23,Delhi,Alphonso,5534.248811519291,24.12623114829946,0.0,42.493916846204854,3824.735935491542
2024-02-23,Delhi,Dashehari,4957.614620228663,24.12623114829946,0.0,42.493916846204854,3219.0581908660756
2024-02-23,Delhi,Kesar,5302.111509915924,24.12623114829946,0.0,42.493916846204854,3801.67016058883
2024-02-23,Mumbai,Alphonso,5860.840891130632,24.12623114829946,0.0,42.493916846204854,4425.471061145691
2024-02-23,Mumbai,Dashehari,5063.127728828554,24.12623114829946,0.0,42.493916846204854,3965.0941802244943
2024-02-23,Mumbai,Kesar,5380.787503564361,24.12623114829946,0.0,42.493916846204854,4329.151729387708
2024-03-01,Indore,Alphonso,4787.011915395086,25.185688425217858,0.0,45.592601033888755,3724.449480950829
2024-03-01,Indore,Dashehari,5883.0555442534605,25.185688425217858,0.0,45.592601033888755,2840.8774829493454
2024-03-01,Indore,Kesar,5744.858947947954,25.185688425217858,0.0,45.592601033888755,3142.1786287910854
2024-03-01,Lucknow,Alphonso,5175.610281957184,25.185688425217858,0.0,45.592601033888755,3627.177597699232
2024-03-01,Lucknow,Dashehari,5747.648547985679,25.185688425217858,0.0,45.592601033888755,2907.5480922310894
2024-03-01,Lucknow,Kesar,5450.594564755014,25.185688425217858,0.0,45.592601033888755,3355.5621403234554
2024-03-01,Delhi,Alphonso,5536.8910080019405,25.185688425217858,0.0,45.592601033888755,4401.388948798711
2024-03-01,Delhi,Dashehari,5925.61104894544,25.185688425217858,0.0,45.592601033888755,3298.2919700765033
2024-03-01,Delhi,Kesar,5745.937964043829,25.185688425217858,0.0,45.592601033888755,3725.20472137399
2024-03-01,Mumbai,Alphonso,5223.14892220481,25.185688425217858,0.0,45.592601033888755,4762.957130952918
2024-03-01,Mumbai,Dashehari,4849.818787474953,25.185688425217858,0.0,45.592601033888755,3983.675393133187
2024-03-01,Mumbai,Kesar,4929.807639112244,25.185688425217858,0.0,45.592601033888755,4231.021512048267
2024-03-08,Indore,Alphonso,4887.5470137172015,24.29750626457429,0.27757699584266415,53.131686034109684,3639.040207132025
2024-03-08,Indore,Dashehari,5294.28108624945,24.29750626457429,0.27757699584266415,53.131686034109684,2748.7085502393
2024-03-08,Indore,Kesar,5525.979672476297,24.29750626457429,0.27757699584266415,53.131686034109684,3019.5721723419083
2024-03-08,Lucknow,Alphonso,5142.421814976449,24.29750626457429,0.27757699584266415,53.131686034109684,3711.3570076651094
2024-03-08,Lucknow,Dashehari,5341.993942542101,24.29750626457429,0.27757699584266415,53.131686034109684,3035.7202728038765
2024-03-08,Lucknow,Kesar,6196.40023210473,24.29750626457429,0.27757699584266415,53.131686034109684,2982.7897789252256
2024-03-08,Delhi,Alphonso,5956.188654845607,24.29750626457429,0.27757699584266415,53.131686034109684,3680.4168429549604
2024-03-08,Delhi,Dashehari,5047.7736365456185,24.29750626457429,0.27757699584266415,53.131686034109684,3161.893359325964
2024-03-08,Delhi,Kesar,4984.445921206246,24.29750626457429,0.27757699584266415,53.131686034109684,3460.826560038906
2024-03-08,Mumbai,Alphonso,5690.648961837654,24.29750626457429,0.27757699584266415,53.131686034109684,4480.223737296003
2024-03-08,Mumbai,Dashehari,5677.211556024578,24.29750626457429,0.27757699584266415,53.131686034109684,3745.459739435243
2024-03-08,Mumbai,Kesar,5631.696194251548,24.29750626457429,0.27757699584266415,53.131686034109684,4147.764792759584
2024-03-15,Indore,Alphonso,5378.303083114044,26.294358840807266,0.0,59.80288139562064,3348.3512194864934
2024-03-15,Indore,Dashehari,5542.780785904735,26.294358840807266,0.0,59.80288139562064,2422.846601288033
2024-03-15,Indore,Kesar,5446.975783430722,26.294358840807266,0.0,59.80288139562064,3066.3271730881524
2024-03-15,Lucknow,Alphonso,5753.284631924946,26.294358840807266,0.0,59.80288139562064,3587.6524625211546
2024-03-15,Lucknow,Dashehari,5418.865787046997,26.294358840807266,0.0,59.80288139562064,3102.837207414442
2024-03-15,Lucknow,Kesar,5812.507983320071,26.294358840807266,0.0,59.80288139562064,3612.1133783093837
2024-03-15,Delhi,Alphonso,6085.999205723106,26.294358840807266,0.0,59.80288139562064,4295.346003534888
2024-03-15,Delhi,Dashehari,5058.8005160441735,26.294358840807266,0.0,59.80288139562064,3511.763878630323
2024-03-15,Delhi,Kesar,5592.70521554773,26.294358840807266,0.0,59.80288139562064,3578.989444788782
2024-03-15,Mumbai,Alphonso,5681.154072439506,26.294358840807266,0.0,59.80288139562064,4732.383451415215
2024-03-15,Mumbai,Dashehari,5814.2805726281795,26.294358840807266,0.0,59.80288139562064,3480.1573209096155
2024-03-15,Mumbai,Kesar,5910.931501663543,26.294358840807266,0.0,59.80288139562064,3906.1196803511475
2024-03-22,Indore,Alphonso,5978.327922056422,27.565811102741684,0.0,54.78384624291874,3218.7359716010683
2024-03-22,Indore,Dashehari,6449.908761750991,27.565811102741684,0.0,54.78384624291874,2093.290797549898
2024-03-22,Indore,Kesar,5432.763658738276,27.565811102741684,0.0,54.78384624291874,3070.810548754709
2024-03-22,Lucknow,Alphonso,5905.5563986143425,27.565811102741684,0.0,54.78384624291874,3700.9840856845967
2024-03-22,Lucknow,Dashehari,5648.874450839601,27.565811102741684,0.0,54.78384624291874,2939.1714813459284
2024-03-22,Lucknow,Kesar,5579.402941057146,27.565811102741684,0.0,54.78384624291874,3528.5499641760825
2024-03-22,Delhi,Alphonso,6007.570377732859,27.565811102741684,0.0,54.78384624291874,4257.815582327186
2024-03-22,Delhi,Dashehari,5285.368042692051,27.565811102741684,0.0,54.78384624291874,3316.4137030604898
2024-03-22,Delhi,Kesar,5551.644352551937,27.565811102741684,0.0,54.78384624291874,3501.7656360546334
2024-03-22,Mumbai,Alphonso,5815.896405618525,27.565811102741684,0.0,54.78384624291874,4438.432277726385
2024-03-22,Mumbai,Dashehari,5933.992263980313,27.565811102741684,0.0,54.78384624291874,3421.3167783006497
2024-03-22,Mumbai,Kesar,6359.446977176946,27.565811102741684,0.0,54.78384624291874,3776.029532699664
2024-03-29,Indore,Alphonso,6039.246940722726,28.40838183873948,1.8319444801462303,54.52145127993675,3170.9864542854234
2024-03-29,Indore,Dashehari,6279.10656302257,28.40838183873948,1.8319444801462303,54.52145127993675,2451.6116375693628
2024-03-29,Indore,Kesar,5459.694920161994,28.40838183873948,1.8319444801462303,54.52145127993675,2942.7061465534916
2024-03-29,Lucknow,Alphonso,6021.827191106634,28.40838183873948,1.8319444801462303,54.52145127993675,3590.1731042873153
2024-03-29,Lucknow,Dashehari,5398.516407580435,28.40838183873948,1.8319444801462303,54.52145127993675,2867.6944102900375
2024-03-29,Lucknow,Kesar,5227.474638241559,28.40838183873948,1.8319444801462303,54.52145127993675,3666.056419765635
2024-03-29,Delhi,Alphonso,5471.701646863657,28.40838183873948,1.8319444801462303,54.52145127993675,4344.088676296603
2024-03-29,Delhi,Dashehari,5782.047516808655,28.40838183873948,1.8319444801462303,54.52145127993675,3061.319269107277
2024-03-29,Delhi,Kesar,5695.8775996644545,28.40838183873948,1.8319444801462303,54.52145127993675,3795.166483555922
2024-03-29,Mumbai,Alphonso,5622.954949315023,28.40838183873948,1.8319444801462303,54.52145127993675,4781.932390596069
2024-03-29,Mumbai,Dashehari,6106.865640462292,28.40838183873948,1.8319444801462303,54.52145127993675,3745.4728097748753
2024-03-29,Mumbai,Kesar,5514.396774440347,28.40838183873948,1.8319444801462303,54.52145127993675,3892.3408912196583
2024-04-05,Indore,Alphonso,4824.222867702885,27.982055761253758,0.0,61.71049878594926,3636.576794195592
2024-04-05,Indore,Dashehari,5756.0871197363385,27.982055761253758,0.0,61.71049878594926,2520.343638982886
2024-04-05,Indore,Kesar,6209.3609652134155,27.982055761253758,0.0,61.71049878594926,2964.6327262989694
2024-04-05,Lucknow,Alphonso,6216.928192839423,27.982055761253758,0.0,61.71049878594926,3648.4773182980884
2024-04-05,Lucknow,Dashehari,6067.842426609835,27.982055761253758,0.0,61.71049878594926,3108.49760089741
2024-04-05,Lucknow,Kesar,6217.528809316129,27.982055761253758,0.0,61.71049878594926,2990.6566141781523
2024-04-05,Delhi,Alphonso,5591.380998590112,27.982055761253758,0.0,61.71049878594926,4137.819059945043
2024-04-05,Delhi,Dashehari,5888.553243637595,27.982055761253758,0.0,61.71049878594926,3370.001342720076
2024-04-05,Delhi,Kesar,5357.294359996769,27.982055761253758,0.0,61.71049878594926,3754.295234377856
2024-04-05,Mumbai,Alphonso,4884.880496744609,27.982055761253758,0.0,61.71049878594926,4986.668898302537
2024-04-05,Mumbai,Dashehari,5487.901733336387,27.982055761253758,0.0,61.71049878594926,3728.630483843686
2024-04-05,Mumbai,Kesar,5568.99154401184,27.982055761253758,0.0,61.71049878594926,4310.26377225251
2024-04-12,Indore,Alphonso,5474.230339174233,25.44163385408421,0.0,60.14654660186874,3784.703249002409
2024-04-12,Indore,Dashehari,5300.753110668598,25.44163385408421,0.0,60.14654660186874,2744.1316838214284
2024-04-12,Indore,Kesar,5798.18600969334,25.44163385408421,0.0,60.14654660186874,3142.7439155509487
2024-04-12,Lucknow,Alphonso,5388.809260299904,25.44163385408421,0.0,60.14654660186874,3657.4238631430976
2024-04-12,Lucknow,Dashehari,6094.112857201866,25.44163385408421,0.0,60.14654660186874,2838.9614530424415
2024-04-12,Lucknow,Kesar,5037.709955540203,25.44163385408421,0.0,60.14654660186874,3255.481237238732
2024-04-12,Delhi,Alphonso,5810.237955750131,25.44163385408421,0.0,60.14654660186874,4264.2986596827195
2024-04-12,Delhi,Dashehari,5383.992632933724,25.44163385408421,0.0,60.14654660186874,2765.6591797442375
2024-04-12,Delhi,Kesar,5864.97416850572,25.44163385408421,0.0,60.14654660186874,3383.9908573184116
2024-04-12,Mumbai,Alphonso,4848.749374961942,25.44163385408421,0.0,60.14654660186874,4176.750377849062
2024-04-12,Mumbai,Dashehari,5981.277238290003,25.44163385408421,0.0,60.14654660186874,3605.8651700200508
2024-04-12,Mumbai,Kesar,5565.422341926006,25.44163385408421,0.0,60.14654660186874,4307.592295625973
2024-04-19,Indore,Alphonso,5573.477900586298,31.41026401627527,6.289858603453947,55.468666745012015,3241.9618975202143
2024-04-19,Indore,Dashehari,5495.545217425697,31.41026401627527,6.289858603453947,55.468666745012015,2602.247334301763
2024-04-19,Indore,Kesar,5837.943605073113,31.41026401627527,6.289858603453947,55.468666745012015,2993.5679768087716
2024-04-19,Lucknow,Alphonso,5836.66100547985,31.41026401627527,6.289858603453947,55.468666745012015,3912.2165700950177
2024-04-19,Lucknow,Dashehari,6449.2696211211405,31.41026401627527,6.289858603453947,55.468666745012015,2718.574397363083
2024-04-19,Lucknow,Kesar,5210.889069901333,31.41026401627527,6.289858603453947,55.468666745012015,3442.531345291104
2024-04-19,Delhi,Alphonso,5266.386139312067,31.41026401627527,6.289858603453947,55.468666745012015,4554.999760358794
2024-04-19,Delhi,Dashehari,5474.010934589791,31.41026401627527,6.289858603453947,55.468666745012015,3249.0706126729096
2024-04-19,Delhi,Kesar,5398.771861707437,31.41026401627527,6.289858603453947,55.468666745012015,3893.7325282339466
2024-04-19,Mumbai,Alphonso,5524.1993568752905,31.41026401627527,6.289858603453947,55.468666745012015,4526.340415255369
2024-04-19,Mumbai,Dashehari,6253.438917217296,31.41026401627527,6.289858603453947,55.468666745012015,3456.466750698162
2024-04-19,Mumbai,Kesar,5601.524579781081,31.41026401627527,6.289858603453947,55.468666745012015,4245.337010045637
2024-04-26,Indore,Alphonso,5817.794736762883,28.713630430469273,2.232655121920629,58.95069611955663,3323.042779890676
2024-04-26,Indore,Dashehari,5765.789237168827,28.713630430469273,2.232655121920629,58.95069611955663,2804.73090389607
2024-04-26,Indore,Kesar,5833.256234682404,28.713630430469273,2.232655121920629,58.95069611955663,3038.773889093436
2024-04-26,Lucknow,Alphonso,5396.1612472574025,28.713630430469273,2.232655121920629,58.95069611955663,3768.4584664068057
2024-04-26,Lucknow,Dashehari,6077.095500756124,28.713630430469273,2.232655121920629,58.95069611955663,2723.7366848871325
2024-04-26,Lucknow,Kesar,5073.855195001283,28.713630430469273,2.232655121920629,58.95069611955663,3549.995487859089
2024-04-26,Delhi,Alphonso,5170.226903154684,28.713630430469273,2.232655121920629,58.95069611955663,4141.870742541664
2024-04-26,Delhi,Dashehari,4911.239919561376,28.713630430469273,2.232655121920629,58.95069611955663,3372.5760580294696
2024-04-26,Delhi,Kesar,5455.595614870685,28.713630430469273,2.232655121920629,58.95069611955663,3805.2723149556136
2024-04-26,Mumbai,Alphonso,5869.204122149075,28.713630430469273,2.232655121920629,58.95069611955663,4681.907898926419
2024-04-26,Mumbai,Dashehari,5412.33273660801,28.713630430469273,2.232655121920629,58.95069611955663,3733.6279003156196
2024-04-26,Mumbai,Kesar,5692.744611995356,28.713630430469273,2.232655121920629,58.95069611955663,4347.891613821388
2024-05-03,Indore,Alphonso,4783.181448036925,31.996203161640885,0.0,61.06700112178936,3919.0665028735066
2024-05-03,Indore,Dashehari,5592.454963257638,31.996203161640885,0.0,61.06700112178936,2857.394163685143
2024-05-03,Indore,Kesar,5309.799775260993,31.996203161640885,0.0,61.06700112178936,3457.5949172658557
2024-05-03,Lucknow,Alphonso,5167.616155967888,31.996203161640885,0.0,61.06700112178936,4201.888177175396
2024-05-03,Lucknow,Dashehari,5345.7663958059975,31.996203161640885,0.0,61.06700112178936,2988.3695336649585
2024-05-03,Lucknow,Kesar,5598.275676728919,31.996203161640885,0.0,61.06700112178936,3526.1555021042323
2024-05-03,Delhi,Alphonso,5504.052657508585,31.996203161640885,0.0,61.06700112178936,4384.011260170889
2024-05-03,Delhi,Dashehari,5346.106321115082,31.996203161640885,0.0,61.06700112178936,3927.7184434682836
2024-05-03,Delhi,Kesar,5834.966211880284,31.996203161640885,0.0,61.06700112178936,3939.92554551126
2024-05-03,Mumbai,Alphonso,5405.9832170831705,31.996203161640885,0.0,61.06700112178936,4968.321939584747
2024-05-03,Mumbai,Dashehari,5568.4614643583955,31.996203161640885,0.0,61.06700112178936,3862.5044144671333
2024-05-03,Mumbai,Kesar,5239.837823695449,31.996203161640885,0.0,61.06700112178936,4302.374693507854
2024-05-10,Indore,Alphonso,5843.957299488516,27.627577410995343,2.237115086264212,65.37911086362517,3556.669307641625
2024-05-10,Indore,Dashehari,4731.3039323613775,27.627577410995343,2.237115086264212,65.37911086362517,2844.4865532353324
2024-05-10,Indore,Kesar,4788.44086615036,27.627577410995343,2.237115086264212,65.37911086362517,3328.3936677246206
2024-05-10,Lucknow,Alphonso,5323.268245911157,27.627577410995343,2.237115086264212,65.37911086362517,4119.322538138922
2024-05-10,Lucknow,Dashehari,4890.536583497536,27.627577410995343,2.237115086264212,65.37911086362517,3130.9245610949515
2024-05-10,Lucknow,Kesar,4660.880582004708,27.627577410995343,2.237115086264212,65.37911086362517,3692.4102447890427
2024-05-10,Delhi,Alphonso,5414.437772351411,27.627577410995343,2.237115086264212,65.37911086362517,4419.74579356515
2024-05-10,Delhi,Dashehari,5207.536912718138,27.627577410995343,2.237115086264212,65.37911086362517,3542.4021648561593
2024-05-10,Delhi,Kesar,5848.6249434988,27.627577410995343,2.237115086264212,65.37911086362517,3701.0302327060954
2024-05-10,Mumbai,Alphonso,5262.347373659396,27.627577410995343,2.237115086264212,65.37911086362517,4562.374427692097
2024-05-10,Mumbai,Dashehari,4859.584915536029,27.627577410995343,2.237115086264212,65.37911086362517,3947.9807967637516
2024-05-10,Mumbai,Kesar,5648.462718856125,27.627577410995343,2.237115086264212,65.37911086362517,4142.245851044056
2024-05-17,Indore,Alphonso,5145.783206923056,32.52786169328674,0.3476284521350246,66.89700514241584,3565.8414456952924
2024-05-17,Indore,Dashehari,5540.170455306219,32.52786169328674,0.3476284521350246,66.89700514241584,2744.582103455177
2024-05-17,Indore,Kesar,5316.556018814784,32.52786169328674,0.3476284521350246,66.89700514241584,3076.0089681560403
2024-05-17,Lucknow,Alphonso,5295.330676858015,32.52786169328674,0.3476284521350246,66.89700514241584,4229.379306645765
2024-05-17,Lucknow,Dashehari,5181.475453441886,32.52786169328674,0.3476284521350246,66.89700514241584,3049.9260835300965
2024-05-17,Lucknow,Kesar,5127.613900478758,32.52786169328674,0.3476284521350246,66.89700514241584,3425.6681837352326
2024-05-17,Delhi,Alphonso,4926.689322601053,32.52786169328674,0.3476284521350246,66.89700514241584,4760.079079177367
2024-05-17,Delhi,Dashehari,5346.4753954678245,32.52786169328674,0.3476284521350246,66.89700514241584,3601.9561575466687
2024-05-17,Delhi,Kesar,4637.871994270391,32.52786169328674,0.3476284521350246,66.89700514241584,4242.977628296283
2024-05-17,Mumbai,Alphonso,5035.547119718738,32.52786169328674,0.3476284521350246,66.89700514241584,4537.533509842749
2024-05-17,Mumbai,Dashehari,5340.846555166135,32.52786169328674,0.3476284521350246,66.89700514241584,3995.874509047149
2024-05-17,Mumbai,Kesar,5508.775123832756,32.52786169328674,0.3476284521350246,66.89700514241584,4172.860583391997
2024-05-24,Indore,Alphonso,4150.304656510256,28.530017621077178,3.6868049120740762,72.71170660334079,3798.249147884476
2024-05-24,Indore,Dashehari,5928.660405040798,28.530017621077178,3.6868049120740762,72.71170660334079,2699.265120857283
2024-05-24,Indore,Kesar,5118.9568981033235,28.530017621077178,3.6868049120740762,72.71170660334079,3182.902893727404
2024-05-24,Lucknow,Alphonso,3990.4521480115745,28.530017621077178,3.6868049120740762,72.71170660334079,4272.506033246965
2024-05-24,Lucknow,Dashehari,4720.331483438395,28.530017621077178,3.6868049120740762,72.71170660334079,3199.7961543330935
2024-05-24,Lucknow,Kesar,4780.71697335028,28.530017621077178,3.6868049120740762,72.71170660334079,3708.473138005476
2024-05-24,Delhi,Alphonso,4766.526527051315,28.530017621077178,3.6868049120740762,72.71170660334079,4335.938019212549
2024-05-24,Delhi,Dashehari,5021.047224177612,28.530017621077178,3.6868049120740762,72.71170660334079,3266.7584880023046
2024-05-24,Delhi,Kesar,4006.430324639157,28.530017621077178,3.6868049120740762,72.71170660334079,4333.328934923546
2024-05-24,Mumbai,Alphonso,5029.38141640698,28.530017621077178,3.6868049120740762,72.71170660334079,4905.81408364573
2024-05-24,Mumbai,Dashehari,4268.393905650808,28.530017621077178,3.6868049120740762,72.71170660334079,4025.699031973833
2024-05-24,Mumbai,Kesar,4721.4746084782355,28.530017621077178,3.6868049120740762,72.71170660334079,4184.30756044289
2024-05-31,Indore,Alphonso,4438.365682451049,32.50869734135707,5.7813116557747595,79.98294137168307,4195.520310397825
2024-05-31,Indore,Dashehari,3840.5155552794827,32.50869734135707,5.7813116557747595,79.98294137168307,3385.666652912258
2024-05-31,Indore,Kesar,4284.560217623477,32.50869734135707,5.7813116557747595,79.98294137168307,3642.3596012973235
2024-05-31,Lucknow,Alphonso,4507.038616218586,32.50869734135707,5.7813116557747595,79.98294137168307,4584.66580030386
2024-05-31,Lucknow,Dashehari,4256.365324178502,32.50869734135707,5.7813116557747595,79.98294137168307,3605.081604671114
2024-05-31,Lucknow,Kesar,4494.336598195856,32.50869734135707,5.7813116557747595,79.98294137168307,3820.7826557451212
2024-05-31,Delhi,Alphonso,4532.598026250786,32.50869734135707,5.7813116557747595,79.98294137168307,4590.169425928033
2024-05-31,Delhi,Dashehari,4600.499997151801,32.50869734135707,5.7813116557747595,79.98294137168307,3818.8915499928626
2024-05-31,Delhi,Kesar,4702.635682877161,32.50869734135707,5.7813116557747595,79.98294137168307,4226.9947327689415
2024-05-31,Mumbai,Alphonso,4925.337403359364,32.50869734135707,5.7813116557747595,79.98294137168307,5237.929047745956
2024-05-31,Mumbai,Dashehari,4185.890254783349,32.50869734135707,5.7813116557747595,79.98294137168307,4461.177033707451
2024-05-31,Mumbai,Kesar,4131.605012670528,32.50869734135707,5.7813116557747595,79.98294137168307,4820.383387046212
2024-06-07,Indore,Alphonso,4182.287489938687,34.773179768425955,0.0,74.79019958664527,4092.7888051286664
2024-06-07,Indore,Dashehari,4910.026867562416,34.773179768425955,0.0,74.79019958664527,3080.7112182700275
2024-06-07,Indore,Kesar,4047.1351636355935,34.773179768425955,0.0,74.79019958664527,3767.319059492508
2024-06-07,Lucknow,Alphonso,4643.92183380218,34.773179768425955,0.0,74.79019958664527,4420.775624179782
2024-06-07,Lucknow,Dashehari,4836.234153550514,34.773179768425955,0.0,74.79019958664527,3607.2317712604413
2024-06-07,Lucknow,Kesar,3498.4014073902413,34.773179768425955,0.0,74.79019958664527,4057.161992984493
2024-06-07,Delhi,Alphonso,4144.949095542133,34.773179768425955,0.0,74.79019958664527,5022.37243416571
2024-06-07,Delhi,Dashehari,3319.7591127331684,34.773179768425955,0.0,74.79019958664527,4643.443407023217
2024-06-07,Delhi,Kesar,4582.096373240497,34.773179768425955,0.0,74.79019958664527,4384.198777267892
2024-06-07,Mumbai,Alphonso,4842.313021850472,34.773179768425955,0.0,74.79019958664527,5632.419685319185
2024-06-07,Mumbai,Dashehari,4717.984593118174,34.773179768425955,0.0,74.79019958664527,4503.727430349618
2024-06-07,Mumbai,Kesar,4421.961945068566,34.773179768425955,0.0,74.79019958664527,4760.750514027605
2024-06-14,Indore,Alphonso,3580.4144721630296,33.257096068563065,1.0544357254975107,72.23406578110975,4335.277771182498
2024-06-14,Indore,Dashehari,3446.769827009668,33.257096068563065,1.0544357254975107,72.23406578110975,3507.3556427792755
2024-06-14,Indore,Kesar,4106.104614683286,33.257096068563065,1.0544357254975107,72.23406578110975,3780.758760361761
2024-06-14,Lucknow,Alphonso,3911.784229892226,33.257096068563065,1.0544357254975107,72.23406578110975,5143.122942547038
2024-06-14,Lucknow,Dashehari,4664.683217972348,33.257096068563065,1.0544357254975107,72.23406578110975,3329.7486080448753
2024-06-14,Lucknow,Kesar,4213.784092870982,33.257096068563065,1.0544357254975107,72.23406578110975,3925.486994849653
2024-06-14,Delhi,Alphonso,3714.8449672172574,33.257096068563065,1.0544357254975107,72.23406578110975,4783.524170393734
2024-06-14,Delhi,Dashehari,4293.523534203924,33.257096068563065,1.0544357254975107,72.23406578110975,3897.926558825918
2024-06-14,Delhi,Kesar,4507.767267510304,33.257096068563065,1.0544357254975107,72.23406578110975,4560.891927758772
2024-06-14,Mumbai,Alphonso,4670.202611984802,33.257096068563065,1.0544357254975107,72.23406578110975,5099.343149244545
2024-06-14,Mumbai,Dashehari,4310.783102177027,33.257096068563065,1.0544357254975107,72.23406578110975,4531.3100378988975
2024-06-14,Mumbai,Kesar,3930.965587858637,33.257096068563065,1.0544357254975107,72.23406578110975,4746.916479149876
2024-06-21,Indore,Alphonso,3533.7688579146647,36.41133179749923,5.837050300199843,80.03828970723191,4249.523631243048
2024-06-21,Indore,Dashehari,3634.8193528489915,36.41133179749923,5.837050300199843,80.03828970723191,3528.4818963986645
2024-06-21,Indore,Kesar,3436.911259918896,36.41133179749923,5.837050300199843,80.03828970723191,3984.657137299212
2024-06-21,Lucknow,Alphonso,3187.1971874184355,36.41133179749923,5.837050300199843,80.03828970723191,4629.7691998617875
2024-06-21,Lucknow,Dashehari,4130.963761956586,36.41133179749923,5.837050300199843,80.03828970723191,3870.1820461395178
2024-06-21,Lucknow,Kesar,3705.848556491089,36.41133179749923,5.837050300199843,80.03828970723191,4054.8229138394354
2024-06-21,Delhi,Alphonso,3451.6378420354313,36.41133179749923,5.837050300199843,80.03828970723191,5116.590133805868
2024-06-21,Delhi,Dashehari,4120.406659303952,36.41133179749923,5.837050300199843,80.03828970723191,4330.484255408949
2024-06-21,Delhi,Kesar,3663.9865684530478,36.41133179749923,5.837050300199843,80.03828970723191,4437.927010642873
2024-06-21,Mumbai,Alphonso,3969.736717792369,36.41133179749923,5.837050300199843,80.03828970723191,5342.284325726403
2024-06-21,Mumbai,Dashehari,3655.298207101355,36.41133179749923,5.837050300199843,80.03828970723191,4885.669248642105
2024-06-21,Mumbai,Kesar,4193.445434072143,36.41133179749923,5.837050300199843,80.03828970723191,4978.688427713959
2024-06-28,Indore,Alphonso,3449.056772796524,32.01409744327504,6.312926978268822,83.18930930331601,4705.459196134814
2024-06-28,Indore,Dashehari,4116.408354910021,32.01409744327504,6.312926978268822,83.18930930331601,3741.6072849426027
2024-06-28,Indore,Kesar,3721.4074897152796,32.01409744327504,6.312926978268822,83.18930930331601,4018.9660368569134
2024-06-28,Lucknow,Alphonso,4164.985154435174,32.01409744327504,6.312926978268822,83.18930930331601,4713.922459914664
2024-06-28,Lucknow,Dashehari,3398.8165959866533,32.01409744327504,6.312926978268822,83.18930930331601,3790.564181187969
2024-06-28,Lucknow,Kesar,3694.732220612234,32.01409744327504,6.312926978268822,83.18930930331601,3985.7360233800596
2024-06-28,Delhi,Alphonso,3542.0066729570613,32.01409744327504,6.312926978268822,83.18930930331601,5342.906159189754
2024-06-28,Delhi,Dashehari,2722.808698636626,32.01409744327504,6.312926978268822,83.18930930331601,4669.190091609
2024-06-28,Delhi,Kesar,4048.259926584002,32.01409744327504,6.312926978268822,83.18930930331601,4471.644461405974
2024-06-28,Mumbai,Alphonso,3816.666570251462,32.01409744327504,6.312926978268822,83.18930930331601,5496.655487238456
2024-06-28,Mumbai,Dashehari,4091.3063864782116,32.01409744327504,6.312926978268822,83.18930930331601,4723.536695173091
2024-06-28,Mumbai,Kesar,3039.281949829535,32.01409744327504,6.312926978268822,83.18930930331601,5241.725362494815
2024-07-05,Indore,Alphonso,4199.254827648334,33.438210181492245,6.303211064997315,75.06625523985085,4578.78053870756
2024-07-05,Indore,Dashehari,3204.091534410813,33.438210181492245,6.303211064997315,75.06625523985085,3430.4688946640076
2024-07-05,Indore,Kesar,3345.730947608861,33.438210181492245,6.303211064997315,75.06625523985085,4123.414185828636
2024-07-05,Lucknow,Alphonso,3596.0823375784894,33.438210181492245,6.303211064997315,75.06625523985085,5025.704367795951
2024-07-05,Lucknow,Dashehari,3815.967888872341,33.438210181492245,6.303211064997315,75.06625523985085,4035.083484740298
2024-07-05,Lucknow,Kesar,3630.742160244175,33.438210181492245,6.303211064997315,75.06625523985085,4043.827919819866
2024-07-05,Delhi,Alphonso,3421.7205875412396,33.438210181492245,6.303211064997315,75.06625523985085,5422.341727527932
2024-07-05,Delhi,Dashehari,3479.3908285901416,33.438210181492245,6.303211064997315,75.06625523985085,4411.701197307844
2024-07-05,Delhi,Kesar,3372.5006739015466,33.438210181492245,6.303211064997315,75.06625523985085,4555.019026061986
2024-07-05,Mumbai,Alphonso,3450.6623743815558,33.438210181492245,6.303211064997315,75.06625523985085,5681.944592458994
2024-07-05,Mumbai,Dashehari,3237.7249122154226,33.438210181492245,6.303211064997315,75.06625523985085,4722.216771828819
2024-07-05,Mumbai,Kesar,3124.214703205607,33.438210181492245,6.303211064997315,75.06625523985085,5386.540718686324
2024-07-12,Indore,Alphonso,3467.5816141113023,33.03193438391751,12.24440208223051,86.98342941036569,4387.408308959108
2024-07-12,Indore,Dashehari,2665.6408489066653,33.03193438391751,12.24440208223051,86.98342941036569,3548.3117454096423
2024-07-12,Indore,Kesar,2950.466070040536,33.03193438391751,12.24440208223051,86.98342941036569,4410.13441169344
2024-07-12,Lucknow,Alphonso,3546.3298348907783,33.03193438391751,12.24440208223051,86.98342941036569,4924.883215413882
2024-07-12,Lucknow,Dashehari,2611.8315964259496,33.03193438391751,12.24440208223051,86.98342941036569,3907.3301267418874
2024-07-12,Lucknow,Kesar,3854.831910578515,33.03193438391751,12.24440208223051,86.98342941036569,4350.843367682397
2024-07-12,Delhi,Alphonso,3441.117888525761,33.03193438391751,12.24440208223051,86.98342941036569,5375.364175971049
2024-07-12,Delhi,Dashehari,4154.319122454326,33.03193438391751,12.24440208223051,86.98342941036569,4205.528685879217
2024-07-12,Delhi,Kesar,3527.7479210632277,33.03193438391751,12.24440208223051,86.98342941036569,4792.766590937918
2024-07-12,Mumbai,Alphonso,4456.843854109597,33.03193438391751,12.24440208223051,86.98342941036569,5112.977750022512
2024-07-12,Mumbai,Dashehari,3773.2892059155233,33.03193438391751,12.24440208223051,86.98342941036569,4693.237309516238
2024-07-12,Mumbai,Kesar,3726.7086904736716,33.03193438391751,12.24440208223051,86.98342941036569,5003.959147353353
2024-07-19,Indore,Alphonso,3823.2144757608285,33.033380851347054,9.690796614156572,95.0,4452.430111567156
2024-07-19,Indore,Dashehari,3330.4961271909187,33.033380851347054,9.690796614156572,95.0,3712.156682446138
2024-07-19,Indore,Kesar,2781.742730947994,33.033380851347054,9.690796614156572,95.0,4233.1305987727
2024-07-19,Lucknow,Alphonso,3793.131632728698,33.033380851347054,9.690796614156572,95.0,4681.135049524608
2024-07-19,Lucknow,Dashehari,3919.393060420237,33.033380851347054,9.690796614156572,95.0,4075.5692417691357
2024-07-19,Lucknow,Kesar,3206.3066712115847,33.033380851347054,9.690796614156572,95.0,4490.649989310698
2024-07-19,Delhi,Alphonso,4139.328723056413,33.033380851347054,9.690796614156572,95.0,5380.2199611304995
2024-07-19,Delhi,Dashehari,3503.513461959259,33.033380851347054,9.690796614156572,95.0,4419.845104643952
2024-07-19,Delhi,Kesar,3530.6436281806637,33.033380851347054,9.690796614156572,95.0,4765.627231347464
2024-07-19,Mumbai,Alphonso,2658.100197712394,33.033380851347054,9.690796614156572,95.0,6282.394513157618
2024-07-19,Mumbai,Dashehari,3562.1299996797607,33.033380851347054,9.690796614156572,95.0,4923.743632629297
2024-07-19,Mumbai,Kesar,3476.8369000492366,33.033380851347054,9.690796614156572,95.0,5135.108858710308
2024-07-26,Indore,Alphonso,3006.1952006310416,32.37270848869329,0.8036612992619903,91.36108608727365,4660.433060726113
2024-07-26,Indore,Dashehari,3323.89631824544,32.37270848869329,0.8036612992619903,91.36108608727365,4120.85442112144
2024-07-26,Indore,Kesar,3505.8035997050615,32.37270848869329,0.8036612992619903,91.36108608727365,4033.7530366997967
2024-07-26,Lucknow,Alphonso,4001.735344302936,32.37270848869329,0.8036612992619903,91.36108608727365,5098.569878779051
2024-07-26,Lucknow,Dashehari,3715.373982886581,32.37270848869329,0.8036612992619903,91.36108608727365,4247.366974423358
2024-07-26,Lucknow,Kesar,4457.74476023298,32.37270848869329,0.8036612992619903,91.36108608727365,4778.2251521967555
2024-07-26,Delhi,Alphonso,3225.313862798682,32.37270848869329,0.8036612992619903,91.36108608727365,5799.044931334436
2024-07-26,Delhi,Dashehari,3653.26727590356,32.37270848869329,0.8036612992619903,91.36108608727365,4619.551265174346
2024-07-26,Delhi,Kesar,2823.0916673426686,32.37270848869329,0.8036612992619903,91.36108608727365,5048.4761900406365
2024-07-26,Mumbai,Alphonso,3174.870563865374,32.37270848869329,0.8036612992619903,91.36108608727365,6064.87601311722
2024-07-26,Mumbai,Dashehari,3928.432200161122,32.37270848869329,0.8036612992619903,91.36108608727365,4506.7767887202535
2024-07-26,Mumbai,Kesar,3491.1860543982916,32.37270848869329,0.8036612992619903,91.36108608727365,5560.823709003465
2024-08-02,Indore,Alphonso,3636.6640927810504,31.834493034959273,10.412735537774584,81.7256584728694,4629.832118778453
2024-08-02,Indore,Dashehari,3013.3676783457163,31.834493034959273,10.412735537774584,81.7256584728694,3688.986742892602
2024-08-02,Indore,Kesar,3783.741005782127,31.834493034959273,10.412735537774584,81.7256584728694,4155.697456483952
2024-08-02,Lucknow,Alphonso,3444.59510215711,31.834493034959273,10.412735537774584,81.7256584728694,4936.941025525032
2024-08-02,Lucknow,Dashehari,3377.924461807699,31.834493034959273,10.412735537774584,81.7256584728694,4313.686071413816
2024-08-02,Lucknow,Kesar,3365.902367252789,31.834493034959273,10.412735537774584,81.7256584728694,4286.0142770315515
2024-08-02,Delhi,Alphonso,3797.4607102160694,31.834493034959273,10.412735537774584,81.7256584728694,5312.847624196794
2024-08-02,Delhi,Dashehari,3512.558346213111,31.834493034959273,10.412735537774584,81.7256584728694,4790.371944364888
2024-08-02,Delhi,Kesar,3491.7757770597973,31.834493034959273,10.412735537774584,81.7256584728694,4956.801772821943
2024-08-02,Mumbai,Alphonso,3028.43060348067,31.834493034959273,10.412735537774584,81.7256584728694,5848.6103414816425
2024-08-02,Mumbai,Dashehari,3743.8104180834407,31.834493034959273,10.412735537774584,81.7256584728694,4579.415204184892
2024-08-02,Mumbai,Kesar,3580.338037246284,31.834493034959273,10.412735537774584,81.7256584728694,5306.9498979030695
2024-08-09,Indore,Alphonso,4091.2287593425776,31.565286826212603,11.875235829198633,81.41939718007485,4450.533336025661
2024-08-09,Indore,Dashehari,3554.369826887339,31.565286826212603,11.875235829198633,81.41939718007485,3841.218078224721
2024-08-09,Indore,Kesar,3072.2982024979683,31.565286826212603,11.875235829198633,81.41939718007485,4484.92004944106
2024-08-09,Lucknow,Alphonso,4429.869322341127,31.565286826212603,11.875235829198633,81.41939718007485,4865.363054085759
2024-08-09,Lucknow,Dashehari,3702.0084353095067,31.565286826212603,11.875235829198633,81.41939718007485,4114.652432805299
2024-08-09,Lucknow,Kesar,3214.5661320371296,31.565286826212603,11.875235829198633,81.41939718007485,4259.441871743205
2024-08-09,Delhi,Alphonso,3217.690606761854,31.565286826212603,11.875235829198633,81.41939718007485,5236.063807725806
2024-08-09,Delhi,Dashehari,4181.640831223647,31.565286826212603,11.875235829198633,81.41939718007485,4392.385530987812
2024-08-09,Delhi,Kesar,3361.632268381132,31.565286826212603,11.875235829198633,81.41939718007485,5120.754505667453
2024-08-09,Mumbai,Alphonso,3051.299558857645,31.565286826212603,11.875235829198633,81.41939718007485,5778.531178079056
2024-08-09,Mumbai,Dashehari,3527.2289076994484,31.565286826212603,11.875235829198633,81.41939718007485,5116.077840584578
2024-08-09,Mumbai,Kesar,3700.674018067515,31.565286826212603,11.875235829198633,81.41939718007485,5344.377827914957
2024-08-16,Indore,Alphonso,3088.011090089226,30.94415551293418,9.48920884451542,80.31926277651385,4863.766374995856
2024-08-16,Indore,Dashehari,3070.524536432899,30.94415551293418,9.48920884451542,80.31926277651385,3973.2145524821763
2024-08-16,Indore,Kesar,3307.7408234047034,30.94415551293418,9.48920884451542,80.31926277651385,4773.009455206017
2024-08-16,Lucknow,Alphonso,3484.0422464993153,30.94415551293418,9.48920884451542,80.31926277651385,4831.423385020987
2024-08-16,Lucknow,Dashehari,3446.32791572923,30.94415551293418,9.48920884451542,80.31926277651385,4284.459660701508
2024-08-16,Lucknow,Kesar,4169.34557846101,30.94415551293418,9.48920884451542,80.31926277651385,4354.730475205998
2024-08-16,Delhi,Alphonso,2867.028810390544,30.94415551293418,9.48920884451542,80.31926277651385,5742.279587505228
2024-08-16,Delhi,Dashehari,2947.7605176401394,30.94415551293418,9.48920884451542,80.31926277651385,4602.209238671377
2024-08-16,Delhi,Kesar,3396.9518057956025,30.94415551293418,9.48920884451542,80.31926277651385,4987.328764680721
2024-08-16,Mumbai,Alphonso,3775.6657828297343,30.94415551293418,9.48920884451542,80.31926277651385,5708.640099597047
2024-08-16,Mumbai,Dashehari,3390.5082991332956,30.94415551293418,9.48920884451542,80.31926277651385,4998.453953943065
2024-08-16,Mumbai,Kesar,3559.839183007515,30.94415551293418,9.48920884451542,80.31926277651385,5388.151949824022
2024-08-23,Indore,Alphonso,3681.4342094036874,30.749185726603375,11.354493206117247,80.63070010824478,4487.18469929025
2024-08-23,Indore,Dashehari,3520.091079666272,30.749185726603375,11.354493206117247,80.63070010824478,3987.3379912976416
2024-08-23,Indore,Kesar,3791.57647782818,30.749185726603375,11.354493206117247,80.63070010824478,4127.536121626125
2024-08-23,Lucknow,Alphonso,3236.384290044542,30.749185726603375,11.354493206117247,80.63070010824478,5048.755733238214
2024-08-23,Lucknow,Dashehari,3714.5655599565375,30.749185726603375,11.354493206117247,80.63070010824478,4352.119816091462
2024-08-23,Lucknow,Kesar,3337.0159570833594,30.749185726603375,11.354493206117247,80.63070010824478,4797.413371175145
2024-08-23,Delhi,Alphonso,3549.3919236658376,30.749185726603375,11.354493206117247,80.63070010824478,5473.38104084819
2024-08-23,Delhi,Dashehari,3415.4463080728124,30.749185726603375,11.354493206117247,80.63070010824478,4754.252737172563
2024-08-23,Delhi,Kesar,3630.231126714828,30.749185726603375,11.354493206117247,80.63070010824478,5390.850001165186
2024-08-23,Mumbai,Alphonso,3159.11014280107,30.749185726603375,11.354493206117247,80.63070010824478,6059.2615076584825
2024-08-23,Mumbai,Dashehari,3288.3195960753947,30.749185726603375,11.354493206117247,80.63070010824478,4886.273842045753
2024-08-23,Mumbai,Kesar,3495.653145186011,30.749185726603375,11.354493206117247,80.63070010824478,5430.148907157064
2024-08-30,Indore,Alphonso,3609.2042869977545,33.695808927201945,7.2613101650066705,72.17522398142198,4507.367109116743
2024-08-30,Indore,Dashehari,3463.2172869582937,33.695808927201945,7.2613101650066705,72.17522398142198,4009.9645266953203
2024-08-30,Indore,Kesar,3817.8401531780846,33.695808927201945,7.2613101650066705,72.17522398142198,4518.499864859641
2024-08-30,Lucknow,Alphonso,3298.572152436913,33.695808927201945,7.2613101650066705,72.17522398142198,5209.605577462653
2024-08-30,Lucknow,Dashehari,3193.5516677557316,33.695808927201945,7.2613101650066705,72.17522398142198,4152.568527473267
2024-08-30,Lucknow,Kesar,3623.957911752254,33.695808927201945,7.2613101650066705,72.17522398142198,4448.90126467189
2024-08-30,Delhi,Alphonso,3334.1492397712545,33.695808927201945,7.2613101650066705,72.17522398142198,5451.180911593996
2024-08-30,Delhi,Dashehari,3719.8732745161037,33.695808927201945,7.2613101650066705,72.17522398142198,4985.139315989753
2024-08-30,Delhi,Kesar,2979.364806878668,33.695808927201945,7.2613101650066705,72.17522398142198,4860.630095374962
2024-08-30,Mumbai,Alphonso,3450.045245859973,33.695808927201945,7.2613101650066705,72.17522398142198,6012.276546552286
2024-08-30,Mumbai,Dashehari,3587.463722702919,33.695808927201945,7.2613101650066705,72.17522398142198,5004.377924705977
2024-08-30,Mumbai,Kesar,3419.744280469827,33.695808927201945,7.2613101650066705,72.17522398142198,5581.056990947424
2024-09-06,Indore,Alphonso,3585.5235175764255,30.06898754429437,0.12407345082981092,74.95425129614172,4732.948376971987
2024-09-06,Indore,Dashehari,4192.46785270692,30.06898754429437,0.12407345082981092,74.95425129614172,3774.5603170372588
2024-09-06,Indore,Kesar,3483.482925197087,30.06898754429437,0.12407345082981092,74.95425129614172,4516.635359861814
2024-09-06,Lucknow,Alphonso,3263.486084479242,30.06898754429437,0.12407345082981092,74.95425129614172,4923.767665154618
2024-09-06,Lucknow,Dashehari,3328.5381892333867,30.06898754429437,0.12407345082981092,74.95425129614172,4529.740734970535
2024-09-06,Lucknow,Kesar,3365.2419492859444,30.06898754429437,0.12407345082981092,74.95425129614172,4585.476583831591
2024-09-06,Delhi,Alphonso,3870.2688838010886,30.06898754429437,0.12407345082981092,74.95425129614172,5487.39042859733
2024-09-06,Delhi,Dashehari,3295.935674539913,30.06898754429437,0.12407345082981092,74.95425129614172,4777.211983687888
2024-09-06,Delhi,Kesar,3808.300083847515,30.06898754429437,0.12407345082981092,74.95425129614172,5486.792729584982
2024-09-06,Mumbai,Alphonso,3830.894443062969,30.06898754429437,0.12407345082981092,74.95425129614172,6162.788503164244
2024-09-06,Mumbai,Dashehari,3297.613520404858,30.06898754429437,0.12407345082981092,74.95425129614172,4965.351616218296
2024-09-06,Mumbai,Kesar,3524.932539847649,30.06898754429437,0.12407345082981092,74.95425129614172,5528.381036539827
2024-09-13,Indore,Alphonso,3644.1573580072322,26.058519801121523,7.117858996067602,77.59748634225988,4877.887508958437
2024-09-13,Indore,Dashehari,3616.3858920549774,26.058519801121523,7.117858996067602,77.59748634225988,3800.8530005520643
2024-09-13,Indore,Kesar,3294.4397493404626,26.058519801121523,7.117858996067602,77.59748634225988,4134.25361327039
2024-09-13,Lucknow,Alphonso,4213.910015674038,26.058519801121523,7.117858996067602,77.59748634225988,4986.981282600716
2024-09-13,Lucknow,Dashehari,3410.0587776820594,26.058519801121523,7.117858996067602,77.59748634225988,4062.070865146357
2024-09-13,Lucknow,Kesar,4674.263160931111,26.058519801121523,7.117858996067602,77.59748634225988,4208.49760502285
2024-09-13,Delhi,Alphonso,3328.4608297575705,26.058519801121523,7.117858996067602,77.59748634225988,5618.791700965699
2024-09-13,Delhi,Dashehari,3740.085186297711,26.058519801121523,7.117858996067602,77.59748634225988,4742.276456195806
2024-09-13,Delhi,Kesar,4223.043403107706,26.058519801121523,7.117858996067602,77.59748634225988,4974.0245852141115
2024-09-13,Mumbai,Alphonso,3077.587680013333,26.058519801121523,7.117858996067602,77.59748634225988,5942.84811486625
2024-09-13,Mumbai,Dashehari,3623.132949005554,26.058519801121523,7.117858996067602,77.59748634225988,5363.180776440619
2024-09-13,Mumbai,Kesar,2940.877808630281,26.058519801121523,7.117858996067602,77.59748634225988,5730.169785177661
2024-09-20,Indore,Alphonso,3163.0269479494696,27.104313663603005,10.975335012560468,73.73934461325491,5005.001088831214
2024-09-20,Indore,Dashehari,3761.7724108422485,27.104313663603005,10.975335012560468,73.73934461325491,4037.040059051423
2024-09-20,Indore,Kesar,3494.6781458485457,27.104313663603005,10.975335012560468,73.73934461325491,4202.178808719567
2024-09-20,Lucknow,Alphonso,2876.4852019904633,27.104313663603005,10.975335012560468,73.73934461325491,5368.908691076687
2024-09-20,Lucknow,Dashehari,3669.5557929775946,27.104313663603005,10.975335012560468,73.73934461325491,4004.8279225183983
2024-09-20,Lucknow,Kesar,3284.57053068135,27.104313663603005,10.975335012560468,73.73934461325491,4563.949557495976
2024-09-20,Delhi,Alphonso,2906.806227207033,27.104313663603005,10.975335012560468,73.73934461325491,5468.780886883688
2024-09-20,Delhi,Dashehari,3046.4678572774583,27.104313663603005,10.975335012560468,73.73934461325491,4616.578402720108
2024-09-20,Delhi,Kesar,3204.521000668175,27.104313663603005,10.975335012560468,73.73934461325491,4769.514173293591
2024-09-20,Mumbai,Alphonso,4309.036092227792,27.104313663603005,10.975335012560468,73.73934461325491,5989.019674154137
2024-09-20,Mumbai,Dashehari,3188.3922313920057,27.104313663603005,10.975335012560468,73.73934461325491,5114.314088916966
2024-09-20,Mumbai,Kesar,3666.986035928518,27.104313663603005,10.975335012560468,73.73934461325491,5593.52680656197
2024-09-27,Indore,Alphonso,2965.655038332555,24.7670854961272,11.730447419954512,70.02425613276316,4979.1897821981
2024-09-27,Indore,Dashehari,4016.303369648971,24.7670854961272,11.730447419954512,70.02425613276316,4225.55211712006
2024-09-27,Indore,Kesar,3020.1098939639146,24.7670854961272,11.730447419954512,70.02425613276316,4464.848870822388
2024-09-27,Lucknow,Alphonso,3336.0795024825866,24.7670854961272,11.730447419954512,70.02425613276316,5223.17336586881
2024-09-27,Lucknow,Dashehari,2911.8041795074996,24.7670854961272,11.730447419954512,70.02425613276316,4031.239796484259
2024-09-27,Lucknow,Kesar,3189.6500707334067,24.7670854961272,11.730447419954512,70.02425613276316,4622.739623909592
2024-09-27,Delhi,Alphonso,3243.5674933846576,24.7670854961272,11.730447419954512,70.02425613276316,5617.450741516528
2024-09-27,Delhi,Dashehari,3910.757847303166,24.7670854961272,11.730447419954512,70.02425613276316,4586.650653330944
2024-09-27,Delhi,Kesar,4147.515055864347,24.7670854961272,11.730447419954512,70.02425613276316,4910.959191667729
2024-09-27,Mumbai,Alphonso,3013.2413158639333,24.7670854961272,11.730447419954512,70.02425613276316,6185.687444002743
2024-09-27,Mumbai,Dashehari,3257.9375057576012,24.7670854961272,11.730447419954512,70.02425613276316,5160.109687328385
2024-09-27,Mumbai,Kesar,4129.493686622042,24.7670854961272,11.730447419954512,70.02425613276316,5321.558086760855
2024-10-04,Indore,Alphonso,3432.3509257428736,22.92586099067493,3.36400505547258,77.77952865473121,4823.587363934687
2024-10-04,Indore,Dashehari,3803.5297664654436,22.92586099067493,3.36400505547258,77.77952865473121,3967.790051489493
2024-10-04,Indore,Kesar,3611.5199249541843,22.92586099067493,3.36400505547258,77.77952865473121,4239.453400967377
2024-10-04,Lucknow,Alphonso,3374.932621707057,22.92586099067493,3.36400505547258,77.77952865473121,5274.021210923987
2024-10-04,Lucknow,Dashehari,3721.4278124271173,22.92586099067493,3.36400505547258,77.77952865473121,4110.916287930731
2024-10-04,Lucknow,Kesar,3932.844925197256,22.92586099067493,3.36400505547258,77.77952865473121,4495.9490670199475
2024-10-04,Delhi,Alphonso,3159.3351302662427,22.92586099067493,3.36400505547258,77.77952865473121,5421.7922450282895
2024-10-04,Delhi,Dashehari,3108.503665476094,22.92586099067493,3.36400505547258,77.77952865473121,4618.522831504454
2024-10-04,Delhi,Kesar,3993.4897113344773,22.92586099067493,3.36400505547258,77.77952865473121,4763.342013653119
2024-10-04,Mumbai,Alphonso,3575.3903044072413,22.92586099067493,3.36400505547258,77.77952865473121,5765.3129572725775
2024-10-04,Mumbai,Dashehari,3395.876383491425,22.92586099067493,3.36400505547258,77.77952865473121,4744.022127093013
2024-10-04,Mumbai,Kesar,3411.784708337385,22.92586099067493,3.36400505547258,77.77952865473121,5378.099078413193
2024-10-11,Indore,Alphonso,3933.679297617417,25.1821392652402,7.5463461376139405,63.48657163569557,4722.04394601074
2024-10-11,Indore,Dashehari,3579.3574068709945,25.1821392652402,7.5463461376139405,63.48657163569557,3846.314515495813
2024-10-11,Indore,Kesar,3292.8970211111123,25.1821392652402,7.5463461376139405,63.48657163569557,4338.734629696687
2024-10-11,Lucknow,Alphonso,3690.235374371433,25.1821392652402,7.5463461376139405,63.48657163569557,4713.568080512859
2024-10-11,Lucknow,Dashehari,3284.495665061562,25.1821392652402,7.5463461376139405,63.48657163569557,4155.151997958189
2024-10-11,Lucknow,Kesar,3602.4682422777114,25.1821392652402,7.5463461376139405,63.48657163569557,4758.603369798811
2024-10-11,Delhi,Alphonso,3191.303674161287,25.1821392652402,7.5463461376139405,63.48657163569557,5428.183878565674
2024-10-11,Delhi,Dashehari,3294.98635574138,25.1821392652402,7.5463461376139405,63.48657163569557,4454.879162089651
2024-10-11,Delhi,Kesar,3361.125401955095,25.1821392652402,7.5463461376139405,63.48657163569557,5125.993499587834
2024-10-11,Mumbai,Alphonso,3078.465801854262,25.1821392652402,7.5463461376139405,63.48657163569557,6015.134419135672
2024-10-11,Mumbai,Dashehari,2819.2391079926656,25.1821392652402,7.5463461376139405,63.48657163569557,4983.74779354364
2024-10-11,Mumbai,Kesar,3368.2042799128058,25.1821392652402,7.5463461376139405,63.48657163569557,5687.449643082144
2024-10-18,Indore,Alphonso,3513.6118345386726,23.19917689139814,0.0,57.73195227956439,4851.265045325934
2024-10-18,Indore,Dashehari,3650.182343050901,23.19917689139814,0.0,57.73195227956439,3846.366218795727
2024-10-18,Indore,Kesar,3964.903839002267,23.19917689139814,0.0,57.73195227956439,4062.4273107476192
2024-10-18,Lucknow,Alphonso,3857.96422241073,23.19917689139814,0.0,57.73195227956439,4685.040182162026
2024-10-18,Lucknow,Dashehari,3138.0208668247733,23.19917689139814,0.0,57.73195227956439,3883.125214384525
2024-10-18,Lucknow,Kesar,3390.061879732083,23.19917689139814,0.0,57.73195227956439,4554.698264040994
2024-10-18,Delhi,Alphonso,3545.640596890608,23.19917689139814,0.0,57.73195227956439,5446.160117580087
2024-10-18,Delhi,Dashehari,3128.9786676753088,23.19917689139814,0.0,57.73195227956439,4575.776909324777
2024-10-18,Delhi,Kesar,2901.0213325577006,23.19917689139814,0.0,57.73195227956439,5296.433797164131
2024-10-18,Mumbai,Alphonso,3378.5495708408,23.19917689139814,0.0,57.73195227956439,5777.0979973215035
2024-10-18,Mumbai,Dashehari,4135.576131377633,23.19917689139814,0.0,57.73195227956439,4605.228341813877
2024-10-18,Mumbai,Kesar,3049.7651543872125,23.19917689139814,0.0,57.73195227956439,5226.959035234672
2024-10-25,Indore,Alphonso,4528.798126997987,22.79832274879932,7.460082882893358,69.63315303090405,4106.809681058924
2024-10-25,Indore,Dashehari,3743.494235649767,22.79832274879932,7.460082882893358,69.63315303090405,3652.77872019474
2024-10-25,Indore,Kesar,3265.4339404444904,22.79832274879932,7.460082882893358,69.63315303090405,4127.554093308993
2024-10-25,Lucknow,Alphonso,3136.4921316768105,22.79832274879932,7.460082882893358,69.63315303090405,5365.537072201494
2024-10-25,Lucknow,Dashehari,3836.918930805561,22.79832274879932,7.460082882893358,69.63315303090405,4040.4210542700257
2024-10-25,Lucknow,Kesar,4040.4063009948004,22.79832274879932,7.460082882893358,69.63315303090405,4127.362837741837
2024-10-25,Delhi,Alphonso,2967.7179474676295,22.79832274879932,7.460082882893358,69.63315303090405,5100.667763335482
2024-10-25,Delhi,Dashehari,3220.234183950685,22.79832274879932,7.460082882893358,69.63315303090405,4576.354767370432
2024-10-25,Delhi,Kesar,3541.1434311729336,22.79832274879932,7.460082882893358,69.63315303090405,4916.366912054349
2024-10-25,Mumbai,Alphonso,2935.577267573567,22.79832274879932,7.460082882893358,69.63315303090405,6043.055131181981
2024-10-25,Mumbai,Dashehari,3595.851007295599,22.79832274879932,7.460082882893358,69.63315303090405,5011.58777502537
2024-10-25,Mumbai,Kesar,2742.895128963979,22.79832274879932,7.460082882893358,69.63315303090405,5489.238417044785
2024-11-01,Indore,Alphonso,3536.4374425023652,20.466608759220062,3.6215477496299124,66.80144095325021,4480.405683159499
2024-11-01,Indore,Dashehari,3502.509262473767,20.466608759220062,3.6215477496299124,66.80144095325021,3464.1135951810684
2024-11-01,Indore,Kesar,3960.1069583593185,20.466608759220062,3.6215477496299124,66.80144095325021,4020.4712431562
2024-11-01,Lucknow,Alphonso,3947.4199777021304,20.466608759220062,3.6215477496299124,66.80144095325021,4764.93031950653
2024-11-01,Lucknow,Dashehari,3290.569604637367,20.466608759220062,3.6215477496299124,66.80144095325021,3940.385468740664
2024-11-01,Lucknow,Kesar,3850.46957267723,20.466608759220062,3.6215477496299124,66.80144095325021,4249.459487769175
2024-11-01,Delhi,Alphonso,3757.8381729660705,20.466608759220062,3.6215477496299124,66.80144095325021,5224.989316455837
2024-11-01,Delhi,Dashehari,2709.614680043352,20.466608759220062,3.6215477496299124,66.80144095325021,4479.854444560835
2024-11-01,Delhi,Kesar,3028.356714254861,20.466608759220062,3.6215477496299124,66.80144095325021,4931.239900867147
2024-11-01,Mumbai,Alphonso,3023.836905730204,20.466608759220062,3.6215477496299124,66.80144095325021,5992.626494267395
2024-11-01,Mumbai,Dashehari,3463.5696558587892,20.466608759220062,3.6215477496299124,66.80144095325021,4814.831802059047
2024-11-01,Mumbai,Kesar,3762.356855115033,20.466608759220062,3.6215477496299124,66.80144095325021,5366.52063338315
2024-11-08,Indore,Alphonso,3225.580097185928,21.63505351962148,1.5713049408112703,53.467214681633834,4541.699458845444
2024-11-08,Indore,Dashehari,3542.8229811969186,21.63505351962148,1.5713049408112703,53.467214681633834,3633.567505515254
2024-11-08,Indore,Kesar,3775.1731888205713,21.63505351962148,1.5713049408112703,53.467214681633834,3943.533917919117
2024-11-08,Lucknow,Alphonso,3477.1835332588234,21.63505351962148,1.5713049408112703,53.467214681633834,5120.626784524396
2024-11-08,Lucknow,Dashehari,3636.7300855819867,21.63505351962148,1.5713049408112703,53.467214681633834,3967.9839078268446
2024-11-08,Lucknow,Kesar,3259.222223225929,21.63505351962148,1.5713049408112703,53.467214681633834,4332.76042914618
2024-11-08,Delhi,Alphonso,3159.7546988192207,21.63505351962148,1.5713049408112703,53.467214681633834,5267.264999107161
2024-11-08,Delhi,Dashehari,3802.266335497726,21.63505351962148,1.5713049408112703,53.467214681633834,4309.054251513345
2024-11-08,Delhi,Kesar,2960.0907722475076,21.63505351962148,1.5713049408112703,53.467214681633834,5218.856214481753
2024-11-08,Mumbai,Alphonso,3627.9860764580653,21.63505351962148,1.5713049408112703,53.467214681633834,5427.114774880722
2024-11-08,Mumbai,Dashehari,3323.2604291036705,21.63505351962148,1.5713049408112703,53.467214681633834,4855.174752405998
2024-11-08,Mumbai,Kesar,4181.8368373189505,21.63505351962148,1.5713049408112703,53.467214681633834,4881.211207531536
2024-11-15,Indore,Alphonso,3388.9945524559066,22.623470214373242,9.675332283123023,57.439804147825136,4371.580781482087
2024-11-15,Indore,Dashehari,3418.615543567878,22.623470214373242,9.675332283123023,57.439804147825136,3646.1984722274824
2024-11-15,Indore,Kesar,3763.859999232948,22.623470214373242,9.675332283123023,57.439804147825136,4186.873690373178
2024-11-15,Lucknow,Alphonso,3200.761574151341,22.623470214373242,9.675332283123023,57.439804147825136,4537.879870543509
2024-11-15,Lucknow,Dashehari,3491.5020882895033,22.623470214373242,9.675332283123023,57.439804147825136,3992.501844953673
2024-11-15,Lucknow,Kesar,3599.7670750740167,22.623470214373242,9.675332283123023,57.439804147825136,4261.376207386477
2024-11-15,Delhi,Alphonso,3549.9008398655737,22.623470214373242,9.675332283123023,57.439804147825136,5501.93337977903
2024-11-15,Delhi,Dashehari,3652.693667585004,22.623470214373242,9.675332283123023,57.439804147825136,4243.444288785572
2024-11-15,Delhi,Kesar,3299.920873161602,22.623470214373242,9.675332283123023,57.439804147825136,4743.576283900349
2024-11-15,Mumbai,Alphonso,4154.695984732256,22.623470214373242,9.675332283123023,57.439804147825136,5487.296060484907
2024-11-15,Mumbai,Dashehari,3492.082262191717,22.623470214373242,9.675332283123023,57.439804147825136,4652.744215488386
2024-11-15,Mumbai,Kesar,3939.593342976786,22.623470214373242,9.675332283123023,57.439804147825136,5411.779369569649
2024-11-22,Indore,Alphonso,2546.277284485702,21.41412391531194,3.8141551245477188,59.0769718855574,4820.376490354472
2024-11-22,Indore,Dashehari,3553.6665663983376,21.41412391531194,3.8141551245477188,59.0769718855574,3682.020833157859
2024-11-22,Indore,Kesar,3215.415122366518,21.41412391531194,3.8141551245477188,59.0769718855574,3996.602285748779
2024-11-22,Lucknow,Alphonso,3335.5900253987306,21.41412391531194,3.8141551245477188,59.0769718855574,5028.065178552007
2024-11-22,Lucknow,Dashehari,3348.4960653587627,21.41412391531194,3.8141551245477188,59.0769718855574,4316.728812205815
2024-11-22,Lucknow,Kesar,3672.344967606015,21.41412391531194,3.8141551245477188,59.0769718855574,4053.9342730223148
2024-11-22,Delhi,Alphonso,3448.5814826992173,21.41412391531194,3.8141551245477188,59.0769718855574,5106.533057116617
2024-11-22,Delhi,Dashehari,2622.2470120719904,21.41412391531194,3.8141551245477188,59.0769718855574,4760.479553038153
2024-11-22,Delhi,Kesar,3781.2570168880015,21.41412391531194,3.8141551245477188,59.0769718855574,4759.930300172667
2024-11-22,Mumbai,Alphonso,3566.1614641198817,21.41412391531194,3.8141551245477188,59.0769718855574,5353.9070200844135
2024-11-22,Mumbai,Dashehari,3306.5531441778253,21.41412391531194,3.8141551245477188,59.0769718855574,4900.920219499744
2024-11-22,Mumbai,Kesar,3079.511988086999,21.41412391531194,3.8141551245477188,59.0769718855574,4734.548611209824
2024-11-29,Indore,Alphonso,3791.4074574058145,20.06702844963238,2.3147141476636865,57.9693020624339,4507.388769170606
2024-11-29,Indore,Dashehari,3603.5079220975686,20.06702844963238,2.3147141476636865,57.9693020624339,3741.637289180081
2024-11-29,Indore,Kesar,2892.4120876746742,20.06702844963238,2.3147141476636865,57.9693020624339,4145.2636161265245
2024-11-29,Lucknow,Alphonso,3750.615345334777,20.06702844963238,2.3147141476636865,57.9693020624339,4476.841091647333
2024-11-29,Lucknow,Dashehari,2898.8517565270445,20.06702844963238,2.3147141476636865,57.9693020624339,3819.010166361559
2024-11-29,Lucknow,Kesar,3235.383422993883,20.06702844963238,2.3147141476636865,57.9693020624339,4428.319552593574
2024-11-29,Delhi,Alphonso,3254.184486523562,20.06702844963238,2.3147141476636865,57.9693020624339,5035.177124437178
2024-11-29,Delhi,Dashehari,3255.346505322176,20.06702844963238,2.3147141476636865,57.9693020624339,4490.464514491801
2024-11-29,Delhi,Kesar,3505.217349750781,20.06702844963238,2.3147141476636865,57.9693020624339,4611.868757782651
2024-11-29,Mumbai,Alphonso,3455.9978005195794,20.06702844963238,2.3147141476636865,57.9693020624339,5785.564321387285
2024-11-29,Mumbai,Dashehari,3200.331309358703,20.06702844963238,2.3147141476636865,57.9693020624339,4935.804921986688
2024-11-29,Mumbai,Kesar,3584.1985195686016,20.06702844963238,2.3147141476636865,57.9693020624339,5001.041843024125
2024-12-06,Indore,Alphonso,3007.0275043344,23.923996030363934,0.0,54.033123807668716,4733.339757156982
2024-12-06,Indore,Dashehari,4175.675573460671,23.923996030363934,0.0,54.033123807668716,3752.1260506705767
2024-12-06,Indore,Kesar,3989.5795012584017,23.923996030363934,0.0,54.033123807668716,3849.4655588108762
2024-12-06,Lucknow,Alphonso,3353.9036090040613,23.923996030363934,0.0,54.033123807668716,4498.648344571
2024-12-06,Lucknow,Dashehari,4314.349414072717,23.923996030363934,0.0,54.033123807668716,3810.9947127742976
2024-12-06,Lucknow,Kesar,3303.217238052207,23.923996030363934,0.0,54.033123807668716,4547.632690408919
2024-12-06,Delhi,Alphonso,3110.8941932959997,23.923996030363934,0.0,54.033123807668716,5316.392564607465
2024-12-06,Delhi,Dashehari,3430.948346283666,23.923996030363934,0.0,54.033123807668716,4400.552736088058
2024-12-06,Delhi,Kesar,3474.5705843255514,23.923996030363934,0.0,54.033123807668716,4416.571827662044
2024-12-06,Mumbai,Alphonso,3530.230549068015,23.923996030363934,0.0,54.033123807668716,5756.515599945986
2024-12-06,Mumbai,Dashehari,3488.3134376584057,23.923996030363934,0.0,54.033123807668716,4814.785856348185
2024-12-06,Mumbai,Kesar,3081.7882057303786,23.923996030363934,0.0,54.033123807668716,5143.712733420622
2024-12-13,Indore,Alphonso,3776.029470534645,19.099716178101843,4.680851367863058,54.602296699124786,4435.340814572088
2024-12-13,Indore,Dashehari,3776.647430048555,19.099716178101843,4.680851367863058,54.602296699124786,3388.6030233240244
2024-12-13,Indore,Kesar,3100.715096595438,19.099716178101843,4.680851367863058,54.602296699124786,3860.6080252526876
2024-12-13,Lucknow,Alphonso,3286.7638391936666,19.099716178101843,4.680851367863058,54.602296699124786,4565.689239298287
2024-12-13,Lucknow,Dashehari,3350.1863396998997,19.099716178101843,4.680851367863058,54.602296699124786,3539.8180979531226
2024-12-13,Lucknow,Kesar,2717.064564346404,19.099716178101843,4.680851367863058,54.602296699124786,4109.9008722785575
2024-12-13,Delhi,Alphonso,3577.3517807696635,19.099716178101843,4.680851367863058,54.602296699124786,4732.643053844421
2024-12-13,Delhi,Dashehari,3506.2728945886497,19.099716178101843,4.680851367863058,54.602296699124786,4430.157437909926
2024-12-13,Delhi,Kesar,3909.222622100896,19.099716178101843,4.680851367863058,54.602296699124786,4711.415642223443
2024-12-13,Mumbai,Alphonso,3656.4511507730904,19.099716178101843,4.680851367863058,54.602296699124786,5571.2288035583115
2024-12-13,Mumbai,Dashehari,3210.414107812885,19.099716178101843,4.680851367863058,54.602296699124786,4425.382455089632
2024-12-13,Mumbai,Kesar,2404.343917545011,19.099716178101843,4.680851367863058,54.602296699124786,5299.96252272942
2024-12-20,Indore,Alphonso,3198.4551545236154,22.311655181339095,0.0,51.97123421777001,4443.008814633928
2024-12-20,Indore,Dashehari,3949.9730181212963,22.311655181339095,0.0,51.97123421777001,3025.1590046218103
2024-12-20,Indore,Kesar,3663.775412256901,22.311655181339095,0.0,51.97123421777001,3740.572610066543
2024-12-20,Lucknow,Alphonso,3545.357756786676,22.311655181339095,0.0,51.97123421777001,4694.307627262001
2024-12-20,Lucknow,Dashehari,3424.7190244908716,22.311655181339095,0.0,51.97123421777001,3714.7580451608333
2024-12-20,Lucknow,Kesar,3414.4499329781443,22.311655181339095,0.0,51.97123421777001,4309.909031568056
2024-12-20,Delhi,Alphonso,3667.5039840509985,22.311655181339095,0.0,51.97123421777001,5029.407422845776
2024-12-20,Delhi,Dashehari,2991.6193115630867,22.311655181339095,0.0,51.97123421777001,4143.217273322508
2024-12-20,Delhi,Kesar,3859.4676641356696,22.311655181339095,0.0,51.97123421777001,4461.934306800116
2024-12-20,Mumbai,Alphonso,3763.8125878356554,22.311655181339095,0.0,51.97123421777001,5690.338961430787
2024-12-20,Mumbai,Dashehari,3915.4424276835266,22.311655181339095,0.0,51.97123421777001,4461.841966985149
2024-12-20,Mumbai,Kesar,3295.604331921709,22.311655181339095,0.0,51.97123421777001,4497.005396146261
2024-12-27,Indore,Alphonso,3438.437909210125,19.81464137604393,0.0,54.15928014543499,4170.121912053424
2024-12-27,Indore,Dashehari,2788.240427797112,19.81464137604393,0.0,54.15928014543499,3275.632560159378
2024-12-27,Indore,Kesar,3690.660416320223,19.81464137604393,0.0,54.15928014543499,3991.2545450761154
2024-12-27,Lucknow,Alphonso,3460.9898465017504,19.81464137604393,0.0,54.15928014543499,4582.737867282897
2024-12-27,Lucknow,Dashehari,3880.9912627811223,19.81464137604393,0.0,54.15928014543499,3402.1707105932232
2024-12-27,Lucknow,Kesar,3646.725617314177,19.81464137604393,0.0,54.15928014543499,3857.01121615353
2024-12-27,Delhi,Alphonso,3845.9297753964047,19.81464137604393,0.0,54.15928014543499,4881.695235469829
2024-12-27,Delhi,Dashehari,3619.380725592576,19.81464137604393,0.0,54.15928014543499,3854.3537682678607
2024-12-27,Delhi,Kesar,3782.812943844314,19.81464137604393,0.0,54.15928014543499,4741.052042339476
2024-12-27,Mumbai,Alphonso,3096.8353218287175,19.81464137604393,0.0,54.15928014543499,5328.123067104147
2024-12-27,Mumbai,Dashehari,3592.6429896672366,19.81464137604393,0.0,54.15928014543499,4541.587426429015
2024-12-27,Mumbai,Kesar,3276.1814858842126,19.81464137604393,0.0,54.15928014543499,4347.051926725019
2025-01-03,Indore,Alphonso,3370.458090400876,22.24988186247498,3.1660746747766835,42.72606945373065,4460.811520495311
2025-01-03,Indore,Dashehari,4192.604174495845,22.24988186247498,3.1660746747766835,42.72606945373065,3299.5075921255084
2025-01-03,Indore,Kesar,3543.0406335287535,22.24988186247498,3.1660746747766835,42.72606945373065,3662.4115608036263
2025-01-03,Lucknow,Alphonso,3561.1152850622475,22.24988186247498,3.1660746747766835,42.72606945373065,4647.303549129735
2025-01-03,Lucknow,Dashehari,3263.1486445146543,22.24988186247498,3.1660746747766835,42.72606945373065,3452.8104455607554
2025-01-03,Lucknow,Kesar,4017.5954418471047,22.24988186247498,3.1660746747766835,42.72606945373065,3854.0688979279907
2025-01-03,Delhi,Alphonso,4164.872549294221,22.24988186247498,3.1660746747766835,42.72606945373065,4614.671883323092
2025-01-03,Delhi,Dashehari,3591.5742629771685,22.24988186247498,3.1660746747766835,42.72606945373065,3772.7034348447487
2025-01-03,Delhi,Kesar,3616.430679682125,22.24988186247498,3.1660746747766835,42.72606945373065,4068.1251684499825
2025-01-03,Mumbai,Alphonso,3418.432238730713,22.24988186247498,3.1660746747766835,42.72606945373065,5011.37764079396
2025-01-03,Mumbai,Dashehari,3891.0549003892015,22.24988186247498,3.1660746747766835,42.72606945373065,4413.817338539231
2025-01-03,Mumbai,Kesar,2921.38051491896,22.24988186247498,3.1660746747766835,42.72606945373065,5099.47208095724
2025-01-10,Indore,Alphonso,5006.321767543658,24.211329451804332,0.0,47.56285040227757,3662.774362585509
2025-01-10,Indore,Dashehari,3884.632117890079,24.211329451804332,0.0,47.56285040227757,3234.424838291352
2025-01-10,Indore,Kesar,4414.648579323406,24.211329451804332,0.0,47.56285040227757,3571.442881682429
2025-01-10,Lucknow,Alphonso,3677.135972827059,24.211329451804332,0.0,47.56285040227757,4268.228948659117
2025-01-10,Lucknow,Dashehari,3739.8608030439855,24.211329451804332,0.0,47.56285040227757,3346.904740919777
2025-01-10,Lucknow,Kesar,3895.719659056313,24.211329451804332,0.0,47.56285040227757,3798.5417594327955
2025-01-10,Delhi,Alphonso,3278.9744138265396,24.211329451804332,0.0,47.56285040227757,5137.037457856526
2025-01-10,Delhi,Dashehari,3677.520521770824,24.211329451804332,0.0,47.56285040227757,3711.1082916235155
2025-01-10,Delhi,Kesar,3809.285877347423,24.211329451804332,0.0,47.56285040227757,4327.962034389462
2025-01-10,Mumbai,Alphonso,3178.0028409108263,24.211329451804332,0.0,47.56285040227757,5388.982679156508
2025-01-10,Mumbai,Dashehari,3457.726503666334,24.211329451804332,0.0,47.56285040227757,4686.9210254322215
2025-01-10,Mumbai,Kesar,4086.1737359731337,24.211329451804332,0.0,47.56285040227757,4593.833339742979
2025-01-17,Indore,Alphonso,4124.041758126859,19.696205912989992,0.0,53.36610215647845,3888.4610026270075
2025-01-17,Indore,Dashehari,4157.587525888097,19.696205912989992,0.0,53.36610215647845,2912.8167420919667
2025-01-17,Indore,Kesar,3996.957038823724,19.696205912989992,0.0,53.36610215647845,3074.982198383305
2025-01-17,Lucknow,Alphonso,4523.729901901886,19.696205912989992,0.0,53.36610215647845,4209.389322490055
2025-01-17,Lucknow,Dashehari,3824.857071947567,19.696205912989992,0.0,53.36610215647845,3723.175128067857
2025-01-17,Lucknow,Kesar,4169.046001717894,19.696205912989992,0.0,53.36610215647845,3532.9429811097198
2025-01-17,Delhi,Alphonso,4476.9343781491225,19.696205912989992,0.0,53.36610215647845,4635.677595279301
2025-01-17,Delhi,Dashehari,4292.071403754627,19.696205912989992,0.0,53.36610215647845,3620.668242861357
2025-01-17,Delhi,Kesar,4314.437699072153,19.696205912989992,0.0,53.36610215647845,4046.161826301692
2025-01-17,Mumbai,Alphonso,4356.615990219276,19.696205912989992,0.0,53.36610215647845,4642.796224413092
2025-01-17,Mumbai,Dashehari,3960.690024369263,19.696205912989992,0.0,53.36610215647845,4466.940817593484
2025-01-17,Mumbai,Kesar,3827.4124274008186,19.696205912989992,0.0,53.36610215647845,4472.251973893555
2025-01-24,Indore,Alphonso,4290.469208575057,20.580357167634812,0.0,39.007336371537846,3840.1848985347474
2025-01-24,Indore,Dashehari,4361.70174056904,20.580357167634812,0.0,39.007336371537846,2876.8302052905124
2025-01-24,Indore,Kesar,4399.920116324657,20.580357167634812,0.0,39.007336371537846,3480.1405036842584
2025-01-24,Lucknow,Alphonso,4306.5252936128145,20.580357167634812,0.0,39.007336371537846,4009.505243017544
2025-01-24,Lucknow,Dashehari,4270.253574029267,20.580357167634812,0.0,39.007336371537846,3323.651433174511
2025-01-24,Lucknow,Kesar,4947.514519401801,20.580357167634812,0.0,39.007336371537846,3384.396173200783
2025-01-24,Delhi,Alphonso,4422.277282796055,20.580357167634812,0.0,39.007336371537846,4552.909088388742
2025-01-24,Delhi,Dashehari,3985.6725652929726,20.580357167634812,0.0,39.007336371537846,3674.2686880891492
2025-01-24,Delhi,Kesar,3796.4342250476634,20.580357167634812,0.0,39.007336371537846,3786.2274445618887
2025-01-24,Mumbai,Alphonso,4529.402331141405,20.580357167634812,0.0,39.007336371537846,4803.624786698566
2025-01-24,Mumbai,Dashehari,4463.6159310329895,20.580357167634812,0.0,39.007336371537846,3981.3426962961184
2025-01-24,Mumbai,Kesar,3992.1437485189826,20.580357167634812,0.0,39.007336371537846,4461.2830106565625
2025-01-31,Indore,Alphonso,4540.070055075094,19.924231240750824,4.120384192859146,43.232015434680555,3500.3382670382666
2025-01-31,Indore,Dashehari,4846.552632806845,19.924231240750824,4.120384192859146,43.232015434680555,2673.1226420643857
2025-01-31,Indore,Kesar,4410.917475614043,19.924231240750824,4.120384192859146,43.232015434680555,3364.7708952990406
2025-01-31,Lucknow,Alphonso,4630.156400133547,19.924231240750824,4.120384192859146,43.232015434680555,4064.7276110447237
2025-01-31,Lucknow,Dashehari,4225.853788855541,19.924231240750824,4.120384192859146,43.232015434680555,2891.6390308993396
2025-01-31,Lucknow,Kesar,4661.26734827858,19.924231240750824,4.120384192859146,43.232015434680555,3408.739296121092
2025-01-31,Delhi,Alphonso,4868.958032444105,19.924231240750824,4.120384192859146,43.232015434680555,4314.363795481089
2025-01-31,Delhi,Dashehari,4700.414299156379,19.924231240750824,4.120384192859146,43.232015434680555,3166.8763335627164
2025-01-31,Delhi,Kesar,5373.75893930823,19.924231240750824,4.120384192859146,43.232015434680555,3708.3195964190413
2025-01-31,Mumbai,Alphonso,4897.418951598206,19.924231240750824,4.120384192859146,43.232015434680555,4573.1278508730775
2025-01-31,Mumbai,Dashehari,4741.588124349463,19.924231240750824,4.120384192859146,43.232015434680555,3617.1618429829305
2025-01-31,Mumbai,Kesar,4799.211298766395,19.924231240750824,4.120384192859146,43.232015434680555,4177.226393832886
2025-02-07,Indore,Alphonso,4564.070607520674,22.41494143114388,1.1051864281985035,44.029361634533466,3789.3755198242134
2025-02-07,Indore,Dashehari,5677.155889584491,22.41494143114388,1.1051864281985035,44.029361634533466,2581.846978218042
2025-02-07,Indore,Kesar,5074.321746935365,22.41494143114388,1.1051864281985035,44.029361634533466,3095.957079559425
2025-02-07,Lucknow,Alphonso,5614.765537668312,22.41494143114388,1.1051864281985035,44.029361634533466,3503.4321617482756
2025-02-07,Lucknow,Dashehari,4875.715717633536,22.41494143114388,1.1051864281985035,44.029361634533466,2758.3631033671095
2025-02-07,Lucknow,Kesar,3835.2386715511057,22.41494143114388,1.1051864281985035,44.029361634533466,3691.790067264325
2025-02-07,Delhi,Alphonso,4893.666418224776,22.41494143114388,1.1051864281985035,44.029361634533466,4296.459254508261
2025-02-07,Delhi,Dashehari,4795.389663749891,22.41494143114388,1.1051864281985035,44.029361634533466,4023.113617240163
2025-02-07,Delhi,Kesar,4734.597244553219,22.41494143114388,1.1051864281985035,44.029361634533466,3968.1847395877517
2025-02-07,Mumbai,Alphonso,4578.12137192024,22.41494143114388,1.1051864281985035,44.029361634533466,4857.6698751439835
2025-02-07,Mumbai,Dashehari,4742.5738297435455,22.41494143114388,1.1051864281985035,44.029361634533466,3801.033242337128
2025-02-07,Mumbai,Kesar,5565.426712645922,22.41494143114388,1.1051864281985035,44.029361634533466,4338.706343679233
2025-02-14,Indore,Alphonso,6119.185487006257,23.240586439528677,0.0,48.78167250037468,3378.6446083526457
2025-02-14,Indore,Dashehari,5479.261490065687,23.240586439528677,0.0,48.78167250037468,2894.8996601485637
2025-02-14,Indore,Kesar,5125.560027586614,23.240586439528677,0.0,48.78167250037468,2947.488397307062
2025-02-14,Lucknow,Alphonso,4063.8495285310682,23.240586439528677,0.0,48.78167250037468,4213.2735584229395
2025-02-14,Lucknow,Dashehari,4712.072060114804,23.240586439528677,0.0,48.78167250037468,3105.151206528039
2025-02-14,Lucknow,Kesar,4538.046325408478,23.240586439528677,0.0,48.78167250037468,3457.0260001507568
2025-02-14,Delhi,Alphonso,5051.462083204645,23.240586439528677,0.0,48.78167250037468,4360.700765620057
2025-02-14,Delhi,Dashehari,4592.0455863032585,23.240586439528677,0.0,48.78167250037468,3710.4928612513763
2025-02-14,Delhi,Kesar,4799.216547351435,23.240586439528677,0.0,48.78167250037468,3556.3536146040774
2025-02-14,Mumbai,Alphonso,4994.365093258838,23.240586439528677,0.0,48.78167250037468,4728.818934847091
2025-02-14,Mumbai,Dashehari,5102.210234512928,23.240586439528677,0.0,48.78167250037468,4048.403086459907
2025-02-14,Mumbai,Kesar,4943.3949265498795,23.240586439528677,0.0,48.78167250037468,4210.274476843562
2025-02-21,Indore,Alphonso,5047.796458399114,22.102417970177918,1.3152637374221197,52.11166306823688,3207.7754339023313
2025-02-21,Indore,Dashehari,5793.572427338814,22.102417970177918,1.3152637374221197,52.11166306823688,2295.394810714879
2025-02-21,Indore,Kesar,4979.296345568897,22.102417970177918,1.3152637374221197,52.11166306823688,3127.448911029235
2025-02-21,Lucknow,Alphonso,4737.184377870104,22.102417970177918,1.3152637374221197,52.11166306823688,3637.695293135772
2025-02-21,Lucknow,Dashehari,4366.228516236513,22.102417970177918,1.3152637374221197,52.11166306823688,3203.0785598383977
2025-02-21,Lucknow,Kesar,4997.73305142625,22.102417970177918,1.3152637374221197,52.11166306823688,3886.53690862643
2025-02-21,Delhi,Alphonso,4818.06552306443,22.102417970177918,1.3152637374221197,52.11166306823688,4126.107262869153
2025-02-21,Delhi,Dashehari,4989.650361202618,22.102417970177918,1.3152637374221197,52.11166306823688,3404.8474141464126
2025-02-21,Delhi,Kesar,5027.7262138026545,22.102417970177918,1.3152637374221197,52.11166306823688,3864.4493212739294
2025-02-21,Mumbai,Alphonso,4824.372193321317,22.102417970177918,1.3152637374221197,52.11166306823688,4442.146737116674
2025-02-21,Mumbai,Dashehari,4496.521653553136,22.102417970177918,1.3152637374221197,52.11166306823688,3449.6029933696955
2025-02-21,Mumbai,Kesar,5008.579941526757,22.102417970177918,1.3152637374221197,52.11166306823688,4103.49939553236
2025-02-28,Indore,Alphonso,5234.869859881456,23.578731759856613,2.9736954354950544,58.13367276382256,3195.2521705461795
2025-02-28,Indore,Dashehari,5142.109011637236,23.578731759856613,2.9736954354950544,58.13367276382256,2526.8870726996215
2025-02-28,Indore,Kesar,5105.937069948034,23.578731759856613,2.9736954354950544,58.13367276382256,2915.7764704070646
2025-02-28,Lucknow,Alphonso,5107.405896569335,23.578731759856613,2.9736954354950544,58.13367276382256,3771.5239934553174
2025-02-28,Lucknow,Dashehari,5114.574615333035,23.578731759856613,2.9736954354950544,58.13367276382256,2977.3091664920553
2025-02-28,Lucknow,Kesar,5512.938541221201,23.578731759856613,2.9736954354950544,58.13367276382256,3104.1894925867305
2025-02-28,Delhi,Alphonso,5877.21718526207,23.578731759856613,2.9736954354950544,58.13367276382256,3926.1242380209114
2025-02-28,Delhi,Dashehari,4721.670809333123,23.578731759856613,2.9736954354950544,58.13367276382256,3479.0738528651423
2025-02-28,Delhi,Kesar,5041.827801093521,23.578731759856613,2.9736954354950544,58.13367276382256,3810.738006238891
2025-02-28,Mumbai,Alphonso,4407.323614419045,23.578731759856613,2.9736954354950544,58.13367276382256,5017.758364570918
2025-02-28,Mumbai,Dashehari,5637.708418075418,23.578731759856613,2.9736954354950544,58.13367276382256,3375.561251596479
2025-02-28,Mumbai,Kesar,4777.280205320743,23.578731759856613,2.9736954354950544,58.13367276382256,4501.531971479216
2025-03-07,Indore,Alphonso,5354.398076374535,24.224342118394524,0.0,41.655034564579225,3411.327725594877
2025-03-07,Indore,Dashehari,5780.906597322951,24.224342118394524,0.0,41.655034564579225,2223.711605421392
2025-03-07,Indore,Kesar,4886.594641718913,24.224342118394524,0.0,41.655034564579225,3117.6951487630904
2025-03-07,Lucknow,Alphonso,5897.401387105982,24.224342118394524,0.0,41.655034564579225,3371.7692371324333
2025-03-07,Lucknow,Dashehari,5927.314993135054,24.224342118394524,0.0,41.655034564579225,2755.9497427160472
2025-03-07,Lucknow,Kesar,5931.4314942450155,24.224342118394524,0.0,41.655034564579225,3135.811575975455
2025-03-07,Delhi,Alphonso,4485.798191619977,24.224342118394524,0.0,41.655034564579225,4281.311106704246
2025-03-07,Delhi,Dashehari,5918.766886083665,24.224342118394524,0.0,41.655034564579225,2989.8565870826005
2025-03-07,Delhi,Kesar,5339.523371052176,24.224342118394524,0.0,41.655034564579225,3623.2906725841617
2025-03-07,Mumbai,Alphonso,4334.903806667764,24.224342118394524,0.0,41.655034564579225,5036.668788391278
2025-03-07,Mumbai,Dashehari,5134.159086656287,24.224342118394524,0.0,41.655034564579225,3782.9926522597016
2025-03-07,Mumbai,Kesar,5460.0289041558735,24.224342118394524,0.0,41.655034564579225,4259.6751374093565
2025-03-14,Indore,Alphonso,5910.87909997054,26.768201027365667,0.0,49.68349865574751,3067.8416575767365
2025-03-14,Indore,Dashehari,5850.09498752804,26.768201027365667,0.0,49.68349865574751,2318.1741772483406
2025-03-14,Indore,Kesar,6092.65228420034,26.768201027365667,0.0,49.68349865574751,2901.3758368064887
2025-03-14,Lucknow,Alphonso,5849.388326557727,26.768201027365667,0.0,49.68349865574751,3730.887417991323
2025-03-14,Lucknow,Dashehari,4890.787981361285,26.768201027365667,0.0,49.68349865574751,2833.746244227072
2025-03-14,Lucknow,Kesar,5860.694554462237,26.768201027365667,0.0,49.68349865574751,3244.092357604834
2025-03-14,Delhi,Alphonso,6064.134781539952,26.768201027365667,0.0,49.68349865574751,4150.064490952764
2025-03-14,Delhi,Dashehari,5205.05806313662,26.768201027365667,0.0,49.68349865574751,3188.817334128959
2025-03-14,Delhi,Kesar,5632.9057756269785,26.768201027365667,0.0,49.68349865574751,3238.568358790389
2025-03-14,Mumbai,Alphonso,6261.115573666878,26.768201027365667,0.0,49.68349865574751,4521.532939571186
2025-03-14,Mumbai,Dashehari,6082.552658237233,26.768201027365667,0.0,49.68349865574751,3289.651142454912
2025-03-14,Mumbai,Kesar,6089.564883559786,26.768201027365667,0.0,49.68349865574751,4374.567455227497
2025-03-21,Indore,Alphonso,5040.700646198469,25.018682466934024,1.4178977240254609,55.47952502113531,3607.7176240656645
2025-03-21,Indore,Dashehari,5991.915467432706,25.018682466934024,1.4178977240254609,55.47952502113531,2339.5770618297724
2025-03-21,Indore,Kesar,6124.840793599856,25.018682466934024,1.4178977240254609,55.47952502113531,2523.835869378023
2025-03-21,Lucknow,Alphonso,5060.571726917909,25.018682466934024,1.4178977240254609,55.47952502113531,3840.009245808804
2025-03-21,Lucknow,Dashehari,5668.628296686675,25.018682466934024,1.4178977240254609,55.47952502113531,2676.988304128112
2025-03-21,Lucknow,Kesar,5982.3119598865205,25.018682466934024,1.4178977240254609,55.47952502113531,3245.0694492273497
2025-03-21,Delhi,Alphonso,6001.729813871373,25.018682466934024,1.4178977240254609,55.47952502113531,4023.848700587797
2025-03-21,Delhi,Dashehari,5899.506292689103,25.018682466934024,1.4178977240254609,55.47952502113531,3084.1964382186147
2025-03-21,Delhi,Kesar,6480.001661532405,25.018682466934024,1.4178977240254609,55.47952502113531,3313.6660877502622
2025-03-21,Mumbai,Alphonso,6500.593157281091,25.018682466934024,1.4178977240254609,55.47952502113531,4362.497687613549
2025-03-21,Mumbai,Dashehari,5108.269829670269,25.018682466934024,1.4178977240254609,55.47952502113531,3953.0903391953516
2025-03-21,Mumbai,Kesar,5708.83474085575,25.018682466934024,1.4178977240254609,55.47952502113531,4151.9367098024595
2025-03-28,Indore,Alphonso,6084.234297437859,29.676667034090343,0.0,53.973635124826714,3421.8033033206275
2025-03-28,Indore,Dashehari,5968.292073813527,29.676667034090343,0.0,53.973635124826714,2154.8654089487163
2025-03-28,Indore,Kesar,5872.7416331741,29.676667034090343,0.0,53.973635124826714,2844.7905430201713
2025-03-28,Lucknow,Alphonso,6355.272801241572,29.676667034090343,0.0,53.973635124826714,3785.0361039141685
2025-03-28,Lucknow,Dashehari,5789.892044709878,29.676667034090343,0.0,53.973635124826714,2962.1847162728764
2025-03-28,Lucknow,Kesar,5294.572605219472,29.676667034090343,0.0,53.973635124826714,3655.9926208731595
2025-03-28,Delhi,Alphonso,6490.497113736921,29.676667034090343,0.0,53.973635124826714,4119.2644369436475
2025-03-28,Delhi,Dashehari,6330.1103737996145,29.676667034090343,0.0,53.973635124826714,3074.9629424726277
2025-03-28,Delhi,Kesar,5375.103519880167,29.676667034090343,0.0,53.973635124826714,3756.6773067103904
2025-03-28,Mumbai,Alphonso,5867.925361717319,29.676667034090343,0.0,53.973635124826714,4489.685317784735
2025-03-28,Mumbai,Dashehari,5909.056222517553,29.676667034090343,0.0,53.973635124826714,3708.3494722376695
2025-03-28,Mumbai,Kesar,5294.626236253737,29.676667034090343,0.0,53.973635124826714,4257.179506133252
2025-04-04,Indore,Alphonso,5210.687813147906,29.964880390140817,0.0,64.27574948429877,3698.966368930394
2025-04-04,Indore,Dashehari,5229.537047987977,29.964880390140817,0.0,64.27574948429877,2510.807786193492
2025-04-04,Indore,Kesar,5445.27699705157,29.964880390140817,0.0,64.27574948429877,2902.938406800637
2025-04-04,Lucknow,Alphonso,5478.4510030502315,29.964880390140817,0.0,64.27574948429877,3827.9908628362273
2025-04-04,Lucknow,Dashehari,6032.511125079241,29.964880390140817,0.0,64.27574948429877,2808.9984698319936
2025-04-04,Lucknow,Kesar,5063.39904783885,29.964880390140817,0.0,64.27574948429877,3646.4594830714195
2025-04-04,Delhi,Alphonso,5362.81327710067,29.964880390140817,0.0,64.27574948429877,4276.78303255633
2025-04-04,Delhi,Dashehari,5876.263933322971,29.964880390140817,0.0,64.27574948429877,3330.86146662765
2025-04-04,Delhi,Kesar,6135.321149555277,29.964880390140817,0.0,64.27574948429877,3734.5218582040307
2025-04-04,Mumbai,Alphonso,5353.125498667843,29.964880390140817,0.0,64.27574948429877,5081.237700871571
2025-04-04,Mumbai,Dashehari,5775.3827158819795,29.964880390140817,0.0,64.27574948429877,3686.5689696626564
2025-04-04,Mumbai,Kesar,6083.219499768915,29.964880390140817,0.0,64.27574948429877,4102.580759622292
2025-04-11,Indore,Alphonso,5542.41738874455,30.072954988327606,9.235795421740683,58.8085280459457,3503.5099939696315
2025-04-11,Indore,Dashehari,6098.128120583925,30.072954988327606,9.235795421740683,58.8085280459457,2211.321804642029
2025-04-11,Indore,Kesar,4883.299389760907,30.072954988327606,9.235795421740683,58.8085280459457,2995.4863529128174
2025-04-11,Lucknow,Alphonso,5015.952562727794,30.072954988327606,9.235795421740683,58.8085280459457,3800.8198879357888
2025-04-11,Lucknow,Dashehari,5870.521624803225,30.072954988327606,9.235795421740683,58.8085280459457,2663.1323038774194
2025-04-11,Lucknow,Kesar,5098.791115638972,30.072954988327606,9.235795421740683,58.8085280459457,3374.8592800751553
2025-04-11,Delhi,Alphonso,6014.539140197578,30.072954988327606,9.235795421740683,58.8085280459457,3792.448727612853
2025-04-11,Delhi,Dashehari,5997.614705673903,30.072954988327606,9.235795421740683,58.8085280459457,3347.705461433003
2025-04-11,Delhi,Kesar,6051.15578721416,30.072954988327606,9.235795421740683,58.8085280459457,3810.279388759762
2025-04-11,Mumbai,Alphonso,6550.3273162153555,30.072954988327606,9.235795421740683,58.8085280459457,4337.0055061112125
2025-04-11,Mumbai,Dashehari,5713.350378382653,30.072954988327606,9.235795421740683,58.8085280459457,3576.7990056878843
2025-04-11,Mumbai,Kesar,5670.312484253834,30.072954988327606,9.235795421740683,58.8085280459457,4335.421948630253
2025-04-18,Indore,Alphonso,6017.9881608358855,28.225283732076438,0.0,68.81141297298038,3402.79890316588
2025-04-18,Indore,Dashehari,5951.7343585233375,28.225283732076438,0.0,68.81141297298038,2641.5071356577787
2025-04-18,Indore,Kesar,6210.083401675444,28.225283732076438,0.0,68.81141297298038,2946.9971831306525
2025-04-18,Lucknow,Alphonso,6020.226403624082,28.225283732076438,0.0,68.81141297298038,4243.32185977975
2025-04-18,Lucknow,Dashehari,5849.213220094036,28.225283732076438,0.0,68.81141297298038,2907.4211587695586
2025-04-18,Lucknow,Kesar,5898.952352163441,28.225283732076438,0.0,68.81141297298038,3223.838490677295
2025-04-18,Delhi,Alphonso,6565.160640284942,28.225283732076438,0.0,68.81141297298038,4102.0843400774
2025-04-18,Delhi,Dashehari,5500.800229984844,28.225283732076438,0.0,68.81141297298038,3210.832406242535
2025-04-18,Delhi,Kesar,6048.861634717625,28.225283732076438,0.0,68.81141297298038,3818.699108603234
2025-04-18,Mumbai,Alphonso,5411.031809509412,28.225283732076438,0.0,68.81141297298038,4781.175984953756
2025-04-18,Mumbai,Dashehari,5006.551170789907,28.225283732076438,0.0,68.81141297298038,3883.5159613143983
2025-04-18,Mumbai,Kesar,5791.076098905727,28.225283732076438,0.0,68.81141297298038,4416.3261364610435
2025-04-25,Indore,Alphonso,4985.239786099793,29.808305327477136,0.0,59.234268631454796,3918.0633512003433
2025-04-25,Indore,Dashehari,6139.322904235375,29.808305327477136,0.0,59.234268631454796,2627.3690495701107
2025-04-25,Indore,Kesar,6008.385164499819,29.808305327477136,0.0,59.234268631454796,3017.4113671961636
2025-04-25,Lucknow,Alphonso,5481.822527145454,29.808305327477136,0.0,59.234268631454796,3828.13336198583
2025-04-25,Lucknow,Dashehari,5395.710789674735,29.808305327477136,0.0,59.234268631454796,2724.975966024611
2025-04-25,Lucknow,Kesar,5625.569091668696,29.808305327477136,0.0,59.234268631454796,3354.9456479627956
2025-04-25,Delhi,Alphonso,5818.011475856911,29.808305327477136,0.0,59.234268631454796,4244.400352006394
2025-04-25,Delhi,Dashehari,5454.785705598124,29.808305327477136,0.0,59.234268631454796,3236.1320158926533
2025-04-25,Delhi,Kesar,5548.728480954465,29.808305327477136,0.0,59.234268631454796,3908.9197632767946
2025-04-25,Mumbai,Alphonso,5062.531589792216,29.808305327477136,0.0,59.234268631454796,4779.297777801623
2025-04-25,Mumbai,Dashehari,5613.084366837555,29.808305327477136,0.0,59.234268631454796,3635.2013412196416
2025-04-25,Mumbai,Kesar,5284.7246642625605,29.808305327477136,0.0,59.234268631454796,4265.0677015123465
2025-05-02,Indore,Alphonso,5825.6490945375035,29.928712797320536,2.083405248160112,61.039199040908116,3967.3666240932903
2025-05-02,Indore,Dashehari,5056.204896643489,29.928712797320536,2.083405248160112,61.039199040908116,2881.2150007717605
2025-05-02,Indore,Kesar,5109.810855371409,29.928712797320536,2.083405248160112,61.039199040908116,3362.780264256895
2025-05-02,Lucknow,Alphonso,4894.404253690131,29.928712797320536,2.083405248160112,61.039199040908116,4100.687317792912
2025-05-02,Lucknow,Dashehari,5051.312030568476,29.928712797320536,2.083405248160112,61.039199040908116,3048.681075400115
2025-05-02,Lucknow,Kesar,4988.097507265295,29.928712797320536,2.083405248160112,61.039199040908116,3645.3400003936295
2025-05-02,Delhi,Alphonso,5065.7154755483825,29.928712797320536,2.083405248160112,61.039199040908116,4482.699248021167
2025-05-02,Delhi,Dashehari,5262.868406019284,29.928712797320536,2.083405248160112,61.039199040908116,3427.2531269328806
2025-05-02,Delhi,Kesar,5459.609980284268,29.928712797320536,2.083405248160112,61.039199040908116,3675.316229590386
2025-05-02,Mumbai,Alphonso,5484.654462740572,29.928712797320536,2.083405248160112,61.039199040908116,4983.396885230638
2025-05-02,Mumbai,Dashehari,5089.269702991131,29.928712797320536,2.083405248160112,61.039199040908116,4090.0317461910354
2025-05-02,Mumbai,Kesar,5999.746670719331,29.928712797320536,2.083405248160112,61.039199040908116,3968.31216818562
2025-05-09,Indore,Alphonso,6001.064791797028,30.04353489409106,2.4406202443166207,64.57602309960598,3565.0373238433303
2025-05-09,Indore,Dashehari,4932.7437409177555,30.04353489409106,2.4406202443166207,64.57602309960598,2644.581043729522
2025-05-09,Indore,Kesar,5689.585487768159,30.04353489409106,2.4406202443166207,64.57602309960598,3012.0251259434035
2025-05-09,Lucknow,Alphonso,5271.155023915998,30.04353489409106,2.4406202443166207,64.57602309960598,4162.200218892193
2025-05-09,Lucknow,Dashehari,5059.920163359495,30.04353489409106,2.4406202443166207,64.57602309960598,3119.9108104988877
2025-05-09,Lucknow,Kesar,5246.996140202818,30.04353489409106,2.4406202443166207,64.57602309960598,3617.502735913215
2025-05-09,Delhi,Alphonso,5489.921238335957,30.04353489409106,2.4406202443166207,64.57602309960598,4311.157334550485
2025-05-09,Delhi,Dashehari,5279.083128730434,30.04353489409106,2.4406202443166207,64.57602309960598,3421.80844383112
2025-05-09,Delhi,Kesar,4662.578541364049,30.04353489409106,2.4406202443166207,64.57602309960598,4046.0676459629603
2025-05-09,Mumbai,Alphonso,6010.500208465054,30.04353489409106,2.4406202443166207,64.57602309960598,4498.0041462287245
2025-05-09,Mumbai,Dashehari,4944.411620290745,30.04353489409106,2.4406202443166207,64.57602309960598,3792.2385385286184
2025-05-09,Mumbai,Kesar,5543.460215621076,30.04353489409106,2.4406202443166207,64.57602309960598,4321.868172020392
2025-05-16,Indore,Alphonso,4455.493279100209,32.509894286065546,0.0,69.53853503526666,3983.2455439792097
2025-05-16,Indore,Dashehari,5429.951884469704,32.509894286065546,0.0,69.53853503526666,2656.81036838429
2025-05-16,Indore,Kesar,4468.334819302665,32.509894286065546,0.0,69.53853503526666,3739.416105213494
2025-05-16,Lucknow,Alphonso,4836.638274232697,32.509894286065546,0.0,69.53853503526666,4393.293275090902
2025-05-16,Lucknow,Dashehari,5019.743063955398,32.509894286065546,0.0,69.53853503526666,3226.711933621489
2025-05-16,Lucknow,Kesar,5256.707209833189,32.509894286065546,0.0,69.53853503526666,3454.090460198566
2025-05-16,Delhi,Alphonso,5134.340987432789,32.509894286065546,0.0,69.53853503526666,4466.568079776661
2025-05-16,Delhi,Dashehari,4553.144752672519,32.509894286065546,0.0,69.53853503526666,3800.5982701525977
2025-05-16,Delhi,Kesar,4976.019007283365,32.509894286065546,0.0,69.53853503526666,4035.4696617518453
2025-05-16,Mumbai,Alphonso,4597.277752668868,32.509894286065546,0.0,69.53853503526666,5318.359622899808
2025-05-16,Mumbai,Dashehari,5432.027804588977,32.509894286065546,0.0,69.53853503526666,4155.200606507839
2025-05-16,Mumbai,Kesar,4959.164249057858,32.509894286065546,0.0,69.53853503526666,4155.5150672418695
2025-05-23,Indore,Alphonso,5052.879229958856,36.11541850526825,2.154979142064775,67.0372014117146,4153.862555301871
2025-05-23,Indore,Dashehari,4876.938377731424,36.11541850526825,2.154979142064775,67.0372014117146,3305.593697091302
2025-05-23,Indore,Kesar,5319.358575572358,36.11541850526825,2.154979142064775,67.0372014117146,3202.065917518476
2025-05-23,Lucknow,Alphonso,4616.64255790182,36.11541850526825,2.154979142064775,67.0372014117146,4494.6601038219005
2025-05-23,Lucknow,Dashehari,3801.1135746414357,36.11541850526825,2.154979142064775,67.0372014117146,3542.1966066487144
2025-05-23,Lucknow,Kesar,4313.826119515742,36.11541850526825,2.154979142064775,67.0372014117146,3791.030689083003
2025-05-23,Delhi,Alphonso,4766.630564553929,36.11541850526825,2.154979142064775,67.0372014117146,4630.821585210812
2025-05-23,Delhi,Dashehari,4665.254099320568,36.11541850526825,2.154979142064775,67.0372014117146,3616.067480042983
2025-05-23,Delhi,Kesar,5802.923106893085,36.11541850526825,2.154979142064775,67.0372014117146,4344.916076362159
2025-05-23,Mumbai,Alphonso,4421.332272063097,36.11541850526825,2.154979142064775,67.0372014117146,5442.240281117155
2025-05-23,Mumbai,Dashehari,4726.372403976469,36.11541850526825,2.154979142064775,67.0372014117146,4225.805787337814
2025-05-23,Mumbai,Kesar,4860.849016206844,36.11541850526825,2.154979142064775,67.0372014117146,4459.591496510925
2025-05-30,Indore,Alphonso,4149.063927944178,35.010571753234665,3.503546122306631,70.01926500906237,3971.95222831262
2025-05-30,Indore,Dashehari,4014.3476592235293,35.010571753234665,3.503546122306631,70.01926500906237,3259.2484978665098
2025-05-30,Indore,Kesar,4192.233468550609,35.010571753234665,3.503546122306631,70.01926500906237,3577.227921219568
2025-05-30,Lucknow,Alphonso,5218.940446908517,35.010571753234665,3.503546122306631,70.01926500906237,4456.095480494366
2025-05-30,Lucknow,Dashehari,4657.988947823321,35.010571753234665,3.503546122306631,70.01926500906237,3425.5175764980495
2025-05-30,Lucknow,Kesar,5422.849525232771,35.010571753234665,3.503546122306631,70.01926500906237,3797.254024934684
2025-05-30,Delhi,Alphonso,4539.777121513758,35.010571753234665,3.503546122306631,70.01926500906237,4505.787694857857
2025-05-30,Delhi,Dashehari,4828.448992730265,35.010571753234665,3.503546122306631,70.01926500906237,3959.788298185482
2025-05-30,Delhi,Kesar,4418.239095658911,35.010571753234665,3.503546122306631,70.01926500906237,4336.764296518256
2025-05-30,Mumbai,Alphonso,4525.470387498356,35.010571753234665,3.503546122306631,70.01926500906237,5131.92033620649
2025-05-30,Mumbai,Dashehari,3675.7708824394354,35.010571753234665,3.503546122306631,70.01926500906237,4378.071426304012
2025-05-30,Mumbai,Kesar,5058.647426427589,35.010571753234665,3.503546122306631,70.01926500906237,4455.4218410530675
2025-06-06,Indore,Alphonso,4352.073704003365,33.86769193109403,0.5768279991440708,75.71785073023862,3994.695809180259
2025-06-06,Indore,Dashehari,4971.703570083885,33.86769193109403,0.5768279991440708,75.71785073023862,3319.4336730443256
2025-06-06,Indore,Kesar,4196.720277446564,33.86769193109403,0.5768279991440708,75.71785073023862,3781.3247989784445
2025-06-06,Lucknow,Alphonso,4653.647784145986,33.86769193109403,0.5768279991440708,75.71785073023862,4525.09017437936
2025-06-06,Lucknow,Dashehari,3760.9806246198027,33.86769193109403,0.5768279991440708,75.71785073023862,3851.3452181779344
2025-06-06,Lucknow,Kesar,4210.803397847541,33.86769193109403,0.5768279991440708,75.71785073023862,3924.7789135916405
2025-06-06,Delhi,Alphonso,5493.835683921914,33.86769193109403,0.5768279991440708,75.71785073023862,4712.579338647464
2025-06-06,Delhi,Dashehari,4284.153992838964,33.86769193109403,0.5768279991440708,75.71785073023862,3579.0318474165497
2025-06-06,Delhi,Kesar,4994.588636596376,33.86769193109403,0.5768279991440708,75.71785073023862,4005.96885789073
2025-06-06,Mumbai,Alphonso,4037.3074216180325,33.86769193109403,0.5768279991440708,75.71785073023862,5260.773803496568
2025-06-06,Mumbai,Dashehari,5005.247699697951,33.86769193109403,0.5768279991440708,75.71785073023862,4385.371164877832
2025-06-06,Mumbai,Kesar,4375.54797908173,33.86769193109403,0.5768279991440708,75.71785073023862,4815.026488443903
2025-06-13,Indore,Alphonso,4580.379523876236,33.044111120235726,4.7511776342317855,75.66682342906802,4306.777386629108
2025-06-13,Indore,Dashehari,4390.462518485952,33.044111120235726,4.7511776342317855,75.66682342906802,3201.6478252020497
2025-06-13,Indore,Kesar,4489.600483359745,33.044111120235726,4.7511776342317855,75.66682342906802,3632.471227966517
2025-06-13,Lucknow,Alphonso,3760.1058181184417,33.044111120235726,4.7511776342317855,75.66682342906802,4507.742789082531
2025-06-13,Lucknow,Dashehari,4226.682359117424,33.044111120235726,4.7511776342317855,75.66682342906802,3760.1896553063375
2025-06-13,Lucknow,Kesar,4119.460296740834,33.044111120235726,4.7511776342317855,75.66682342906802,3797.9950174513406
2025-06-13,Delhi,Alphonso,4215.568238922422,33.044111120235726,4.7511776342317855,75.66682342906802,4918.773443091963
2025-06-13,Delhi,Dashehari,4267.206617164796,33.044111120235726,4.7511776342317855,75.66682342906802,4154.633320669954
2025-06-13,Delhi,Kesar,4600.440861639654,33.044111120235726,4.7511776342317855,75.66682342906802,4222.116326763982
2025-06-13,Mumbai,Alphonso,3946.4141823841173,33.044111120235726,4.7511776342317855,75.66682342906802,5159.563318086693
2025-06-13,Mumbai,Dashehari,4472.397833715885,33.044111120235726,4.7511776342317855,75.66682342906802,4612.909648319748
2025-06-13,Mumbai,Kesar,4066.838794440125,33.044111120235726,4.7511776342317855,75.66682342906802,4781.665154238099
2025-06-20,Indore,Alphonso,3460.658871946886,36.20007268990349,6.789454769230469,78.71664141288905,4572.553678731894
2025-06-20,Indore,Dashehari,3565.3709381324734,36.20007268990349,6.789454769230469,78.71664141288905,3327.4108208799003
2025-06-20,Indore,Kesar,3798.316843629692,36.20007268990349,6.789454769230469,78.71664141288905,3784.1615011379295
2025-06-20,Lucknow,Alphonso,3848.385596582361,36.20007268990349,6.789454769230469,78.71664141288905,4421.215121612728
2025-06-20,Lucknow,Dashehari,4320.551996923446,36.20007268990349,6.789454769230469,78.71664141288905,3898.585396778775
2025-06-20,Lucknow,Kesar,3158.088484680051,36.20007268990349,6.789454769230469,78.71664141288905,4480.967700989608
2025-06-20,Delhi,Alphonso,3612.814022407726,36.20007268990349,6.789454769230469,78.71664141288905,5277.250295835549
2025-06-20,Delhi,Dashehari,3909.6468772698104,36.20007268990349,6.789454769230469,78.71664141288905,4174.744386838052
2025-06-20,Delhi,Kesar,3862.9864145678894,36.20007268990349,6.789454769230469,78.71664141288905,4796.146925351846
2025-06-20,Mumbai,Alphonso,3441.1902693263655,36.20007268990349,6.789454769230469,78.71664141288905,5663.2982357055935
2025-06-20,Mumbai,Dashehari,4377.557540292197,36.20007268990349,6.789454769230469,78.71664141288905,4614.282080456716
2025-06-20,Mumbai,Kesar,4866.905040065743,36.20007268990349,6.789454769230469,78.71664141288905,4702.047898709759
2025-06-27,Indore,Alphonso,3671.774461543418,35.389687617671555,4.891927071471777,83.77075142588106,4414.386823355901
2025-06-27,Indore,Dashehari,4197.278941380618,35.389687617671555,4.891927071471777,83.77075142588106,3401.132508697043
2025-06-27,Indore,Kesar,3109.7597562717438,35.389687617671555,4.891927071471777,83.77075142588106,3992.334672068758
2025-06-27,Lucknow,Alphonso,3922.463238467379,35.389687617671555,4.891927071471777,83.77075142588106,4989.647459530509
2025-06-27,Lucknow,Dashehari,3719.3018099505707,35.389687617671555,4.891927071471777,83.77075142588106,4112.925013479983
2025-06-27,Lucknow,Kesar,3131.5800912409286,35.389687617671555,4.891927071471777,83.77075142588106,4301.652027078371
2025-06-27,Delhi,Alphonso,3559.4200129703254,35.389687617671555,4.891927071471777,83.77075142588106,5183.807567889248
2025-06-27,Delhi,Dashehari,3708.487815132045,35.389687617671555,4.891927071471777,83.77075142588106,4401.960032775788
2025-06-27,Delhi,Kesar,3496.92732456377,35.389687617671555,4.891927071471777,83.77075142588106,4740.702112399044
2025-06-27,Mumbai,Alphonso,3656.8009037023453,35.389687617671555,4.891927071471777,83.77075142588106,5420.239521802132
2025-06-27,Mumbai,Dashehari,3629.383384199392,35.389687617671555,4.891927071471777,83.77075142588106,4665.976142631589
2025-06-27,Mumbai,Kesar,3608.8178338307475,35.389687617671555,4.891927071471777,83.77075142588106,5101.253359264087
2025-07-04,Indore,Alphonso,3032.207748318793,33.92036320377406,4.102628948977942,84.85301654315171,4509.098092611775
2025-07-04,Indore,Dashehari,4611.985449689422,33.92036320377406,4.102628948977942,84.85301654315171,3267.6742819915817
2025-07-04,Indore,Kesar,2958.4981301160965,33.92036320377406,4.102628948977942,84.85301654315171,4284.346257513061
2025-07-04,Lucknow,Alphonso,2669.15205849045,33.92036320377406,4.102628948977942,84.85301654315171,4961.873432510419
2025-07-04,Lucknow,Dashehari,4358.329970030595,33.92036320377406,4.102628948977942,84.85301654315171,3522.0822462406204
2025-07-04,Lucknow,Kesar,2707.214205704515,33.92036320377406,4.102628948977942,84.85301654315171,4227.51893345454
2025-07-04,Delhi,Alphonso,3859.343827338794,33.92036320377406,4.102628948977942,84.85301654315171,5392.448027510202
2025-07-04,Delhi,Dashehari,3294.964481208596,33.92036320377406,4.102628948977942,84.85301654315171,4514.5547329363835
2025-07-04,Delhi,Kesar,4056.102131004796,33.92036320377406,4.102628948977942,84.85301654315171,4976.294077850244
2025-07-04,Mumbai,Alphonso,3401.4658875280606,33.92036320377406,4.102628948977942,84.85301654315171,5258.14133789809
2025-07-04,Mumbai,Dashehari,3171.648431036125,33.92036320377406,4.102628948977942,84.85301654315171,4736.94863415889
2025-07-04,Mumbai,Kesar,3396.4244813686437,33.92036320377406,4.102628948977942,84.85301654315171,5139.499008005813
2025-07-11,Indore,Alphonso,3939.3939504207274,35.23973546614664,11.404031081578518,78.32143243407306,4555.506196269465
2025-07-11,Indore,Dashehari,3525.802389145029,35.23973546614664,11.404031081578518,78.32143243407306,3828.7515795852873
2025-07-11,Indore,Kesar,3528.9008192951665,35.23973546614664,11.404031081578518,78.32143243407306,4435.421925756066
2025-07-11,Lucknow,Alphonso,2924.6355332821763,35.23973546614664,11.404031081578518,78.32143243407306,4881.052903524245
2025-07-11,Lucknow,Dashehari,3449.3924412184197,35.23973546614664,11.404031081578518,78.32143243407306,4058.4289062147222
2025-07-11,Lucknow,Kesar,4007.1841948412357,35.23973546614664,11.404031081578518,78.32143243407306,4274.533164177669
2025-07-11,Delhi,Alphonso,2931.108140197517,35.23973546614664,11.404031081578518,78.32143243407306,5524.271097477948
2025-07-11,Delhi,Dashehari,3801.983506456786,35.23973546614664,11.404031081578518,78.32143243407306,3966.3264715010846
2025-07-11,Delhi,Kesar,3498.4783465316805,35.23973546614664,11.404031081578518,78.32143243407306,4484.266429453444
2025-07-11,Mumbai,Alphonso,3234.139560999175,35.23973546614664,11.404031081578518,78.32143243407306,5555.567333518445
2025-07-11,Mumbai,Dashehari,3823.705879296794,35.23973546614664,11.404031081578518,78.32143243407306,4732.980434429171
2025-07-11,Mumbai,Kesar,2985.7635996975887,35.23973546614664,11.404031081578518,78.32143243407306,5421.192486738356
2025-07-18,Indore,Alphonso,3353.7291669877923,31.07019859891242,8.053395734545841,75.59474292076717,4677.901484887226
2025-07-18,Indore,Dashehari,3708.5797596238117,31.07019859891242,8.053395734545841,75.59474292076717,3863.9140768059056
2025-07-18,Indore,Kesar,3467.098520131419,31.07019859891242,8.053395734545841,75.59474292076717,4121.887422007865
2025-07-18,Lucknow,Alphonso,3324.9050710382703,31.07019859891242,8.053395734545841,75.59474292076717,4925.079266383334
2025-07-18,Lucknow,Dashehari,3675.7944192034047,31.07019859891242,8.053395734545841,75.59474292076717,3911.4652322997185
2025-07-18,Lucknow,Kesar,2778.4998063630014,31.07019859891242,8.053395734545841,75.59474292076717,4550.3387964923395
2025-07-18,Delhi,Alphonso,3645.824590942183,31.07019859891242,8.053395734545841,75.59474292076717,5112.124348185895
2025-07-18,Delhi,Dashehari,2986.245185570994,31.07019859891242,8.053395734545841,75.59474292076717,4718.938113986053
2025-07-18,Delhi,Kesar,3696.578204357761,31.07019859891242,8.053395734545841,75.59474292076717,4684.185337947814
2025-07-18,Mumbai,Alphonso,3045.186846741005,31.07019859891242,8.053395734545841,75.59474292076717,5594.743698768896
2025-07-18,Mumbai,Dashehari,4021.0361587144926,31.07019859891242,8.053395734545841,75.59474292076717,4691.796641085758
2025-07-18,Mumbai,Kesar,3279.7651731997175,31.07019859891242,8.053395734545841,75.59474292076717,5292.190330742607
2025-07-25,Indore,Alphonso,3313.3703715188894,31.568728079554262,13.108872710185958,86.70140817713451,4545.828284092746
2025-07-25,Indore,Dashehari,2452.7467205230887,31.568728079554262,13.108872710185958,86.70140817713451,3647.2166468582977
2025-07-25,Indore,Kesar,2964.2120900168975,31.568728079554262,13.108872710185958,86.70140817713451,4246.171680606388
2025-07-25,Lucknow,Alphonso,3369.506518223456,31.568728079554262,13.108872710185958,86.70140817713451,4706.724034416735
2025-07-25,Lucknow,Dashehari,3387.534383014177,31.568728079554262,13.108872710185958,86.70140817713451,4136.600093065671
2025-07-25,Lucknow,Kesar,3711.1357399662347,31.568728079554262,13.108872710185958,86.70140817713451,4045.4505116831797
2025-07-25,Delhi,Alphonso,3448.6946078064675,31.568728079554262,13.108872710185958,86.70140817713451,5085.629226171646
2025-07-25,Delhi,Dashehari,3860.6914788561094,31.568728079554262,13.108872710185958,86.70140817713451,4501.61748418123
2025-07-25,Delhi,Kesar,3140.7891094702168,31.568728079554262,13.108872710185958,86.70140817713451,4752.165419294988
2025-07-25,Mumbai,Alphonso,3315.493179800677,31.568728079554262,13.108872710185958,86.70140817713451,5353.104012015937
2025-07-25,Mumbai,Dashehari,3634.3872693762305,31.568728079554262,13.108872710185958,86.70140817713451,4752.093868602755
2025-07-25,Mumbai,Kesar,3888.070033027144,31.568728079554262,13.108872710185958,86.70140817713451,4957.829330253555
2025-08-01,Indore,Alphonso,3027.2072015727126,31.347199228375505,1.3925007046535267,74.97222746574717,4986.025429285714
2025-08-01,Indore,Dashehari,3220.695260499443,31.347199228375505,1.3925007046535267,74.97222746574717,3894.2739397405735
2025-08-01,Indore,Kesar,3347.6946384552784,31.347199228375505,1.3925007046535267,74.97222746574717,4020.5586805721864
2025-08-01,Lucknow,Alphonso,3432.679830731343,31.347199228375505,1.3925007046535267,74.97222746574717,5141.603693580249
2025-08-01,Lucknow,Dashehari,3016.896242982659,31.347199228375505,1.3925007046535267,74.97222746574717,4354.246441971212
2025-08-01,Lucknow,Kesar,3160.1116314089213,31.347199228375505,1.3925007046535267,74.97222746574717,4495.890263029725
2025-08-01,Delhi,Alphonso,3712.273249204019,31.347199228375505,1.3925007046535267,74.97222746574717,5264.019770220211
2025-08-01,Delhi,Dashehari,3515.029943734346,31.347199228375505,1.3925007046535267,74.97222746574717,4462.297724322404
2025-08-01,Delhi,Kesar,3551.7472026815276,31.347199228375505,1.3925007046535267,74.97222746574717,4483.7999278995385
2025-08-01,Mumbai,Alphonso,2768.127273916767,31.347199228375505,1.3925007046535267,74.97222746574717,6064.258615159855
2025-08-01,Mumbai,Dashehari,3914.8725622596203,31.347199228375505,1.3925007046535267,74.97222746574717,4683.082795534037
2025-08-01,Mumbai,Kesar,3402.3886591315463,31.347199228375505,1.3925007046535267,74.97222746574717,5392.266970255179
2025-08-08,Indore,Alphonso,3366.96824806005,32.72485912927685,0.0,75.40260436141695,4960.991692281293
2025-08-08,Indore,Dashehari,4499.372193488598,32.72485912927685,0.0,75.40260436141695,3689.5527157759157
2025-08-08,Indore,Kesar,2937.2090151584043,32.72485912927685,0.0,75.40260436141695,4484.191372597334
2025-08-08,Lucknow,Alphonso,4028.398315816284,32.72485912927685,0.0,75.40260436141695,5034.811586358992
2025-08-08,Lucknow,Dashehari,3137.340581938283,32.72485912927685,0.0,75.40260436141695,4448.198346147125
2025-08-08,Lucknow,Kesar,3765.418247399374,32.72485912927685,0.0,75.40260436141695,4378.010904942512
2025-08-08,Delhi,Alphonso,3652.5702470137367,32.72485912927685,0.0,75.40260436141695,5662.525899145737
2025-08-08,Delhi,Dashehari,3972.7560170235574,32.72485912927685,0.0,75.40260436141695,4513.4238428096705
2025-08-08,Delhi,Kesar,3356.7682215282725,32.72485912927685,0.0,75.40260436141695,5257.171749529151
2025-08-08,Mumbai,Alphonso,3015.935798807646,32.72485912927685,0.0,75.40260436141695,6076.556570010018
2025-08-08,Mumbai,Dashehari,2951.989349054228,32.72485912927685,0.0,75.40260436141695,5300.890387606581
2025-08-08,Mumbai,Kesar,3396.7817937555355,32.72485912927685,0.0,75.40260436141695,5657.405000970161
2025-08-15,Indore,Alphonso,4120.498106571092,31.763448859517133,2.9563350645887505,86.58025000743717,4897.112909350298
2025-08-15,Indore,Dashehari,3195.364853985512,31.763448859517133,2.9563350645887505,86.58025000743717,3949.742814363511
2025-08-15,Indore,Kesar,3558.170886962304,31.763448859517133,2.9563350645887505,86.58025000743717,4212.852368332364
2025-08-15,Lucknow,Alphonso,4176.938628985282,31.763448859517133,2.9563350645887505,86.58025000743717,5054.120811558571
2025-08-15,Lucknow,Dashehari,2418.660781157057,31.763448859517133,2.9563350645887505,86.58025000743717,4505.716105553086
2025-08-15,Lucknow,Kesar,3360.7370412730747,31.763448859517133,2.9563350645887505,86.58025000743717,4661.571552334763
2025-08-15,Delhi,Alphonso,3352.55225368572,31.763448859517133,2.9563350645887505,86.58025000743717,5721.79994919101
2025-08-15,Delhi,Dashehari,3947.8751114213524,31.763448859517133,2.9563350645887505,86.58025000743717,4620.323049015951
2025-08-15,Delhi,Kesar,3364.2755251447365,31.763448859517133,2.9563350645887505,86.58025000743717,5066.980708473534
2025-08-15,Mumbai,Alphonso,3507.8398466310514,31.763448859517133,2.9563350645887505,86.58025000743717,5804.142420295976
2025-08-15,Mumbai,Dashehari,3731.571459428494,31.763448859517133,2.9563350645887505,86.58025000743717,5091.115755462991
2025-08-15,Mumbai,Kesar,4116.1764959106695,31.763448859517133,2.9563350645887505,86.58025000743717,5565.042191053241
2025-08-22,Indore,Alphonso,3778.37284037634,29.28080208861875,11.241686111994703,74.11727169945527,4602.747549827518
2025-08-22,Indore,Dashehari,3090.6987106497663,29.28080208861875,11.241686111994703,74.11727169945527,3969.927610640654
2025-08-22,Indore,Kesar,2430.173148738344,29.28080208861875,11.241686111994703,74.11727169945527,4123.238446706236
2025-08-22,Lucknow,Alphonso,3429.0032464902865,29.28080208861875,11.241686111994703,74.11727169945527,5073.464150498099
2025-08-22,Lucknow,Dashehari,3352.2724919367247,29.28080208861875,11.241686111994703,74.11727169945527,3888.1376345543013
2025-08-22,Lucknow,Kesar,3172.8432631445976,29.28080208861875,11.241686111994703,74.11727169945527,4675.1511084087815
2025-08-22,Delhi,Alphonso,3732.7127082513452,29.28080208861875,11.241686111994703,74.11727169945527,5401.0367682195665
2025-08-22,Delhi,Dashehari,3962.7335124147958,29.28080208861875,11.241686111994703,74.11727169945527,4534.084648860078
2025-08-22,Delhi,Kesar,3201.017738416715,29.28080208861875,11.241686111994703,74.11727169945527,4949.171654342979
2025-08-22,Mumbai,Alphonso,2938.853537116858,29.28080208861875,11.241686111994703,74.11727169945527,5927.386561920589
2025-08-22,Mumbai,Dashehari,3944.8402476885353,29.28080208861875,11.241686111994703,74.11727169945527,4989.126187536117
2025-08-22,Mumbai,Kesar,4060.8037303676488,29.28080208861875,11.241686111994703,74.11727169945527,5190.381201522083
2025-08-29,Indore,Alphonso,3491.2573010231504,31.56352097915173,7.226710847461714,85.4439862649239,5017.754865060811
2025-08-29,Indore,Dashehari,4090.044945723942,31.56352097915173,7.226710847461714,85.4439862649239,3847.854468585284
2025-08-29,Indore,Kesar,3587.3555950176697,31.56352097915173,7.226710847461714,85.4439862649239,4605.150941394164
2025-08-29,Lucknow,Alphonso,3446.7987344279745,31.56352097915173,7.226710847461714,85.4439862649239,4960.695148912065
2025-08-29,Lucknow,Dashehari,4357.202821833964,31.56352097915173,7.226710847461714,85.4439862649239,4050.0254204494117
2025-08-29,Lucknow,Kesar,3563.502420375017,31.56352097915173,7.226710847461714,85.4439862649239,4885.53029679391
2025-08-29,Delhi,Alphonso,3256.6024385075193,31.56352097915173,7.226710847461714,85.4439862649239,5451.274868648872
2025-08-29,Delhi,Dashehari,3601.4949187099332,31.56352097915173,7.226710847461714,85.4439862649239,4347.856694968192
2025-08-29,Delhi,Kesar,3384.837569252832,31.56352097915173,7.226710847461714,85.4439862649239,5153.715729071473
2025-08-29,Mumbai,Alphonso,3392.0192412699344,31.56352097915173,7.226710847461714,85.4439862649239,5730.494898758187
2025-08-29,Mumbai,Dashehari,4137.671182481605,31.56352097915173,7.226710847461714,85.4439862649239,4992.735586824372
2025-08-29,Mumbai,Kesar,4072.4608471046963,31.56352097915173,7.226710847461714,85.4439862649239,5339.030054448885
2025-09-05,Indore,Alphonso,3028.895416803457,27.422560687340223,9.043673955150108,76.03162553289414,5143.649714931656
2025-09-05,Indore,Dashehari,3251.0919108424014,27.422560687340223,9.043673955150108,76.03162553289414,3607.8452301596935
2025-09-05,Indore,Kesar,4031.266421582933,27.422560687340223,9.043673955150108,76.03162553289414,4107.888124643328
2025-09-05,Lucknow,Alphonso,3256.87044295375,27.422560687340223,9.043673955150108,76.03162553289414,4820.283277977457
2025-09-05,Lucknow,Dashehari,4196.376594638797,27.422560687340223,9.043673955150108,76.03162553289414,3836.835430641801
2025-09-05,Lucknow,Kesar,3523.37979228226,27.422560687340223,9.043673955150108,76.03162553289414,4754.353018821002
2025-09-05,Delhi,Alphonso,3668.686773201239,27.422560687340223,9.043673955150108,76.03162553289414,5453.18832803971
2025-09-05,Delhi,Dashehari,2819.3336566850335,27.422560687340223,9.043673955150108,76.03162553289414,4571.059194733112
2025-09-05,Delhi,Kesar,3575.1201352170087,27.422560687340223,9.043673955150108,76.03162553289414,4839.076766437807
2025-09-05,Mumbai,Alphonso,3581.343783999507,27.422560687340223,9.043673955150108,76.03162553289414,6002.361655841342
2025-09-05,Mumbai,Dashehari,3885.0011543200408,27.422560687340223,9.043673955150108,76.03162553289414,4704.277231190637
2025-09-05,Mumbai,Kesar,4378.658421991582,27.422560687340223,9.043673955150108,76.03162553289414,5374.277489435787
2025-09-12,Indore,Alphonso,2924.511959577252,27.912977500493717,12.220184112916547,87.78670631377724,4902.821096410384
2025-09-12,Indore,Dashehari,2548.6273360506684,27.912977500493717,12.220184112916547,87.78670631377724,4145.704880170257
2025-09-12,Indore,Kesar,3646.157696770056,27.912977500493717,12.220184112916547,87.78670631377724,4306.422958584425
2025-09-12,Lucknow,Alphonso,3238.186571600676,27.912977500493717,12.220184112916547,87.78670631377724,4817.994328980712
2025-09-12,Lucknow,Dashehari,3649.4134733647074,27.912977500493717,12.220184112916547,87.78670631377724,4474.864306681843
2025-09-12,Lucknow,Kesar,3263.592617706627,27.912977500493717,12.220184112916547,87.78670631377724,4761.544640819706
2025-09-12,Delhi,Alphonso,2872.74227463198,27.912977500493717,12.220184112916547,87.78670631377724,5734.985266813628
2025-09-12,Delhi,Dashehari,3342.647080902137,27.912977500493717,12.220184112916547,87.78670631377724,4530.8688191118235
2025-09-12,Delhi,Kesar,3195.854543513548,27.912977500493717,12.220184112916547,87.78670631377724,5023.676622184353
2025-09-12,Mumbai,Alphonso,3652.973326277014,27.912977500493717,12.220184112916547,87.78670631377724,5676.055949837677
2025-09-12,Mumbai,Dashehari,3341.1538673728587,27.912977500493717,12.220184112916547,87.78670631377724,5060.907908615772
2025-09-12,Mumbai,Kesar,3060.3843101872562,27.912977500493717,12.220184112916547,87.78670631377724,5842.31108525053
2025-09-19,Indore,Alphonso,4219.392034855247,25.795015934252643,5.008962037787924,69.7585080569549,4779.6399203358305
2025-09-19,Indore,Dashehari,3125.3631975025432,25.795015934252643,5.008962037787924,69.7585080569549,4176.163850506205
2025-09-19,Indore,Kesar,3580.2794777155514,25.795015934252643,5.008962037787924,69.7585080569549,4341.462855273138
2025-09-19,Lucknow,Alphonso,3362.209116499019,25.795015934252643,5.008962037787924,69.7585080569549,4999.515026839789
2025-09-19,Lucknow,Dashehari,3635.1064396218408,25.795015934252643,5.008962037787924,69.7585080569549,4087.1726849307306
2025-09-19,Lucknow,Kesar,4226.702251830042,25.795015934252643,5.008962037787924,69.7585080569549,4250.328741188701
2025-09-19,Delhi,Alphonso,4114.462709141978,25.795015934252643,5.008962037787924,69.7585080569549,5378.966865032708
2025-09-19,Delhi,Dashehari,3619.6342936084425,25.795015934252643,5.008962037787924,69.7585080569549,4738.041770605647
2025-09-19,Delhi,Kesar,3247.9002819982256,25.795015934252643,5.008962037787924,69.7585080569549,5210.550203947942
2025-09-19,Mumbai,Alphonso,2416.982457847529,25.795015934252643,5.008962037787924,69.7585080569549,5974.952587069364
2025-09-19,Mumbai,Dashehari,3130.374877063574,25.795015934252643,5.008962037787924,69.7585080569549,4850.508985363507
2025-09-19,Mumbai,Kesar,3414.0180647684197,25.795015934252643,5.008962037787924,69.7585080569549,5494.519288076258
2025-09-26,Indore,Alphonso,3647.6065751300666,27.287869617206553,8.407012267948087,69.87220176856117,4820.52466523328
2025-09-26,Indore,Dashehari,3874.4224671744064,27.287869617206553,8.407012267948087,69.87220176856117,3997.174986119819
2025-09-26,Indore,Kesar,3512.1905655682517,27.287869617206553,8.407012267948087,69.87220176856117,4161.022580772228
2025-09-26,Lucknow,Alphonso,3238.819937667168,27.287869617206553,8.407012267948087,69.87220176856117,5072.772750168603
2025-09-26,Lucknow,Dashehari,3373.893466433498,27.287869617206553,8.407012267948087,69.87220176856117,4295.670676691665
2025-09-26,Lucknow,Kesar,3786.0697560512235,27.287869617206553,8.407012267948087,69.87220176856117,4564.028502851551
2025-09-26,Delhi,Alphonso,3506.449915160189,27.287869617206553,8.407012267948087,69.87220176856117,5549.356573854706
2025-09-26,Delhi,Dashehari,3293.637874747064,27.287869617206553,8.407012267948087,69.87220176856117,4495.296999853335
2025-09-26,Delhi,Kesar,2797.824841075716,27.287869617206553,8.407012267948087,69.87220176856117,5025.987067836073
2025-09-26,Mumbai,Alphonso,3689.2581813071147,27.287869617206553,8.407012267948087,69.87220176856117,5764.131892201136
2025-09-26,Mumbai,Dashehari,3404.8771850296243,27.287869617206553,8.407012267948087,69.87220176856117,5125.8021621124235
2025-09-26,Mumbai,Kesar,3708.2757985690673,27.287869617206553,8.407012267948087,69.87220176856117,5192.91686655122
2025-10-03,Indore,Alphonso,3170.4652521435382,26.89918463612982,11.645347043653189,65.98327299341328,5057.813985404739
2025-10-03,Indore,Dashehari,3441.2585914978795,26.89918463612982,11.645347043653189,65.98327299341328,3495.114830813311
2025-10-03,Indore,Kesar,2940.1273981069253,26.89918463612982,11.645347043653189,65.98327299341328,4339.99194363397
2025-10-03,Lucknow,Alphonso,3034.7829398861595,26.89918463612982,11.645347043653189,65.98327299341328,5093.424199930193
2025-10-03,Lucknow,Dashehari,3512.9584854734317,26.89918463612982,11.645347043653189,65.98327299341328,4444.974709165295
2025-10-03,Lucknow,Kesar,3383.8184335088845,26.89918463612982,11.645347043653189,65.98327299341328,4798.07161371576
2025-10-03,Delhi,Alphonso,4071.5040648147083,26.89918463612982,11.645347043653189,65.98327299341328,5639.406416640987
2025-10-03,Delhi,Dashehari,3613.901837354227,26.89918463612982,11.645347043653189,65.98327299341328,4210.207030489486
2025-10-03,Delhi,Kesar,3684.329946161546,26.89918463612982,11.645347043653189,65.98327299341328,5139.633997321621
2025-10-03,Mumbai,Alphonso,3467.5731578258333,26.89918463612982,11.645347043653189,65.98327299341328,6203.963336029156
2025-10-03,Mumbai,Dashehari,3843.933424586983,26.89918463612982,11.645347043653189,65.98327299341328,5024.482599286106
2025-10-03,Mumbai,Kesar,3934.5522844823354,26.89918463612982,11.645347043653189,65.98327299341328,5365.888569844399
2025-10-10,Indore,Alphonso,3176.9634639606816,20.857216132932255,4.771932516083107,75.95415855326456,4753.461126067806
2025-10-10,Indore,Dashehari,3082.0654744387716,20.857216132932255,4.771932516083107,75.95415855326456,4231.873882260718
2025-10-10,Indore,Kesar,4172.596982967206,20.857216132932255,4.771932516083107,75.95415855326456,3955.3757424639502
2025-10-10,Lucknow,Alphonso,3558.9192001556335,20.857216132932255,4.771932516083107,75.95415855326456,4902.4452158978365
2025-10-10,Lucknow,Dashehari,3745.977855612551,20.857216132932255,4.771932516083107,75.95415855326456,4183.006540416738
2025-10-10,Lucknow,Kesar,3824.682228645306,20.857216132932255,4.771932516083107,75.95415855326456,4536.842119954644
2025-10-10,Delhi,Alphonso,4674.162482555387,20.857216132932255,4.771932516083107,75.95415855326456,5039.164075961476
2025-10-10,Delhi,Dashehari,2815.7586582253944,20.857216132932255,4.771932516083107,75.95415855326456,4587.946805916544
2025-10-10,Delhi,Kesar,2872.804693775893,20.857216132932255,4.771932516083107,75.95415855326456,4779.791547042639
2025-10-10,Mumbai,Alphonso,3099.4741383208134,20.857216132932255,4.771932516083107,75.95415855326456,5741.64025264794
2025-10-10,Mumbai,Dashehari,3118.152759219976,20.857216132932255,4.771932516083107,75.95415855326456,5097.551514943957
2025-10-10,Mumbai,Kesar,3297.5243755658657,20.857216132932255,4.771932516083107,75.95415855326456,5339.672589444477
2025-10-17,Indore,Alphonso,3646.3039944371662,25.165427559531995,3.2811618485805782,66.90943023217734,4416.2855720858515
2025-10-17,Indore,Dashehari,2546.037796419767,25.165427559531995,3.2811618485805782,66.90943023217734,4126.116811024212
2025-10-17,Indore,Kesar,3696.8057122267596,25.165427559531995,3.2811618485805782,66.90943023217734,4628.2370912687975
2025-10-17,Lucknow,Alphonso,3563.237950346724,25.165427559531995,3.2811618485805782,66.90943023217734,5228.272813240227
2025-10-17,Lucknow,Dashehari,3421.8109425656103,25.165427559531995,3.2811618485805782,66.90943023217734,4259.677425419685
2025-10-17,Lucknow,Kesar,4166.902736699813,25.165427559531995,3.2811618485805782,66.90943023217734,4089.7412953276
2025-10-17,Delhi,Alphonso,3665.4465030286724,25.165427559531995,3.2811618485805782,66.90943023217734,5846.727736064946
2025-10-17,Delhi,Dashehari,3612.813687683737,25.165427559531995,3.2811618485805782,66.90943023217734,4868.899164795021
2025-10-17,Delhi,Kesar,3248.3151401882233,25.165427559531995,3.2811618485805782,66.90943023217734,5031.637221012832
2025-10-17,Mumbai,Alphonso,3513.409880955435,25.165427559531995,3.2811618485805782,66.90943023217734,5490.522322339623
2025-10-17,Mumbai,Dashehari,3032.72886885992,25.165427559531995,3.2811618485805782,66.90943023217734,4878.773784512277
2025-10-17,Mumbai,Kesar,3828.826431213011,25.165427559531995,3.2811618485805782,66.90943023217734,5489.901296600969
2025-10-24,Indore,Alphonso,3980.7726678158174,23.58377560203028,9.172361390982712,65.62844346460918,4610.561710979007
2025-10-24,Indore,Dashehari,3523.145618970703,23.58377560203028,9.172361390982712,65.62844346460918,3743.5459861101203
2025-10-24,Indore,Kesar,3773.7801910545713,23.58377560203028,9.172361390982712,65.62844346460918,4070.4226501319345
2025-10-24,Lucknow,Alphonso,3890.5725508792275,23.58377560203028,9.172361390982712,65.62844346460918,4721.42896702494
2025-10-24,Lucknow,Dashehari,3060.4334981087222,23.58377560203028,9.172361390982712,65.62844346460918,4298.377657775282
2025-10-24,Lucknow,Kesar,3464.5823141667947,23.58377560203028,9.172361390982712,65.62844346460918,4420.193600054496
2025-10-24,Delhi,Alphonso,3856.023092990184,23.58377560203028,9.172361390982712,65.62844346460918,5222.127660238354
2025-10-24,Delhi,Dashehari,3419.919498279852,23.58377560203028,9.172361390982712,65.62844346460918,4761.794392834517
2025-10-24,Delhi,Kesar,4115.65693832426,23.58377560203028,9.172361390982712,65.62844346460918,5067.732300462374
2025-10-24,Mumbai,Alphonso,3387.1496892264354,23.58377560203028,9.172361390982712,65.62844346460918,6037.358450348528
2025-10-24,Mumbai,Dashehari,3120.4188688925287,23.58377560203028,9.172361390982712,65.62844346460918,4800.600957661456
2025-10-24,Mumbai,Kesar,2559.8176589502555,23.58377560203028,9.172361390982712,65.62844346460918,5765.867969242771
2025-10-31,Indore,Alphonso,3778.066099332056,21.131909370097375,4.857665727443147,60.09361138168011,4515.865812874735
2025-10-31,Indore,Dashehari,2978.0732438268205,21.131909370097375,4.857665727443147,60.09361138168011,3906.977847348289
2025-10-31,Indore,Kesar,2926.5079900759088,21.131909370097375,4.857665727443147,60.09361138168011,4086.0273009131733
2025-10-31,Lucknow,Alphonso,2657.2443541495677,21.131909370097375,4.857665727443147,60.09361138168011,4828.915325741133
2025-10-31,Lucknow,Dashehari,3571.411667888191,21.131909370097375,4.857665727443147,60.09361138168011,3667.0611826052245
2025-10-31,Lucknow,Kesar,2907.541710151314,21.131909370097375,4.857665727443147,60.09361138168011,4539.747856952483
2025-10-31,Delhi,Alphonso,3282.557241562779,21.131909370097375,4.857665727443147,60.09361138168011,5731.238060674999
2025-10-31,Delhi,Dashehari,4233.55861840975,21.131909370097375,4.857665727443147,60.09361138168011,4145.265175074663
2025-10-31,Delhi,Kesar,3722.8550473613927,21.131909370097375,4.857665727443147,60.09361138168011,4928.288721396875
2025-10-31,Mumbai,Alphonso,3261.0084567902386,21.131909370097375,4.857665727443147,60.09361138168011,5507.3527708917045
2025-10-31,Mumbai,Dashehari,3495.080620276777,21.131909370097375,4.857665727443147,60.09361138168011,4803.305036567264
2025-10-31,Mumbai,Kesar,3325.6942012117524,21.131909370097375,4.857665727443147,60.09361138168011,5344.5238497351165
2025-11-07,Indore,Alphonso,3654.38803702755,20.698159744320133,0.2094178720979576,63.39182850057198,4394.86064298342
2025-11-07,Indore,Dashehari,3871.2362443964325,20.698159744320133,0.2094178720979576,63.39182850057198,3348.937450759337
2025-11-07,Indore,Kesar,3268.754616513743,20.698159744320133,0.2094178720979576,63.39182850057198,4129.629212062347
2025-11-07,Lucknow,Alphonso,3245.510514939228,20.698159744320133,0.2094178720979576,63.39182850057198,4878.543801622112
2025-11-07,Lucknow,Dashehari,4248.429792923245,20.698159744320133,0.2094178720979576,63.39182850057198,3746.570080797203
2025-11-07,Lucknow,Kesar,4476.488688988766,20.698159744320133,0.2094178720979576,63.39182850057198,4337.361435884001
2025-11-07,Delhi,Alphonso,3536.8220549247967,20.698159744320133,0.2094178720979576,63.39182850057198,5413.541873273704
2025-11-07,Delhi,Dashehari,4511.9710997007805,20.698159744320133,0.2094178720979576,63.39182850057198,4073.4450408965886
2025-11-07,Delhi,Kesar,3051.8328324254444,20.698159744320133,0.2094178720979576,63.39182850057198,4779.240754330863
2025-11-07,Mumbai,Alphonso,3512.8572587858243,20.698159744320133,0.2094178720979576,63.39182850057198,5421.493470502677
2025-11-07,Mumbai,Dashehari,3508.935695727443,20.698159744320133,0.2094178720979576,63.39182850057198,5137.67663833391
2025-11-07,Mumbai,Kesar,3560.562956249911,20.698159744320133,0.2094178720979576,63.39182850057198,5170.8618648098545
2025-11-14,Indore,Alphonso,4238.558368239699,20.368347437812,7.838745860975092,56.949620156142416,4731.521293805358
2025-11-14,Indore,Dashehari,3602.700319464715,20.368347437812,7.838745860975092,56.949620156142416,3595.898272142474
2025-11-14,Indore,Kesar,3912.263923296624,20.368347437812,7.838745860975092,56.949620156142416,4139.313269707445
2025-11-14,Lucknow,Alphonso,3177.603307576234,20.368347437812,7.838745860975092,56.949620156142416,4779.70852617159
2025-11-14,Lucknow,Dashehari,2971.061026126682,20.368347437812,7.838745860975092,56.949620156142416,4085.2977496972467
2025-11-14,Lucknow,Kesar,3766.651153382756,20.368347437812,7.838745860975092,56.949620156142416,4025.473223075994
2025-11-14,Delhi,Alphonso,3317.9204380735364,20.368347437812,7.838745860975092,56.949620156142416,5006.725661482039
2025-11-14,Delhi,Dashehari,3140.4800759024647,20.368347437812,7.838745860975092,56.949620156142416,4480.35370267821
2025-11-14,Delhi,Kesar,3206.607173328688,20.368347437812,7.838745860975092,56.949620156142416,4715.119082214941
2025-11-14,Mumbai,Alphonso,2849.075308821074,20.368347437812,7.838745860975092,56.949620156142416,5767.281727662565
2025-11-14,Mumbai,Dashehari,3482.2906720621404,20.368347437812,7.838745860975092,56.949620156142416,4588.432059522765
2025-11-14,Mumbai,Kesar,3424.39428092701,20.368347437812,7.838745860975092,56.949620156142416,5162.5191534236765
2025-11-21,Indore,Alphonso,3246.690918115891,19.627235317508976,0.0,68.39581648311977,4575.103201552371
2025-11-21,Indore,Dashehari,3904.3358940081253,19.627235317508976,0.0,68.39581648311977,4209.373858228096
2025-11-21,Indore,Kesar,3002.2054200444536,19.627235317508976,0.0,68.39581648311977,4217.4963082496415
2025-11-21,Lucknow,Alphonso,3216.9790858823576,19.627235317508976,0.0,68.39581648311977,4800.885895104238
2025-11-21,Lucknow,Dashehari,3211.915191597284,19.627235317508976,0.0,68.39581648311977,3796.1617566952555
2025-11-21,Lucknow,Kesar,3483.4834552861353,19.627235317508976,0.0,68.39581648311977,4084.4868797666845
2025-11-21,Delhi,Alphonso,3878.723026604748,19.627235317508976,0.0,68.39581648311977,5188.654769084024
2025-11-21,Delhi,Dashehari,3668.973989160576,19.627235317508976,0.0,68.39581648311977,4232.595117187647
2025-11-21,Delhi,Kesar,3353.118426315301,19.627235317508976,0.0,68.39581648311977,4825.124571580236
2025-11-21,Mumbai,Alphonso,3034.37974703767,19.627235317508976,0.0,68.39581648311977,5666.29775272569
2025-11-21,Mumbai,Dashehari,3156.1545944486184,19.627235317508976,0.0,68.39581648311977,4648.514172479738
2025-11-21,Mumbai,Kesar,2656.0647037497433,19.627235317508976,0.0,68.39581648311977,5539.911524818317
2025-11-28,Indore,Alphonso,2985.600117393403,19.462754346491458,7.70726075947181,63.08263378238682,4321.879345460571
2025-11-28,Indore,Dashehari,4524.201183742273,19.462754346491458,7.70726075947181,63.08263378238682,3656.0118454857725
2025-11-28,Indore,Kesar,3487.392594668758,19.462754346491458,7.70726075947181,63.08263378238682,3973.797881127242
2025-11-28,Lucknow,Alphonso,3247.6614388211246,19.462754346491458,7.70726075947181,63.08263378238682,4848.445818580754
2025-11-28,Lucknow,Dashehari,3213.1272397110115,19.462754346491458,7.70726075947181,63.08263378238682,3511.0148082908045
2025-11-28,Lucknow,Kesar,2971.3776853955796,19.462754346491458,7.70726075947181,63.08263378238682,4324.150100254397
2025-11-28,Delhi,Alphonso,3047.573105798965,19.462754346491458,7.70726075947181,63.08263378238682,5194.528286284246
2025-11-28,Delhi,Dashehari,3070.135584226855,19.462754346491458,7.70726075947181,63.08263378238682,4161.753277801304
2025-11-28,Delhi,Kesar,3841.266122565277,19.462754346491458,7.70726075947181,63.08263378238682,4608.3199855259645
2025-11-28,Mumbai,Alphonso,3496.134231474661,19.462754346491458,7.70726075947181,63.08263378238682,5684.110742499774
2025-11-28,Mumbai,Dashehari,3692.2434373389387,19.462754346491458,7.70726075947181,63.08263378238682,4850.978962716733
2025-11-28,Mumbai,Kesar,3316.056295073944,19.462754346491458,7.70726075947181,63.08263378238682,4980.9769597642335
2025-12-05,Indore,Alphonso,4019.9949489048536,18.278168991828863,0.7368482872657456,61.03841337440196,4470.963003453946
2025-12-05,Indore,Dashehari,2782.3232533802257,18.278168991828863,0.7368482872657456,61.03841337440196,3815.8551166717107
2025-12-05,Indore,Kesar,2764.5925506911717,18.278168991828863,0.7368482872657456,61.03841337440196,4185.741623218831
2025-12-05,Lucknow,Alphonso,3352.886189371578,18.278168991828863,0.7368482872657456,61.03841337440196,4844.643646422429
2025-12-05,Lucknow,Dashehari,2967.0206608421736,18.278168991828863,0.7368482872657456,61.03841337440196,4098.453618936734
2025-12-05,Lucknow,Kesar,2914.0101015580444,18.278168991828863,0.7368482872657456,61.03841337440196,4176.8634617672
2025-12-05,Delhi,Alphonso,3100.762148892386,18.278168991828863,0.7368482872657456,61.03841337440196,4847.798703692539
2025-12-05,Delhi,Dashehari,3537.8110270353873,18.278168991828863,0.7368482872657456,61.03841337440196,4509.997220345503
2025-12-05,Delhi,Kesar,4566.762088928003,18.278168991828863,0.7368482872657456,61.03841337440196,4417.178029669703
2025-12-05,Mumbai,Alphonso,3946.6725100270087,18.278168991828863,0.7368482872657456,61.03841337440196,5453.083147023493
2025-12-05,Mumbai,Dashehari,3699.553277907285,18.278168991828863,0.7368482872657456,61.03841337440196,4494.200816775004
2025-12-05,Mumbai,Kesar,3578.030770169041,18.278168991828863,0.7368482872657456,61.03841337440196,5074.407792199948
2025-12-12,Indore,Alphonso,3830.56132693221,19.197464235554573,1.549733944320447,54.525542160219025,4077.8547453406804
2025-12-12,Indore,Dashehari,3479.3831165569395,19.197464235554573,1.549733944320447,54.525542160219025,3777.1135985306964
2025-12-12,Indore,Kesar,3965.624061034375,19.197464235554573,1.549733944320447,54.525542160219025,3988.281472895239
2025-12-12,Lucknow,Alphonso,3509.772736071214,19.197464235554573,1.549733944320447,54.525542160219025,4685.262044052127
2025-12-12,Lucknow,Dashehari,3900.8944666811703,19.197464235554573,1.549733944320447,54.525542160219025,3937.9265663944166
2025-12-12,Lucknow,Kesar,2719.358834846845,19.197464235554573,1.549733944320447,54.525542160219025,4032.977549540056
2025-12-12,Delhi,Alphonso,4023.7776405610593,19.197464235554573,1.549733944320447,54.525542160219025,4885.121515742086
2025-12-12,Delhi,Dashehari,3231.3116842967693,19.197464235554573,1.549733944320447,54.525542160219025,3951.8564942488324
2025-12-12,Delhi,Kesar,3277.9933193823563,19.197464235554573,1.549733944320447,54.525542160219025,4316.776306576347
2025-12-12,Mumbai,Alphonso,4336.437709092991,19.197464235554573,1.549733944320447,54.525542160219025,5274.644298088219
2025-12-12,Mumbai,Dashehari,3476.819783294913,19.197464235554573,1.549733944320447,54.525542160219025,4639.267815618586
2025-12-12,Mumbai,Kesar,3884.938067706628,19.197464235554573,1.549733944320447,54.525542160219025,5030.212591074103
2025-12-19,Indore,Alphonso,3807.6126621769104,21.611343207328343,0.0,52.078955219378464,4172.750172340905
2025-12-19,Indore,Dashehari,3497.95734718911,21.611343207328343,0.0,52.078955219378464,3495.195637730307
2025-12-19,Indore,Kesar,3814.0740329241503,21.611343207328343,0.0,52.078955219378464,3446.534583474897
2025-12-19,Lucknow,Alphonso,3785.898259955578,21.611343207328343,0.0,52.078955219378464,4529.518465422567
2025-12-19,Lucknow,Dashehari,3782.9830843457526,21.611343207328343,0.0,52.078955219378464,3811.9612320695137
2025-12-19,Lucknow,Kesar,4143.1660244476625,21.611343207328343,0.0,52.078955219378464,4250.902254799118
2025-12-19,Delhi,Alphonso,4038.6286650441184,21.611343207328343,0.0,52.078955219378464,5185.9579803698625
2025-12-19,Delhi,Dashehari,3616.5515939263782,21.611343207328343,0.0,52.078955219378464,4107.864511387764
2025-12-19,Delhi,Kesar,3849.126833271334,21.611343207328343,0.0,52.078955219378464,4591.9822238969855
2025-12-19,Mumbai,Alphonso,3376.3735053046958,21.611343207328343,0.0,52.078955219378464,5518.171465258524
2025-12-19,Mumbai,Dashehari,3485.961413286162,21.611343207328343,0.0,52.078955219378464,4371.869504713562
2025-12-19,Mumbai,Kesar,4016.18429655054,21.611343207328343,0.0,52.078955219378464,4840.0731729042
2025-12-26,Indore,Alphonso,3513.0555346763485,23.111095087753842,0.0,49.70055428293887,4488.797168070529
2025-12-26,Indore,Dashehari,3659.787749040874,23.111095087753842,0.0,49.70055428293887,3413.541867664244
2025-12-26,Indore,Kesar,3049.094482978341,23.111095087753842,0.0,49.70055428293887,3659.33210830166
2025-12-26,Lucknow,Alphonso,3629.001864115962,23.111095087753842,0.0,49.70055428293887,4317.659152310889
2025-12-26,Lucknow,Dashehari,3287.2488998842687,23.111095087753842,0.0,49.70055428293887,3814.878883995352
2025-12-26,Lucknow,Kesar,3107.0702910892896,23.111095087753842,0.0,49.70055428293887,4446.10998756812
2025-12-26,Delhi,Alphonso,3989.574537695156,23.111095087753842,0.0,49.70055428293887,4615.439550253044
2025-12-26,Delhi,Dashehari,3127.051502727205,23.111095087753842,0.0,49.70055428293887,3742.1093922390783
2025-12-26,Delhi,Kesar,3186.9634549807465,23.111095087753842,0.0,49.70055428293887,4680.715070625564
2025-12-26,Mumbai,Alphonso,3334.4420230900573,23.111095087753842,0.0,49.70055428293887,5499.162506433731
2025-12-26,Mumbai,Dashehari,2891.0662726873024,23.111095087753842,0.0,49.70055428293887,4739.662183480094
2025-12-26,Mumbai,Kesar,3277.95630882866,23.111095087753842,0.0,49.70055428293887,4928.57697396083
